tree
version=v4
num_class=1
num_tree_per_iteration=1
label_index=0
max_feature_idx=22
objective=binary sigmoid:1
feature_names=TransactionAmt TransactionAmt_log hour_sin hour_cos is_night card1_amt_mean card1_amt_std card1_amt_zscore card1_txn_count card1_unique_devices dev_unique_cards_24h dev_unique_emails_24h dev_txn_velocity_1h dev_amount_sum_1h card_unique_devices_24h card_unique_emails_24h card_txn_velocity_1h card_device_switch_rate graph_device_shared_deg graph_card_shared_deg graph_burst_score graph_ring_size graph_2hop_neighborhood_size
feature_infos=[0.29199999999999998:5420] [0.25619140536041007:8.5980355792603387] [-1:1] [-1:1] [0:1] [0.61499999999999999:3381.9499999999998] [-999:2506.6581839672517] [-5:10] [1:500] [1:50] [0:1533] [0:49] [0:743] [0:135316.140625] [0:44] [0:49] [0:68] [0:1] [0:9842] [0:544] [0.4804530143737793:60.525814056396484] [4:10388] [1:5354048]
tree_sizes=3371 3426 3458 3448 3452 3463 3469 3496 3474 3494 3466 3456 3459 3467 3488 3458 3483 3526 3523 3481 3498 3480 3470 3522 3458 3506 3529 3444 3503 3471 3488 3516 3504 3495 3508 3526 3484 3485 3526 3482 3514 3512 3501 3487 3512 3515 3487 3508 3501 3463 3493 3484 3504 3494 3536 3506 3509 3474 3516 3535 3459 3484 3492 3503 3484 3511 3501 3502 3511 3443 3524 3499 3517 3522 3507 3517 3456 3507 3527 3511 3463 3538 3493 3505 3515 3508 3487 3463 3457 3502 3491 3514 3480 3464 3488 3504 3482 3525 3473 3504 3535 3516 3490 3510 3485 3497 3469 3462 3521 3460 3540 3541 3472 3490 3491 3500 3503 3482 3495 3448 3472 3485 3523 3488 3485 3495 3514 3469 3512 3505 3476 3478 3469 3486 3483 3476 3510 3493 3477 3501 3470 3457 3488 3466 3511 3511 3485 3482 3446 3532 3439 3491 3477 3452 3453 3501 3453 3446 3490 3513 3477 3536 3443 3445 3483 3487 3463 3453 3496 3484 3492 3469 3443 3494 3491 3496 3465 3520 3437 3501 3469 3460 3468 3534 3473 3499 3462 3481 3468 3451 3482 3441 3448 3480 3477 3484 3473 3485 3422 3531 3457 3447 3465 3471 3446 3414 3452 3432 3487 3456 3479 3456 3442 3473 3463 3424 3412 3491 3516 3451 3436 3486 3448 3482 3475 3455 3463 3448 3504 3462 3458 3487 3458 3480 3483 3483 3419 3497 3443 3439 3455 3455 3449 3418 3439 3465 3425 3468 3428 3451

Tree=0
num_leaves=31
num_cat=0
split_feature=10 21 12 5 19 22 18 7 5 21 10 13 14 5 5 11 18 14 8 7 18 10 14 9 10 5 7 5 17 7
split_gain=8567.65 2037.02 4333.87 1825.33 1149.84 1080.95 1035.62 883.803 804.004 709.351 613.744 608.103 529.259 492.359 488.777 475.069 457.929 447.356 444.204 495.724 386.325 337.96 336.374 587.069 416.508 285.445 252.169 319.332 965.823 439.929
threshold=175.50000000000003 144.50000000000003 1.0000000180025095e-35 57.055685679062044 42.500000000000007 45785.500000000007 5890.5000000000009 -0.13041285370606856 184.63584881756759 56.500000000000007 2.5000000000000004 3314.255493164063 1.0000000180025095e-35 41.268379638916763 41.268379638916763 1.5000000000000002 5802.5000000000009 6.5000000000000009 41.500000000000007 0.39753625267533632 2210.5000000000005 1.5000000000000002 3.5000000000000004 17.500000000000004 2.5000000000000004 217.6693503937008 0.16015077138552916 285.87276190476194 0.058585578575730331 1.8747928380745551
decision_type=2 2 2 2 2 2 2 2 2 2 2 2 2 2 2 2 2 2 2 2 2 2 2 2 2 2 2 2 2 2
left_child=1 2 -1 5 12 -2 -7 20 -5 -6 -11 -8 15 -9 -13 21 -10 -12 -15 -20 -3 -4 23 25 -25 -14 -18 -28 29 -29
right_child=3 7 4 8 9 6 11 13 16 10 17 14 22 18 -16 -17 26 -19 19 -21 -22 -23 -24 24 -26 -27 27 28 -30 -31
leaf_value=-3.2581762078234884 -3.3264325186146126 -3.306588749466822 -2.9938736366266308 -3.3300439644006001 -2.6013477330179158 -3.3435554960329541 -3.0316879231312637 -3.2791187608217292 -3.343890449919956 -3.0406216952178529 -2.6648281811109111 -3.2689046376833826 -3.2302589729077629 -3.2668848660826262 -3.2012810607807989 -3.1896949355445945 -3.3097934707325649 -3.1427658659520934 -3.2217938381702522 -3.1270701180199372 -3.268506941640891 -2.6265461004345791 -3.3114747660570036 -3.0674893156271139 -2.7438228555610453 -2.9496862653429452 -3.2944057172007026 -2.9870850003578076 -3.294298086749798 -3.323468569086296
leaf_weight=248.15012812614441 266.35458424687386 410.97322449088097 4.542638957500456 8386.9658263027668 5.8986505866050711 89.564568102359772 13.356714546680449 150.9918949007988 275.47376245260239 24.137006998062134 8.3055712282657606 207.63928070664406 26.137124150991443 97.395535260438919 179.23083707690239 4.4748383760452262 1105.9630846977234 2.2374191880226126 148.65277484059334 74.716240763664246 575.45743510127068 4.4748383760452271 9.2547793686389905 12.916010767221453 4.9494424462318412 3.7290319800376883 394.66718465089798 16.984045654535297 54.443866908550262 4.4070377945899954
leaf_count=7320 7857 12123 134 247401 174 2642 394 4454 8126 712 245 6125 771 2873 5287 132 32624 66 4385 2204 16975 132 273 381 146 110 11642 501 1606 130
internal_value=-3.3128 -3.25246 -3.18846 -3.32277 -3.0327 -3.27779 -3.25134 -3.26822 -3.32609 -2.90548 -2.95721 -3.2307 -3.10595 -3.23445 -3.23758 -2.93699 -3.3082 -2.76626 -3.21342 -3.19011 -3.28437 -2.81159 -3.14595 -3.11385 -2.97782 -3.19523 -3.30197 -3.28357 -3.22719 -3.05639
internal_weight=12812.4 1817.39 359.207 10995.1 111.057 756.146 489.791 1458.19 10238.9 40.5786 34.68 400.227 70.4787 471.756 386.87 13.4923 1851.94 10.543 320.765 223.369 986.431 9.01748 56.9864 47.7316 17.8655 29.8662 1576.47 470.502 75.835 21.3911
internal_count=377945 53610 10596 324335 3276 22305 14448 43014 302030 1197 1023 11806 2079 13916 11412 398 54629 311 9462 6589 29098 266 1681 1408 527 881 46503 13879 2237 631
is_linear=0
shrinkage=1


Tree=1
num_leaves=31
num_cat=0
split_feature=10 5 21 12 0 9 21 5 6 11 21 6 21 10 11 0 21 5 5 5 5 10 21 0 6 12 0 19 12 11
split_gain=7638.15 1693.26 1512.95 2862.45 1056.68 946.579 950.887 774.153 675.47 636.811 589.654 489.385 436.417 392.793 379.889 328.467 522.834 312.805 781.425 320.784 465.187 303.62 854.648 290.994 289.171 282.846 273.348 251.751 229.641 222.112
threshold=175.50000000000003 57.055685679062044 187.50000000000003 1.0000000180025095e-35 265.07000000000005 6.5000000000000009 6056.5000000000009 184.63584881756759 32.368564995121005 2.5000000000000004 2228.5000000000005 36.173965711446563 5865.5000000000009 2.5000000000000004 1.5000000000000002 125.07000000000001 2583.5000000000005 128.67990476190479 128.17677765237022 41.268379638916763 58.723572649572652 76.500000000000014 2087.5000000000005 270.04500000000002 308.8906580965741 25.500000000000004 278.97000000000008 4.5000000000000009 19.500000000000004 5.5000000000000009
decision_type=2 2 2 2 2 2 2 2 2 2 2 2 2 2 2 2 2 2 2 2 2 2 2 2 2 2 2 2 2 2
left_child=2 5 3 23 10 -2 -7 -3 -5 13 29 25 -9 24 -15 17 -17 18 19 -12 27 22 -6 -1 -10 -8 -14 -21 -29 -4
right_child=1 7 4 8 21 6 11 12 9 -11 15 -13 26 14 -16 16 -18 -19 -20 20 -22 -23 -24 -25 -26 -27 -28 28 -30 -31
leaf_value=0.043866816599945707 -0.015709508219621873 -0.017003316477676472 0.029937593042995918 0.067255137425230913 0.076154441024526412 -0.025905357374730129 0.23514245844025219 -0.03051352634906343 0.19579140455885663 0.05439176544408094 0.022011987533350697 0.10503027766878556 0.0016337921760403414 0.42680267467885585 0.21836317891170937 0.206843297653384 0.063552636165701351 0.014054125840595438 0.49150697702816404 0.018269012137562327 0.031601825429248664 0.082428056921773449 0.37113623523822231 0.29851653886864782 0.3384443562252305 0.034385526972235014 0.02803021613843338 0.11155927968901351 0.24679218603278347 -0.008950219930745875
leaf_weight=294.33342792838812 247.85922890901566 8253.4781746678054 255.99982509762049 27.061026558279991 18.160944662988186 104.58723540976644 6.5275592021644107 274.42799646779895 70.253433726727962 16.091756667941809 189.65574949979782 228.33806775510311 1055.9182250387967 19.751473989337683 13.081141553819178 28.106705114245415 124.13534117490053 246.25886386632919 3.6735944747924796 23.676742568612099 134.33905722945929 24.550243765115738 17.22288566827774 4.0948745906352988 15.635248098522423 195.01632964611053 530.44615837559104 116.22072216868401 12.518584594130514 273.31230057030916
leaf_count=8280 7385 247401 7404 658 486 3152 152 8325 1701 406 5391 6115 31053 369 288 774 3409 6970 104 668 3780 658 455 114 297 5501 15251 3185 341 7872
internal_value=-3.43841e-05 -0.00977338 0.0550043 0.102459 0.0401228 0.0327483 0.0552206 -0.0130624 0.204037 0.231494 0.034871 0.0749579 0.00441742 0.255498 0.343756 0.0499405 0.0900067 0.0415425 0.0556427 0.0522818 0.0723018 0.163491 0.219735 0.047361 0.22176 0.0408876 0.0104602 0.108175 0.124709 0.00985773
internal_weight=12824.7 10896.6 1928.13 460.302 1467.83 782.328 534.469 10114.3 161.874 134.813 1407.9 429.882 1860.79 118.721 32.8326 878.585 152.242 726.343 480.084 476.411 286.755 59.9341 35.3838 298.428 85.8887 201.544 1586.36 152.416 128.739 529.312
internal_count=377945 324335 53610 12113 41497 22305 14920 302030 3719 3061 39898 11768 54629 2655 657 24622 4183 20439 13469 13365 7974 1599 941 8394 1998 5653 46304 4194 3526 15276
is_linear=0
shrinkage=0.03


Tree=2
num_leaves=31
num_cat=0
split_feature=10 5 21 12 6 0 5 18 18 5 18 18 8 16 16 6 16 6 0 21 5 5 5 6 8 6 0 16 21 12
split_gain=6856.67 1574.57 1171.12 1915.66 795.254 779.22 746 579.865 509.705 429.802 465.909 418.105 317.017 316.599 294.147 308.647 289.936 271.837 251.504 339.335 259.496 408.334 261.806 364.109 288.929 223.958 196.197 195.26 190.97 456.688
threshold=175.50000000000003 57.055685679062044 187.50000000000003 1.0000000180025095e-35 36.173965711446563 265.07000000000005 184.63584881756759 5890.5000000000009 2210.5000000000005 39.188393324785331 59.500000000000007 5802.5000000000009 35.500000000000007 1.0000000180025095e-35 1.0000000180025095e-35 74.836329596854554 6.5000000000000009 48.886040805021644 125.07000000000001 2583.5000000000005 128.67990476190479 128.17677765237022 41.268379638916763 48.886040805021644 42.500000000000007 32.368564995121005 278.97000000000008 1.0000000180025095e-35 483.50000000000006 1.0000000180025095e-35
decision_type=2 2 2 2 2 2 2 2 2 2 2 2 2 2 2 2 2 2 2 2 2 2 2 2 2 2 2 2 2 2
left_child=2 4 3 25 -2 8 -3 -6 28 27 13 -8 -9 -11 26 17 -14 -16 20 -20 21 22 -10 24 -24 -1 -13 -5 29 -4
right_child=1 6 5 9 7 -7 11 12 18 10 -12 14 16 -15 15 -17 -18 -19 19 -21 -22 -23 23 -25 -26 -27 -28 -29 -30 -31
leaf_value=-0.0059911744476929827 0.0058538688808787613 -0.016760592992066264 0.0027230442552293507 0.18558000032573443 -0.030407578798113837 0.13509543938412324 -0.031027166413402998 -0.021184179247093305 0.020970532299383414 0.26453063951905614 0.039693040029739592 -0.0091123039070858825 0.088792364497144269 0.17001349953792338 0.083809829919351583 0.024866300198266876 0.37847993843993966 0.56648010034030682 0.16512543232559251 0.058084690632487182 0.013765478934910759 0.30289559949262262 0.028917452966995286 0.027573043665727617 0.11640534103646663 0.056863099496144501 0.018949991890716823 0.0024480298679733772 -0.0050485246006267059 0.098955550221549532
leaf_weight=64.259125482290983 475.40001560002565 8123.7913686409593 147.91441672295332 7.1734824106097248 47.705309681594372 70.058013580739498 260.10794509202242 24.21824836730957 193.35230559110641 46.100094869732857 18.537847544997931 679.54206515848637 256.71762990579009 103.51597983762622 2.6101983226835719 589.98518547788262 3.1475840099155894 1.7570515163242815 33.422900933772326 131.6246679648757 248.41914586350322 5.7354119420051566 45.923646200448275 130.67019712924957 130.55425473675132 247.63598770275712 334.65155229717493 19.440435022115707 324.47727997973561 63.409931857138872
leaf_count=1736 13739 247401 4171 137 1478 1599 8126 717 5385 782 428 19956 6295 1927 75 17057 76 51 763 3409 6939 104 1260 3537 3185 6658 9364 445 9359 1786
internal_value=-6.05914e-05 -0.00957352 0.0504929 0.0900106 0.0307303 0.0373685 -0.0128293 0.0663742 0.0326646 0.163829 0.181559 0.00426183 0.0826265 0.199136 0.00996819 0.0267263 0.0923012 0.278 0.046215 0.0797609 0.0388783 0.0512017 0.0483174 0.0655325 0.093639 0.0439134 0.000147359 0.0518092 0.00940537 0.0315985
internal_weight=12831.9 10799.6 2032.23 506.663 807.189 1525.56 9992.45 331.789 1455.5 194.768 168.154 1868.65 284.083 149.616 1608.55 594.352 259.865 4.36725 919.703 165.048 754.655 506.236 500.5 307.148 176.478 311.895 1014.19 26.6139 535.802 211.324
internal_count=377945 324335 53610 12113 22305 41497 302030 8566 39898 3719 3137 54629 7088 2709 46503 17183 6371 126 24582 4172 20410 13471 13367 7982 4445 8394 29320 582 15316 5957
is_linear=0
shrinkage=0.03


Tree=3
num_leaves=31
num_cat=0
split_feature=10 22 0 18 12 18 6 0 16 22 17 18 6 17 10 19 19 6 13 18 19 6 0 18 17 22 19 16 16 18
split_gain=6195.83 1133.8 737.074 695.443 2096.32 602.476 559.378 499.937 423.751 418.395 739.849 454.616 398.911 396.091 231.989 220.828 324.638 251.681 218.745 214.986 212.895 211.579 202.309 239.142 219.16 247.631 200.54 198.924 196.958 183.553
threshold=175.50000000000003 588699.00000000012 265.07000000000005 59.500000000000007 1.0000000180025095e-35 2210.5000000000005 36.744629843552012 222.05500000000004 1.0000000180025095e-35 93401.000000000015 0.10001385584473611 5890.5000000000009 38.091680187016983 0.097721043974161162 76.500000000000014 43.500000000000007 47.500000000000007 313.99849501849479 3040.1064453125005 5890.5000000000009 44.500000000000007 38.528743113503623 125.07000000000001 2556.5000000000005 0.097721043974161162 20754.500000000004 94.500000000000014 4.5000000000000009 1.0000000180025095e-35 5802.5000000000009
decision_type=2 2 2 2 2 2 2 2 2 2 2 2 2 2 2 2 2 2 2 2 2 2 2 2 2 2 2 2 2 2
left_child=2 7 3 4 12 -5 8 9 -6 -2 -11 -12 -1 -3 -4 -14 17 -17 -13 -15 28 -18 24 -24 -7 -26 27 -27 -8 -9
right_child=1 13 14 5 6 22 20 29 -10 10 11 18 15 19 -16 16 21 -19 -20 -21 -22 -23 23 -25 25 26 -28 -29 -30 -31
leaf_value=0.0044799448428090843 -0.019310121703374119 0.0082587272281228179 0.16353850948560952 -0.001815879391055424 0.1932557767081719 0.019182237277904801 0.19457978831611267 -0.03101745551639587 0.049006036293792445 -0.0092973091073021499 -0.030362540042051578 0.28508799853861055 0.032151287731240402 -0.031031591529371919 0.061655365264761793 0.12765125071277916 0.27766431977471762 0.51478836034821951 0.071446695598300941 0.068345020521792033 0.20416664382669153 0.069005353032736846 0.13763208497667731 0.053384318648487361 0.016663281448737799 0.083780319382832952 0.03800461082871566 0.33122536115970419 0.089258471528806171 0.00681180953492671
leaf_weight=264.9433877505362 5596.2787711825222 274.17736850678921 61.265261564403772 378.31479669734836 23.797148589044809 361.34756104275584 27.043430965393782 125.30131885223091 79.754167407751083 2795.7193379234523 45.901219559833407 4.4506809823214999 98.853310815989971 21.367544129490852 29.946135837584734 3.2090148404240599 4.661067020148038 2.856805894523859 139.74635444954038 235.81084951013327 84.781980007886887 70.921129383146763 38.79974514618516 138.8071386218071 130.32268284633756 161.51266457885504 126.35877347737551 2.9778764583170405 39.062749270349741 1466.4602077975869
leaf_count=7244 172227 7864 1160 10693 389 9770 372 3951 1857 85740 1449 88 2526 665 658 82 119 73 3355 5626 1318 1857 767 3405 3502 3895 3174 69 680 43370
internal_value=-7.99361e-05 -0.0093765 0.046654 0.0429205 0.0671532 0.030249 0.135851 -0.0116077 0.0821561 -0.0144717 -0.00540324 0.0518657 0.0279128 0.0333445 0.130089 0.0623081 0.0988197 0.30998 0.0780408 0.0600884 0.1727 0.0818731 0.0428833 0.071789 0.0363227 0.0510284 0.0664267 0.08826 0.132344 0.00383394
internal_weight=12834.8 10705.2 2129.54 2038.33 699.884 1338.44 254.439 10173.9 103.551 8582.1 2985.82 190.098 445.445 531.356 91.2114 180.501 81.648 6.06582 144.197 257.178 150.888 75.5822 960.126 177.607 782.52 421.172 290.849 164.491 66.1062 1591.76
internal_count=377945 324335 53610 51792 16517 35275 4616 310180 2246 262859 90632 4892 11901 14155 1818 4657 2131 155 3443 6291 2370 1976 24582 4172 20410 10640 7138 3964 1052 47321
is_linear=0
shrinkage=0.03


Tree=4
num_leaves=31
num_cat=0
split_feature=10 5 21 13 5 19 18 0 18 18 13 0 16 6 6 18 21 18 0 6 0 6 18 20 10 18 18 21 13 10
split_gain=5621.57 1384.57 772.424 1026.11 714.347 670.265 663.561 513.588 395.96 356.939 290.7 274.414 264.041 250.692 231.917 243.491 209.422 319.753 239.614 203.674 175.039 173.86 168.103 164.756 159.214 151.321 310.134 147.007 318.736 185.564
threshold=175.50000000000003 57.055685679062044 187.50000000000003 1.0000000180025095e-35 184.63584881756759 3.5000000000000004 5890.5000000000009 125.07000000000001 5802.5000000000009 3267.5000000000005 6048.7104492187509 26.422000000000004 1.0000000180025095e-35 36.744629843552012 32.368564995121005 35.500000000000007 2087.5000000000005 2785.5000000000005 222.05500000000004 146.12696179302233 278.97000000000008 32.368564995121005 5844.5000000000009 37.639257431030281 76.500000000000014 8525.5000000000018 8199.0000000000018 376.50000000000006 25.006999969482425 1.5000000000000002
decision_type=2 2 2 2 2 2 2 2 2 2 2 2 2 2 2 2 2 2 2 2 2 2 2 2 2 2 2 2 2 2
left_child=2 5 3 21 22 -2 -7 9 -6 27 11 -8 20 -12 -5 -16 -9 18 -18 25 -10 -1 -3 -21 -20 26 -14 28 -4 -30
right_child=1 4 7 14 8 6 10 16 12 -11 13 -13 19 -15 15 -17 17 -19 24 23 -22 -23 -24 -25 -26 -27 -28 -29 29 -31
leaf_value=-0.0059585000182146297 -0.01644027817185616 -0.030662026684685349 0.0097025695507893233 0.045984237076565369 -0.030976245279770664 -0.030672946067643099 0.030232693295347293 0.026952129186514181 -0.0086458998301469931 0.039219644595074835 0.027206176013120285 0.18279251508072283 0.081693029674374223 0.070465055072543914 0.14438627739709808 0.060213767437078611 0.082002171441139859 0.050636132807332139 0.19805258053415864 0.10220802085898295 0.017738777053639691 0.048942643804246587 -0.014984787922701859 0.019843067032649233 0.034879108415599221 0.021025316434393544 0.5079118229830436 -0.0013127829642586421 0.039094238243598915 0.17578991223658313
leaf_weight=64.178863365203142 227.97608924470842 672.9030206091702 128.37296712026 34.257895808666945 248.01457570679486 91.984578792005777 16.481703143566847 98.313207045197487 666.11285341531038 653.04723969101906 231.43096843361855 29.792132642120123 3.9828001968562585 251.69016098603606 180.42216034606099 37.329906761646271 65.440797910094261 154.54377647489309 35.95519708096981 22.721424020826817 342.72784395515919 271.63592038303614 7225.0445388033986 574.84121739864349 6.3290888145565978 4.5910083651542664 2.5015082322061062 456.36654477566481 17.01781127601862 18.824027057737112
leaf_count=1736 6998 21186 3504 658 8126 2951 345 2504 19956 16254 6030 614 104 5367 2385 676 1345 3500 574 643 9364 6658 226215 16264 146 122 50 12822 398 450
internal_value=-9.58795e-05 -0.00918069 0.0432946 0.0727866 -0.0123767 0.0275578 0.0437001 0.0326864 0.00432016 0.0237378 0.0566227 0.128454 0.0097323 0.0497426 0.118541 0.129956 0.0642941 0.078292 0.117968 0.0253375 0.00031762 0.0384503 -0.0163205 0.0229749 0.173629 0.152812 0.246119 0.00744594 0.0317871 0.110886
internal_weight=12834.8 10612.8 2222.04 587.825 9763.44 849.356 621.38 1634.21 1865.49 1273.63 529.395 46.2738 1617.48 483.121 252.01 217.752 360.582 262.269 107.725 608.638 1008.84 335.815 7897.95 597.563 42.2843 11.0753 6.48431 620.581 164.215 35.8418
internal_count=377945 324335 53610 12113 302030 22305 15307 41497 54629 33428 12356 959 46503 11397 3719 3061 8069 5565 2065 17183 29320 8394 247401 16907 720 276 154 17174 4352 848
is_linear=0
shrinkage=0.03


Tree=5
num_leaves=31
num_cat=0
split_feature=10 5 5 21 12 22 21 0 21 21 16 2 2 5 11 0 5 21 0 0 9 5 17 10 5 17 5 5 8 9
split_gain=5124.04 1293.5 687.147 639.134 797.89 619.175 513.227 431.86 377.762 311.24 236.881 227.066 192.189 182.193 199.505 176.141 171.801 167.608 163.741 154.699 162.464 170.027 189.358 177.095 149.318 142.735 142.246 319.374 192.292 282.057
threshold=175.50000000000003 57.055685679062044 184.63584881756759 187.50000000000003 1.0000000180025095e-35 20754.500000000004 6056.5000000000009 125.07000000000001 5822.5000000000009 3331.5000000000005 1.0000000180025095e-35 0.37940952255126054 0.78656609248549325 39.188393324785331 3.5000000000000004 47.952000000000005 39.77545269792649 5822.5000000000009 278.97000000000008 198.08900000000003 14.500000000000002 41.268379638916763 0.10001385584473611 2.5000000000000004 285.87276190476194 0.023873331956565384 41.268379638916763 72.29062500000002 38.500000000000007 6.5000000000000009
decision_type=2 2 2 2 2 2 2 2 2 2 2 2 2 2 2 2 2 2 2 2 2 2 2 2 2 2 2 2 2 2
left_child=3 5 17 4 19 -2 -7 9 -4 -5 18 16 -9 -6 25 -13 -8 -3 -10 20 -1 -22 -23 -24 -12 -15 -11 28 -28 -30
right_child=1 2 8 7 13 6 11 12 10 26 24 15 -14 14 -16 -17 -18 -19 -20 -21 21 22 23 -25 -26 -27 27 -29 29 -31
leaf_value=0.0015126007299388258 -0.01847816780552242 -0.030987636618383045 -0.030947149963936365 0.0074688771260088757 0.036988254384950764 -0.025155099974472645 0.011862469083651156 0.052888365902519205 -0.0084397252849616865 0.016182424271448132 0.019733781671957159 0.064407962366139118 0.13557250114359981 0.036071605732225183 -0.012420933978041983 0.14190589415671792 0.053002837695069985 -0.014777377083236495 0.016992326900653072 0.12683172243949045 0.013241765308564328 0.019604209315829273 0.08123728236282779 0.24338243201992865 0.076161818990461191 0.12541196706064395 0.0091485324584540395 0.023272300333688146 0.31041706389639645 0.079836925380048426
leaf_weight=108.76178950071335 212.72975290939212 624.14151604473591 240.43124700896442 634.68658519536257 32.124841272830963 92.4185601323843 131.48506607860327 354.76049060747027 660.31486427970231 207.29760394990444 579.22699643485248 99.344845730811357 27.243209697306156 17.382194202393293 10.913768041878937 35.945576518774033 299.31879589706659 7154.3232874311507 347.88261778280139 16.087563876062632 86.226700462400913 48.757399145513773 81.478372521698475 6.5496905222535124 45.522170830518007 217.26301192492247 34.856223240494728 250.64998658746481 4.9129919260740271 169.48490098118782
leaf_count=2721 6635 20228 8105 17407 582 2997 3414 7523 19942 5266 16034 2135 546 235 233 746 6378 227173 9350 333 2186 1119 1884 151 1198 2669 876 6366 108 3405
internal_value=-0.00010887 -0.00898969 -0.0121498 0.0403571 0.0662507 0.0260184 0.0403928 0.030738 0.00416103 0.0225083 0.00933028 0.0510939 0.0587851 0.104173 0.112962 0.0849985 0.0404464 -0.0160781 0.000335707 0.0359791 0.0315737 0.0462343 0.0670321 0.0933016 0.0238454 0.118794 0.0368148 0.0461146 0.0734758 0.0863326
internal_weight=12832.5 10523.1 9651.84 2309.44 625.545 871.243 658.513 1683.89 1873.38 1301.89 1632.95 566.094 382.004 277.684 245.559 135.29 430.804 7778.46 1008.2 347.862 331.774 223.012 136.785 88.0281 624.749 234.645 667.202 459.904 209.254 174.398
internal_count=377945 324335 302030 53610 12113 22305 15670 41497 54629 33428 46524 12673 8069 3719 3137 2881 9792 247401 29292 8394 8061 5340 3154 2035 17232 2904 16021 10755 4389 3513
is_linear=0
shrinkage=0.03


Tree=6
num_leaves=31
num_cat=0
split_feature=11 5 5 21 12 19 18 7 18 18 6 16 6 13 6 5 0 19 21 18 0 0 6 8 2 11 18 16 0 6
split_gain=4558.76 1266.21 664.155 562.486 641.59 557.505 421.674 382.226 355.784 248.973 236.456 218.625 211.584 196.651 190.965 171.814 213.613 207.674 337.653 164.408 152.339 148.501 147.989 215.424 147.799 171.707 183.518 146.517 141.478 141.278
threshold=20.500000000000004 57.055685679062044 184.63584881756759 187.50000000000003 1.5000000000000002 3.5000000000000004 5890.5000000000009 -0.15395385319457142 5802.5000000000009 2210.5000000000005 36.744629843552012 1.0000000180025095e-35 32.368564995121005 4420.1069335937509 36.744629843552012 58.723572649572652 159.96250000000001 44.500000000000007 56.500000000000007 5844.5000000000009 278.97000000000008 26.822000000000006 146.12696179302233 46.500000000000007 1.0000000180025095e-35 3.5000000000000004 1702.5000000000002 6.5000000000000009 115.02000000000002 38.091680187016983
decision_type=2 2 2 2 2 2 2 2 2 2 2 2 2 2 2 2 2 2 2 2 2 2 2 2 2 2 2 2 2 2
left_child=3 5 19 4 12 -2 -7 9 -4 -5 -9 20 -1 21 -15 29 17 -17 -19 -3 -10 -8 23 -13 25 -12 -27 -16 -21 -14
right_child=1 2 8 7 -6 6 13 10 11 -11 24 22 15 14 27 16 -18 18 -20 28 -22 -23 -24 -25 -26 26 -28 -29 -30 -31
leaf_value=-0.00036832285979434312 -0.015814596282754889 -0.030486607367723469 -0.030799940615730097 -0.0017228573580900703 0.1117533511382713 -0.022671114416267506 0.028123711225588235 0.019627440569372392 -0.0082674878510213285 0.028121148727264851 0.14867087385714794 0.046867226984743042 0.041937731249536571 0.024889555578475858 0.057567736149701156 -0.003103602871616741 0.10873381299478095 0.21114752427987271 0.006126726948331369 -0.01724545434581036 0.016157718412923808 0.15936105576817025 0.020629760313056897 0.31667505726306805 0.08738786191906317 -0.007504954378777638 0.053858321453199506 0.21946817449552955 -0.0078967123482470494 0.088369887318566265
leaf_weight=82.192727603018284 221.01689277589321 631.14029797539115 230.70060148462653 394.32267639040947 165.89850861951709 86.518272330984473 11.482854336500166 204.32791666872799 655.5844889767468 694.99997614510357 14.644573252648113 9.579736474901436 102.4893822260201 254.97886842861772 287.76685424149036 115.39409804344177 25.944116219878197 11.735423274338247 18.829907812178135 4964.8550999835134 353.85772845521569 23.934511087834835 623.9541401527822 3.688947368413209 117.99943855032325 52.686635719612241 261.92663959041238 5.1202847585082045 2061.931253194809 138.91249631717801
leaf_count=2056 6975 20991 7948 11059 1943 2840 205 5147 19956 16715 316 229 2155 6236 5481 2483 429 134 356 160234 9364 361 16907 47 2312 1274 5181 73 65981 2557
internal_value=-0.000119434 -0.00870385 -0.0118994 0.0371373 0.0606889 0.0255008 0.0391337 0.0281897 0.00409144 0.017318 0.0463652 0.00897978 0.0435919 0.0483012 0.0438723 0.0523342 0.0294126 0.0153134 0.0848436 -0.0158196 0.000294714 0.116812 0.022738 0.121879 0.0585803 0.0482562 0.0435821 0.0603981 -0.0145022 0.0686567
internal_weight=12828.4 10426.1 9535.29 2402.3 661.397 890.819 669.802 1740.91 1877.37 1089.32 651.585 1646.67 495.498 583.283 547.866 413.305 171.904 145.959 30.5653 7657.93 1009.44 35.4174 637.223 13.2687 447.257 329.258 314.613 292.887 7026.79 241.402
internal_count=377945 323828 301657 54117 12113 22171 15196 42004 54451 27774 14230 46503 10170 12356 11790 8114 3402 2973 490 247206 29320 566 17183 276 9083 6771 6455 5554 226215 4712
is_linear=0
shrinkage=0.03


Tree=7
num_leaves=31
num_cat=0
split_feature=10 9 17 21 12 18 0 18 0 21 18 9 8 7 21 2 3 2 12 12 21 6 17 8 8 16 6 8 12 11
split_gain=4302.36 868.726 643.872 450.9 543.52 447.519 416.185 334.912 289.999 181.256 171.907 166.896 424.214 165.329 162.55 151.696 166.773 169.813 153.46 138.422 135.423 144.951 168.648 138.273 531.89 133.583 158.907 122.297 130.746 238.685
threshold=175.50000000000003 41.500000000000007 0.097721043974161162 187.50000000000003 1.0000000180025095e-35 5890.5000000000009 225.98500000000004 2210.5000000000005 265.07000000000005 5822.5000000000009 5844.5000000000009 11.500000000000002 190.50000000000003 -0.080764602597342208 2906.5000000000005 1.0000000180025095e-35 1.0000000180025095e-35 0.37940952255126054 17.500000000000004 18.500000000000004 6662.5000000000009 253.50238338902423 0.069445498287677779 290.00000000000006 280.50000000000006 1.0000000180025095e-35 32.368564995121005 103.50000000000001 1.0000000180025095e-35 6.5000000000000009
decision_type=2 2 2 2 2 2 2 2 2 2 2 2 2 2 2 2 2 2 2 2 2 2 2 2 2 2 2 2 2 2
left_child=3 6 10 4 -1 -4 9 13 15 -2 -3 -11 -13 -5 -10 -9 17 -17 -18 -7 -8 -22 23 24 -23 -6 -27 -15 -29 -30
right_child=1 2 5 7 25 19 20 8 14 11 -12 12 -14 27 -16 16 18 -19 -20 -21 21 22 -24 -25 -26 26 -28 28 29 -31
leaf_value=0.031272019450884501 -0.030926486672594462 -0.030524789195001883 -0.03049015082991505 -0.0012957293108713927 0.11181024583471302 0.15118570351605537 -0.017101782735675437 0.026031338865471831 0.14153648233304134 -0.017105669116123542 0.0033505317944360628 0.066274569021335716 -0.0093322950523138364 -0.0068819854021725758 0.049670893814634215 0.049215507386097326 0.034151516414893522 0.15778644227988187 0.11938530653420269 0.04870600451403604 -0.0004659872811158943 0.052552864134433878 -0.0066714851010526198 0.023094082078556337 0.41283638566469966 -0.0011694778922877037 0.080059346835547177 0.014660263669006784 0.13164922072663932 0.02474925442714123
leaf_weight=373.17224767431617 623.12018169462681 152.33810840733349 69.591959664598107 415.63839303702116 107.23469921201468 12.223302267491816 249.86895964667201 790.69727972894907 35.179024163633585 4629.153976758942 1172.7352039460093 69.234078925102949 1891.2373003680259 51.239265196025372 34.17528373748064 27.877984073013067 239.59017425402999 24.237843353301287 20.649972338229418 401.76255388557911 713.96602551452816 63.732251670211554 118.59724632650614 180.06761004775763 3.9143762215971938 24.458018682897091 190.51264398545027 60.652801774442196 34.720685474574566 40.990876037627459
leaf_count=8394 21453 5293 2409 11558 1080 157 7911 17747 399 150498 34632 1479 60765 1203 602 639 5240 530 426 7775 22094 1712 3202 4876 79 468 2171 1519 733 901
internal_value=-0.000128366 -0.00861867 0.0102693 0.0354389 0.0559171 0.0398992 -0.0126175 0.0274193 0.0367651 -0.0154611 -0.000543971 -0.0139987 -0.00666224 0.00925573 0.0962685 0.0330238 0.0507245 0.0997093 0.0409148 0.0517318 0.00280171 0.0074054 0.0227473 0.036832 0.0734007 0.0844606 0.0708176 0.0326326 0.0474804 0.0737727
internal_weight=12822.6 10351.5 1808.65 2471.03 695.378 483.578 8542.89 1775.65 1172.41 7212.75 1325.07 6589.63 1960.47 603.242 69.3543 1103.05 312.356 52.1158 260.24 413.986 1330.15 1080.28 366.311 247.714 67.6466 322.205 214.971 187.604 136.364 75.7116
internal_count=377945 324335 50266 53610 12113 10341 274069 41497 25583 234195 39925 212742 62244 15914 1001 24582 6835 1169 5666 7932 39874 31963 9869 6667 1791 3719 2639 4356 3153 1634
is_linear=0
shrinkage=0.03


Tree=8
num_leaves=31
num_cat=0
split_feature=10 5 5 22 18 2 7 18 3 16 5 5 1 8 19 18 1 7 7 1 20 18 22 6 1 6 19 12 5 18
split_gain=3952.84 1067.79 627.243 460.607 414.124 355.945 365.149 339.397 258.789 195.519 192.021 446.455 283.591 222.524 249.95 196.836 189.272 178.611 200.172 168.712 178.814 166.024 137.686 136.667 134.519 133.729 156.135 131.382 129.006 127.561
threshold=175.50000000000003 57.055685679062044 184.63584881756759 20754.500000000004 5890.5000000000009 0.78656609248549325 0.3789170214569047 5802.5000000000009 0.25881904510252057 1.0000000180025095e-35 39.77545269792649 61.361111111111121 4.8748919301475171 38.500000000000007 93.500000000000014 19.500000000000004 3.0244411503249085 -0.59348305398109458 -0.55398841980673263 3.239285926127526 39.780822753906257 5844.5000000000009 69181.500000000015 36.744629843552012 5.6346824520203347 36.744629843552012 9.5000000000000018 77.500000000000014 41.071173769022032 9471.5000000000018
decision_type=2 2 2 2 2 2 2 2 2 2 2 2 2 2 2 2 2 2 2 2 2 2 2 2 2 2 2 2 2 2
left_child=5 3 21 -2 -5 6 10 -4 -7 24 -1 13 16 -12 -15 -14 17 -13 -19 -6 -21 -3 -23 -22 -9 -8 -27 -11 -10 -25
right_child=1 2 7 4 19 8 25 9 28 27 11 12 15 14 -16 -17 -18 18 -20 20 23 22 -24 29 -26 26 -28 -29 -30 -31
leaf_value=0.0019475512789035028 -0.017789628789380382 -0.030504797783260658 -0.030866686926278249 -0.030531339648928471 0.020734436733844661 0.104847022096993 0.032451582471401508 -0.007859008033174783 0.0090106749911317962 0.075421800534655858 -0.0070320483742672526 0.0010957167692979019 0.12986715906153753 0.076351656157050807 0.031837377202255421 0.035181119855042728 0.0028966705201351598 0.16377387568706464 0.010218156461355392 0.096041893258681718 0.022330597226737785 -0.017900487727187359 -0.0093524340120333394 0.050554698457573023 0.014983198537075228 0.042263983621412884 0.090275494118126756 0.018088246821625822 0.061552458280736466 0.12015534918955953
leaf_weight=302.9460216537118 202.47549849003553 601.43436606600881 221.72921457514167 81.090455105528235 229.4234237652272 96.247720040380955 140.77973978966475 644.55982035212219 62.101077780127525 38.20981777459383 53.665754083544016 26.584149673581123 21.351788822561502 267.87372710555792 197.02741174772382 264.95113240927458 703.75987467542291 20.277661863714457 12.259598165750502 71.249996013939381 150.19163587316871 3780.5380160063505 3075.5284705385566 167.54852377250791 362.54304860904813 109.13945443555713 138.09561336785555 614.11429030448198 130.3047658354044 27.603547308593988
leaf_count=7404 6635 21186 8126 2867 4692 1728 3144 19956 1459 951 1213 621 305 4377 4103 5208 17086 271 300 1151 3572 125595 100620 2912 9364 1919 2094 16232 2378 476
internal_value=-0.000135984 -0.00843457 -0.0114868 0.0222284 0.0333721 0.033315 0.0293061 0.00399356 0.0646846 0.00865152 0.0238126 0.0280377 0.0167826 0.0508094 0.0574863 0.0422426 0.00722774 0.0587833 0.105916 0.0413935 0.0527707 -0.0153917 -0.014066 0.0438431 0.000363869 0.0557913 0.0690813 0.0214466 0.044594 0.0603995
internal_weight=12815.6 10268.2 9338.66 929.583 727.108 2547.37 2258.71 1881.16 288.654 1659.43 1870.7 1567.75 1049.18 518.567 464.901 286.303 762.881 59.1214 32.5373 646.017 416.594 7457.5 6856.07 345.344 1007.1 388.015 247.235 652.324 192.406 195.152
internal_count=377945 324335 302030 22305 15670 53610 48045 54629 5565 46503 40888 33484 23791 9693 8480 5513 18278 1192 571 12803 8111 247401 226215 6960 29320 7157 4013 17183 3837 3388
is_linear=0
shrinkage=0.03


Tree=9
num_leaves=31
num_cat=0
split_feature=10 22 17 21 12 1 18 18 1 18 21 9 6 15 12 12 21 17 22 6 18 10 15 15 6 6 18 16 6 6
split_gain=3637.56 841.667 621.266 347.908 424.751 336.117 280.74 279.304 217.576 218.93 198.255 158.735 409.616 152.951 342.524 124.231 123.564 122.048 136.256 119.774 115.22 210.666 287.192 114.198 109.932 156.945 157.068 109.529 132.557 107.082
threshold=175.50000000000003 214074.50000000003 0.035094002261757858 187.50000000000003 1.0000000180025095e-35 5.4248839338193919 5890.5000000000009 2210.5000000000005 4.8368371540934918 2705.5000000000005 5822.5000000000009 11.500000000000002 113.00135677604514 5.5000000000000009 1.0000000180025095e-35 21.500000000000004 5822.5000000000009 0.097721043974161162 20754.500000000004 273.33134179389964 1416.5000000000002 2.5000000000000004 1.5000000000000002 3.5000000000000004 38.091680187016983 39.08864296050232 9192.5000000000018 1.0000000180025095e-35 32.368564995121005 32.368564995121005
decision_type=2 2 2 2 2 2 2 2 2 2 2 2 2 2 2 2 2 2 2 2 2 2 2 2 2 2 2 2 2 2
left_child=3 5 19 4 29 10 -4 13 17 -10 -2 -12 -13 14 -5 -8 -7 -9 -19 -3 21 -16 -23 27 -17 26 -26 -6 -29 -1
right_child=1 2 6 7 23 16 15 8 9 -11 11 12 -14 -15 20 24 -18 18 -20 -21 -22 22 -24 -25 25 -27 -28 28 -30 -31
leaf_value=-0.0072223738091673562 -0.030869991185555081 -0.0079354434092308371 -0.02985782871608407 6.4270156546521859e-05 0.099428557702536294 -0.030860540090102025 0.11158020114205597 0.013067103800579667 0.089740742036561114 0.036602336394232861 -0.016651576130406288 0.056609477722471921 -0.0093484603696374503 -0.0065206484562506358 0.045475548186806415 0.022849665368958709 0.0042853204742125178 0.010652701136640817 0.044660440468305175 0.0084986862956187032 -0.013854759242494808 0.32137419096352182 0.096553496149040394 -0.01558408874765436 0.058017319093878597 0.04276202167500618 0.21544445238521961 -0.0017666534470558006 0.071563884044638787 0.034275550315192201
leaf_weight=67.371385931968689 690.85771239362657 1092.4944008681923 58.639374684542418 198.29950470477343 115.41120030730963 97.872868664562702 20.486076142638922 409.52182732149959 104.18342317268252 211.31389423459768 4491.9989436734468 90.499567361548543 1331.3373435810208 318.42160211876035 58.755363799631596 275.3868315666914 1123.4224206563085 148.33495727926493 371.81938635930419 628.88345996849239 13.74577299878001 6.3672102391719809 25.977294482290745 12.820524249225853 13.654436279088261 261.36009304225445 9.7959419637918455 24.897892449051142 203.67352732643485 330.50432031229138
leaf_count=1736 25240 35864 2122 5231 989 3614 243 9770 1371 3802 150498 1704 43533 8392 1258 5851 33172 3502 7138 17298 356 115 562 236 229 4827 140 467 2027 6658
internal_value=-0.000142936 -0.00825321 0.00744767 0.0313732 0.048562 -0.0129894 0.0327009 0.0244241 0.0326229 0.0541497 -0.0156629 -0.0138864 -0.00515025 0.00799974 0.0232519 0.0390183 0.00146878 0.0253175 0.0349623 -0.00193144 0.0671076 0.0793238 0.140811 0.0723286 0.0363648 0.0494327 0.123779 0.0756051 0.0635761 0.0272488
internal_weight=12808.1 10186.7 2360.7 2621.42 754.679 7825.99 639.323 1866.74 1245.17 315.497 6604.69 5913.84 1421.84 621.567 303.145 580.683 1221.3 929.676 520.154 1721.38 104.846 91.0999 32.3445 356.803 560.197 284.81 23.4504 343.983 228.571 397.876
internal_count=377945 324335 66574 53610 12113 257761 13412 41497 25583 5173 220975 195735 45237 15914 7522 11290 36786 20410 10640 53162 2291 1935 677 3719 11047 5196 369 3483 2494 8394
is_linear=0
shrinkage=0.03


Tree=10
num_leaves=31
num_cat=0
split_feature=15 5 5 22 21 12 18 18 1 18 14 6 5 6 17 8 19 1 7 21 1 6 1 13 9 21 12 16 12 21
split_gain=3266.89 989.212 594.563 392.798 320.242 370.419 311.611 259.968 253.61 208.261 178.612 235.654 204.63 526.211 328.124 190.734 185.859 253.064 167.504 161.439 138.074 137.017 136.5 155.63 125.311 122.669 188.126 110.04 115.764 109.903
threshold=20.500000000000004 57.055685679062044 184.63584881756759 20754.500000000004 187.50000000000003 1.5000000000000002 5802.5000000000009 5890.5000000000009 4.8368371540934918 3267.5000000000005 1.0000000180025095e-35 146.12696179302233 285.87276190476194 384.5429111756327 0.044465936720371253 46.500000000000007 17.500000000000004 6.0352182328399984 0.32050974727584652 5822.5000000000009 4.7537625751797847 32.368564995121005 3.239285926127526 6823.3200683593759 13.500000000000002 376.50000000000006 1.0000000180025095e-35 3.5000000000000004 3.5000000000000004 2087.5000000000005
decision_type=2 2 2 2 2 2 2 2 2 2 2 2 2 2 2 2 2 2 2 2 2 2 2 2 2 2 2 2 2 2
left_child=4 3 19 -2 5 21 -4 -5 9 25 -8 15 -13 14 18 -12 -15 -18 -14 -3 -21 -1 -9 -24 -23 26 -6 28 -28 -10
right_child=1 2 6 7 8 -7 10 22 29 -11 11 12 13 16 -16 -17 17 -19 -20 20 -22 24 23 -25 -26 -27 27 -29 -30 -31
leaf_value=-0.0019878603393745577 -0.017098882065958537 -0.030742761358209993 -0.030690856319336275 -0.021612364708878465 0.0032308890639332782 0.079385005634966713 -0.0088945506533152606 0.018168300041307466 0.016822428368661588 0.027014940357947676 0.054916311726597222 0.0081383198028069717 0.11510702885184074 -0.0049562835948969231 0.081620592484948573 0.24982421517379924 0.015219467669287837 0.20402105317650004 0.39619423173300489 -0.016461219292781108 -0.0070573764490367615 0.012929286701801693 0.091055181157695106 0.039228523167562243 0.047900920069792963 -0.0035783583975648849 0.075385324981761231 0.011219009309775034 0.21944373018916399 0.050287719032305306
leaf_weight=86.342675875872374 195.00271792709827 537.73540971428156 207.33180722594261 77.271585483103991 120.0782652720809 210.38159460574389 410.40750598907471 240.7136851195246 118.32506876625121 771.76867562904954 15.642352519556882 1119.1042180582881 2.6644979175180215 73.051135210320354 12.485759712755678 6.3542542997747651 16.801242932677273 10.310419674962757 6.7206743694841862 4717.2296042982489 2001.4130275547504 123.60738133266568 60.184072013944387 390.49341471493244 363.09108592569828 492.85560449771583 35.808616664260626 20.896864250302315 5.8390556313097468 348.29929499328136
leaf_count=2056 6598 20033 7948 2770 3162 1943 12054 4692 2619 16047 386 30828 72 1968 323 93 462 213 104 160860 66313 2261 798 7313 5853 13415 688 406 96 5571
internal_value=-0.000148395 -0.00798084 -0.0110297 0.020928 0.0291828 0.0453396 0.00400143 0.030575 0.0225692 0.0163682 0.00829939 0.0138859 0.0121609 0.0490494 0.182365 0.11122 0.0199394 0.0870197 0.316392 -0.0149258 -0.0136599 0.0328404 0.0364076 0.0461495 0.0390191 0.0042038 0.025206 0.0673957 0.0955825 0.0418017
internal_weight=12798.2 10100.9 9137.25 963.665 2697.29 783.423 1880.87 768.663 1913.87 1447.25 1673.54 1263.13 1241.14 122.034 21.8709 21.9966 100.163 27.1117 9.38517 7256.38 6718.64 573.041 691.391 450.677 486.698 675.478 182.623 62.5445 41.6477 466.624
internal_count=377945 323828 301657 22171 54117 12113 54451 15573 42004 33814 46503 34449 33970 3142 499 479 2643 675 176 247206 227173 10170 12803 8111 8114 17767 4352 1190 784 8190
is_linear=0
shrinkage=0.03


Tree=11
num_leaves=31
num_cat=0
split_feature=10 5 5 22 21 21 5 5 0 6 0 6 21 14 14 5 6 6 17 21 19 0 5 0 0 2 3 6 2 3
split_gain=3104.95 886.672 567.982 349.789 303.463 289.242 275.571 490.626 409.497 291.849 197.984 172.747 169.228 168.719 164.079 198.129 395.939 200.533 192.901 163.988 157.553 180.034 155.416 152.515 134.614 125.675 132 117.389 102.861 145.701
threshold=175.50000000000003 57.055685679062044 184.63584881756759 20754.500000000004 5822.5000000000009 5865.5000000000009 39.77545269792649 58.723572649572652 129.96000000000001 38.091680187016983 24.995000000000001 39.08864296050232 56.500000000000007 6.5000000000000009 1.0000000180025095e-35 285.87276190476194 384.5429111756327 84.61074154372794 0.044465936720371253 5822.5000000000009 17.500000000000004 416.89000000000004 193.3356445868946 265.07000000000005 115.02000000000002 0.37940952255126054 -0.3794095225512602 37.67289767544829 0.25881904510252091 -0.3794095225512602
decision_type=2 2 2 2 2 2 2 2 2 2 2 2 2 2 2 2 2 2 2 2 2 2 2 2 2 2 2 2 2 2
left_child=6 3 19 -2 -4 -5 -1 9 10 -8 12 13 22 -11 -6 17 18 -16 -17 -3 -18 -22 -9 -10 -21 27 -27 -7 -12 -30
right_child=1 2 4 5 14 25 7 8 23 11 28 -13 -14 -15 15 16 20 -19 -20 24 21 -23 -24 -25 -26 26 -28 -29 29 -31
leaf_value=0.0072104796706255539 -0.017063820221672625 -0.030823929432283816 -0.030795476632164434 -0.030830651040309125 -0.0086531924875988091 0.011962700366863994 0.027771641140867439 0.01292319008374525 0.032428281045604329 0.083774645261776193 -0.0015996306305257196 0.056479805498005665 0.020651196270723152 0.19835315792477173 0.15755738014915008 0.23320605283370974 -0.0048078060259875771 0.0081354511766096455 0.0816285014962813 -0.016220230816442936 0.014405787617370309 0.16473646748497625 0.14342510887394549 0.068948160561179889 -0.0068918195648093481 0.14423994507183802 0.047775652255962531 0.040055088321626436 0.10307760241051042 0.014342645301022179
leaf_weight=473.29534370452166 192.61158912815154 526.15682664141059 203.79224556311965 68.601132597774267 406.17181034944952 262.63965314440429 336.75565655902028 12.458772219717501 370.11945884674788 62.255354199558496 636.47950854897499 475.58028698340058 77.503306154161692 14.20577986910939 8.1412867195904237 12.285202395170929 72.65700688585639 1138.6650260481983 19.630214653909206 4644.80073819682 17.094462025910619 12.349170502275227 24.100671820342541 142.5606889501214 1988.2098252382129 13.798611454665659 170.73512573540211 273.05601461790502 19.565583195537329 111.90595737844706
leaf_count=10859 6635 20228 8105 2620 12026 5778 6287 212 6540 837 15036 7073 1768 151 113 176 1966 31108 458 160860 464 213 164 1774 66313 145 2807 4320 419 2490
internal_value=-0.000153964 -0.00790331 -0.0108405 0.0191807 0.00378381 0.0280307 0.0280444 0.0323626 0.0212616 0.049782 0.00886818 0.0632088 0.0457484 0.105062 0.00796106 0.0132297 0.0477455 0.00919621 0.139975 -0.0147029 0.0189156 0.0774571 0.0989525 0.0425833 -0.0134241 0.0336371 0.0549888 0.026282 0.00339041 0.0275482
internal_weight=12788.2 10031.4 9049.95 981.442 1890.79 788.831 2756.79 2283.49 1394.69 888.797 882.014 552.041 114.063 76.4611 1686.99 1280.82 134.016 1146.81 31.9154 7159.17 102.101 29.4436 36.5594 512.68 6633.01 720.229 184.534 535.696 767.951 131.472
internal_count=377945 324335 302030 22305 54629 15670 53610 42751 28403 14348 20089 8061 2144 988 46524 34498 3277 31221 634 247401 2643 677 376 8314 227173 13050 2952 10098 17945 2909
is_linear=0
shrinkage=0.03


Tree=12
num_leaves=31
num_cat=0
split_feature=11 5 5 9 18 21 12 18 0 22 2 3 0 0 0 18 5 5 22 8 18 11 12 19 0 0 18 5 17 7
split_gain=2794.78 873.71 546.886 330.727 286.363 260.103 250.908 240.032 212.242 162.47 156.991 294.967 134.278 133.793 705.743 178.889 136.873 196.447 148.942 280.806 133.107 129.631 162.215 126.557 125.195 121.445 120.16 119.735 113.06 118.568
threshold=20.500000000000004 57.055685679062044 184.63584881756759 6.5000000000000009 5802.5000000000009 144.50000000000003 1.5000000000000002 5890.5000000000009 265.07000000000005 69181.500000000015 0.25881904510252091 1.0000000180025095e-35 170.96950000000001 994.97500000000014 985.45000000000016 8268.5000000000018 285.87276190476194 354.15939723320167 7910.5000000000009 12.500000000000002 2210.5000000000005 6.5000000000000009 6.5000000000000009 44.500000000000007 100.02150000000002 24.515500000000003 9438.5000000000018 43.594149572649584 0.068183466792106642 0.25126018849447601
decision_type=2 2 2 2 2 2 2 2 2 2 2 2 2 2 2 2 2 2 2 2 2 2 2 2 2 2 2 2 2 2
left_child=5 3 9 -2 -4 6 23 -5 10 -3 20 -12 -6 14 16 -16 -14 18 19 -18 21 22 -7 24 -1 -9 -27 -25 29 -20
right_child=1 2 4 7 12 8 -8 25 -10 -11 11 -13 13 -15 15 -17 17 -19 28 -21 -22 -23 -24 27 -26 26 -28 -29 -30 -31
leaf_value=0.010924602342074438 -0.013502076586740467 -0.018442612651131823 -0.030636674157560991 -0.021691985742216646 -0.00088550618942564519 0.010961403649511254 0.069247366582485162 0.016521426761594994 0.057301092144743035 -0.0092612734581720164 0.092742429155706352 0.023735233594534996 0.010568826769865884 -0.014660725521623013 0.044813664007085023 0.30511246188039054 0.0087203049758308379 -0.0038719589004481947 0.035730254752404836 0.33283650501779771 0.020160592163589151 -0.016153768128465466 0.169443971694277 0.017855175086644557 0.060213396226319632 0.036366870133388816 0.07942212098453677 0.066439725514210846 0.018965106908282976 0.13923734268628338
leaf_weight=277.56210308521986 219.81679945066571 3986.6858627572656 195.93239891529083 78.154825586825609 837.6537685804069 303.09359906241298 209.26172809675336 241.43713049776852 133.67366905882955 3070.684484725818 65.422795934602618 376.96995479241014 601.17800266295671 111.59533860906959 3.1497899852693072 9.6749489642679674 4.4952470324933511 49.219573942944407 18.334988566115499 5.1755431964993477 979.99475395493209 219.40254276804626 5.9262454807758322 70.445162232965231 55.685051057487726 389.73411455005407 68.607441257685423 129.7165150642395 36.428994560614228 21.806211963295937
leaf_count=5176 7368 141833 7948 2906 24551 6995 1722 4419 1666 105373 1245 7738 15722 2776 77 162 114 1270 461 91 19694 6089 94 1251 811 6431 1047 1636 956 323
internal_value=-0.000158822 -0.00763793 -0.0106058 0.0189907 0.00370506 0.0261628 0.0414076 0.028172 0.0207314 -0.0144478 0.0182255 0.0339403 0.0076661 0.0159853 0.0205485 0.241182 0.0167073 0.0439498 0.0712427 0.182178 0.0136167 0.00148048 0.0140007 0.0304858 0.0191607 0.033741 0.0428117 0.0493408 0.0572316 0.0919592
internal_weight=12776.9 9949.77 8952.02 997.75 1894.64 2827.15 742.671 777.934 2084.48 7057.37 1950.81 442.393 1698.71 861.059 749.463 12.8247 736.639 135.461 86.241 9.67079 1508.42 528.422 309.02 533.409 333.247 699.779 458.342 200.162 76.5702 40.1412
internal_count=377945 323828 301657 22171 54451 54117 10596 14803 43521 247206 41855 8983 46503 21952 19176 239 18937 3215 1945 205 32872 13178 7089 8874 5987 11897 7478 2887 1740 784
is_linear=0
shrinkage=0.03


Tree=13
num_leaves=31
num_cat=0
split_feature=10 5 5 22 18 18 5 5 1 6 1 21 16 18 18 1 6 17 1 5 12 21 21 1 20 11 12 18 18 6
split_gain=2666.12 782.797 522.172 295.61 280.039 270.93 235.373 403.93 341.757 231.542 171.367 165.297 157.364 149.422 142.152 132.775 129.354 137.821 108.417 103.455 102.284 99.6973 137.367 98.1535 92.2037 91.5132 89.8281 87.0758 86.6711 84.2648
threshold=175.50000000000003 57.055685679062044 184.63584881756759 20754.500000000004 5802.5000000000009 5890.5000000000009 39.77545269792649 58.723572649572652 4.8748919301475171 38.091680187016983 3.2579041933374406 5822.5000000000009 1.0000000180025095e-35 24.500000000000004 19.500000000000004 4.7537625751797847 39.08864296050232 0.19605058431625369 5.0846599174666105 170.38097001763671 77.500000000000014 4111.5000000000009 2087.5000000000005 3.239285926127526 39.780822753906257 13.500000000000002 19.500000000000004 2210.5000000000005 9471.5000000000018 146.12696179302233
decision_type=2 2 2 2 2 2 2 2 2 2 2 2 2 2 2 2 2 2 2 2 2 2 2 2 2 2 2 2 2 2
left_child=6 3 11 -2 -4 -5 -1 9 10 -8 13 -3 18 19 -10 -13 17 -11 -6 -9 -14 22 -16 -7 -25 -24 -18 -12 -26 -22
right_child=1 2 4 5 12 23 7 8 14 16 27 15 20 -15 21 -17 26 -19 -20 -21 29 -23 25 24 28 -27 -28 -29 -30 -31
leaf_value=0.0061798881036913616 -0.016637325969241144 -0.030786312343962188 -0.030749506839685577 -0.030384148221955391 -0.010319789675892352 0.015270103139454703 0.025013116018628004 0.015560113271343476 0.089136717565432941 0.11086436180024777 -0.0081396376122768194 -0.015762966074298512 0.063247971067867448 0.017310388869282125 0.01506451849794287 -0.0063940989276235431 0.047170553858431261 0.02068147530601968 0.0092523881710873859 0.11979789676153436 0.084507362756428506 0.00036223812461551888 0.063275833508481719 0.065121050970415761 0.026437720350157866 0.027443194506761283 0.10622288001635283 0.011933136040343628 0.066496468943598175 0.013760851734697857
leaf_weight=485.4886421225965 187.22177035734057 503.29116721823812 193.03656638413668 72.260904476046562 488.38432407751679 254.81869213655591 351.97544358298182 12.316416792571543 44.697955623269081 65.522737011313438 361.06140981987119 4512.896007951349 42.98637330904603 79.715505819767714 145.69590497389436 1949.4929076507688 486.51139860600233 19.878356087952852 532.38915889896452 28.165697384625673 15.524897415190933 70.981131698936224 185.74625338241458 92.86849270015955 350.52189889550209 97.983681388199329 24.343644604086876 421.63708120584488 56.436041712760925 631.3523995988071
leaf_count=10859 6635 20228 8126 2867 15374 4692 6287 197 493 737 8349 160860 951 1769 2768 66313 6758 251 13946 178 240 1146 2331 1151 6067 1576 315 9596 893 15992
internal_value=-0.000162923 -0.0075661 -0.010421 0.0174023 0.00350311 0.0251093 0.0252279 0.0290871 0.0191197 0.0443079 0.00779523 -0.0142264 0.00736834 0.0411468 0.0378771 -0.0129367 0.0556977 0.089873 -0.000111829 0.0880842 0.0184366 0.0332985 0.0387426 0.030423 0.0381482 0.0509013 0.0499846 0.0026735 0.031993 0.0154588
internal_weight=12765.2 9883.48 8869.35 1014.13 1903.67 826.906 2881.72 2396.23 1448 948.232 902.896 6965.68 1710.64 120.198 545.105 6462.39 596.256 85.4011 1020.77 40.4821 689.864 500.407 429.426 754.645 499.826 283.73 510.855 782.698 406.958 646.877
internal_count=377945 324335 302030 22305 54629 15670 53610 42751 28403 14348 20089 247401 46503 2144 8314 227173 8061 988 29320 375 17183 7821 6675 12803 8111 3907 7073 17945 6960 16232
is_linear=0
shrinkage=0.03


Tree=14
num_leaves=31
num_cat=0
split_feature=10 22 6 0 2 7 18 6 3 21 21 18 12 19 21 12 21 19 19 21 19 6 0 14 6 10 12 12 6 16
split_gain=2472.5 692.363 547.92 269.14 221.491 223.79 211.866 187.48 153.158 124.202 121.058 169.342 158.405 104.586 103.239 95.6011 91.4141 87.9716 97.9515 86.6954 86.1236 105.316 83.3281 81.6526 76.0318 72.0072 144.551 69.3381 73.4076 63.7513
threshold=175.50000000000003 95871.000000000015 85.790856501755755 225.98500000000004 0.78656609248549325 0.39753625267533632 5890.5000000000009 268.50296604129261 0.25881904510252057 5822.5000000000009 144.50000000000003 2210.5000000000005 1.5000000000000002 103.50000000000001 5865.5000000000009 77.500000000000014 4013.5000000000005 5.5000000000000009 94.500000000000014 5822.5000000000009 36.500000000000007 38.091680187016983 159.96250000000001 8.5000000000000018 36.744629843552012 10.500000000000002 1.0000000180025095e-35 16.500000000000004 190.17523696596461 4.5000000000000009
decision_type=2 2 2 2 2 2 2 2 2 2 2 2 2 2 2 2 2 2 2 2 2 2 2 2 2 2 2 2 2 2
left_child=4 3 6 9 5 10 -3 -4 -6 -2 12 25 20 23 -9 -16 -13 -7 -19 -5 22 -22 -1 -8 -10 26 -12 28 -21 -28
right_child=1 2 7 19 8 17 13 14 24 -11 11 16 -14 -15 15 -17 -18 18 -20 27 21 -23 -24 -25 -26 -27 29 -29 -30 -31
leaf_value=0.0025571325054894603 -0.03075772179726376 -0.030247840540114663 -0.0081464960051637267 -0.03075008494140655 0.073190488600775039 0.020323706054949237 0.040328834516697006 -0.030280279647249931 0.0073381600313567634 -0.015268107220858989 -0.005697582642415394 0.026949000084186003 0.055601813521169892 0.01921816903319103 0.036578453866559626 0.0061945047705667857 0.0086798134086456796 0.062126898960407982 0.02800194829049173 0.0067483437909484816 0.0019230769937153326 0.05155928412618023 0.079468541290690878 0.14000715262264715 0.044015240792335493 -0.011995237993537126 0.052313842201554439 0.0025423277378862105 0.15710851570560913 -0.0086992954557120854
leaf_weight=214.71329595148563 522.53150912187994 56.94955494068563 2231.9751543160528 71.922755036503077 123.60303046926856 142.43701267614961 305.84312807582319 63.206232788041234 76.481498423963785 4298.4771360661834 184.56902097165585 626.49310495704412 147.09114050120115 372.15164858102798 103.44556578993797 941.02940393984318 406.4041044190526 192.4539655931294 124.78821627795696 6.3548804521560651 57.50411507114768 116.23663359507918 13.473612919449804 7.5795402042567721 151.89471074566245 267.83068268932402 75.530811347067356 824.53699200972915 5.4100155550986528 19.364452317357063
leaf_count=3951 21780 2328 77789 3030 1728 2396 4525 2662 1600 152977 4539 12070 1166 6345 2778 25441 7786 2406 2203 204 998 1427 152 82 2237 7257 1316 24250 144 378
internal_value=-0.000165621 -0.00739778 0.00204336 -0.0141248 0.0239625 0.0209268 0.0253527 -0.00313912 0.046291 -0.016947 0.0168285 0.012612 0.0289644 0.0299713 0.00695073 0.00920375 0.0197608 0.0399099 0.0487037 0.000856018 0.019216 0.0351309 0.00709847 0.0427394 0.0317324 -0.000879672 0.00977317 0.00357417 0.0758906 0.0398634
internal_weight=12752.3 9811.41 4082.18 5729.23 2940.87 2588.89 742.524 3339.66 351.979 4821.01 2129.21 1580.19 549.019 685.574 1107.68 1044.47 1032.9 459.679 317.242 908.225 401.928 173.741 228.187 313.423 228.376 547.295 279.464 836.302 11.7649 94.8953
internal_count=377945 324335 121950 202385 53610 48045 13280 108670 5565 174757 41040 33346 7694 10952 30881 28219 19856 7005 4609 27628 6528 2425 4103 4607 3837 13490 6233 24598 348 1694
is_linear=0
shrinkage=0.03


Tree=15
num_leaves=31
num_cat=0
split_feature=10 5 5 18 22 18 5 5 0 6 21 0 7 14 6 7 5 6 22 19 7 8 8 6 18 5 6 6 0 6
split_gain=2295.28 700.554 489.47 260.379 252.708 232.629 200.96 332.243 290.05 183.514 163.546 150.817 153.036 141.835 153.951 138.462 137.677 251.979 130.817 120.705 126.881 114.852 114.481 123.439 109.678 103.95 96.9693 94.8184 95.242 94.4137
threshold=175.50000000000003 57.055685679062044 184.63584881756759 5802.5000000000009 12911.000000000002 5890.5000000000009 39.77545269792649 58.723572649572652 129.96000000000001 38.091680187016983 5822.5000000000009 24.995000000000001 -0.59348305398109458 1.0000000180025095e-35 154.1393034724482 -0.52647334526441403 285.87276190476194 384.5429111756327 69181.500000000015 17.500000000000004 -0.32727793025373264 46.500000000000007 46.500000000000007 39.08864296050232 15.500000000000002 67.660186274509826 36.173965711446563 286.19406183984853 278.97000000000008 204.38570124685731
decision_type=2 2 2 2 2 2 2 2 2 2 2 2 2 2 2 2 2 2 2 2 2 2 2 2 2 2 2 2 2 2
left_child=6 4 10 -4 -2 -6 -1 9 11 -8 -3 12 -9 -5 21 29 -16 27 -12 -19 -21 -15 -11 -24 -10 -20 -7 -18 -29 -14
right_child=1 2 3 13 5 26 7 8 24 22 18 -13 15 14 16 -17 17 19 25 20 -22 -23 23 -25 -26 -27 -28 28 -30 -31
leaf_value=0.0053387328637712842 -0.021295363773502819 -0.030741537665546277 -0.030704911744599026 -0.0085379707651893014 -0.030330580402415604 0.014409348582654184 0.022640123980521475 -0.0026300146524364547 0.07951217597061136 -0.0057499010192395891 -0.016453495719528623 0.0020379798518407569 0.01216963819716098 0.040739507749018314 0.0068590003286305478 0.00046669493799323888 0.021620788862910856 -0.0051884199943796599 0.14209729568543975 -0.028081779890083199 0.10050212400388081 0.17201569291082094 0.084993182392731584 0.04662212419177713 0.030236627979326365 -0.0080024088374316387 0.035172990717076219 0.035565225575377571 0.17467423734132562 0.11117361780395099
leaf_weight=495.83269371092319 141.06175349839032 475.94769122824073 182.07651996426284 404.07701693847775 70.727273756638169 351.94315006583929 366.14189633727074 50.973973952233791 44.02760661393404 32.313897602260113 3440.3311764467508 796.35437293164432 10.912976019084452 19.458748262375597 1153.7520757988095 21.429731637239456 7.8849431313574305 73.624042212963104 4.1584970057010642 9.7076716013252717 23.93645391240716 8.6707152612507326 88.287966337054968 519.10075337439775 530.46433633938432 2873.618974044919 476.49214393086731 5.8254538886249092 18.485738955438137 42.160802859812975
leaf_count=10859 5177 20228 8126 12054 2964 7424 6287 1065 440 527 126090 17945 220 407 30807 459 166 1968 130 272 403 93 900 6634 7874 100953 6740 142 191 400
internal_value=-0.000167179 -0.00723124 -0.0100128 0.00341541 0.0160367 0.0218934 0.022787 0.0262445 0.0172817 0.0395778 -0.0137829 0.00685469 0.0374244 0.00701598 0.0117725 0.0648289 0.0102622 0.0384163 -0.0125054 0.0163242 0.0634005 0.0812045 0.0492724 0.0521996 0.034013 -0.00778551 0.026352 0.112021 0.141341 0.0908165
internal_weight=12739.8 9741.78 8701.56 1907.5 1040.22 899.163 2998 2502.17 1496.32 1005.84 6794.06 921.832 125.477 1725.42 1321.35 74.5035 1293.22 139.464 6318.11 107.268 33.6441 28.1295 639.703 607.389 574.492 2877.78 828.435 32.1961 24.3112 53.0738
internal_count=377945 324335 302030 54629 22305 17128 53610 42751 28403 14348 247401 20089 2144 46503 34449 1079 33949 3142 227173 2643 675 500 8061 7534 8314 101083 14164 499 333 620
is_linear=0
shrinkage=0.03


Tree=16
num_leaves=31
num_cat=0
split_feature=11 5 5 18 9 2 3 7 18 18 16 0 6 5 6 8 0 18 6 5 17 0 8 19 18 0 0 18 19 20
split_gain=2075.93 692.41 470.327 245.799 240.178 193.727 348.527 178.119 167.865 159.593 135.217 127.509 108.802 224.629 108.388 101.456 97.3462 91.6064 162.269 103.732 90.7105 87.6416 87.331 87.2966 83.2049 81.3529 251.945 81.2786 87.8975 74.5241
threshold=20.500000000000004 57.055685679062044 184.63584881756759 5802.5000000000009 6.5000000000000009 0.25881904510252091 0.25881904510252057 -0.11559801145863065 5890.5000000000009 5844.5000000000009 1.0000000180025095e-35 115.02000000000002 56.066423013564041 43.594149572649584 37.67289767544829 38.500000000000007 278.97000000000008 15.500000000000002 313.99849501849479 195.59144496198741 0.016668740659952167 24.515500000000003 96.500000000000014 97.500000000000014 2210.5000000000005 994.97500000000014 985.45000000000016 9438.5000000000018 100.50000000000001 39.530284881591804
decision_type=2 2 2 2 2 2 2 2 2 2 2 2 2 2 2 2 2 2 2 2 2 2 2 2 2 2 2 2 2 2
left_child=5 4 9 -4 -2 7 -7 12 -6 -3 16 -11 13 -1 -8 -15 -5 18 -14 -20 -12 -10 -9 -24 -19 26 -18 28 -23 -22
right_child=1 2 3 10 8 6 14 22 21 11 20 -13 17 15 -16 -17 25 24 19 -21 29 27 23 -25 -26 -27 -28 -29 -30 -31
leaf_value=0.0020621418400546686 -0.012707633356923579 -0.030113456992712347 -0.030538173803849326 -0.0074735050745615098 -0.020820335171756691 0.06961888742934734 0.0050440590759842797 0.013415083408281686 0.012961821004445966 -0.015081787543472907 -0.008424150371736416 -0.0057460702775315644 -0.009316655134660878 0.0050609923563494294 0.032419748430882904 0.04485707059171555 0.0131734395666238 -0.014872675225941266 0.1102710067083125 0.023706631129954123 0.059184448288403954 0.041568797482756895 0.042723851790763351 0.017970507211174377 0.0070014797397066775 -0.018931552064649627 0.17085444775504677 0.061970155155784586 0.014424555126243209 0.018405756461056234
leaf_weight=337.92441768944263 210.6255858708173 484.67509265616536 175.08637824654579 634.35777209699154 71.677642308175564 190.66190002299845 201.09011940099299 253.1337988935411 259.54064926877618 4326.1948853824288 108.73503881692886 1892.7831976916641 47.695649724453688 73.097630888223648 369.04513833485544 272.91917528957129 314.5280274823308 243.9541007746011 25.563420496881008 24.303817041218281 43.466101832687855 235.51006698422134 387.73578547686338 191.58083575591445 436.59970510564744 65.421368269249797 9.3922374770045263 80.806418493390083 197.32044005393982 559.76853459142148
leaf_count=6998 7368 20991 7948 19956 2906 2660 4027 4265 4419 160234 2693 65981 797 1532 5547 3559 7571 6363 156 310 881 3271 5288 3426 9189 1653 140 1047 3160 13609
internal_value=-0.000169176 -0.0069802 -0.00979019 0.00333972 0.0159538 0.0213874 0.0345063 0.0170375 0.0230992 -0.0135326 0.00675716 -0.0122404 0.0107304 0.0194595 0.0227642 0.03645 -0.000225928 0.00305776 0.0302441 0.0680821 0.0167977 0.0271708 0.0281148 0.0345379 -0.000839619 0.0115826 0.0177455 0.0343506 0.0291942 0.0213441
internal_weight=12725.2 9669.89 8614.41 1910.76 1055.48 3055.31 760.797 2294.51 844.855 6703.65 1735.67 6218.98 1462.06 683.941 570.135 346.017 1023.7 778.117 97.5629 49.8672 711.97 773.178 832.45 579.317 680.554 389.342 323.92 513.637 432.831 603.235
internal_count=377945 323828 301657 54451 22171 54117 12234 41883 14803 247206 46503 226215 28904 12089 9574 5091 29320 16815 1263 466 17183 11897 12979 8714 15552 9364 7711 7478 6431 14490
is_linear=0
shrinkage=0.03


Tree=17
num_leaves=31
num_cat=0
split_feature=13 22 17 0 0 18 12 18 16 0 21 19 22 18 22 21 11 12 21 17 22 11 11 17 8 16 11 21 17 21
split_gain=1955.45 574.435 446.19 225.217 216.828 232.213 438.044 183.818 143.861 142.301 106.68 99.4913 92.2962 89.8858 89.1657 86.3887 85.461 75.9639 74.8341 108.884 109.833 73.651 72.467 71.0864 63.875 121.218 57.9236 86.3189 56.1883 66.5046
threshold=2785.3745117187505 95871.000000000015 0.097721043974161162 159.96250000000001 261.97500000000008 35.500000000000007 1.0000000180025095e-35 2210.5000000000005 1.0000000180025095e-35 108.96000000000002 5945.5000000000009 99.500000000000014 51.500000000000007 5844.5000000000009 51.500000000000007 5822.5000000000009 5.5000000000000009 1.5000000000000002 4013.5000000000005 0.095247998833656325 20754.500000000004 15.500000000000002 12.500000000000002 0.0067938978318125018 295.50000000000006 1.0000000180025095e-35 3.5000000000000004 1729.5000000000002 0.016888208687305454 6126.5000000000009
decision_type=2 2 2 2 2 2 2 2 2 2 2 2 2 2 2 2 2 2 2 2 2 2 2 2 2 2 2 2 2 2
left_child=4 3 9 13 5 6 11 16 -8 -3 22 14 -10 -2 -1 -5 17 -7 -9 -20 -21 -22 -4 -11 25 -17 -6 -28 -25 -30
right_child=1 2 10 15 26 7 8 18 12 23 -12 -13 -14 -15 -16 24 -18 -19 19 20 21 -23 -24 28 -26 -27 27 -29 29 -31
leaf_value=0.00041504969157455583 -0.030284624620962833 -0.0082981973016550449 0.20075386664505041 -0.0288472334457547 0.087402514743477572 0.00094775467194456919 0.078391919527553575 0.023314706210381796 -0.0034551476950826845 0.046677314490778096 0.02727356456889227 -0.0029457843124483184 0.046545338643585725 -0.015577285556248609 0.033872923449860246 -0.00056903312696260171 -0.012876773254833549 0.040535027253248479 -0.00097340154545353589 -0.010337634722869237 0.014868370952126316 0.042985933757755633 -0.028033374212637706 -0.0048589485681261859 -0.010559167874808744 0.031168594436862963 -0.0067587951105122918 0.05213174928522394 -0.019015744026839986 0.010590520630337554
leaf_weight=108.22605390846729 416.07874661684036 1946.3430320508778 1.28379801288247 102.49060877040029 31.005238343030214 171.58739015087485 127.17140965163708 830.11352382600307 37.609818313270807 34.789693290367723 609.93251531198621 240.64713855460286 285.05385759845376 3697.6100386120379 212.33617028966546 646.53336637467146 325.33773747831583 58.498173970729113 387.4182576071471 80.510942477732897 170.6758643835783 164.79823410697281 42.32303125411272 487.97988582774997 358.67057847417891 130.10340686514974 26.638452878221869 140.80164718069136 74.988714404404163 763.87579806894064
leaf_count=2199 18634 66374 17 4434 262 3344 865 15561 439 1191 8898 5328 2814 137154 3414 19881 9199 839 10412 1884 2648 2593 1783 16091 12056 3297 393 1886 2796 21259
internal_value=-0.000170538 -0.00727845 0.00138125 -0.0136889 0.0193079 0.0174208 0.0293119 0.0119285 0.0513681 -0.00309387 0.0240327 0.0116329 0.0407173 -0.0170649 0.0225771 -0.00246938 -0.00298052 0.0110126 0.0169978 0.0104708 0.0211291 0.0286808 -0.0212978 0.00434529 -8.81008e-05 0.0047477 0.0497373 0.0427627 0.00323535 0.00794392
internal_weight=12711.4 9313 3961.52 5351.49 3398.43 3199.98 1011.04 2188.94 449.835 3307.98 653.539 561.209 322.664 4113.69 320.562 1237.8 555.423 230.086 1633.52 803.403 415.985 335.474 43.6068 1361.63 1135.31 776.637 198.445 167.44 1326.84 838.865
internal_count=377945 313865 118409 195456 64080 61539 15059 46480 4118 107711 10698 10941 3253 155788 5613 39668 13382 4183 33098 17537 7125 5241 1800 41337 35234 23178 2541 2279 40146 24055
is_linear=0
shrinkage=0.03


Tree=18
num_leaves=31
num_cat=0
split_feature=12 5 5 9 18 21 12 18 22 0 16 18 11 7 16 3 12 19 0 11 12 17 8 21 5 5 16 5 17 11
split_gain=1813.82 557.272 429.128 195.25 186.449 185.117 251.608 171.329 144.524 137.31 123.638 102.407 113.418 95.718 91.5526 88.7909 90.7082 84.4978 83.072 80.0438 99.4997 79.297 75.7982 75.1459 132.128 73.6601 71.8029 70.4194 68.2636 65.6478
threshold=27.500000000000004 57.055685679062044 184.63584881756759 2.5000000000000004 5802.5000000000009 239.50000000000003 1.0000000180025095e-35 2210.5000000000005 67498.000000000015 261.97500000000008 1.0000000180025095e-35 5890.5000000000009 17.500000000000004 -0.080764602597342208 1.0000000180025095e-35 -0.3794095225512602 258.50000000000006 103.50000000000001 160.52500000000003 6.5000000000000009 1.0000000180025095e-35 0.016668740659952167 235.00000000000003 4013.5000000000005 70.876373460516803 39.188393324785331 1.0000000180025095e-35 41.268379638916763 0.090923395007848754 15.500000000000002
decision_type=2 2 2 2 2 2 2 2 2 2 2 2 2 2 2 2 2 2 2 2 2 2 2 2 2 2 2 2 2 2
left_child=5 3 8 22 -4 6 27 13 -3 23 18 12 -5 -7 -8 16 -13 -17 -6 20 -15 -12 -2 -9 28 -16 -24 -1 -25 -30
right_child=1 2 4 11 10 7 14 9 -10 -11 21 15 -14 19 25 17 -18 -19 -20 -21 -22 -23 26 24 -26 -27 -28 -29 29 -31
leaf_value=-0.00091300002320131377 -0.020198311656852621 -0.017649492989304776 -0.029076850313530894 0.079112867181271904 -0.010544086823333352 -0.0080361159102204944 0.062814162406466048 0.022345015232009081 -0.0085330762872494314 0.046394855807100149 -0.0086800880688902276 -0.0067669774202383098 -0.030267403955490074 0.0053212606151909567 -0.0063205804781905576 0.036700813119515008 0.13761015686474612 0.015486444813029725 0.006939678114535601 -0.0019087401692769073 0.062919495735149378 0.019426280309859722 0.025779582341080246 -0.0048975209956760067 -0.0018576360477169788 0.040099516502610483 0.27296335687641909 0.022237917820711998 0.014463153244189944 0.040589014921609025
leaf_weight=175.82101571932435 157.7335303965956 3451.1316634211689 150.57835242711008 9.9057804867625219 454.88373287394643 419.68989241868258 161.97446596994996 840.73679369315505 2863.7803644537926 145.01697449944913 106.09650992229581 112.73682828247547 61.517396489158273 52.759327981621027 34.309386782348156 353.90678472258151 4.0574002079665652 323.37750316411257 529.03975663892925 105.95322241075337 55.269743397831917 608.39486646279693 3.7019397895783177 71.660865442827344 435.42181957513094 297.84158081188798 1.4806974045932291 361.12605923041701 176.59320691227913 169.78394073992968
leaf_count=3759 5930 134193 7215 126 14782 11591 1131 15319 104073 1996 2669 1841 2708 1146 525 5250 61 5260 13542 2219 851 14329 125 1568 12186 2456 50 5794 2745 2505
internal_value=-0.000171017 -0.0071718 -0.00979347 0.0136398 0.00291759 0.0181949 0.0288737 0.0137424 -0.0135152 0.0183774 0.00575416 0.0193111 -0.0150973 0.000289387 0.0443222 0.022406 -0.00175135 0.0265718 -0.00114335 0.0166184 0.0347896 0.0152527 -0.0164891 0.0159792 0.0097083 0.0353046 0.0964008 0.0146572 0.0217552 0.0272693
internal_weight=12696.3 9192.32 8163.91 1028.42 1848.99 3503.96 1031.07 2472.89 6314.91 1839.21 1698.41 865.502 71.4232 633.672 494.125 794.079 116.794 677.284 983.923 213.982 108.029 714.491 162.916 1694.2 853.46 332.151 5.18264 536.947 418.038 346.377
internal_count=377945 312154 290803 21351 52537 65791 13665 52126 238266 36319 45322 15246 2834 15807 4112 12412 1902 10510 28324 4216 1997 16998 6105 34323 19004 2981 175 9553 6818 5250
is_linear=0
shrinkage=0.03


Tree=19
num_leaves=31
num_cat=0
split_feature=10 22 17 0 5 2 3 18 7 5 6 8 9 21 5 5 7 9 19 0 17 21 2 9 5 22 12 12 5 13
split_gain=1733.28 575.523 420.342 241.332 163.593 155.766 293.544 152.175 145.744 127.944 210.896 227.628 142.611 124.51 89.8419 84.8493 115.062 81.4432 141.671 101.912 93.8698 73.775 74.9032 72.7244 66.7961 76.4474 66.3281 62.8826 62.5906 64.1297
threshold=175.50000000000003 95871.000000000015 0.097721043974161162 225.98500000000004 182.7352221345952 0.25881904510252091 0.25881904510252057 5890.5000000000009 0.3789170214569047 252.49307733619767 384.5429111756327 41.500000000000007 7.5000000000000009 5822.5000000000009 39.77545269792649 294.99536176470593 -0.32727793025373264 40.500000000000007 93.500000000000014 159.96250000000001 0.030772473663091663 5865.5000000000009 0.91597561503675362 6.5000000000000009 55.202195454545468 12911.000000000002 14.500000000000002 251.50000000000003 39.188393324785331 1872.3339843750002
decision_type=2 2 2 2 2 2 2 2 2 2 2 2 2 2 2 2 2 2 2 2 2 2 2 2 2 2 2 2 2 2
left_child=5 3 4 13 -3 8 -7 -4 17 -5 11 -11 -13 -2 -8 21 -17 19 20 -1 -19 -6 -23 -10 25 -15 -16 -27 -22 -30
right_child=1 2 7 9 15 6 14 -9 23 10 -12 12 -14 24 26 16 -18 18 -20 -21 28 22 -24 -25 -26 27 -28 -29 29 -31
leaf_value=0.0017337208329444296 -0.030664669311932052 -0.0069157628859592259 -0.030032717821791562 -0.0051070926642691585 -0.030063742387924905 0.061145335387409801 -0.0029413254349461796 0.026431715489121162 0.012423327833312129 0.012379413540050711 -0.014519149828837159 0.1206425839505457 -0.0012304718500207976 -0.017651747279902066 0.022600993526443396 -0.026780651077469655 0.075655707797639124 0.01154739363987901 0.0050343153353971312 0.029392580844559882 -0.0035078353866972284 0.0060476805136444748 0.060198526780419301 0.038355495478091771 -0.015129392684529243 0.013605864184225042 0.066783867402267161 0.13127142937373662 0.039841701906289356 0.11617210053464801
leaf_weight=865.1624121889472 460.32820252142847 2348.3994704764336 45.91182111389935 687.78524920530617 49.785728823393583 206.89893450587988 124.8526074886322 667.53605130873621 140.83360069990158 72.635040713474154 85.863205414265394 40.686485471203923 10.971565851941703 100.27643802948296 442.08086549863219 13.838687835261224 34.402127897366881 185.33154150657356 421.57743184641004 139.1822907961905 29.249541990458965 907.8977074585855 23.586900133639574 315.08041123300791 3812.1993924640119 118.24872020818293 32.852068468928337 4.2340167649090281 282.96504834853113 10.265575207769869
leaf_count=17445 21780 83471 2116 22649 2373 2616 2670 9100 2164 1851 2295 542 291 3894 6393 411 579 3600 8180 1986 539 23314 586 4040 146032 2953 468 98 3365 144
internal_value=-0.000171229 -0.00660991 0.00187474 -0.0130465 -0.00254448 0.0189345 0.030333 0.0227981 0.0150867 0.00115259 0.0216389 0.0466172 0.0947582 -0.0158827 0.0197041 0.00742676 0.0462701 0.0114892 0.0178894 0.00556669 0.0285615 0.00551716 0.00741888 0.0303449 -0.0141963 0.00177154 0.0256572 0.0176734 0.0383397 0.0425139
internal_weight=12680.9 9484.59 4091.36 5393.23 3377.91 3196.33 806.684 713.448 2389.65 897.942 210.156 124.293 51.6581 4495.29 599.786 1029.51 48.2408 1933.73 929.389 1004.34 507.812 981.27 931.485 455.914 4034.96 222.759 474.933 122.483 322.48 293.231
internal_count=377945 324335 121950 202385 110734 53610 12147 11216 41463 27628 4979 2684 833 174757 9531 27263 990 35259 15828 19431 7648 26273 23900 6204 152977 6945 6861 3051 4048 3509
is_linear=0
shrinkage=0.03


Tree=20
num_leaves=31
num_cat=0
split_feature=10 22 6 0 2 3 6 7 21 6 21 10 9 14 0 22 10 21 12 12 21 11 16 8 22 2 8 8 8 0
split_gain=1616.89 540.159 334.462 223.856 149.309 260.782 137.229 132.315 121.354 93.109 81.0777 80.1959 80.0268 117.416 99.4698 91.3598 79.9029 78.4828 77.8211 77.8033 77.126 76.618 65.0975 191.346 101.673 102.36 90.3611 76.9248 63.8694 61.1372
threshold=129.50000000000003 95871.000000000015 91.654153122780272 225.98500000000004 0.25881904510252091 1.0000000180025095e-35 268.50296604129261 0.3789170214569047 6056.5000000000009 36.744629843552012 5822.5000000000009 175.50000000000003 40.500000000000007 9.5000000000000018 159.96250000000001 1908.5000000000002 1.0000000180025095e-35 5865.5000000000009 19.500000000000004 77.500000000000014 5822.5000000000009 19.500000000000004 1.0000000180025095e-35 238.50000000000003 12911.000000000002 0.91597561503675362 235.00000000000003 236.50000000000003 96.500000000000014 24.515500000000003
decision_type=2 2 2 2 2 2 2 2 2 2 2 2 2 2 2 2 2 2 2 2 2 2 2 2 2 2 2 2 2 2
left_child=4 3 8 10 7 -6 -4 12 -3 -7 11 -2 14 15 -1 16 -14 -8 -17 -19 -5 -15 -12 24 -24 26 -26 -28 -9 -10
right_child=1 2 6 20 5 9 17 28 29 -11 22 -13 13 21 -16 18 -18 19 -20 -21 -22 -23 23 -25 25 -27 27 -29 -30 -31
leaf_value=0.0012396052111296857 0.012447227660042054 -0.016904533971933568 -0.0070456026353251378 -0.02951192862945131 0.06654164974067088 0.0053989065099406784 -0.026936905771334851 0.013727966167331473 0.010304267041991498 0.029412827073637977 -0.016232862946662575 -0.030644599189440087 0.014825287885648616 -0.0065843345376545622 0.028724376393549311 0.012705589694944673 0.050800262217280651 0.031433521943368445 0.067500765768451709 0.0049871571745101076 0.003510222259836738 0.12651189941839891 -0.016039376346636158 -0.015152306616011647 0.018720023598226582 0.15538190481255459 0.26283852717964606 0.0038272904183161388 0.037278420407441941 0.028167457374887139
leaf_weight=838.95660416595638 42.570797691121697 78.839014079421759 2132.724793760106 68.908495686948299 141.41495245322585 214.27928661927581 62.206714268773794 158.91994255036116 259.64765236526728 451.50093012303114 2946.9137722328305 447.01160601899028 86.456085853278637 183.32747251912951 138.00230656936765 468.09863862581551 155.51493172720075 111.63074887730181 24.550202585756779 970.69861738942564 834.94199477508664 3.9770655017346135 72.885728536173701 764.31918056309223 187.38329591974616 5.3084464427083722 2.5511402133852235 1.7330154348164795 297.96539565548301 513.38492721691728
leaf_count=16891 815 2768 77780 3113 1689 4106 2806 2374 4103 6033 113430 21780 1405 3866 1916 8448 1308 2778 363 25441 24598 80 2787 29925 6513 178 75 69 3678 6829
internal_value=-0.000171668 -0.00635515 0.00180461 -0.0126241 0.0184076 0.0295428 -0.00254847 0.0145922 0.0185515 0.021684 -0.0153771 -0.0268976 0.0111047 0.0174446 0.00512202 0.0228507 0.0379464 0.00583146 0.0154362 0.00771482 0.000992652 -0.00375828 -0.0139603 -0.00748458 0.0142324 0.0254337 0.0218346 0.158064 0.0290868 0.0221675
internal_weight=12666.6 9503.66 4129.13 5374.53 3162.96 807.195 3277.26 2355.77 851.872 665.78 4470.68 489.582 1898.88 921.924 976.959 734.62 241.971 1144.54 492.649 1082.33 903.85 187.305 3981.09 1034.18 269.862 196.976 191.667 4.28416 456.885 773.033
internal_count=377945 325788 122505 203283 52157 11828 108805 40329 13700 10139 175572 22595 34277 15470 18807 11524 2713 31025 8811 28219 27711 3946 152977 39547 9622 6835 6657 144 6052 10932
is_linear=0
shrinkage=0.03


Tree=21
num_leaves=31
num_cat=0
split_feature=10 5 5 18 9 18 21 5 5 0 0 0 7 8 5 14 5 7 0 9 18 7 7 21 2 3 21 3 14 12
split_gain=1508.12 502.038 400.17 214.565 187.378 185.553 159.529 140.125 213.668 208.431 140.254 123.752 118.936 118.561 126.527 111.572 117.832 107.509 129.182 106.612 102.655 95.3149 93.9495 87.1389 79.0793 98.7927 70.4074 70.0892 76.9625 73.9735
threshold=175.50000000000003 58.723572649572652 184.63584881756759 5802.5000000000009 2.5000000000000004 5890.5000000000009 5822.5000000000009 39.77545269792649 72.29062500000002 129.96000000000001 24.995000000000001 115.02000000000002 -0.59348305398109458 38.500000000000007 41.268379638916763 1.0000000180025095e-35 285.87276190476194 -0.30845048286840943 994.97500000000014 8.5000000000000018 4204.5000000000009 -0.52243589686302783 1.5000699154662638 4111.5000000000009 0.37940952255126054 0.25881904510252057 7067.5000000000009 -0.3794095225512602 10.500000000000002 258.50000000000006
decision_type=2 2 2 2 2 2 2 2 2 2 2 2 2 2 2 2 2 2 2 2 2 2 2 2 2 2 2 2 2 2
left_child=7 4 6 -4 -2 -6 -3 -1 13 10 12 -8 -10 -9 -15 -5 -17 -18 22 20 -16 -14 -19 -11 27 -26 -27 29 -29 -7
right_child=1 2 3 15 5 24 11 8 9 23 -12 -13 21 14 19 16 17 18 -20 -21 -22 -23 -24 -25 25 26 -28 28 -30 -31
leaf_value=0.0030980327777933602 -0.015498808701342296 -0.030638417541255993 -0.030601812364199857 -0.0079708687926231814 -0.030226640002138871 -0.008765613952071101 -0.014200319135989414 0.0025275031395584125 -0.0040095577645383419 0.030026699580320497 -0.0010728165571599081 -0.0048132058457569888 0.074918520341666475 0.014909602029857145 0.066700867122591587 0.0069535573125433809 -0.0027583010214774066 0.054105424826536387 -0.020574425141926034 0.036890672562489957 0.21447920569009646 -0.00058853844803694543 0.14607378101335067 -0.0036520481282523924 0.072698540195893016 0.072132220039680048 0.018353004543195967 0.025948604323128423 -0.0047279396124098308 0.11169371746106069
leaf_weight=525.04098511859775 182.05701748467982 409.81021573580801 156.14035823009908 394.30899474211037 67.512193048372865 120.44892163202167 4065.1283505223691 130.37867653369904 48.839856423437595 560.67118504270911 797.59804322384298 1834.2797350231558 58.677948486059904 266.21352802589536 17.637524137273434 1210.1924759354442 48.514284091070294 79.815751103684306 18.88618553802371 778.98438163846731 5.5655674040317527 20.234905488789082 11.428139764815567 78.868208885192871 52.21224495023489 25.477046323940158 156.46147004701197 438.06288613379002 88.470403771847486 4.769846484065055
leaf_count=10859 7111 20135 8126 12054 3187 1926 160077 2359 979 7119 17195 66253 606 4159 233 31172 1396 1393 404 8478 62 423 84 1138 484 375 2101 6311 1685 61
internal_value=-0.00017155 -0.0063096 -0.00889 0.00310501 0.01239 0.0177154 -0.0125389 0.0173054 0.0200045 0.0127036 0.0036015 -0.0112816 0.0327847 0.0295351 0.0328309 0.00609002 0.0101404 0.0344508 0.0508421 0.0387782 0.102147 0.0555569 0.0656243 0.0258734 0.0213689 0.0363228 0.0258838 0.0159966 0.0207942 -0.00417706
internal_weight=12652.7 9363.98 8228.5 1919.29 1135.47 953.415 6309.22 3288.71 2763.67 1564.89 925.351 5899.41 127.753 1198.78 1068.4 1763.15 1368.84 158.644 110.13 802.187 23.2031 78.9129 91.2439 639.539 885.903 234.151 181.939 651.752 526.533 125.219
internal_count=377945 324335 301094 54629 23241 16130 246465 53610 42751 27460 19203 226330 2008 15291 12932 46503 34449 3277 1881 8773 295 1029 1477 8257 12943 2960 2476 9983 7996 1987
is_linear=0
shrinkage=0.03


Tree=22
num_leaves=31
num_cat=0
split_feature=10 22 5 0 5 5 6 8 5 18 10 18 6 18 19 6 10 21 5 19 12 20 0 5 5 7 15 21 5 22
split_gain=1408.44 502.469 284.691 212.17 139.171 131.095 187.857 185.993 129.565 188.216 280.939 157.258 116.184 113.114 99.5417 92.9207 91.8 86.5113 109.038 78.9038 84.0289 75.1177 73.8942 87.5589 71.4967 86.5919 69.481 68.6448 69.3696 68.6359
threshold=129.50000000000003 95871.000000000015 83.559434697855764 159.96250000000001 184.63584881756759 252.49307733619767 376.01803382610933 41.500000000000007 39.77545269792649 35.500000000000007 1.5000000000000002 2210.5000000000005 305.38637327838245 5890.5000000000009 8.5000000000000018 314.63076465601802 10.500000000000002 4013.5000000000005 143.45892908382868 159.50000000000003 1.5000000000000002 11.008726119995119 270.04500000000002 93.987179864586423 294.99536176470593 -0.35656551596364233 1.5000000000000002 5822.5000000000009 55.202195454545468 12911.000000000002
decision_type=2 2 2 2 2 2 2 2 2 2 2 2 2 2 2 2 2 2 2 2 2 2 2 2 2 2 2 2 2 2
left_child=8 3 13 27 -4 -5 7 -7 -1 10 12 16 -10 -3 -9 -14 21 -13 -19 -12 -21 22 23 -11 -6 -26 -18 -2 29 -29
right_child=1 2 4 5 24 6 -8 14 9 11 19 17 15 -15 -16 -17 26 18 -20 20 -22 -23 -24 -25 25 -27 -28 28 -30 -31
leaf_value=0.0030515307283559738 -0.026902872813133281 -0.019389769773488611 -0.0066142421712229726 -0.0062072180774237484 0.0048558350592132577 0.00962964087742995 -0.013275813977419322 0.095921915201053254 0.014647000230045937 0.027661993064057058 0.052488248305040452 0.025682349793484344 0.091245814913638798 0.020155179224360501 -0.000671653073457016 0.02411267042776527 0.14811668962819372 0.019529709954921582 -0.010418212335681767 0.049570363770635256 0.16766494195549769 0.096265379338227416 0.073142112349803751 -0.014776023792788778 -0.024472260351587723 0.063532891494893592 -0.0095114786225577782 -0.01696675240771028 -0.015286733179981119 0.016879514666907042
leaf_weight=515.27099606767297 430.2064614482224 70.830294892191887 2198.7794463858008 1006.8373515754938 1001.6144319716841 79.64633596688509 99.990742474794388 52.470084812492132 506.35357224941254 89.857597459107637 232.79008744284511 839.43016686663032 34.085860840976238 804.56748290546238 11.752402784302829 40.727105457335711 2.5348919965326777 341.96995549276471 160.89917593076825 10.223091896623375 11.548140823841093 10.205675102770327 16.64515758305788 85.283830881118774 13.571988312527536 38.913132021203637 351.77976186387241 95.579783061519265 3358.3647443335503 123.72287560813129
leaf_count=10626 20891 2695 81536 35045 26333 2041 2764 708 6735 1254 1701 12769 188 10937 310 482 16 4914 2908 165 106 150 150 1549 409 595 8444 3885 134619 3020
internal_value=-0.00017161 -0.00606457 0.00176911 -0.0122144 -0.00231778 -0.00142722 0.0183083 0.0402596 0.0168509 0.0194513 0.0313146 0.0142293 0.0198029 0.0169555 0.0782458 0.0546995 0.000817739 0.0197876 0.0099475 0.057596 0.112211 0.0169581 0.0127378 0.00699711 0.00664434 0.0407759 -0.00838375 -0.0155807 -0.0142192 0.00212813
internal_weight=12636.5 9386.85 4128.28 5258.57 3252.88 1250.7 243.86 143.869 3249.61 2734.33 835.728 1898.61 581.167 875.398 64.2225 74.813 556.307 1342.3 502.869 254.561 21.7712 201.992 191.787 175.141 1054.1 52.4851 354.315 4007.87 3577.67 219.303
internal_count=377945 325788 122505 203283 108873 40868 5823 3059 52157 41531 9377 32154 7405 13632 1018 670 11563 20591 7822 1972 271 3103 2953 2803 27337 1004 8460 162415 141524 6905
is_linear=0
shrinkage=0.03


Tree=23
num_leaves=31
num_cat=0
split_feature=13 22 17 0 0 18 10 18 12 0 18 21 17 21 10 12 19 22 8 16 16 8 8 22 10 16 10 2 10 16
split_gain=1325.45 452.84 284.191 194.35 151.049 154.232 364.08 145.235 139.336 120.617 90.0964 79.1699 69.4216 68.1607 66.69 71.6749 63.2037 56.245 54.8659 95.4134 54.012 148.889 77.8429 57.052 52.8976 52.7796 50.3467 48.2617 74.3384 47.0596
threshold=2785.3745117187505 95871.000000000015 0.097721043974161162 159.96250000000001 261.97500000000008 35.500000000000007 2.5000000000000004 2210.5000000000005 1.0000000180025095e-35 108.96000000000002 5844.5000000000009 5822.5000000000009 0.0067938978318125018 5945.5000000000009 10.500000000000002 1.5000000000000002 101.50000000000001 14.500000000000002 295.50000000000006 1.0000000180025095e-35 1.0000000180025095e-35 238.50000000000003 235.00000000000003 12911.000000000002 4.5000000000000009 1.0000000180025095e-35 89.500000000000014 0.37940952255126054 175.50000000000003 3.5000000000000004
decision_type=2 2 2 2 2 2 2 2 2 2 2 2 2 2 2 2 2 2 2 2 2 2 2 2 2 2 2 2 2 2
left_child=4 3 9 10 5 6 8 14 16 -3 -2 -5 -11 26 15 -7 17 -1 19 -13 -12 22 23 -22 -8 -10 -4 28 -9 -15
right_child=1 2 13 11 -6 7 24 27 25 12 20 18 -14 29 -16 -17 -18 -19 -20 -21 21 -23 -24 -25 -26 -27 -28 -29 -30 -31
leaf_value=-0.012590966757602283 -0.030115461465040606 -0.0075346857029184701 0.1369712807286797 -0.028637748507356727 0.038849604467481126 -0.00052362948356141157 0.051493266534038004 0.012157495620683242 0.050348265599256203 0.045754510277104192 -0.016527514366628939 -0.00020485222691446362 0.0030723893674360452 0.018300680207489387 -0.012188714019096096 0.039900543689468639 -0.0053841989269419657 0.020227229295032328 -0.0097061876904238776 0.02736974305770833 -0.014397977118289362 -0.015168685258912459 0.13273780471002458 0.019255348622635008 0.08727825548813363 0.023653734404991973 -0.027650334657858381 0.021169369536107031 -0.017211511498708403 0.050120158339753286
leaf_weight=56.427198722958565 356.37343552522361 1884.2762831505388 1.7501713894307602 92.439809652045369 225.14435452595353 170.55138289928436 104.88303208351135 1161.1866681613028 87.372593101114035 35.20290862582624 2512.8685088939965 637.7204429153353 1331.457076555118 639.34345435351133 350.10039607621729 51.364146456122398 240.28253220021725 281.31830305978656 344.82988925650716 137.24086498841643 62.21191269531846 670.82071936503053 4.7568613979965439 167.14777537994087 57.591156806796789 281.18937192112207 37.440335467457771 507.92854122817516 83.119454208761454 44.760198250412941
leaf_count=1147 18634 66374 17 4434 2541 3106 912 19527 561 1191 101131 19881 40146 8356 9677 599 5120 4242 12056 3297 2520 27455 140 5908 390 2687 1783 10338 3233 542
internal_value=-0.000171106 -0.00638363 0.00117062 -0.0124045 0.0150452 0.0134842 0.022689 0.00909193 0.0155678 -0.0026134 -0.0157611 -0.00195395 0.00417181 0.0181783 -0.00403332 0.00883287 0.00637701 0.0147443 0.000248819 0.00467844 -0.0142643 -0.00797988 0.0126184 0.0101272 0.0641777 0.029982 -0.0202987 0.0133767 0.0101957 0.0203826
internal_weight=12619.1 8960.64 3974.23 4986.41 3658.46 3433.31 1109.06 2324.25 946.59 3250.94 3774.18 1212.23 1366.66 723.294 572.016 221.916 578.028 337.746 1119.79 774.961 3417.81 904.937 234.117 229.36 162.474 368.562 39.1905 1752.23 1244.31 684.104
internal_count=377945 313865 118409 195456 64080 61539 15059 46480 13757 107711 155788 39668 41337 10698 13382 3705 10509 5389 35234 23178 137154 36023 8568 8428 1302 3248 1800 33098 22760 8898
is_linear=0
shrinkage=0.03


Tree=24
num_leaves=31
num_cat=0
split_feature=13 22 5 0 7 5 6 5 5 6 8 9 8 0 7 21 7 6 6 18 6 11 10 18 0 5 21 5 13 7
split_gain=1241.2 433.052 220.571 186.812 136.836 128.831 120.229 209.651 112.54 173.758 137.823 110.13 107.856 98.8655 87.6497 87.1421 74.8686 73.974 95.1957 67.4786 67.1 77.165 156.248 77.8027 64.7234 63.6254 94.0582 85.2821 59.5145 56.7317
threshold=3314.255493164063 95871.000000000015 83.559434697855764 159.96250000000001 -0.14185266902461671 182.7352221345952 56.066423013564041 41.268379638916763 252.49307733619767 384.5429111756327 41.500000000000007 7.5000000000000009 38.500000000000007 19.582500000000003 -0.59348305398109458 5822.5000000000009 -0.55398841980673263 38.091680187016983 39.08864296050232 9192.5000000000018 286.19406183984853 3.5000000000000004 4.5000000000000009 1630.5000000000002 265.07000000000005 182.7352221345952 56.500000000000007 194.67837767687723 25.006999969482425 -0.55827490597655405
decision_type=2 2 2 2 2 2 2 2 2 2 2 2 2 2 2 2 2 2 2 2 2 2 2 2 2 2 2 2 2 2
left_child=4 3 17 15 6 -4 7 -1 -5 10 -10 -12 24 14 -8 -2 29 -3 19 -19 21 22 28 -23 -9 -15 27 -27 -6 -16
right_child=1 2 5 8 20 -7 13 12 9 -11 11 -13 -14 25 16 -17 -18 18 -20 -21 -22 23 -24 -25 -26 26 -28 -29 -30 -31
leaf_value=0.0022794954566267094 -0.030582763523984067 0.0060396190238306653 -0.0068352209217887282 -0.006598417041477924 0.013440903614473084 0.0061408487192351107 -0.0044873001678967517 -0.002803577358454329 0.010384264672498211 -0.015105574261628368 0.089337324401609575 -0.0068587591748552655 0.033772440570712631 -0.0073017625541017192 0.060631626375334778 -0.014230639624265433 0.00485303913221816 0.031899971716255714 0.019276816855336686 0.11052419463218502 0.037550246361204263 -0.016254826647533343 0.08704584511272645 0.016298658001009596 0.11401537682402961 0.093007189528464262 0.0030631748748658348 0.016883225834524597 0.036869390523726765 0.15236944491428153
leaf_weight=515.15989433787763 321.35342948324978 415.05821504443884 2096.0828265734017 959.32289275713265 227.56620804965496 1025.5246030259877 36.62473732046783 110.66705581173301 78.137108892202377 94.640160432085395 51.78100898116827 13.504540847614406 524.1513065751642 518.75738647393882 33.251194901764393 3360.6827967986465 18.706749100238085 21.21537365950644 363.42155273444951 18.296870853751898 199.38941599801183 72.37974002212286 38.143109697848558 758.65161096677184 4.4397612754255524 20.301480192691088 489.0893048401922 38.107213787734509 170.84399425238371 7.4209859110414973
leaf_count=9900 17519 7502 78517 33720 3818 26473 749 2326 1970 2637 607 371 5698 13546 271 136758 386 281 4503 156 2515 1485 296 12960 49 140 10844 457 1426 65
internal_value=-0.000170196 -0.00633694 0.00106148 -0.0123104 0.0142034 -0.00257226 0.00966351 0.016521 -0.00201678 0.0164459 0.0372657 0.0694388 0.0279978 0.00285231 0.0320117 -0.0156578 0.0545242 0.0149285 0.0240849 0.0683084 0.0213728 0.0188282 0.0290407 0.0134634 0.00170222 0.000226849 0.00736025 0.0433421 0.0234874 0.07737
internal_weight=12602.7 8819.02 3939.6 4879.42 3783.65 3121.61 2316.68 1154.42 1197.39 238.063 143.423 65.2855 639.258 1162.26 96.0037 3682.04 59.3789 817.992 402.934 39.5122 1466.97 1267.58 436.553 831.031 115.107 1066.26 547.498 58.4087 398.41 40.6722
internal_count=377945 311014 117432 193582 66931 104990 44431 17973 39305 5585 2948 978 8073 26458 1471 154277 722 12442 4940 437 22500 19985 5540 14445 2375 24987 11441 597 5244 336
is_linear=0
shrinkage=0.03


Tree=25
num_leaves=31
num_cat=0
split_feature=13 22 17 0 5 5 7 21 16 18 11 18 5 5 5 22 18 11 0 0 11 0 11 18 13 16 18 21 14 5
split_gain=1161.88 414.662 258.751 152.549 149.863 145.758 124.209 105.149 110.355 99.1119 218.46 91.1756 81.4504 75.6571 71.8439 67.9457 64.3036 59.5496 61.8246 81.5039 59.396 56.9939 55.1706 98.4344 95.4952 68.1669 58.553 54.9794 54.8835 54.7684
threshold=3314.255493164063 69181.500000000015 0.097721043974161162 108.96000000000002 147.32879210220676 294.99536176470593 -0.14185266902461671 5822.5000000000009 1.0000000180025095e-35 24.500000000000004 1.0000000180025095e-35 2210.5000000000005 39.77545269792649 88.242168141592927 315.04861216391322 51.500000000000007 5919.5000000000009 6.5000000000000009 19.582500000000003 12.129000000000001 11.500000000000002 265.07000000000005 3.5000000000000004 1702.5000000000002 98.730998992919936 1.5000000000000002 2705.5000000000005 187.50000000000003 11.500000000000002 118.29433513621795
decision_type=2 2 2 2 2 2 2 2 2 2 2 2 2 2 2 2 2 2 2 2 2 2 2 2 2 2 2 2 2 2
left_child=6 4 3 -3 -2 29 9 -6 -9 10 -1 13 -12 27 -7 -14 20 -13 19 -19 -4 -20 24 -24 28 -26 -25 -11 -8 -5
right_child=1 2 16 5 7 14 22 8 -10 11 12 17 15 -15 -16 -17 -18 18 21 -21 -22 -23 23 26 25 -27 -28 -29 -30 -31
leaf_value=-0.0018033583804748044 -0.016548550209235891 -0.0082942397115723845 0.16554769622772234 0.013507359792911507 -0.030413337679681136 0.060396538408052293 0.025310703887627833 -0.0048123591863037619 0.022308163067227875 0.026393892099755432 0.0053659679400036697 0.091280640925267373 0.00357839738247506 -0.015311005986682115 -0.023268480957096264 0.0441834612411343 0.017627306997925866 0.0017009590757143349 0.0053178081677135343 0.039197404281592477 -0.027176403278271491 0.099680308399506465 -0.010531331701385007 0.033488398825968171 0.068197825168295159 0.026679819083301477 0.0154903234064651 -0.0072969386632824925 -0.0081147780036766159 -0.00084798767693480587
leaf_weight=277.36294616386294 3036.7925174031407 2266.8581186104566 1.4917977415025223 295.18661873415112 115.32606116123497 56.817927908152342 276.25404162332416 768.60827191919088 163.8109833560884 87.858881108462811 79.990484271198511 8.0065704621374589 42.455331549048424 291.05003562755883 11.030615245923398 293.42197601869702 745.64418499544263 88.910761762410402 943.7362096644938 126.26258101500571 40.836316475644708 5.7960343174636355 108.5816652700305 212.18953014910221 78.155125979334116 65.352125216275454 697.25579473003745 86.524158382788301 52.634279798716307 1260.9265131149441
leaf_count=5168 128709 83281 12 10571 6323 801 3701 26335 4284 967 1474 147 421 8130 271 2317 10132 1493 20145 2077 1954 59 2182 2638 498 529 11925 2033 1027 38341
internal_value=-0.000169131 -0.00618881 -9.14988e-05 -0.0032664 -0.0131732 0.00375186 0.0136339 -0.00339009 -4.7722e-05 0.00930964 0.0188182 0.0052858 0.0325718 -0.00594864 0.0467945 0.0390509 0.0155854 0.00974459 0.00918409 0.0237037 -0.0203841 0.00589381 0.0203981 0.0164663 0.0288713 0.0492908 0.0196896 0.00967741 0.0199614 0.00187515
internal_weight=12585.1 8763.33 4678.79 3890.82 4084.54 1623.96 3821.8 1047.75 932.419 2331.38 693.231 1638.15 415.868 465.433 67.8485 335.877 787.972 1172.71 1164.71 215.173 42.3281 949.532 1490.42 1018.03 472.396 143.507 909.445 174.383 328.888 1556.11
internal_count=377945 311014 145363 133265 165651 49984 66931 36942 30619 44431 9380 35051 4212 11130 1072 2738 12098 23921 23774 3570 1966 20204 22500 16745 5755 1027 14563 3000 4728 48912
is_linear=0
shrinkage=0.03


Tree=26
num_leaves=31
num_cat=0
split_feature=12 22 17 5 5 2 4 17 10 21 14 7 19 21 18 18 7 5 5 19 5 17 7 9 19 0 17 19 5 17
split_gain=1085.66 387.013 250.913 141.789 135.509 114.959 132.563 107.007 101.764 96.9914 101.8 88.713 84.6143 65.4809 62.5932 57.5546 56.897 56.8809 56.8003 57.5979 115.703 221.274 102.173 56.3839 99.5835 67.8889 55.2962 55.1033 52.1277 70.2938
threshold=27.500000000000004 69181.500000000015 0.097721043974161162 182.7352221345952 147.32879210220676 0.37940952255126054 1.0000000180025095e-35 0.02265445422381163 175.50000000000003 5822.5000000000009 1.0000000180025095e-35 0.3789170214569047 8.5000000000000018 5865.5000000000009 5959.5000000000009 6270.5000000000009 -0.0067224606111954939 39.77545269792649 118.29433513621795 8.5000000000000018 102.58994080996887 0.045483278110623367 1.4264568395579704 40.500000000000007 93.500000000000014 159.96250000000001 0.018676382489502433 11.500000000000002 252.49307733619767 0.053066924214363105
decision_type=2 2 2 2 2 2 2 2 2 2 2 2 2 2 2 2 2 2 2 2 2 2 2 2 2 2 2 2 2 2
left_child=5 4 3 14 -2 8 7 -7 11 -6 -11 23 -5 -14 -3 -4 -16 -8 19 20 -18 22 -22 25 26 -1 -25 -15 29 -12
right_child=1 2 15 12 9 6 17 -9 -10 10 28 -13 13 27 16 -17 18 -19 -20 -21 21 -23 -24 24 -26 -27 -28 -29 -30 -31
leaf_value=0.00041862879388813307 -0.01603427092286103 -0.027630775275901177 -0.0078152900068410702 0.053137444500347908 -0.029760508826688303 0.0083918337307384728 -0.0046102926825512605 0.043045786129201263 -0.016372104994828964 -0.0098398993674046215 -0.012110447347249068 0.022333813439319592 -0.027442493554993383 -0.017436171586373034 -0.0089205354495752731 0.017854359309316514 -0.03083525505240331 0.017332268992819956 -0.0065994535495094127 0.0068482583971836231 0.026313250820088192 0.44193057453788859 0.29841837812725425 -0.0026953808087704749 0.0029553788722137485 0.021766499867864116 0.025469075284589856 0.0077482598293837461 0.027643690545517144 0.015760049775405075
leaf_weight=909.93598506972194 3003.9491689894348 126.7755291108042 88.228647798299789 32.57965250685811 112.80470411479473 106.90477959439158 131.95763349533081 320.98679549433291 127.05973430536687 484.06875827349722 140.34920727834105 510.45720919966698 56.287636481225491 84.917210645973682 1828.6699073426425 721.13920237869024 7.5398360732942846 547.35735519230366 420.94254306145012 328.12127077579498 8.4001775700598937 1.6497462093830098 1.4574255142360915 71.938882693648338 451.91946261934936 157.23757721483707 490.56532486341894 987.12714922614396 112.84311209619045 194.06278266385198
leaf_count=17588 129155 5828 2699 684 6530 3389 2751 5453 4980 16780 5108 6193 2940 2425 70533 9631 288 7547 14872 11122 323 61 50 1358 8195 1998 6339 24415 2367 6343
internal_value=-0.000167846 -0.0060012 -0.000139258 -0.00330537 -0.0127982 0.0131595 0.0213084 0.0343878 0.00984129 -0.00348823 -0.000306059 0.0111262 0.00547364 0.00409739 -0.00704741 0.0150561 -0.00604252 0.0130699 0.000809268 0.00979236 0.0605097 0.120361 0.0665434 0.00837788 0.0134421 0.00356403 0.0218671 0.00575339 0.0100125 0.00406309
internal_weight=12568.2 8741.91 4693.84 3884.47 4048.08 3826.32 1107.21 427.892 2719.11 1044.13 931.324 2592.05 1160.91 1128.33 2723.56 809.368 2596.78 679.315 768.111 347.168 19.0472 11.5073 9.8576 2081.6 1014.42 1067.17 562.504 1072.04 447.255 334.412
internal_count=377945 312154 145871 133541 166283 65791 19140 8842 46651 37128 30598 41671 30464 29780 103077 12330 97249 10298 26716 11844 722 434 373 35478 15892 19586 7697 26840 13818 11451
is_linear=0
shrinkage=0.03


Tree=27
num_leaves=31
num_cat=0
split_feature=10 18 5 5 9 5 5 8 18 18 18 11 5 6 0 0 6 14 6 6 6 22 6 0 0 0 0 22 6 17
split_gain=1020.6 425.716 396.531 366.847 132.9 113.298 173.824 245.751 142.702 192.855 184.432 121.551 102.472 146.068 153.461 101.109 88.6711 87.5894 103.952 85.6828 181.078 132.88 84.7654 84.744 79.2094 123.48 241.978 75.1846 73.5163 77.949
threshold=175.50000000000003 5802.5000000000009 58.723572649572652 184.63584881756759 1.5000000000000002 102.58994080996887 103.23119735755576 498.00000000000006 8170.5000000000009 6795.5000000000009 7072.5000000000009 38.500000000000007 39.77545269792649 65.988602859113982 125.07000000000001 24.995000000000001 186.6198685303122 1.0000000180025095e-35 201.99076170095438 204.38570124685731 205.59615934756204 4801.5000000000009 38.091680187016983 115.02000000000002 331.97500000000008 994.97500000000014 985.45000000000016 175115.50000000003 39.08864296050232 0.19605058431625369
decision_type=2 2 2 2 2 2 2 2 2 2 2 2 2 2 2 2 2 2 2 2 2 2 2 2 2 2 2 2 2 2
left_child=12 -2 4 5 -3 16 7 -7 9 -9 -11 -12 -1 22 15 19 -4 -5 -19 -15 -21 -22 -14 -8 -20 26 -26 -28 29 -24
right_child=1 2 3 17 -6 6 23 8 -10 10 11 -13 13 14 -16 -17 -18 18 24 20 21 -23 28 -25 25 -27 27 -29 -30 -31
leaf_value=0.001624067728925342 -0.030566572990873671 -0.014662206798708213 -0.01738604694293875 -0.0072200173230430771 0.01680266304898605 -0.0057259760460006371 -0.01128207984177575 -0.011828633701926879 0.0703966069963778 0.68960214916847629 0.47612529799347697 0.098227888938892463 0.013056191067985525 -0.0051001699179527137 0.020707636796498372 -0.002821911420508303 0.18538171144620816 0.052332777620354445 0.0023963740619371791 0.17799315084254996 0.066120253113526983 -0.012183708842237932 0.063110181053093656 -0.0021946134424968957 0.020055687077892188 -0.014028336227588154 0.090190734963387711 0.22123833195586282 0.024845873526784176 0.0071546097089950468
leaf_weight=545.95468288846314 571.01439984887838 137.93086310848594 1509.8793986998498 382.13404480926692 973.53647507727146 19.17447449080646 2603.619183331728 1.5875296145677582 6.8190126549452543 1.207770626991987 1.3021370004862549 1.8606806956231592 521.09071373380721 52.95349545776844 631.93038571998477 767.19492844305933 1.9435041118413199 48.075995326042175 912.82285112515092 8.1438293270766717 41.543685428798199 36.765599733218551 93.965597009286284 1431.2630883958191 336.38303964398801 87.561760596930981 11.89778867736459 5.8910878747701636 779.73735720291734 29.421724151819944
leaf_count=10859 31727 5855 64803 12054 13690 809 107627 69 274 52 56 78 7709 988 7398 16080 85 849 24459 64 264 743 752 52707 6959 2000 96 86 8459 294
internal_value=-0.000166864 -0.005494 -0.00380468 -0.00632585 0.0128979 -0.0101133 -0.00750663 0.0621908 0.164113 0.27137 0.374236 0.253809 0.0135672 0.015768 0.00935908 0.00144877 -0.0171254 0.00551268 0.00898159 0.0249516 0.0433586 0.0293572 0.0226914 -0.00805855 0.00744297 0.0178715 0.0257581 0.133589 0.0282507 0.0497676
internal_weight=12554.6 9045.91 8474.89 7363.42 1111.47 5578.66 4066.83 31.9516 12.7771 5.95812 4.37059 3.16282 3508.7 2962.75 1538.53 906.602 1511.82 1784.77 1402.63 139.407 86.4531 78.3093 1424.22 4034.88 1354.56 441.734 354.172 17.7889 903.125 123.387
internal_count=377945 324335 292608 273063 19545 226560 161672 1338 529 255 186 134 53610 42751 25537 18139 64888 46503 34449 2059 1071 1007 17214 160334 33600 9141 7141 182 9505 1046
is_linear=0
shrinkage=0.03


Tree=28
num_leaves=31
num_cat=0
split_feature=13 22 17 0 0 6 6 5 5 6 21 13 22 0 0 7 9 18 14 11 5 9 20 9 7 16 17 0 18 11
split_gain=963.675 371.913 194.244 171.392 109.118 144.35 211.252 106.282 94.8195 151.681 87.2404 75.3861 67.9796 67.6769 87.7406 76.2519 62.6203 61.1795 64.711 60.5371 57.2769 61.8276 62.3742 56.1523 56.0142 52.9167 49.8626 54.8735 48.9984 49.1453
threshold=3314.255493164063 95871.000000000015 0.097721043974161162 159.96250000000001 261.97500000000008 65.988602859113982 36.744629843552012 182.7352221345952 252.49307733619767 384.5429111756327 5822.5000000000009 1.0000000180025095e-35 319418.00000000006 18.981000000000005 129.96000000000001 -0.59348305398109458 5.5000000000000009 6599.5000000000009 1.0000000180025095e-35 19.500000000000004 55.202195454545468 2.5000000000000004 49.485815048217781 4.5000000000000009 -0.55398841980673263 4.5000000000000009 0.0070053653325885543 67.952500000000015 5919.5000000000009 11.500000000000002
decision_type=2 2 2 2 2 2 2 2 2 2 2 2 2 2 2 2 2 2 2 2 2 2 2 2 2 2 2 2 2 2
left_child=4 3 7 10 5 6 11 26 -5 17 -2 -1 23 15 -15 -7 -8 -10 -19 -14 21 -12 -23 -13 -17 -25 27 -3 29 -4
right_child=1 2 28 8 -6 13 16 -9 9 -11 20 12 19 14 -16 24 -18 18 -20 -21 -22 22 -24 25 -26 -27 -28 -29 -30 -31
leaf_value=-0.0057086226767198199 -0.030529986663796985 -0.0078705380669153047 0.13767541887300058 -0.005936418413570595 0.031021184827816087 -0.0074691585299051216 0.0048826460923471586 0.0056535905598151578 -0.012326506242235047 -0.014879163798779035 -0.012015107944694551 0.0035116614382317423 -0.0086513172255162727 -0.0025295533736936085 0.012987000509169191 0.067853811503436501 0.027624848476329678 0.017930612913112758 0.060996705408592866 0.035310650952017242 -0.014439405934074747 0.015866815733332134 0.13566255061752491 0.031242580180977003 0.0052187986023864118 -0.0088977786538166608 -0.007217937788946905 0.031053411478919213 0.016378849039873241 -0.026595711671960998
leaf_weight=332.32549619115889 292.05278811603785 64.101856833323836 1.7187533155083645 934.45523600652814 257.77448391728103 33.758063619956374 122.68918749690056 1034.6381255686283 21.986135778948665 93.334551014006138 116.74828166514635 143.67286738008261 182.29064494371414 1014.4405309204012 484.69205867126584 42.197483215481043 974.22573487274349 56.489943685010076 70.704407161101699 33.348214088007808 3006.1669754292816 79.938192863017321 4.1129561811685553 251.13576266914606 18.476658375933766 33.500761151313782 2013.8144781179726 66.32201699540019 721.64177880063653 35.362273063510656
leaf_count=7274 17519 2526 12 33720 2816 693 2415 26329 688 2637 4900 2894 3427 25036 7546 325 9821 1397 863 485 130094 1689 75 3291 373 535 75730 2327 8733 1775
internal_value=-0.000167199 -0.00578119 0.00101195 -0.0115016 0.0121544 0.0108281 0.0160467 -0.0022433 -0.00159854 0.0151161 -0.0148327 0.00589584 0.0118846 0.00403884 0.00248718 0.0286718 0.0250811 0.0338826 0.0418701 -0.00185267 -0.0134032 0.00210955 0.0217289 0.0188008 0.04878 0.0265182 -0.0060537 0.0119227 0.0146507 -0.0189815
internal_weight=12538.1 8613.59 3937.6 4675.99 3924.53 3666.75 2073.19 3178.88 1176.97 242.515 3499.02 976.274 643.948 1593.56 1499.13 94.4322 1096.91 149.18 127.194 215.639 3206.97 200.799 84.0511 428.309 60.6741 284.637 2144.24 130.424 758.723 37.081
internal_count=377945 311014 117432 193582 66931 64115 30142 106912 39305 5585 154277 17906 10632 33973 32582 1391 12236 2948 2260 3912 136758 6664 1764 6720 698 3826 80583 4853 10520 1787
is_linear=0
shrinkage=0.03


Tree=29
num_leaves=31
num_cat=0
split_feature=10 22 5 0 5 19 21 2 3 14 6 5 10 18 7 5 19 19 20 21 0 18 10 2 22 0 21 6 17 6
split_gain=898.492 383.003 219.805 140.067 134.911 132.317 115.261 102.072 195.441 95.0451 117.19 137.508 210.048 83.2933 78.8424 68.1342 99.9942 58.5258 65.7698 56.5811 56.3733 70.8839 65.6647 56.2393 54.4658 53.9525 53.9166 52.8362 50.3515 64.7055
threshold=129.50000000000003 69181.500000000015 78.439708624708643 108.96000000000002 147.32879210220676 8.5000000000000018 5822.5000000000009 0.25881904510252091 1.0000000180025095e-35 1.0000000180025095e-35 135.05704670585669 150.57751550593659 899.50000000000011 5890.5000000000009 0.3789170214569047 260.33945970149256 61.500000000000007 340.50000000000006 25.488801002502445 8509.5000000000018 24.515500000000003 9438.5000000000018 1104.5000000000002 -1.0000000180025095e-35 13965.500000000002 350.10500000000008 8700.5000000000018 124.83406127644668 0.0067938978318125018 212.15513054520147
decision_type=2 2 2 2 2 2 2 2 2 2 2 2 2 2 2 2 2 2 2 2 2 2 2 2 2 2 2 2 2 2
left_child=7 4 13 -4 -2 25 -6 14 -9 -8 11 12 -11 -3 -1 28 -17 18 -10 24 22 -22 -15 -18 27 -5 -24 -13 29 -7
right_child=1 2 3 5 6 15 9 8 17 10 -12 19 -14 20 -16 16 23 -19 -20 -21 21 -23 26 -25 -26 -27 -28 -29 -30 -31
leaf_value=0.0070775002629882306 -0.015137632262095043 -0.017739070596255357 -0.0076458072457135234 0.024151706339931519 -0.028514780882601218 0.02019140716388174 -0.0084108908700331851 0.051098306337651507 0.015541744778688919 0.55021186857649906 0.0054953624637579957 -0.0096432221436907606 0.012546025648415771 0.0022561311416682789 0.02012391116060009 0.013918865929828409 0.069761000629772529 -0.018257801172673303 0.073967187349226873 0.00093115797807368113 0.016311006228434646 0.043670067035736067 0.16563217522184712 0.24511362494757943 0.10785596035735712 0.081583031904261041 0.028162555285600188 0.15106232157449134 -0.0013125785498818952 0.1608808893227375
leaf_weight=2055.3116683047265 3038.7244162857533 72.528698347508907 2213.6991169303656 36.971008853986859 137.65983274858445 49.834108056500554 488.27311850525439 163.69485797733068 681.83971761539578 1.2392348386347287 420.62963143363595 9.4316425565630215 1.384565472602844 289.1566258482635 522.96453102678061 209.79397290199995 5.3305324018001556 45.028552696108818 17.793139260262251 17.461678955703974 507.10029239393771 102.44765068031847 3.9328296184539777 2.3815443515777579 15.152667727321385 24.462450332939625 7.3976826630532742 2.2878930158913127 1373.9600834501907 3.12671785801649
leaf_count=34277 134836 2865 85117 1273 7808 1643 17259 1689 8946 50 13205 220 56 4096 6052 4637 117 995 198 431 6118 1081 56 44 238 375 105 44 44015 99
internal_value=-0.00016563 -0.00515807 0.00051312 -0.00266748 -0.0118859 0.0037929 -0.00284969 0.0127705 0.0214184 0.000846505 0.0105134 0.0554636 0.266488 0.0132009 0.00972377 0.00217798 0.0178188 0.014894 0.0170276 0.0429745 0.0156668 0.0209093 0.00503222 0.123911 0.0702945 0.0470205 0.0758784 0.0217298 -0.000206165 0.0284975
internal_weight=12521 9034.37 4902.12 3919.56 4132.24 1705.86 1093.52 3486.63 908.356 955.86 467.587 46.9577 2.6238 982.564 2578.28 1644.43 217.506 744.661 699.633 44.3339 910.035 609.548 300.487 7.71208 26.8722 61.4335 11.3305 11.7195 1426.92 52.9608
internal_count=377945 325788 151641 137320 174147 52203 39311 52157 11828 31503 14244 1039 106 14321 40329 50555 4798 10139 9144 933 11456 7199 4257 161 502 1648 161 264 45757 1742
is_linear=0
shrinkage=0.03


Tree=30
num_leaves=31
num_cat=0
split_feature=13 22 0 6 5 0 6 6 21 5 6 8 9 12 8 14 18 5 21 21 5 22 19 10 11 5 8 11 10 0
split_gain=853.557 342.46 162.09 141.12 99.4755 96.3361 127.413 189.025 87.4712 85.0021 136.823 95.2869 77.9549 69.8869 67.1318 63.6883 77.0563 144.019 87.5201 73.3267 70.7682 61.541 62.6748 60.8343 72.3564 55.8262 61.2141 55.5836 68.1097 55.484
threshold=3314.255493164063 95871.000000000015 159.96250000000001 117.71211108898579 184.63584881756759 261.97500000000008 65.988602859113982 36.744629843552012 5822.5000000000009 252.49307733619767 384.5429111756327 41.500000000000007 7.5000000000000009 1.0000000180025095e-35 38.500000000000007 6.5000000000000009 24.500000000000004 188.85556295955885 2228.5000000000005 4013.5000000000005 194.67837767687723 319418.00000000006 4.5000000000000009 1.5000000000000002 1.5000000000000002 55.202195454545468 31.500000000000004 19.500000000000004 129.50000000000003 6.1825000000000001
decision_type=2 2 2 2 2 2 2 2 2 2 2 2 2 2 2 2 2 2 2 2 2 2 2 2 2 2 2 2 2 2
left_child=5 2 8 -3 -5 6 7 13 -2 -4 11 -11 -13 -1 -9 16 17 -8 29 -20 -19 22 -15 -24 -25 26 -10 -23 -29 -18
right_child=1 3 9 4 -6 -7 15 14 25 10 -12 12 -14 21 -16 -17 18 20 19 -21 -22 27 23 24 -26 -27 -28 28 -30 -31
leaf_value=-0.0058549884954061607 -0.030506284316933981 0.011419008077851863 -0.0056343329704060799 -0.0060292818358854009 0.005407659841878883 0.028739756497669564 -0.0053540760107241786 0.0024197564553519982 -0.011449697132163619 0.0090685590406777237 -0.014660760271044229 0.071458167352676405 -0.0075725477969989475 0.0025038895546574684 0.025856618124572749 -0.024390378111689887 0.13593595543925374 0.076355948293578529 0.013964646588374471 -0.0024976885277759649 0.024495943746081314 -0.0086661823466290637 0.0061292121021748842 0.067647089067395652 0.024909657639794136 -0.014017249238788575 0.022393413817319248 0.1501040958205393 0.017704594068762625 -0.01117418210637186
leaf_weight=334.02434043772519 278.92654693871737 896.6622205581516 923.56487890239805 2003.7933223638684 1039.5187534410506 265.80916013941169 83.148244425654411 123.54654057696462 117.49814481288195 80.406784202903509 92.165398366749287 59.050448166206479 13.871722122654317 159.89689102768898 1002.7778590284288 69.617902377620339 2.3224836438894263 44.396442972123623 581.21095529012382 419.10924610681832 50.755915187299252 182.36023264564574 92.12589430436492 48.044870235025883 138.23915203660727 2933.3803806211799 81.440940162166953 3.9507785215973845 30.435868540778756 355.5635896846652
leaf_count=7274 17519 13341 33720 77825 26266 2816 1141 2248 4706 1970 2637 607 371 3112 9988 1664 47 216 9829 11575 526 3427 1173 413 2022 130094 1958 66 419 8975
internal_value=-0.00016449 -0.00552572 -0.011104 0.000959124 -0.00212271 0.0112916 0.0100454 0.0148822 -0.0144078 -0.00146367 0.0142266 0.0315907 0.0564244 0.00531244 0.0232858 0.00367483 0.00494644 0.0234888 0.00251227 0.00706734 0.0486929 0.0110069 0.0174732 0.0260704 0.0359322 -0.0129743 0.00240487 -0.00206916 0.0329163 -0.0102195
internal_weight=12507.6 8520.28 4580.31 3939.97 3043.31 3987.34 3721.53 2115.4 3411.25 1169.06 245.494 153.329 72.9222 989.078 1126.32 1606.12 1536.51 178.301 1358.21 1000.32 95.1524 655.054 438.307 278.41 186.284 3132.32 198.939 216.747 34.3866 357.886
internal_count=377945 311014 193582 117432 104091 66931 64115 30142 154277 39305 5585 2948 978 17906 12236 33973 32309 1883 30426 21404 742 10632 6720 3608 2435 136758 6664 3912 485 9022
is_linear=0
shrinkage=0.03


Tree=31
num_leaves=31
num_cat=0
split_feature=13 22 17 5 0 5 2 3 10 18 14 6 6 17 8 6 7 18 18 5 8 0 0 8 14 18 10 6 18 6
split_gain=800.549 328.436 170.683 130.568 117.026 108.999 93.8273 128.027 99.4648 91.4735 87.6406 112.691 112.254 79.6474 71.2153 71.0456 68.0376 56.0694 55.1837 52.0735 97.7265 50.6177 90.7804 50.5935 55.3939 77.8872 94.1501 80.0412 50.7736 50.5513
threshold=3314.255493164063 69181.500000000015 0.10256844386458398 147.32879210220676 108.96000000000002 294.99536176470593 0.37940952255126054 0.25881904510252057 175.50000000000003 5802.5000000000009 1.0000000180025095e-35 135.05704670585669 130.96680697408195 0.026510807685554031 218.50000000000003 458.29373749271912 0.3789170214569047 5890.5000000000009 5802.5000000000009 118.29433513621795 177.00000000000003 107.01950000000001 67.952500000000015 58.500000000000007 9.5000000000000018 24.500000000000004 1.5000000000000002 305.38637327838245 2210.5000000000005 190.17523696596461
decision_type=2 2 2 2 2 2 2 2 2 2 2 2 2 2 2 2 2 2 2 2 2 2 2 2 2 2 2 2 2 2
left_child=6 3 4 18 17 19 8 13 16 -5 -11 12 -12 -8 -13 -7 23 -3 -2 20 -6 22 -19 -1 25 26 27 -25 -27 -22
right_child=1 2 -4 9 5 15 7 -9 -10 10 11 14 -14 -15 -16 -17 -18 21 -20 -21 29 -23 -24 24 -26 28 -28 -29 -30 -31
leaf_value=-0.0026917434259317147 -0.030219558650764936 -0.029673004461350936 0.012624856780672326 -0.030310976507026938 0.21072004179856013 0.052722328865262444 0.0093519479681783684 0.010231725569170489 -0.016777952026457949 -0.0089232738173072434 0.042222172019989977 0.013060121670471098 0.24471446766653032 0.038150834726635857 -0.013871283681659215 -0.024513075618399324 0.018670853799473093 -0.0077938346452660866 -0.014080442011330407 -0.00092171459668067364 0.0018620291854525737 -0.019303640510742223 0.008608497363246979 0.0063653088251755755 -0.005563369581917439 -0.0032292075599397343 0.044331229685015149 0.047604153767175611 0.010891362213834349 0.027262146026488993
leaf_weight=409.23360691219568 205.82548090163618 95.099781267344952 793.76225405558944 97.822085160762072 2.2319036461412898 60.687653703615069 117.02211392857134 727.62128815706819 139.54964292980731 467.28829622268677 44.781102035194635 277.45803672634065 2.6073770914226762 330.60934286843985 129.66643886826932 13.018102448433636 544.5462092012167 1513.5488198082894 2590.4032093398273 1265.1198436021805 186.44105026684701 233.61385680362582 379.91229793801904 260.1865206733346 206.53548434562981 323.34496285021305 120.35410494729877 50.595794215798378 786.95456802472472 113.41677058674395
leaf_count=7540 12858 5035 11370 6246 63 770 3591 10770 5777 16842 940 8178 67 5120 4669 321 6176 55945 115851 38445 6606 8925 13945 3485 4084 6882 852 406 12248 3938
internal_value=-0.000162772 -0.0053923 -4.56066e-05 -0.0119174 -0.00264905 0.00342726 0.0108686 0.017998 0.0079197 -0.00272749 0.000199688 0.00957908 0.0533636 0.0306221 0.00448265 0.0390808 0.00919537 -0.00713597 -0.0152684 0.00175048 0.0129414 -0.00612836 -0.0045028 0.00680346 0.00902647 0.0109813 0.0218033 0.0130791 0.00677912 0.0114692
internal_weight=12489.3 8472.7 4656.85 3815.85 3863.09 1640.92 4016.55 1175.25 2841.3 1019.62 921.801 454.513 47.3885 447.631 407.124 73.7058 2701.75 2222.17 2796.23 1567.21 302.09 2127.07 1893.46 2157.21 1747.97 1541.44 431.136 310.782 1110.3 299.858
internal_count=377945 311014 145363 165651 133993 50143 66931 19481 47450 36942 30696 13854 1007 8711 12847 1091 41673 83850 128709 49052 10607 78815 69890 35497 27957 23873 4743 3891 19130 10544
is_linear=0
shrinkage=0.03


Tree=32
num_leaves=31
num_cat=0
split_feature=12 18 9 0 17 8 0 17 6 19 16 17 11 14 12 18 16 12 18 6 0 19 0 11 6 6 7 9 19 17
split_gain=748.941 285.445 289.81 156.885 156.072 88.6431 88.6952 127.608 82.2127 138.98 76.6724 140.559 75.5961 70.8665 65.4666 81.3333 77.931 68.0326 61.6523 108.384 60.9147 58.9955 57.6888 54.2719 52.6228 52.5245 49.8064 61.825 49.1272 99.9548
threshold=27.500000000000004 5844.5000000000009 20.500000000000004 159.96250000000001 0.035094002261757858 38.500000000000007 270.04500000000002 0.095247998833656325 56.066423013564041 93.500000000000014 1.0000000180025095e-35 0.019277602434158329 19.500000000000004 6.5000000000000009 1.0000000180025095e-35 1046.5000000000002 2.5000000000000004 2.5000000000000004 24.500000000000004 305.38637327838245 47.952000000000005 20.500000000000004 108.96000000000002 15.500000000000002 268.50296604129261 314.63076465601802 0.16015077138552916 27.500000000000004 22.500000000000004 0.041383167728781707
decision_type=2 2 2 2 2 2 2 2 2 2 2 2 2 2 2 2 2 2 2 2 2 2 2 2 2 2 2 2 2 2
left_child=5 12 3 10 21 20 7 13 9 -9 -3 -12 -2 18 -11 16 17 -16 19 -7 -1 -4 -20 -17 -23 -21 -6 28 -28 -30
right_child=1 2 4 -5 26 6 -8 8 -10 14 11 -13 -14 -15 15 23 -18 -19 22 25 -22 24 -24 -25 -26 -27 27 -29 29 -31
leaf_value=-0.013874146887879579 0.023991335454986957 -0.014183035484767043 0.035734620535312185 0.00065713708710302989 0.0086677458639722402 -0.0031192322511239779 0.032139857637019868 0.026893823634757053 -0.0028214642203694194 -0.0034836548686150094 -0.013983168866297583 0.0078796895878254208 -0.02965043742707971 -0.0098574600114518223 0.034701364705843764 -0.0063784996232169131 0.0036637483553128422 0.09198093181608144 0.00021921461345281637 0.070931216110815209 0.0062483278005603243 -0.0061890389965022184 0.0152851723287778 0.020082756053744256 0.0041714338205553749 0.020242615127811441 0.041903041028058328 0.017355658791458665 0.27964270155448978 0.042471967420847051
leaf_weight=189.8542691282928 24.861322155222297 2607.1321861110628 37.614369455724955 1319.4095160644501 724.53630477190018 61.36933721229434 194.73271757550538 870.24082785099745 174.04734777938575 247.56448604911566 622.36022694408894 460.47708931565285 483.21753816306591 250.79664182849228 84.375301722437143 149.68476035445929 55.538530644029379 23.961962182074785 691.69861217308789 45.472656790167093 472.00794418435544 1149.7925739698112 341.75454168673605 130.64242385700345 715.9674597736448 30.901524629443884 40.544780040159822 266.79591332562268 2.5074605401605359 4.4155538901686668
leaf_count=3768 573 114445 1316 42235 11050 825 2013 8673 3421 4480 27854 18270 29725 5474 758 2117 589 157 17366 216 8237 44661 5712 1680 17757 305 703 3410 59 96
internal_value=-0.000161206 -0.00522511 -0.00383212 -0.00822141 0.00364113 0.0105094 0.01249 0.0112784 0.0167362 0.0189154 -0.0113961 -0.00468598 -0.0270256 0.00461516 0.0088786 0.0157684 0.032558 0.0473704 0.00771428 0.0265677 0.000476224 -0.00146338 0.0052014 0.00595339 -0.00221331 0.0504223 0.012994 0.0229683 0.0545144 0.128373
internal_weight=12474.3 8459.63 7951.55 5009.38 2942.17 4014.64 3352.78 3158.05 1736.06 1562.01 3689.97 1082.84 508.079 1421.99 691.767 444.203 163.876 108.337 1171.2 137.744 661.862 1903.37 1033.45 280.327 1865.76 76.3742 1038.8 314.264 47.4678 6.92301
internal_count=377945 312154 281856 202804 79052 65791 53786 51773 21875 18454 160569 46124 30298 29898 9781 5301 1504 915 24424 1346 12005 63734 23078 3797 62418 521 15318 4268 858 155
is_linear=0
shrinkage=0.03


Tree=33
num_leaves=31
num_cat=0
split_feature=13 22 17 5 1 5 18 2 4 10 14 8 6 8 17 6 7 8 22 6 8 22 6 18 18 5 8 1 1 6
split_gain=705.719 304.076 151.301 125.567 112.128 98.8547 87.6345 84.2795 114.638 91.4606 81.8976 102.725 83.3554 106.405 69.374 59.5164 59.4836 58.2644 84.4644 68.6182 246.493 376.326 58.1066 54.5832 51.801 48.4243 71.57 47.2097 77.6562 46.1531
threshold=3314.255493164063 69181.500000000015 0.097721043974161162 147.32879210220676 4.7001166591618073 294.99536176470593 5802.5000000000009 0.37940952255126054 1.0000000180025095e-35 175.50000000000003 1.0000000180025095e-35 218.50000000000003 146.12696179302233 73.500000000000014 0.026510807685554031 458.29373749271912 0.3789170214569047 78.500000000000014 7910.5000000000009 212.22418771571071 144.50000000000003 50364.500000000007 141.44750125012305 5802.5000000000009 5890.5000000000009 118.29433513621795 177.00000000000003 4.6823117500873144 4.233417861082807 190.17523696596461
decision_type=2 2 2 2 2 2 2 2 2 2 2 2 2 2 2 2 2 2 2 2 2 2 2 2 2 2 2 2 2 2
left_child=7 3 4 23 24 25 -5 9 14 16 -8 12 13 22 -9 -7 -1 -14 -19 20 -20 -22 -12 -2 -3 26 -6 28 -26 -28
right_child=1 2 -4 6 5 15 10 8 -10 -11 11 -13 17 -15 -16 -17 -18 18 19 -21 21 -23 -24 -25 27 -27 29 -29 -30 -31
leaf_value=0.0062605452801224055 -0.030174634330160578 -0.029569767478206957 0.011383915461313314 -0.030273546480601533 0.17228603664629236 0.048457306422615948 -0.0085907155170315726 0.0087477151833019826 0.0094399266038723405 -0.016569541115334926 0.035283163091882938 -0.013544500715637545 -0.0038542869816891837 0.24144359177283573 0.035368727702267275 -0.023998930181718222 0.017242937851669159 0.12452796699382765 0.017316192277036423 0.012135241382989114 0.72804129118611871 0.026536211533055291 0.17812140673880861 -0.013679633426516739 -0.0076541917316981477 -0.00087442589538683398 0.0018011079399817419 -0.018997438528148992 0.0076218716996840517 0.02598526307359067
leaf_weight=2178.7253173012286 194.41337471269071 88.41282470151782 855.30221500713378 92.684079865925014 2.5020757503807536 63.516202149912715 460.57367838360369 118.67675760760903 738.45365914702415 137.58212957344949 51.506324805319309 127.35193288698792 124.28032925724983 2.5297797843813887 341.98348662722856 12.155635986477135 557.42022644728422 7.1578373908996573 10.568906756117938 127.88715143874288 1.2255831360816949 1.5697963070124386 2.6974126044660798 2531.8975887065753 1461.2555526085198 1260.9833670156077 183.36674247868359 227.96048433147371 376.71005498617887 115.91580578312278
leaf_count=35497 12858 4936 12098 6246 57 767 16842 3591 10770 5777 1075 4669 3512 71 5120 305 6176 55 381 3926 50 63 52 115851 55539 38341 6576 8918 13888 3938
internal_value=-0.000159572 -0.00513623 -1.39658e-05 -0.0115084 -0.00258428 0.00333055 -0.00247284 0.0100855 0.0167662 0.0072978 0.000335992 0.00933693 0.0181827 0.0512673 0.0285105 0.0368182 0.00849793 0.0112994 0.0239893 0.0188946 0.0835768 0.334098 0.0423914 -0.0148559 -0.00708269 0.00170902 0.0125037 -0.00612033 -0.0045232 0.0111679
internal_weight=12457.3 8384.42 4648.08 3736.34 3792.78 1638.44 1010.03 4072.84 1199.11 2873.73 917.349 456.775 329.423 56.7335 460.66 75.6718 2736.15 272.69 148.409 141.251 13.3643 2.79538 54.2037 2726.31 2154.34 1562.77 301.785 2065.93 1837.97 299.283
internal_count=377945 311014 145363 165651 133265 49984 36942 66931 19481 47450 30696 13854 9185 1198 8711 1072 41673 7987 4475 4420 494 113 1127 128709 83281 48912 10571 78345 69427 10514
is_linear=0
shrinkage=0.03


Tree=34
num_leaves=31
num_cat=0
split_feature=13 18 9 0 17 0 6 6 16 17 10 5 6 13 14 6 6 18 8 19 5 8 9 17 19 18 18 0 0 18
split_gain=662.163 289.45 267.279 148.988 130.74 77.3286 104.289 157.565 74.3153 133.988 69.1916 72.3414 90.2084 61.3709 57.8618 67.7635 131.472 54.5648 54.044 52.9226 56.9144 52.4512 67.949 51.337 63.9998 105.343 182.091 49.0439 48.5478 47.3267
threshold=3314.255493164063 5844.5000000000009 20.500000000000004 159.96250000000001 0.035094002261757858 261.97500000000008 65.988602859113982 36.744629843552012 1.0000000180025095e-35 0.019277602434158329 800.50000000000011 252.49307733619767 384.5429111756327 1.0000000180025095e-35 6.5000000000000009 297.5221818375345 314.63076465601802 35.500000000000007 38.500000000000007 20.500000000000004 184.63584881756759 41.500000000000007 7.5000000000000009 0.010000862181186678 23.500000000000004 9438.5000000000018 9369.5000000000018 59.005000000000003 222.05500000000004 2210.5000000000005
decision_type=2 2 2 2 2 2 2 2 2 2 2 2 2 2 2 2 2 2 2 2 2 2 2 2 2 2 2 2 2 2
left_child=5 -2 3 8 19 6 7 13 -3 -10 -5 -12 21 -1 15 29 17 -17 -9 -4 23 -13 -23 24 25 26 -21 -18 -19 -8
right_child=1 2 4 10 -6 -7 14 18 9 -11 11 12 -14 -15 -16 16 27 28 -20 20 -22 22 -24 -25 -26 -27 -28 -29 -30 -31
leaf_value=-0.0062252561974131806 -0.028070949278214418 -0.013859643612868055 0.033410681058877734 0.028275070745000845 0.011985004815924981 0.024917078965907783 -0.0098387389946978879 0.0017497903149114821 -0.013680348458715338 0.0077624459408794123 -0.0045444930037975197 0.010600940778567568 -0.0090440290399085421 0.0094285303510216675 -0.024198507258050877 0.065688861952791652 -0.0093179213138512833 0.014329595221980629 0.022566881342196057 0.027008592765521554 0.005050833334119125 0.061956661587310786 -0.008515707680188344 -0.01017559881309197 0.0012356718305585972 -0.013013286214017723 0.41987634783472255 0.012339905091498321 0.10566809621428255 0.0039446388696371204
leaf_weight=338.34483593888581 462.76641603000462 2547.0960885956883 38.917946301400661 77.157379610463977 1050.1745410040021 280.2945866137743 329.34711136296391 125.66800530254841 608.35024055466056 461.02040707319975 1001.3238111622632 72.369839264079928 94.134702168405056 675.27849960513413 68.17836350761354 48.709841892123222 140.82459082361311 54.850683154538274 1050.458853142336 2.5944289844483119 670.0026122033596 56.857329338788986 15.717669468373058 805.5309989657253 370.45927559956908 5.0603691171854734 1.7973820790648458 283.62686917278916 5.790117446333169 702.25844541192055
leaf_count=7274 29296 114380 1313 2434 15263 2816 7232 2248 27859 18264 34843 1632 2435 10632 1664 251 3023 1085 9988 102 16053 545 377 31688 14256 201 73 5000 67 15651
internal_value=-0.000158628 -0.00501233 -0.00365793 -0.00792656 0.00349481 0.00970736 0.00859231 0.0128718 -0.0110731 -0.00443606 0.000710249 -0.00100438 0.0138225 0.00420334 0.00285582 0.00403412 0.0127112 0.0420438 0.0203426 -0.00121188 -0.00193809 0.0286732 0.0466944 -0.00588818 0.00320249 0.0802882 0.187793 0.00515427 0.0230508 -0.000455799
internal_weight=12445 8341.33 7878.57 4934.03 2944.54 4103.63 3823.34 2189.75 3616.47 1069.37 1317.56 1240.4 239.08 1013.62 1633.59 1565.41 533.802 109.351 1176.13 1894.36 1855.45 144.945 72.575 1185.44 379.911 9.45218 4.39181 424.451 60.6408 1031.61
internal_count=377945 311014 281718 202769 78949 66931 64115 30142 160503 46123 42266 39832 4989 17906 33973 32309 9426 1403 12236 63686 62373 2554 922 46320 14632 376 175 8023 1152 22883
is_linear=0
shrinkage=0.03


Tree=35
num_leaves=31
num_cat=0
split_feature=10 18 9 1 17 10 12 11 18 10 11 16 17 5 17 21 2 10 5 1 1 12 5 9 19 19 5 17 19 1
split_gain=621.884 300.91 275.51 149.99 145.315 85.3404 82.0118 212.526 133.281 121.499 94.7024 77.3921 142.529 70.9815 80.6385 67.9843 64.4411 63.9267 58.333 53.1668 50.9958 67.2764 50.7432 66.1084 49.9705 48.4436 54.827 53.3899 49.0395 80.1241
threshold=129.50000000000003 5844.5000000000009 20.500000000000004 5.0846599174666105 0.035094002261757858 175.50000000000003 1.0000000180025095e-35 3.5000000000000004 1702.5000000000002 2.5000000000000004 1.5000000000000002 1.0000000180025095e-35 0.019277602434158329 252.49307733619767 0.044465936720371253 4013.5000000000005 0.91597561503675362 803.50000000000011 143.45892908382868 4.6363490051082561 4.955862267629092 14.500000000000002 55.202195454545468 3.5000000000000004 132.50000000000003 20.500000000000004 193.3356445868946 0.010000862181186678 23.500000000000004 4.5847123115305619
decision_type=2 2 2 2 2 2 2 2 2 2 2 2 2 2 2 2 2 2 2 2 2 2 2 2 2 2 2 2 2 2
left_child=6 5 3 11 25 -2 19 9 -9 -8 24 22 -13 17 -15 20 -14 -5 -17 -1 21 -10 23 -3 -11 -4 27 28 29 -27
right_child=1 2 4 13 -6 -7 7 8 15 10 -12 12 16 14 -16 18 -18 -19 -20 -21 -22 -23 -24 -25 -26 26 -28 -29 -30 -31
leaf_value=-0.00043433156953389768 0.0024659483983335896 -0.012789051379000492 0.031211948656688176 0.025141443978492269 0.012711731116260332 -0.029570214781831024 0.018969657552476732 -0.015451172356708684 0.0061547131671947346 0.05658372719272995 0.025797720004241232 -0.013203048122372645 0.0069041729343826286 0.043503660239759899 0.0055157724633177318 0.008125023105921567 0.077839170177774253 -0.0040157899286178802 -0.012116339656642001 0.019067731807031287 0.023699003570827989 0.029881817224098887 -0.014205602938830664 0.025328204579623613 0.11009956058787135 0.14049771965916458 0.0052766397128038503 -0.0095850967280259065 0.0020279642212285439 -0.024597217469344117
leaf_weight=795.55123891495168 87.532177191227674 100.40240058489144 41.584978677332401 72.499628305435181 1122.5662047751248 515.99436231888831 474.47123105451465 196.54876989498734 604.35644725523889 87.804193988442421 102.49321445077658 612.58889970742166 465.81185060925782 67.688904415816069 195.67203840054572 516.65160176157951 11.818602297455071 1017.0927777346224 170.39970059320331 149.44601453281939 398.94821891561151 130.83471748046577 2481.2053467761725 69.156267890706658 19.123434711247683 5.9508535433560592 686.80899452976882 838.1540949922055 384.30776107870042 4.7634756211191416
leaf_count=13934 1453 4530 1343 2398 15745 33220 3776 4292 11051 421 827 28349 18295 1017 4337 7162 393 35276 2858 1802 4045 1857 113692 1287 132 217 16315 33016 14732 173
internal_value=-0.000157104 -0.00448155 -0.00297294 -0.00725749 0.00410366 -0.0249239 0.0102568 0.0129176 0.00801896 0.0273704 0.0464035 -0.0103533 -0.003625 0.00130257 0.0152794 0.0105519 0.00865941 -0.00207572 0.00310484 0.00264981 0.0150633 0.0103772 -0.0131205 0.00275747 0.0661547 -0.000822566 -0.0015164 -0.00529974 0.00379289 0.0670983
internal_weight=12428.2 8781.6 8178.07 5093.94 3084.14 603.527 3646.63 2701.63 2017.74 683.892 209.421 3740.98 1090.22 1352.95 263.361 1821.19 477.63 1089.59 687.051 944.997 1134.14 735.191 2650.76 169.559 106.928 1961.57 1919.99 1233.18 395.022 10.7143
internal_count=377945 325788 291115 209574 81541 34673 52157 36421 31265 5156 1380 166546 47037 43028 5354 26973 18688 37674 10020 15736 16953 12908 119509 5817 553 65796 64453 48138 15122 390
is_linear=0
shrinkage=0.03


Tree=36
num_leaves=31
num_cat=0
split_feature=13 18 9 1 17 2 3 10 5 6 8 6 17 10 17 8 7 5 11 8 5 1 10 5 8 18 5 10 1 14
split_gain=587.877 275.349 238.464 140.156 112.595 76.0493 108.569 80.0881 63.4273 102.056 115.231 89.3591 61.8018 61.521 58.5479 55.1778 60.9596 54.5593 54.2304 53.0437 52.5362 52.5247 51.745 50.9061 54.1512 51.0244 89.2136 86.8707 50.8165 48.2812
threshold=3314.255493164063 5802.5000000000009 20.500000000000004 4.7537625751797847 0.035094002261757858 0.37940952255126054 1.0000000180025095e-35 175.50000000000003 212.59312500000001 292.25516157722973 88.500000000000014 130.96680697408195 0.057169213891029365 129.50000000000003 0.04350316338241101 96.500000000000014 0.3789170214569047 315.04861216391322 14.500000000000002 299.50000000000006 58.723572649572652 6.0912985697325359 803.50000000000011 55.202195454545468 23.500000000000004 7671.5000000000009 53.392205882352947 1082.5000000000002 5.5490371728752779 15.500000000000002
decision_type=2 2 2 2 2 2 2 2 2 2 2 2 2 2 2 2 2 2 2 2 2 2 2 2 2 2 2 2 2 2
left_child=5 18 3 23 -4 7 13 15 22 10 11 17 -12 -7 19 -1 29 -10 -2 -11 -15 -22 28 24 -3 26 27 -26 -5 -17
right_child=1 2 4 8 -6 6 -8 -9 9 14 12 -13 -14 20 -16 16 -18 -19 -20 -21 21 -23 -24 -25 25 -27 -28 -29 -30 -31
leaf_value=0.00030569734959247699 0.04011544234136058 -0.013325533144756669 -0.001228532954158357 0.0037785383051778796 0.010922660672356317 0.044710428662189057 0.0098498105609221408 -0.016208727133695696 0.066482843153350693 0.050245490008665863 0.098169541446950864 -0.0063590751991049075 0.012854117994643321 0.047872898495953935 -0.010476379240622637 0.0088257737349133145 0.020915274344738773 0.0046870055555218336 -0.030470292268773277 0.00094171207756050591 0.0047639737348285031 0.067814052826162499 -0.0059705372144636358 -0.012592860261993915 0.011850404814692732 0.0047557550301502681 0.17401510198422745 0.20666538068012261 0.052841239469768146 -0.012755607990008197
leaf_weight=711.56149176135659 10.04186234436929 92.861424539238214 1897.1806718278676 72.624131083488464 1075.3176797833294 143.71930205821991 891.47163504362106 134.2312743132934 34.374978305771947 30.961090680211782 26.481737861409783 79.764159549027681 10.741207402199505 43.204559030011296 215.23770501278341 1601.3701307903975 376.10443314909935 20.54305792786181 400.20486691873521 53.703255152329803 135.65121438633651 13.034029452130197 1273.32342870906 2840.1714047985151 22.886739984154708 72.435205310583115 4.5298289693891993 2.2637796681374303 25.731307048350573 99.067442269995809
leaf_count=11490 133 4068 63963 2851 15426 1252 12984 5777 648 401 507 1984 245 419 5785 24290 3735 436 27730 1297 4592 234 49590 132592 679 1652 142 51 834 2158
internal_value=-0.000155547 -0.00478289 -0.00353093 -0.00761204 0.00316723 0.00905738 0.015325 0.00642561 -0.00108753 0.00840066 0.0268298 0.0139172 0.0735506 0.0298687 -0.00216299 0.00751533 0.00998583 0.043367 -0.0287425 0.0189717 0.0187527 0.0102911 -0.00435112 -0.0115749 0.0032536 0.0183303 0.051459 0.0293856 0.0166141 0.00756844
internal_weight=12410.8 8261.38 7851.13 4878.63 2972.5 4149.42 1227.08 2922.33 1843.49 471.807 171.905 134.682 37.2229 335.609 299.902 2788.1 2076.54 54.918 410.247 84.6643 191.89 148.685 1371.68 3035.15 194.977 102.116 29.6803 25.1505 98.3554 1700.44
internal_count=377945 311014 283151 203762 79389 66931 19481 47450 64578 11303 3820 3068 752 6497 7483 41673 30183 1084 27863 1698 5245 4826 53275 139184 6592 2524 872 730 3685 26448
is_linear=0
shrinkage=0.03


Tree=37
num_leaves=31
num_cat=0
split_feature=12 22 21 17 8 8 22 14 0 19 8 14 18 10 6 7 0 21 0 6 18 6 0 22 8 18 17 11 22 10
split_gain=550.89 255.104 124.398 122.743 119.815 223.648 418.712 172.718 99.1759 105.815 74.4951 70.8983 88.8637 174.854 90.7541 78 74.1555 68.028 59.5221 58.585 57.6331 57.3244 55.5189 55.4459 135.163 498.835 67.5795 54.9391 54.7579 54.6376
threshold=27.500000000000004 69181.500000000015 5910.5000000000009 0.10256844386458398 236.50000000000003 235.00000000000003 37133.500000000007 1.0000000180025095e-35 58.955000000000005 8.5000000000000018 38.500000000000007 11.500000000000002 35.500000000000007 2.5000000000000004 305.38637327838245 -0.15395385319457142 19.582500000000003 5865.5000000000009 57.008500000000005 32.368564995121005 2210.5000000000005 314.63076465601802 47.952000000000005 63343.000000000007 218.50000000000003 9204.5000000000018 0.12503065168857577 1.5000000000000002 15474.500000000002 175.50000000000003
decision_type=2 2 2 2 2 2 2 2 2 2 2 2 2 2 2 2 2 2 2 2 2 2 2 2 2 2 2 2 2 2
left_child=10 4 29 8 5 7 28 -2 18 -10 22 12 13 14 19 16 -14 -9 -4 -12 -18 -16 -1 26 -25 -26 -19 -15 -7 -3
right_child=1 2 3 -5 -6 6 -8 17 9 -11 11 -13 15 27 21 -17 20 23 -20 -21 -22 -23 -24 24 25 -27 -28 -29 -30 -31
leaf_value=-0.014037822399710713 -0.014033246713584373 0.044482708070918746 -0.0055257371528294186 0.011556656359825177 -0.017790514254206184 0.19013264720305878 0.60405637403089474 -0.025928064408100412 0.03466035753368412 0.00089420695095951603 -0.013517633531638736 -0.0026971492533732606 0.019131068599349332 0.065088057412730341 0.064702776558013916 0.015247766422362105 -0.012405820612731707 -0.0018510698959909794 -0.02377727900250819 0.013344117135809453 0.0042615416817251093 0.01885466999625204 0.0050588099117638355 0.022438220382797171 -0.030817879980456379 0.73533486908055867 0.017109581193684428 0.029026606198669522 0.01130320747889072 -0.029232806602286904
leaf_weight=191.03625085670501 1330.6102764690295 9.5869196504354459 1005.5905328150839 808.36077843979001 1325.7246755640954 2.0315801221877319 1.4649338237941254 69.01487045455724 86.563221789896488 2381.2581206299365 82.680933672934771 329.1838696654886 230.22513043601066 84.515038792043924 47.426094431430101 914.3806470176205 244.96480966825038 604.17213541641831 191.42595563642681 628.86758205294609 785.22655427828431 50.869074411690235 484.53451032098383 31.913825316354632 2.3419658523052926 1.1357480362057684 234.98009646497667 69.117172010242939 6.3820860553532839 161.37857127655298
leaf_count=3768 60685 126 37691 9698 66396 59 62 4842 2736 78101 1552 6324 3241 442 227 12465 6421 24778 7682 6610 15504 485 8237 1082 100 53 7991 515 235 9837
internal_value=-0.000153774 -0.00463425 1.55644e-05 0.00097545 -0.0106165 -0.00645248 0.135982 -0.00707119 -0.00135847 0.00207861 0.00877245 0.0105481 0.0119374 0.0195219 0.0139555 0.00857735 0.00373824 0.00274672 -0.00844451 0.0102228 0.000298281 0.0409758 -0.000341289 0.0050096 0.0417916 0.219391 0.00345831 0.0488645 0.0544837 -0.0250992
internal_weight=12397 8253.94 4644.16 4473.2 3609.77 2284.05 9.8786 2274.17 3664.84 2467.82 4143.03 3467.46 3138.27 963.476 809.844 2174.8 1260.42 943.559 1197.02 711.549 1030.19 98.2952 675.571 874.544 35.3915 3.47771 839.152 153.632 8.41367 170.965
internal_count=377945 312154 145871 135908 166283 99887 356 99531 126210 80837 65791 53786 47462 9831 8874 37631 25166 38846 45373 8162 21925 712 12005 34004 1235 153 32769 957 294 9963
is_linear=0
shrinkage=0.03


Tree=38
num_leaves=31
num_cat=0
split_feature=13 21 9 0 17 2 4 10 5 6 17 15 16 17 8 7 10 19 5 17 14 17 7 9 12 8 9 6 10 0
split_gain=519.514 264.473 214.283 133.193 97.8333 69.246 96.9705 74.019 58.4887 87.5264 54.6004 51.4438 51.4168 99.4995 48.2284 54.1657 46.7167 44.1179 51.4079 48.1711 43.512 45.2533 43.0696 49.8262 41.9622 40.6489 72.8744 40.4645 40.4105 39.7526
threshold=3314.255493164063 5822.5000000000009 20.500000000000004 115.02000000000002 0.035094002261757858 0.37940952255126054 1.0000000180025095e-35 175.50000000000003 252.49307733619767 384.5429111756327 0.026510807685554031 14.500000000000002 1.0000000180025095e-35 0.019277602434158329 96.500000000000014 0.3789170214569047 803.50000000000011 20.500000000000004 184.63584881756759 0.010795466136187317 15.500000000000002 0.030772473663091663 0.16015077138552916 27.500000000000004 77.500000000000014 41.500000000000007 7.5000000000000009 37.67289767544829 1090.5000000000002 255.99000000000004
decision_type=2 2 2 2 2 2 2 2 2 2 2 2 2 2 2 2 2 2 2 2 2 2 2 2 2 2 2 2 2 2
left_child=5 11 3 12 17 7 10 14 16 25 -7 -2 -3 -14 -1 20 29 -4 19 -19 21 -16 28 -24 -20 -10 -27 -8 -6 -5
right_child=1 2 4 8 22 6 27 -9 9 -11 -12 -13 13 -15 15 -17 -18 18 24 -21 -22 -23 23 -25 -26 26 -28 -29 -30 -31
leaf_value=0.00020998703775126896 0.037078017213061448 -0.013761612861667594 0.029467313859755775 0.0040231039031538409 0.0047199791065169671 0.0075144841558725493 -0.0023516838906320362 -0.015997797089802968 0.0099991890721281406 -0.0088273651028085154 0.030721457995737413 -0.030446560600146874 -0.013973477551836529 0.0062486109265247067 0.00039340175954106327 0.019414436131681333 -0.0046317283977223246 0.0018848931713327086 0.030943030690666076 -0.010547018342957393 -0.012475138214265458 0.011376527563619921 0.04604882959253527 0.014102430350765919 0.0026053790598648311 0.053900121202899776 -0.012444671924355308 0.012445849545356456 0.039807259260706343 0.043421139154426365
leaf_weight=712.99719008803368 10.433005398139356 2085.5681267306209 41.391173558309674 78.9485689625144 727.81828145403415 122.03710147086531 244.9693079572171 132.40848664753139 80.539739925414324 112.10762356594205 361.6023768754676 380.1768183382228 501.87353252992034 388.4976567234844 479.11662907712162 384.67947533354163 1438.0679624192417 463.12303996272385 50.846469163894653 711.41954604163766 97.764284318313003 1143.3147627767175 51.99190310575068 283.71108819078654 626.53154973872006 68.720653211697936 19.025965271517634 518.01219531986862 30.791655318811536 32.553544126451015
leaf_count=11490 133 98956 1325 3053 10861 3591 4226 5777 1826 3051 5120 27760 24424 15569 8471 3735 54390 17937 1111 28673 2158 15819 866 3510 15035 686 481 6544 405 962
internal_value=-0.000153233 -0.00455391 -0.00334657 -0.00726872 0.00296261 0.00842827 0.0143564 0.00592338 -0.000899806 0.0117085 0.0248656 -0.028643 -0.0111851 -0.00514993 0.00695343 0.00923767 -0.00318128 -0.00116464 -0.00184928 -0.00564511 0.00696189 0.00813312 0.0101033 0.0190501 0.00473251 0.0253889 0.0395147 0.00769483 0.00614416 0.0155255
internal_weight=12381 8184.14 7793.53 4805.9 2987.62 4196.9 1246.62 2950.28 1829.96 280.394 483.639 390.61 2975.94 890.371 2817.87 2104.88 1549.57 1893.31 1851.92 1174.54 1720.2 1622.43 1094.31 335.703 677.378 168.286 87.7466 762.982 758.61 111.502
internal_count=377945 311014 283121 203398 79723 66931 19481 47450 64449 6044 8711 27893 138949 39993 41673 30183 58405 64081 62756 46610 26448 24290 15642 4376 16146 2993 1167 10770 11266 4015
is_linear=0
shrinkage=0.03


Tree=39
num_leaves=31
num_cat=0
split_feature=13 18 9 0 17 0 5 5 8 18 21 19 21 17 9 5 17 5 7 0 18 11 5 8 0 5 14 10 0 18
split_gain=487.874 258.506 206.682 127.42 92.5622 64.9333 80.3072 147.374 72.5362 58.4971 91.4519 71.8842 70.6705 61.3511 58.2653 55.9294 85.7484 52.4637 74.7145 172.578 50.2907 49.5432 48.2277 49.5484 47.8676 47.3463 67.3743 45.7721 45.7294 44.0175
threshold=3314.255493164063 5802.5000000000009 20.500000000000004 115.02000000000002 0.035094002261757858 261.97500000000008 72.29062500000002 41.268379638916763 38.500000000000007 15.500000000000002 2228.5000000000005 44.500000000000007 4013.5000000000005 0.023873331956565384 9.5000000000000018 212.59312500000001 0.03738765791058541 217.6693503937008 0.45296686272990888 311.94500000000005 7954.5000000000009 14.500000000000002 55.202195454545468 23.500000000000004 149.97500000000002 44.439118825100145 6.5000000000000009 803.50000000000011 6.1825000000000001 7671.5000000000009
decision_type=2 2 2 2 2 2 2 2 2 2 2 2 2 2 2 2 2 2 2 2 2 2 2 2 2 2 2 2 2 2
left_child=5 21 3 22 -4 6 7 20 -9 11 28 24 -12 -13 -10 27 17 18 19 -17 -1 -2 23 -3 -8 26 -16 -5 -11 -25
right_child=1 2 4 15 -6 -7 9 8 14 10 12 13 -14 -15 25 16 -18 -19 -20 -21 -22 -23 -24 29 -26 -27 -28 -29 -30 -31
leaf_value=0.0010377949148666099 0.034984996770230613 -0.012775204498614322 -0.0010990207829627279 0.015440123283504656 0.0098486893711195005 0.021753126251772323 -0.0062403218232965473 -0.0017688998421846449 0.053899930221476891 0.11261355366440672 0.011296381758339693 -0.016501181699033207 -0.0039574270813036222 0.05744197225009489 0.024790690325141401 0.056111886456584867 0.0015529223222547131 0.025526457697285673 -0.022421332021609147 0.37735191745018615 0.043268815450339802 -0.030434488636319749 -0.012006736569055411 0.047473922913349613 0.035849659640034018 0.016797247657728179 0.077547187763022316 -0.0055761231249857194 -0.0115145465353252 0.0048101250437133144
leaf_weight=923.76456146873534 10.720893777906893 90.128126314841211 1888.9694532547146 100.76242090389132 1099.7328391307965 292.85508319828659 92.936831932514906 146.22140255197883 45.734730824828148 2.686896286904811 672.2097316486761 12.454282686114309 460.69336405582726 53.395557530224323 98.998625487089157 5.1473131123930198 378.72127586975694 84.915145570412278 3.2800202034413815 2.1270902343094349 26.095467206090689 369.5843995353207 2753.9561382606626 31.138115831650794 32.935980424284935 876.94892857596278 27.933681268244982 1254.0043186694384 455.74840643629432 72.299442697316408
leaf_count=15733 133 4068 63963 3685 15426 2816 1294 2593 565 46 10772 128 12326 289 787 133 9366 1691 70 43 202 27730 132592 872 264 7810 151 49590 11155 1652
internal_value=-0.000151162 -0.00444081 -0.00325808 -0.00712962 0.00292934 0.0081256 0.00710979 0.0110197 0.0180269 0.00240465 0.000518571 0.0180595 0.00509344 0.043457 0.0207846 -0.000909286 0.00795809 0.0333669 0.0964472 0.150045 0.00219801 -0.0285903 -0.0109894 0.00348519 0.00477298 0.0192759 0.0364007 -0.00401301 -0.010787 0.0176533
internal_weight=12367.1 8145.49 7765.18 4776.48 2988.7 4221.61 3928.76 2145.7 1195.84 1783.06 1591.34 191.723 1132.9 65.8498 1049.62 1828.96 474.191 95.4696 10.5544 7.2744 949.86 380.305 2947.52 193.566 125.873 1003.88 126.932 1354.77 458.435 103.438
internal_count=377945 311014 283151 203762 79389 66931 64115 27841 11906 36274 34299 1975 23098 417 9313 64578 11303 1937 246 176 15935 27863 139184 6592 1558 8748 938 53275 11201 2524
is_linear=0
shrinkage=0.03


Tree=40
num_leaves=31
num_cat=0
split_feature=10 18 22 5 17 0 19 10 12 11 18 10 11 16 0 5 21 5 8 5 16 0 0 5 5 5 0 12 10 0
split_gain=459.263 270.395 213.5 136.984 117.867 100.804 102.867 79.37 73.4997 182.03 117.628 104.585 80.6062 70.7763 62.7587 60.6185 60.4248 58.9665 68.9205 56.5039 93.7779 85.7873 55.6408 51.6462 51.1687 48.5535 48.3537 48.0379 50.1254 51.2361
threshold=129.50000000000003 5844.5000000000009 69181.500000000015 147.32879210220676 0.097721043974161162 58.955000000000005 8.5000000000000018 175.50000000000003 1.0000000180025095e-35 3.5000000000000004 1702.5000000000002 2.5000000000000004 1.5000000000000002 1.0000000180025095e-35 57.008500000000005 102.58994080996887 4013.5000000000005 184.63584881756759 426.00000000000006 111.68039048006371 1.0000000180025095e-35 184.96000000000001 48.955000000000005 118.29433513621795 143.45892908382868 55.202195454545468 49.030500000000011 77.500000000000014 760.50000000000011 323.23500000000007
decision_type=2 2 2 2 2 2 2 2 2 2 2 2 2 2 2 2 2 2 2 2 2 2 2 2 2 2 2 2 2 2
left_child=8 7 3 25 5 14 15 -2 -1 11 -11 -10 -13 -5 22 -7 -12 23 -19 20 -17 -22 -4 -8 -18 -3 -24 -20 29 -29
right_child=1 2 4 13 -6 6 17 -9 9 10 16 12 -14 -15 -16 19 24 18 27 -21 21 -23 26 -25 -26 -27 -28 28 -30 -31
leaf_value=0.0015001991061048686 0.0014247683934365896 0.003184350659506873 -0.008897381715186635 -0.0025708197001769245 0.011180002486118428 -0.030781386669272201 0.0050458534002235647 -0.029404239665982559 0.016557763574209391 -0.015479700536580682 0.013087523243576968 0.059503499685963065 0.022905572139464817 0.018330875574477816 -0.023653712086695377 0.047706568392057599 0.0065587660537994828 -0.016666510400995441 0.031133632002226699 0.029076109519292001 0.097282765252237752 0.34815734422443456 0.022571060487134597 -0.0064550353251940423 -0.012279776996954579 -0.013181737455844885 -0.0047312121100800955 0.027323539734920448 0.0064307442092120847 0.1433203840350343
leaf_weight=971.33689270168543 89.889425281435251 175.68195262737572 762.95395104214549 743.67389529570937 923.38266417570412 11.432934338226913 554.14131674915552 458.63412136957049 487.33401090651751 196.29865418188274 1176.4699656870216 110.75344933569431 106.00051866471767 181.36034342832863 192.99194232746959 13.725856982171537 534.42032960057259 96.768488632515073 87.309931145980954 61.129289483651519 3.0442969277501097 2.054710665717721 107.86903495714068 960.56155337952077 171.37533113732934 2286.1244532093406 127.25479438900948 13.298987640067937 739.05695021897554 4.6168331876397124
leaf_count=15736 1453 6536 29225 27042 10609 474 20931 33220 3776 4292 16953 553 827 4361 7978 505 7162 2731 1757 1663 125 52 4347 37710 2858 112623 4981 336 17042 87
internal_value=-0.000149262 -0.00397201 -0.00258305 -0.00831542 0.00158176 -0.000789126 0.00257964 -0.0243521 0.00860517 0.0110853 0.00661953 0.0242688 0.0416058 0.00152712 -0.00799333 0.0338321 0.00892423 0.00141663 0.00731441 0.0430714 0.0885177 0.198376 -0.00496519 -0.00224753 0.00198455 -0.0120138 0.0077944 0.010063 0.0076327 0.0572154
internal_weight=12350.9 8596.96 8048.43 3386.84 4661.59 3738.21 2547.14 548.524 3753.99 2782.65 2078.56 704.088 216.754 925.034 1191.07 91.3871 1882.27 2455.75 941.051 79.9542 18.8249 5.09901 998.078 1514.7 705.796 2461.81 235.124 844.283 756.973 17.9158
internal_count=377945 325788 291115 150562 140553 129944 83413 34673 52157 36421 31265 5156 1380 31403 46531 2819 26973 80594 21953 2345 682 177 38553 58641 10020 119159 9328 19222 17465 423
is_linear=0
shrinkage=0.03


Tree=41
num_leaves=31
num_cat=0
split_feature=13 18 9 1 2 3 10 7 9 5 6 16 8 8 10 15 5 1 22 6 21 18 10 5 21 10 10 13 22 6
split_gain=433.791 245.929 187.07 119.999 62.6241 92.8114 65.0722 59.463 57.0324 51.1153 79.7173 50.3803 79.1707 89.709 48.9106 47.4917 45.5709 70.1931 113.609 68.5009 49.7206 44.5416 130.028 75.6244 69.8967 55.7324 47.3709 78.3579 43.1757 103.829
threshold=3314.255493164063 5802.5000000000009 20.500000000000004 4.7537625751797847 0.37940952255126054 1.0000000180025095e-35 175.50000000000003 0.16015077138552916 21.500000000000004 252.49307733619767 384.5429111756327 1.0000000180025095e-35 236.50000000000003 235.00000000000003 129.50000000000003 14.500000000000002 118.93050471698115 4.9504215377434564 319418.00000000006 268.50296604129261 7991.5000000000009 35.500000000000007 1.5000000000000002 182.7352221345952 2009.5000000000002 4.5000000000000009 10.500000000000002 286.17199707031256 31704.500000000004 56.066423013564041
decision_type=2 2 2 2 2 2 2 2 2 2 2 2 2 2 2 2 2 2 2 2 2 2 2 2 2 2 2 2 2 2
left_child=4 15 3 11 6 14 21 16 -9 -5 -11 28 13 -13 -6 -2 17 -4 -19 -18 -21 22 23 -1 26 -24 27 -23 -3 -30
right_child=1 2 7 9 5 -7 -8 8 -10 10 -12 12 -14 -15 -16 -17 19 18 -20 20 -22 24 25 -25 -26 -27 -28 -29 29 -31
leaf_value=0.00062131323382515593 0.032818045248018589 -0.018142459389033007 0.0044872395033834674 -0.0029536328386668585 0.03910505731913929 0.0081660718681763229 -0.015608090260519904 0.061539421883393695 0.0083353054998694127 0.023738865245865381 -0.0087955863182334459 0.0096729633113697335 -0.0093695212345880369 0.16155206132496133 0.016513087451548641 -0.030411069234731514 -0.011037802642113254 0.32334831898809652 -0.031003296455063913 0.013561466821796025 -0.0039691474799707803 -0.0026848977473530118 0.023076533954531256 0.031985365833231215 0.006699891531763172 0.058803994180674848 -0.015544487738556203 0.056517829417963815 0.025774033431848791 -0.011678407191743114
leaf_weight=556.84040945023298 11.029187751933931 894.84206195548177 961.67152217309922 1537.0209356835112 152.1254508048296 918.57612088322639 129.06091649737209 18.540422946214676 825.49342519044876 171.82311892136931 111.93882445245981 186.59409511648118 681.63867779728025 3.567027515731751 199.15342898853123 348.85766630899161 593.15984173491597 1.6086820922791951 1.6490242350846527 249.87158331461251 348.95399012044072 172.99047982878983 203.49969834834337 79.006281767040491 1527.7640995141119 48.699704978615046 247.72911124490201 22.768927063792944 71.099488850682974 1057.3102128887549
leaf_count=8022 133 46257 20424 58521 1252 12984 5777 158 18662 2999 3058 7243 32753 69 5245 27730 24653 53 53 6322 9064 2752 1663 661 22116 283 5969 207 1686 51176
internal_value=-0.000147631 -0.00423263 -0.00310212 -0.00682822 0.00760049 0.0131816 0.0052289 0.00275326 0.00950401 -0.000793877 0.0109046 -0.0106234 -0.00459446 0.0125219 0.0262968 -0.0284733 0.000111587 0.00495818 0.143978 -0.0038118 0.00334584 0.00616943 0.0117481 0.00451841 0.00365626 0.0299755 -0.00682866 0.00420102 -0.0132212 -0.00931858
internal_weight=12334.9 8076.67 7716.78 4715.83 4258.21 1269.86 2988.36 3000.95 844.034 1820.78 283.762 2895.05 871.8 190.161 351.279 359.887 2156.91 964.929 3.25771 1191.99 598.826 2859.3 888.046 635.847 1971.25 252.199 443.489 195.759 2023.25 1128.41
internal_count=377945 311014 283151 203762 66931 19481 47450 79389 18820 64578 6057 139184 40065 7312 6497 27863 60569 20530 106 40039 15386 41673 10629 8683 31044 1946 8928 2959 99119 52862
is_linear=0
shrinkage=0.03


Tree=42
num_leaves=31
num_cat=0
split_feature=13 18 22 17 0 16 19 0 6 6 8 8 22 9 8 8 8 6 0 16 12 22 15 0 0 6 6 22 6 6
split_gain=407.657 239.848 180.249 106.682 89.0018 76.7975 60.9372 59.78 74.6384 117.456 49.1608 168.935 176.936 81.6531 66.9689 63.9687 414.803 66.1875 97.8943 58.5245 47.7072 49.3598 45.8936 45.2195 62.7347 46.5315 89.5505 59.905 45.1033 44.7547
threshold=3314.255493164063 5802.5000000000009 63343.000000000007 0.019963018596172336 140.23450000000003 1.0000000180025095e-35 8.5000000000000018 261.97500000000008 65.988602859113982 36.744629843552012 236.50000000000003 235.00000000000003 37133.500000000007 3.5000000000000004 158.50000000000003 142.00000000000003 146.50000000000003 54.495980883061954 58.955000000000005 1.0000000180025095e-35 1.0000000180025095e-35 319418.00000000006 14.500000000000002 18.981000000000005 129.96000000000001 204.38570124685731 205.59615934756204 4801.5000000000009 132.46376131683209 41.11984530448624
decision_type=2 2 2 2 2 2 2 2 2 2 2 2 2 2 2 2 2 2 2 2 2 2 2 2 2 2 2 2 2 2
left_child=7 22 4 28 10 -5 -7 8 9 20 11 13 -13 19 15 29 -17 18 -18 -3 -1 -22 -2 25 -25 -10 -27 -28 -4 -15
right_child=1 2 3 5 -6 6 -8 -9 23 -11 -12 12 -14 14 -16 16 17 -19 -20 -21 21 -23 -24 24 -26 26 27 -29 -30 -31
leaf_value=-0.0066835702989714897 0.031080549870864189 -0.016652553825617443 -0.022837582833158978 -0.00021364602607940603 -0.00091157625613327419 0.047018355816304341 0.0087512978195319075 0.020276727962940971 -0.0052748209469460662 0.016089763586607461 -0.018452259840821821 0.047426798809673994 0.35169547102423804 0.034630967741490229 -0.018559569876929635 0.39611319377291732 -0.03061089861356555 -0.0027188660211556123 0.38711023853229154 0.0047963908087789468 0.012447596876847093 -0.0044289521644464104 -0.030398833625161881 -0.003924267157553782 0.0087654388936729086 0.13100061437224819 0.051912909475175767 -0.011330858505236368 -0.0034963863615512618 -0.00049130789985365455
leaf_weight=343.74444147571921 11.292223501950501 885.6874973801896 115.10682728141546 1439.8141379682347 899.41349352896214 38.63368003629148 1224.4332609381527 298.83678423520178 37.513432417064905 1249.6737315412611 733.94070791825652 7.9878396382555348 2.1921040676534176 40.796954737976193 89.060310045257211 2.8785352911800173 1.0143025927245646 20.362765012308955 1.0054377261549232 131.48714693821967 477.47736891452223 231.64032182097435 338.68157100025564 1050.7932874187827 526.21669596526772 7.9585957676172248 29.750092579983175 24.64631134737283 1894.4686580244452 163.56000627856702
leaf_count=7274 133 46017 5594 39197 31157 1054 28140 2816 693 12236 38967 239 53 1009 4302 90 52 977 51 5578 6720 3912 27730 25036 7546 47 180 471 73108 7566
internal_value=-0.0001458 -0.00412612 -0.00302099 0.000630606 -0.00879666 0.00452268 0.00992178 0.007336 0.00636421 0.00987044 -0.0122063 -0.00880061 0.112947 -0.0097284 0.00352263 0.0120875 0.0571247 0.0135286 0.177333 -0.0138799 0.00248853 0.0069347 -0.0284151 0.00154977 0.000310034 0.0211263 0.0370096 0.023258 -0.00460423 0.00652035
internal_weight=12320.1 8041.82 7691.84 4712.46 2979.39 2702.88 1263.07 4278.25 3979.41 2302.54 2079.97 1346.03 10.1799 1335.85 318.678 229.618 25.261 22.3825 2.01974 1017.17 1052.86 709.118 349.974 1676.88 1577.01 99.8684 62.355 54.3964 2009.58 204.357
internal_count=377945 311014 283151 147093 136058 68391 29194 66931 64115 30142 104901 65934 292 65642 14047 9745 1170 1080 103 51595 17906 10632 27863 33973 32582 1391 698 651 78702 8575
is_linear=0
shrinkage=0.03


Tree=43
num_leaves=31
num_cat=0
split_feature=13 18 22 5 6 6 19 5 6 6 19 8 6 2 3 19 14 18 10 5 5 5 18 5 0 8 6 7 0 8
split_gain=383.214 233.86 171.642 113.448 99.2001 123.746 281.465 97.2237 77.8744 195.186 68.7879 88.5991 74.9499 57.7101 65.7755 60.8327 57.8004 62.1637 89.0529 56.1177 54.1186 195.578 76.4742 53.2903 78.8224 117.31 57.1642 58.4808 53.2124 51.6088
threshold=3314.255493164063 5802.5000000000009 63343.000000000007 141.71728040540543 101.09758030336077 99.856082522133875 7.5000000000000009 184.63584881756759 135.05704670585669 134.09589747094 8.5000000000000018 498.00000000000006 286.12736913081704 0.60355339059327384 1.0000000180025095e-35 9.5000000000000018 9.5000000000000018 35.500000000000007 1.5000000000000002 212.59312500000001 102.58994080996887 103.23119735755576 8170.5000000000009 118.29433513621795 67.952500000000015 182.50000000000003 190.17523696596461 -0.21481297149536677 50.005000000000003 68.500000000000014
decision_type=2 2 2 2 2 2 2 2 2 2 2 2 2 2 2 2 2 2 2 2 2 2 2 2 2 2 2 2 2 2
left_child=13 -2 3 -3 5 -4 -7 20 9 19 -9 -12 -13 15 -15 -1 17 18 -17 -5 -6 22 28 24 -23 -26 -27 -28 -22 -10
right_child=1 2 4 8 7 6 -8 10 29 -11 11 12 -14 14 -16 16 -18 -19 -20 -21 21 23 -24 -25 25 26 27 -29 -30 -31
leaf_value=-0.00071097180183598804 -0.02835627128506206 -0.012475148381997574 0.0081610140224986742 -0.00037888687262391946 -0.021020219442807901 0.38686752999789437 -0.03071170325498428 0.034716249610477062 -0.011465431651573585 0.24644213760985842 -0.01638451774170346 0.053461554317071829 0.0055769650345663816 0.025692638177680412 0.0085279094968928777 0.010277171953135938 -0.0039211593829259778 0.0062278030230751846 0.034985032428924097 0.036994990637269014 0.35563253662977851 -0.0078648544265528773 0.066146685310442113 -0.0078347789572829462 0.23095124391689495 -0.00016649927863324288 0.15622548486951768 0.020123061470821064 0.12695226303464127 0.0044073221072511029
leaf_weight=1065.5795785514638 340.34324073605239 2063.3684223042801 998.42892370652407 89.471641357988119 177.143654987216 2.5111575759947291 3.4467448331415653 67.632009781897068 377.41903737466782 3.3445893470197907 170.29492286778986 30.364843349903822 944.04587308317423 282.5698462203145 695.38659222982824 435.2176948338747 315.45096144918352 1315.1862846883014 187.997453302145 60.681128345429897 1.6297190934419625 396.60397662594914 9.282282801344989 1494.0403553545475 2.1674359645694485 232.97103625535965 2.8872568029910317 178.6917816400528 2.090542433783412 360.40447961445898
leaf_count=19238 27863 104528 12803 3626 8413 72 156 1604 13392 89 4984 726 21892 4803 9802 4903 6027 20955 1203 1157 58 17745 387 62354 50 9260 114 6398 77 13266
internal_value=-0.000144629 -0.00402236 -0.00294243 -0.00861154 0.000610736 0.00897445 0.145291 -0.00165362 0.000332532 0.0197739 0.00531699 0.00358001 0.00706916 0.0070825 0.0134875 0.0051955 0.00798796 0.00992603 0.0177305 0.014725 -0.00503729 -0.0038171 0.112207 -0.00447092 0.00170835 0.0108195 0.00966855 0.0222872 0.227129 -0.00371207
internal_weight=12306.7 8009.27 7668.92 2954.69 4714.23 1004.39 5.9579 3709.85 891.321 153.497 1212.34 1144.71 974.411 4297.39 977.956 3319.43 2253.85 1938.4 623.215 150.153 2497.51 2320.36 13.0025 2307.36 813.321 416.718 414.55 181.579 3.72026 737.824
internal_count=377945 311014 283151 136058 147093 13031 228 134062 31530 4872 29206 27602 22618 66931 14605 52326 33088 27061 6106 4783 104856 96443 522 95921 33567 15822 15772 6512 135 26658
is_linear=0
shrinkage=0.03


Tree=44
num_leaves=31
num_cat=0
split_feature=10 18 9 0 17 10 5 13 11 18 10 11 5 5 5 16 17 18 5 5 5 20 5 10 22 10 0 16 16 18
split_gain=362.927 246.493 183.227 140.306 112.825 80.393 67.4848 65.4262 151.477 105.419 90.4816 73.4264 59.9646 80.7746 55.4115 53.8595 102.268 50.5595 48.4089 46.7044 48.8419 46.3539 68.1857 44.6032 63.7015 44.4354 43.8594 43.3309 42.0695 40.3254
threshold=129.50000000000003 5802.5000000000009 11.500000000000002 159.96250000000001 0.097721043974161162 175.50000000000003 184.63584881756759 1.0000000180025095e-35 3.5000000000000004 1702.5000000000002 2.5000000000000004 1.5000000000000002 247.20149662512983 354.15939723320167 336.90312500000005 1.0000000180025095e-35 0.0065504785161465415 3723.5000000000005 315.04861216391322 143.45892908382868 41.268379638916763 37.639257431030281 186.5685638953041 800.50000000000011 97193.000000000015 10.500000000000002 102.16700000000002 1.0000000180025095e-35 5.5000000000000009 8246.5000000000018
decision_type=2 2 2 2 2 2 2 2 2 2 2 2 2 2 2 2 2 2 2 2 2 2 2 2 2 2 2 2 2 2
left_child=7 5 3 15 6 -2 -4 26 10 25 27 -12 23 14 18 -3 -17 -11 29 20 -19 22 -8 24 -5 -10 -1 -9 -22 -14
right_child=1 2 4 12 -6 -7 21 8 9 17 11 -13 13 -15 -16 16 -18 19 -20 -21 28 -23 -24 -25 -26 -27 -28 -29 -30 -31
leaf_value=-0.0019053204408486044 0.00089994527380108714 -0.013101654196100264 -0.0037876020361508919 0.016843285228984702 0.011293992115093729 -0.03040170200750315 0.16008659991817556 0.030107026190936678 0.018511814714166464 0.012614912497954833 0.054555584628183905 0.02011001749522667 0.0055084955177778514 -0.011193502503492067 0.07334127015640346 -0.019794942580991435 0.0038704090521034526 -0.004542818587788525 -0.020245778345025126 -0.0084796899849743403 0.011016651740345197 0.003548360927674707 0.020850391416789679 -0.0037243110983837292 0.17095214336294356 -0.021389484222044026 0.015289361415358506 0.0095698222537374325 0.068537210569252521 0.038812286952552545
leaf_weight=826.96004462428391 91.113220028579235 2044.2416490092874 2079.47663607914 55.516061581671238 924.86930528189987 389.65627850685269 3.2830721903592339 122.53229993209243 29.652526596561074 995.04061086289585 113.14772304147482 109.69184372574091 51.989170432090759 76.474078556522727 19.484651492908597 241.9738149959594 512.26574163977057 226.17292091995478 23.276574825868011 241.11886498518288 447.88698209449649 1004.224193168804 88.329581404104829 772.89446645136923 2.5237395372241727 164.28430320695043 159.2161602973938 376.75098295137286 11.743693936616181 88.291644394397736
leaf_count=13934 1453 103589 82179 1768 9879 31727 65 697 434 14326 553 827 1127 1861 266 13085 22811 3691 518 3817 5023 23789 1791 28474 74 3858 1802 3079 116 1332
internal_value=-0.000143583 -0.00360708 -0.00235161 -0.00701662 0.00207305 -0.0244696 -0.000612726 0.0075274 0.00984051 0.00579155 0.0217044 0.0375999 0.00211193 0.0147002 0.0255185 -0.0105736 -0.00372187 0.00791866 0.0198214 0.00287728 0.00687024 0.00541197 0.0258401 -0.00181962 0.0235444 -0.0152887 0.000870726 0.01461 0.0124863 0.0264696
internal_weight=12294.1 8469.88 7989.11 3888.93 4100.18 480.769 3175.31 3824.2 2838.02 2115.9 722.123 222.84 1090.45 259.516 183.042 2798.48 754.24 1921.96 163.557 926.922 685.804 1095.84 91.6127 830.934 58.0398 193.937 986.176 499.283 459.631 140.281
internal_count=377945 325788 292608 174905 117703 33180 107824 52157 36421 31265 5156 1380 35420 5104 3243 139485 35896 26973 2977 12647 8830 25645 1856 30316 1842 4292 15736 3776 5139 2459
is_linear=0
shrinkage=0.03


Tree=45
num_leaves=31
num_cat=0
split_feature=12 21 16 17 5 0 22 7 21 3 19 16 22 6 0 8 8 12 11 0 21 0 0 11 9 6 17 11 13 16
split_gain=341.093 227.405 161.834 190.732 82.5505 107.768 63.2842 58.8272 51.2009 46.3733 45.4627 55.9882 44.9892 72.8042 101.61 65.707 110.225 43.7836 115.299 56.4614 56.9297 44.7054 40.8071 39.9749 39.9271 38.7803 42.7081 40.9997 54.722 53.2181
threshold=31.500000000000004 5822.5000000000009 1.0000000180025095e-35 0.019963018596172336 57.055685679062044 159.96250000000001 67498.000000000015 -0.14746406454436503 6329.5000000000009 -0.12940952255126037 298.50000000000006 1.5000000000000002 31704.500000000004 56.066423013564041 85.125000000000014 26.500000000000004 118.50000000000001 1.0000000180025095e-35 2.5000000000000004 19.582500000000003 1729.5000000000002 14.932500000000003 265.07000000000005 17.500000000000004 2.5000000000000004 286.19406183984853 0.022082599811255935 3.5000000000000004 98.730998992919936 1.5000000000000002
decision_type=2 2 2 2 2 2 2 2 2 2 2 2 2 2 2 2 2 2 2 2 2 2 2 2 2 2 2 2 2 2
left_child=7 23 4 6 9 12 -4 17 -5 -3 11 -10 -6 14 -14 -16 -17 -1 -19 21 -21 -20 -22 -2 -11 27 -27 28 -9 -30
right_child=1 2 3 8 5 -7 -8 25 10 24 -12 -13 13 -15 15 16 -18 18 19 20 22 -23 -24 -25 -26 26 -28 -29 29 -31
leaf_value=-0.003135673723748701 0.042258446939184097 -0.010658891895909102 -0.01573064508404276 -0.0059912982263100019 -0.017530343412113774 -0.0008793842193405713 -0.0018929807489434865 0.0094519298540233741 0.0077269397792274607 -0.01378141937931047 -0.0061838332595696302 0.020121853191841534 0.0049089807310016068 -0.0096841046431485698 0.3597905041457064 -0.0061714801105763918 0.35738387674800187 0.019671761789562894 0.0044919540273525163 -0.020511942937837039 0.0008996184688018922 0.029263376217947654 0.067838633639978205 -0.03026140324064262 0.011744617446123342 -0.0051573421485165815 0.026875336298421253 0.0053784636845316718 0.047083835889444751 0.011821669957435988
leaf_weight=637.78747896105051 6.9942921260371795 158.11885450687259 380.52872948069125 176.9005534555763 876.05404496751726 1129.8448000401258 1362.3932409435511 369.30131467059255 823.56051441095769 64.102576430886984 125.77469179034233 545.05038124322891 10.949072504416106 1536.438530520536 1.2295669745653857 2.4508701656013732 1.0818666126579044 427.94253095984459 164.51783715933561 118.04221962019801 1110.3191183228046 109.01938527915627 8.2572866864502412 312.00848173163831 394.87171601876616 45.210253829136491 218.51559651643038 1004.6205957653001 82.895201049745083 71.956588331609964
leaf_count=10983 112 3125 20126 5790 47719 35769 52003 4623 22433 3268 2020 12828 534 71160 65 122 43 3099 2387 3563 23217 1575 64 27871 4603 487 2260 15150 450 496
internal_value=-0.000141635 -0.00385813 -0.00281516 0.0020293 -0.00677669 -0.00853346 -0.00491413 0.00658656 0.00927034 0.00335253 0.011077 0.0126632 -0.0120949 -0.00902708 0.0552244 0.170905 0.105164 0.00368243 0.00592613 0.00203094 -0.000697263 0.0143647 0.00139376 -0.0286714 0.00817953 0.0107599 0.021384 0.00892715 0.0157288 0.0306982
internal_weight=12276.7 7908.35 7589.35 3414.21 4175.14 3558.05 1742.92 4368.39 1671.29 617.093 1494.39 1368.61 2428.2 1552.15 15.7114 4.7623 3.53274 2575.89 1938.1 1510.16 1236.62 273.537 1118.58 319.003 458.974 1792.5 263.726 1528.77 524.153 154.852
internal_count=377945 309591 281608 115200 166408 155412 72129 68354 43071 10996 37281 35261 119643 71924 764 230 165 44888 33905 30806 26844 3962 23281 27983 7871 23466 2747 20719 5569 946
is_linear=0
shrinkage=0.03


Tree=46
num_leaves=31
num_cat=0
split_feature=10 18 9 0 17 10 0 5 6 0 0 5 5 17 6 18 16 8 22 0 5 0 0 8 22 21 5 6 6 2
split_gain=321.332 233.943 165.556 129.398 100.04 78.8682 63.1834 61.1692 88.0246 69.7167 69.1991 55.0475 74.3772 51.1872 58.7158 52.566 50.3242 101.607 59.875 47.8398 46.6758 46.1111 64.5978 44.912 44.2565 51.1223 62.3186 163.991 252.179 42.0305
threshold=129.50000000000003 5802.5000000000009 11.500000000000002 159.96250000000001 0.097721043974161162 175.50000000000003 58.955000000000005 41.268379638916763 45.735444215470999 125.07000000000001 18.981000000000005 247.20149662512983 354.15939723320167 0.044465936720371253 135.7451987736971 8505.5000000000018 1.0000000180025095e-35 238.50000000000003 12911.000000000002 57.008500000000005 294.99536176470593 48.955000000000005 49.030500000000011 40.500000000000007 17876.500000000004 6575.5000000000009 109.26259782001118 122.33337491543112 97.867515242218602 0.25881904510252091
decision_type=2 2 2 2 2 2 2 2 2 2 2 2 2 2 2 2 2 2 2 2 2 2 2 2 2 2 2 2 2 2
left_child=7 5 3 16 6 -2 19 -1 23 10 -10 -5 13 -13 15 -15 -3 18 -18 21 -8 -4 -23 -9 25 -20 -27 28 -28 -12
right_child=1 2 4 11 -6 -7 20 8 9 -11 29 12 -14 14 -16 -17 17 -19 24 -21 -22 22 -24 -25 -26 26 27 -29 -30 -31
leaf_value=0.00025596156085679463 0.0007222558475310835 -0.012665892486343209 -0.0079798531003716644 -0.0017540910192238247 0.010566409215753803 -0.030382765978191 0.0015710061865845206 0.0029669278548947802 0.020377810787221805 0.012462207366591352 -0.0052052903920555751 0.049181327619898893 -0.01102205631685935 0.082837358478723352 0.0047888163917448679 -0.014884295572410396 -0.013175989882614167 -0.01086327256872672 0.19900962221888599 -0.022144420848146801 0.030256562326976395 0.027201929852310638 -0.007239194448113319 0.019290706343619089 0.015170459826344511 0.013358443474404728 0.036067231214124605 0.0082834244398143648 0.56113736472478504 0.0093401974697969944
leaf_weight=914.42516489885747 91.543701250106096 1996.2880780827254 631.95309521071613 829.04547299724072 938.25934021454304 369.4252961864695 2134.5048233289272 185.74022268503904 142.41147797182202 758.00849722698331 795.92562557011843 52.916179371997714 75.86537666991353 17.991459794342521 108.53322049602866 6.836644770577549 58.062527175061405 520.97365989722311 2.0835134293884066 155.82901073154062 52.302385352551937 90.917043719440699 106.33784143440425 827.51866916939616 141.34015570022166 18.281112836673859 1.7955192644149049 5.3492579665035009 1.5202208478003738 230.59199765324593
leaf_count=14858 1453 103589 23679 30316 9879 31727 69413 2936 1618 7633 15214 570 1861 178 2377 118 2586 27199 71 6495 630 3522 4085 6780 5001 715 75 190 59 3118
internal_value=-0.000139808 -0.00342797 -0.00222275 -0.00670432 0.00196091 -0.0242056 -0.000584678 0.00703254 0.00914012 0.00537601 0.000780873 0.00203487 0.0140177 0.0242157 0.0143096 0.0559288 -0.0101774 -0.00354861 0.0131336 -0.00689346 0.00225709 -0.00402743 0.00863512 0.0162984 0.0221 0.0558384 0.0447682 0.111035 0.276805 -0.00193786
internal_weight=12262.6 8407.95 7946.99 3836.88 4110.1 460.969 3171.84 3854.62 2940.2 1926.94 1168.93 1091.19 262.143 186.278 133.361 24.8281 2745.69 749.406 228.432 985.037 2186.81 829.208 197.255 1013.26 170.37 29.0296 26.9461 8.665 3.31574 1026.52
internal_count=377945 325788 292608 174905 117703 33180 107824 52157 37299 27583 19950 35420 5104 3243 2673 296 139485 35896 8697 37781 70043 31286 7607 9716 6111 1110 1039 324 134 18332
is_linear=0
shrinkage=0.03


Tree=47
num_leaves=31
num_cat=0
split_feature=12 21 16 17 5 0 22 2 3 11 18 2 17 8 8 17 22 6 0 0 22 8 14 18 6 12 3 19 16 17
split_gain=304.784 220.381 149.6 166.925 70.624 97.7972 63.8545 60.0443 92.2137 54.3973 53.323 53.2898 46.7626 43.843 131.758 202.215 41.5922 62.6872 61.5623 58.812 56.4424 41.5016 48.2145 48.3111 55.4912 47.3529 40.4298 40.105 43.3997 42.5565
threshold=39.500000000000007 5822.5000000000009 1.0000000180025095e-35 0.016888208687305454 57.055685679062044 225.98500000000004 67498.000000000015 0.37940952255126054 1.0000000180025095e-35 21.500000000000004 6270.5000000000009 0.91597561503675362 0.02265445422381163 118.50000000000001 148.50000000000003 0.07588831335306169 31704.500000000004 56.066423013564041 85.125000000000014 108.50500000000001 38492.500000000007 96.500000000000014 11.500000000000002 35.500000000000007 32.331647912063382 1.0000000180025095e-35 -0.12940952255126037 302.50000000000006 1.5000000000000002 0.02684955578297377
decision_type=2 2 2 2 2 2 2 2 2 2 2 2 2 2 2 2 2 2 2 2 2 2 2 2 2 2 2 2 2 2
left_child=7 -2 4 6 26 16 -4 9 12 21 -5 27 -9 -14 15 -15 -6 18 -18 20 -20 -1 23 24 -23 -26 -3 28 -12 -30
right_child=1 2 3 10 5 -7 -8 8 -10 -11 11 -13 13 14 -16 -17 17 -19 19 -21 -22 22 -24 -25 25 -27 -28 -29 29 -31
leaf_value=-0.0013577811994383855 -0.03017785120903595 -0.010508882437289766 -0.017144044997763511 -0.0075151398965562924 -0.016253511477617767 0.00056343419175268971 -0.002333621614099409 0.0062787537072979925 0.0063660847967435697 -0.011448984227398611 0.0054786260040214432 0.044603498290527954 0.010934825362140974 0.33713281184742999 0.031564089951631194 0.051215547685064138 0.0056621633152381225 -0.0089485886850267753 0.070266587818250861 0.022800140400662257 0.31726117410139953 -0.018886613368235824 -0.0065515519056528115 0.0051301252010510509 0.0094031137464203694 0.026437512998095838 0.0072623869010456192 -0.0087062745552136302 0.0079010200715667559 0.02296409012945385
leaf_weight=741.34876436181366 274.08698469679803 154.38069304637611 343.73516775202006 189.4682854693383 937.89161658473313 841.61489849444479 1101.8071238473058 103.90592860151082 986.27249850798398 198.36688946560025 928.25088732689619 37.5245649702847 80.549273376353085 3.255800284445284 198.71708420384675 7.0402625566348433 10.722306944429876 1657.3904934367165 1.4850434660911553 2.7972499784082174 1.8954634871333835 40.255984358489513 217.76101324241608 1355.3230899041519 308.2314522229135 280.55249793455005 454.13733014557511 114.27986842021346 335.7210116032511 339.5148192346096
leaf_count=11809 26195 3064 18763 6247 51255 24697 43556 3177 14452 8867 26249 646 1590 92 2574 94 526 76335 67 117 70 671 4255 20369 3995 1556 7771 1887 10085 6914
internal_value=-0.000138384 -0.00375854 -0.00278691 0.00186574 -0.00666989 -0.00833024 -0.00585539 0.00604793 0.0112647 0.00375696 0.00760486 0.00923693 0.0235438 0.0297391 0.0369859 0.141628 -0.0111957 -0.00836241 0.0491238 0.124557 0.208757 0.00478172 0.00684859 0.0083191 0.01519 0.0175199 0.00275383 0.00846435 0.00968809 0.0154749
internal_weight=12248.3 7726.7 7452.62 3390.3 4062.32 3453.8 1445.54 4521.58 1379.74 3141.84 1944.76 1755.29 393.468 289.562 209.013 10.2961 2612.18 1674.29 16.9001 6.17776 3.38051 2943.47 2202.12 1984.36 629.04 588.784 608.518 1717.77 1603.49 675.236
internal_count=377945 304444 278249 114347 163902 153067 62319 73501 21979 51522 52028 45781 7527 4350 2760 186 128370 77115 780 254 137 42655 30846 26591 6222 5551 10835 45135 43248 16999
is_linear=0
shrinkage=0.03


Tree=48
num_leaves=31
num_cat=0
split_feature=10 18 9 0 17 10 0 5 6 0 0 11 5 6 8 0 5 6 17 18 18 0 0 22 8 8 8 5 5 7
split_gain=285.91 221.96 150.059 120.453 88.5866 77.6239 59.1043 55.9473 80.0051 65.2148 63.6102 56.4662 50.3497 69.2814 56.3755 46.5246 43.7608 50.4024 81.7367 52.5241 53.2517 43.5193 59.2606 43.1024 93.0984 114.58 318.172 233.004 458.286 99.9688
threshold=129.50000000000003 5802.5000000000009 11.500000000000002 159.96250000000001 0.097721043974161162 175.50000000000003 58.955000000000005 41.268379638916763 45.735444215470999 125.07000000000001 18.981000000000005 19.500000000000004 247.20149662512983 384.5429111756327 41.500000000000007 57.008500000000005 184.63584881756759 286.12736913081704 0.040765859186649329 9412.5000000000018 9243.5000000000018 48.955000000000005 49.030500000000011 12911.000000000002 164.50000000000003 142.00000000000003 146.50000000000003 120.55234225571726 166.96280000000004 0.63674774050180838
decision_type=2 2 2 2 2 2 2 2 2 2 2 2 2 2 2 2 2 2 2 2 2 2 2 2 2 2 2 2 2 2
left_child=7 5 3 23 6 -2 15 11 -9 10 -10 -1 -5 14 -14 21 -8 18 19 20 -18 -4 -23 -3 25 -25 27 -27 -29 -28
right_child=1 2 4 12 -6 -7 16 8 9 -11 -12 -13 13 -15 -16 -17 17 -19 -20 -21 -22 22 -24 24 -26 26 29 28 -30 -31
leaf_value=-0.00057110357969448436 0.00062344009890120467 -0.017598832128390841 -0.0077587351714095924 -0.0016461832828513882 0.0098873331714644502 -0.030365874171071481 -0.0014150976841128802 0.015356485216926417 0.019189317646689873 0.01180754072980411 -0.0020600379574559854 0.0813862606758496 0.0078577379150258295 -0.0080023743399226643 0.041992410365423512 -0.021925280416896221 0.087651313437602227 0.0057266968274992487 -0.0017971929516486271 -0.01523278480515885 0.24591415074356882 0.025798631894329752 -0.0070399031262200719 -0.0038669979326611042 -0.012799916823752712 -0.018671178081272739 -0.00073537817024508395 0.43294035373194162 0.051547255485114386 0.23120991661588863
leaf_weight=909.61021563224494 91.779677975922823 517.5844628084451 626.10427171736956 825.98481335677207 950.74066541902721 350.79803252778947 1273.9608549624681 1027.5030910074711 144.60441892594099 766.81436550989747 1029.050488203764 7.6292606256902209 89.696425508707762 89.828879604116082 84.631977312266827 152.28787079080939 12.319518351927401 879.5541077721864 19.29435964487493 3.6345368288457385 2.2652975730597964 93.128223386593163 105.4733377750963 737.09030070994049 1356.9279496707022 5.0374532863497761 69.136919726617634 5.2322942633181793 6.1901380280032754 1.7138401102274645
leaf_count=14748 1453 28433 23679 30316 9879 31727 49521 9716 1618 7633 18332 110 1859 2374 871 6495 270 19629 508 76 39 3522 4085 35440 71438 275 3435 161 257 46
internal_value=-0.000136725 -0.0032648 -0.0021077 -0.00641635 0.00185605 -0.0239395 -0.000554182 0.00658637 0.00858768 0.00500352 0.000558066 0.000110588 0.00199987 0.0134006 0.0244292 -0.0066906 0.00218209 0.00717918 0.0412343 0.0868048 0.112233 -0.00387741 0.00835874 -0.00981582 -0.00796908 -1.7723e-05 0.0324785 0.151295 0.226253 0.00487525
internal_weight=12235.6 8350.4 7907.82 3789.06 4118.76 442.578 3168.02 3885.21 2967.97 1940.47 1173.65 917.239 1090.14 264.157 174.328 976.994 2191.03 917.068 37.5137 18.2194 14.5848 824.706 198.602 2698.91 2181.33 824.401 87.3106 16.4599 11.4224 70.8508
internal_count=377945 325788 292608 174905 117703 33180 107824 52157 37299 27583 19950 14858 35420 5104 2730 37781 70043 20522 893 385 309 31286 7607 139485 111052 39614 4174 693 418 3481
is_linear=0
shrinkage=0.03


Tree=49
num_leaves=31
num_cat=0
split_feature=12 22 5 6 22 9 22 6 6 9 1 2 4 10 1 5 8 22 6 22 6 5 6 10 6 8 6 8 8 5
split_gain=272.28 154.825 87.3556 71.045 69.972 68.2813 116.051 68.2773 87.2382 160.257 78.4283 55.9983 75.294 62.472 47.7567 47.1427 44.5923 63.3662 44.0401 80.1308 60.8478 70.6889 60.3298 121.131 42.8509 40.3611 48.6894 67.1455 127.06 45.2988
threshold=39.500000000000007 63343.000000000007 141.71728040540543 146.12696179302233 13381.000000000002 4.5000000000000009 47596.500000000007 101.09758030336077 99.856082522133875 6.5000000000000009 4.0935942773539606 0.37940952255126054 1.0000000180025095e-35 175.50000000000003 4.0605895407973458 294.99536176470593 68.500000000000014 7910.5000000000009 101.09758030336077 18451.000000000004 141.44750125012305 166.96280000000004 74.836329596854554 956.50000000000011 458.29373749271912 216.50000000000003 246.61510741446597 144.50000000000003 157.50000000000003 170.38097001763671
decision_type=2 2 2 2 2 2 2 2 2 2 2 2 2 2 2 2 2 2 2 2 2 2 2 2 2 2 2 2 2 2
left_child=11 2 -2 4 -4 6 18 8 -3 -10 14 13 -13 -1 -9 -12 -5 -18 19 22 -20 -22 -6 -24 -17 26 27 29 -29 -19
right_child=1 7 3 16 5 -7 -8 10 9 -11 15 12 -14 -15 -16 24 17 25 20 -21 21 -23 23 -25 -26 -27 -28 28 -30 -31
leaf_value=0.0045555461795740108 -0.0124706216461095 0.0058721455945231959 -0.00089353782942356067 -0.013194645085245003 0.076577306717342239 -0.030715298048165175 0.26659834495876295 -0.0061016299555029475 0.26680124968039465 -0.030678695730354765 -0.00011459849541931795 0.019114421956557836 0.0049166466418567286 -0.012882541690486408 -0.023029716495506128 0.030159145632776947 0.070279406122820381 -0.01936264881702509 0.0065100517040328071 0.00034748311632999337 -0.030769225560872634 0.19902588581767011 0.074552689765675417 0.39862875948245097 -0.02005567177504437 -0.014133520531559913 -0.0023801953964526982 0.20455690259827097 0.032619834148138821 0.037163954304234179
leaf_weight=2960.6543560940772 2023.8786924788728 1034.1362381493673 105.4615852413699 352.88446582201868 13.123574346303945 11.745383054949341 2.1096668913960448 913.21010900661349 3.214014593511819 3.306636855006218 2496.6969044394791 566.30640720110387 827.24415259156376 197.21335879899561 179.46594255231321 82.088613513857126 11.72882741037756 26.5269157262519 35.029533459804952 9.5275365831330401 1.8833144092932332 3.3440360892564058 2.5593355558812609 1.7462697494775055 18.796800285577774 128.09031019266695 163.44247455336154 4.9300853731110719 17.960114128887653 24.583707977086306
leaf_count=41909 113950 14344 3913 13885 139 568 48 40444 64 158 88570 10457 11522 9613 8386 1055 232 1317 1271 359 85 62 104 72 545 6876 6232 86 794 885
internal_value=-0.000136044 -0.00358491 -0.00899071 -0.00130762 0.0152162 0.0361732 0.0475061 -0.00022487 0.00656187 0.115949 -0.00213874 0.00567706 0.0106863 0.00346651 -0.00888197 0.000697811 -0.00552895 0.0016414 0.0406293 0.0703052 0.0207578 0.116235 0.108547 0.205992 0.0208032 -0.000560979 0.00676082 0.0269502 0.0696516 0.00782609
internal_weight=12222.9 7671.47 2940.56 916.677 186.53 81.0687 69.3233 4730.92 1040.66 6.52065 3690.26 4551.42 1393.55 3157.87 1092.68 2597.58 730.147 377.262 67.2136 26.9567 40.2569 5.22735 17.4292 4.30561 100.885 365.534 237.443 74.0008 22.8902 51.1106
internal_count=377945 304444 150878 36928 6621 2708 2140 153566 14566 222 139000 73501 21979 51522 48830 90170 30307 16422 2092 674 1418 147 315 176 1600 16190 9314 3082 880 2202
is_linear=0
shrinkage=0.03


Tree=50
num_leaves=31
num_cat=0
split_feature=12 21 16 17 5 1 22 8 19 6 1 1 6 6 22 18 2 1 19 1 1 18 5 6 6 9 18 16 22 6
split_gain=256.093 209.561 139.228 148.703 62.1152 88.5167 59.526 52.9042 57.2897 112.941 119.195 62.3946 50.4666 109.59 85.7635 48.8042 48.147 46.6371 41.9091 40.8187 56.4475 90.8002 62.2076 43.2281 94.7063 102.168 102.425 39.1888 39.097 55.8468
threshold=39.500000000000007 5822.5000000000009 1.0000000180025095e-35 0.016888208687305454 57.055685679062044 5.4248839338193919 67498.000000000015 38.500000000000007 93.500000000000014 56.066423013564041 4.8748919301475171 3.2579041933374406 204.38570124685731 205.59615934756204 4801.5000000000009 6270.5000000000009 0.98296291314453421 3.8908402253256194 298.50000000000006 7.194504414102938 6.7420902274222216 9086.5000000000018 266.30927580079498 147.64676250357326 146.5934760236874 8.5000000000000018 8078.5000000000009 4.5000000000000009 31704.500000000004 56.066423013564041
decision_type=2 2 2 2 2 2 2 2 2 2 2 2 2 2 2 2 2 2 2 2 2 2 2 2 2 2 2 2 2 2
left_child=7 -2 4 6 -3 28 -4 17 9 -9 11 12 -11 -14 -15 -5 18 -1 19 20 23 -22 -23 24 27 -26 -27 -17 -6 -30
right_child=1 2 3 15 5 -7 -8 8 -10 10 -12 -13 13 14 -16 16 -18 -19 -20 -21 21 22 -24 -25 25 26 -28 -29 29 -31
leaf_value=-0.014268890062566262 -0.03014471973778822 0.0024405821213670589 -0.01660589314582523 -0.0072706633465882773 -0.015727623896626686 0.00049589336141465717 -0.0020840657062581704 0.017005269108924175 0.00092680059242099613 -0.005726358251422892 0.014384087673237726 -0.00454673070102205 0.1193062115214128 0.049176318916120204 -0.012711626367484309 0.012751875636642273 0.089995827657764108 0.0027532003140209034 -0.0085322965125335902 -0.022259359838065415 0.012365348159588488 0.1629541351893182 0.042740653065645236 0.0056610904700232084 -0.030741349143805472 0.29951127963322804 0.0065947957902699897 0.047544410690963199 0.04483125828337748 -0.0085452693928377791
leaf_weight=200.29057300835848 256.62143932748586 612.63336266670376 331.01965302508324 187.49448944721371 905.77460037078708 841.97566271387041 1092.4470134358853 1033.3422480858862 1054.6412304425612 57.226545506156981 676.63966883067042 932.92047569155693 10.935374360531567 40.131686477921903 40.480517246760428 548.47797912731767 6.5525222495198241 523.43024105764925 120.76882932707667 35.027129728347063 28.800524849444628 7.694169342517851 7.8033032566308975 975.79076830111444 2.5679604653269044 3.2655821312218904 1.6011841427534816 30.770754437893629 17.834980057552457 1627.7208170397207
leaf_count=4000 26195 10835 18763 6247 51255 24697 43556 9510 15191 1177 9092 24303 63 235 822 12321 109 9108 1974 784 595 157 72 29192 116 94 59 308 780 76335
internal_value=-0.000134413 -0.00349375 -0.00256778 0.00191624 -0.00635125 -0.00793854 -0.00546104 0.00548352 0.00688366 0.00913404 0.00450826 -0.00166944 0.0163732 0.0301877 0.0180984 0.00728332 0.00882578 -0.00195768 0.00852402 0.00977866 0.0104771 0.043872 0.102424 0.00953029 0.0159657 0.122358 0.203141 0.0146001 -0.010722 -0.00796676
internal_weight=12212.7 7642.64 7386.02 3380.08 4005.94 3393.31 1423.47 4570.04 3846.32 2791.68 1758.33 1081.69 148.774 91.5476 80.6122 1956.62 1769.12 723.721 1762.57 1641.8 1606.77 44.298 15.4975 1562.47 586.683 7.43473 4.86677 579.249 2551.33 1645.56
internal_count=377945 304444 278249 114347 163902 153067 62319 73501 60393 45202 35692 26600 2297 1120 1057 52028 45781 13108 45672 43698 42914 824 229 42090 12898 269 153 12629 128370 77115
is_linear=0
shrinkage=0.03


Tree=51
num_leaves=31
num_cat=0
split_feature=13 18 22 5 17 6 6 7 18 0 0 9 0 6 5 8 14 6 6 8 22 0 5 0 20 11 5 10 9 6
split_gain=240.107 194.733 120.249 93.2863 71.3188 64.6032 126.701 51.8183 99.9003 57.9885 103.351 82.029 47.0126 54.4783 92.484 50.7522 49.9025 49.5208 95.9521 46.1428 64.6809 42.6668 108.898 60.7955 51.926 42.515 41.6646 41.5848 41.1058 41.0391
threshold=3314.255493164063 5802.5000000000009 63343.000000000007 141.71728040540543 0.017073792405426506 135.05704670585669 134.09589747094 0.39753625267533632 8357.5000000000018 994.97500000000014 939.49500000000012 23.500000000000004 261.97500000000008 65.988602859113982 41.268379638916763 38.500000000000007 6.5000000000000009 297.5221818375345 314.63076465601802 68.500000000000014 7910.5000000000009 440.99500000000006 109.26259782001118 445.13000000000005 46.427812576293952 14.500000000000002 212.59312500000001 816.50000000000011 17.500000000000004 142.70544683663823
decision_type=2 2 2 2 2 2 2 2 2 2 2 2 2 2 2 2 2 2 2 2 2 2 2 2 2 2 2 2 2 2
left_child=12 25 3 -3 29 6 26 -6 -9 10 21 -12 13 14 27 -16 17 -15 28 -7 -21 -10 -23 24 -24 -2 -5 -1 -19 -4
right_child=1 2 4 5 7 19 -8 8 9 -11 11 -13 -14 16 15 -17 -18 18 -20 20 -22 22 23 -25 -26 -27 -28 -29 -30 -31
leaf_value=-0.00064384173495752022 0.027954182623966584 -0.011032006416670927 -0.022088843694314828 0.00023063220157380424 0.0010026136050718078 -0.010566806329667987 0.17576862908337004 -0.0010996263090402485 0.013716503914724006 -0.012033855677413281 0.051864861183640872 0.18952472061657666 0.016621097733689888 -0.0022207614277395889 0.0009002036379103177 0.015251820641071716 -0.024701409773951404 0.00060922199787425541 0.0024952938551497232 0.074054466719468359 0.002302241183231149 0.21987100138468144 0.16868389917321336 0.023487962683005924 0.036927234288325117 -0.030324311781341113 0.032089093106476341 0.034702883332471339 0.043073179165867094 -0.003311608830992714
leaf_weight=954.87897010613233 11.760077586397527 1915.1139159314334 112.77427837438881 87.669420027174056 2378.1984133888036 360.71282312087715 4.4669231083244076 366.19270005915314 219.15102099627256 42.73608716391027 12.551074320450427 5.6492984127253285 314.8158935951069 1079.4126057876274 275.70498537365347 1133.5481954459101 67.878208546899259 26.731687187217176 450.46601157728583 11.691223425790666 344.05774390138686 2.8610354661941519 5.0942482203245145 84.710010178387165 5.7089081835001707 268.13359279278666 63.855059128254652 30.925848631188273 88.243335889652371 1473.2537203598768
leaf_count=15662 133 104528 6014 3626 66004 13392 89 8200 3823 981 126 75 2816 22883 4845 9362 1664 472 8023 139 13127 75 119 1727 146 27730 1157 273 931 59803
internal_value=-0.000132772 -0.00330682 -0.0023895 -0.00732783 0.000533895 0.000803165 0.0182985 0.00316504 0.0100712 0.0208798 0.0250695 0.0945937 0.00544822 0.00459194 0.00751351 0.0124441 0.000506469 0.00154672 0.00873876 -0.00300601 0.00466028 0.0210844 0.0374982 0.0320353 0.0990573 -0.0278757 0.0136563 0.000465026 0.0332003 -0.00464676
internal_weight=12198.9 7776.34 7496.45 2787.57 4708.88 872.453 155.991 3122.85 744.654 378.462 335.726 18.2004 4422.61 4107.79 2395.06 1409.25 1712.73 1644.85 565.441 716.462 355.749 317.525 98.3742 95.5132 10.8032 279.894 151.524 985.805 114.975 1586.03
internal_count=377945 311014 283151 136058 147093 31530 4872 81276 15272 7072 6091 201 66931 64115 30142 14207 33973 32309 9426 26658 13266 5890 2067 1992 265 27863 4783 15935 1403 65817
is_linear=0
shrinkage=0.03


Tree=52
num_leaves=31
num_cat=0
split_feature=10 18 22 8 14 8 22 10 7 19 13 11 18 10 11 5 17 6 8 22 10 21 17 22 5 14 10 6 17 6
split_gain=226.642 206.342 123.592 105.18 183.689 142.753 112.963 74.6244 68.6358 78.7415 55.6007 120.438 93.3095 84.3055 67.7587 54.4418 64.6059 52.4029 102.053 56.1306 72.4247 51.6485 47.0539 42.2432 41.6682 41.2339 41.0883 40.8836 40.679 42.4738
threshold=129.50000000000003 5802.5000000000009 69181.500000000015 236.50000000000003 1.0000000180025095e-35 235.00000000000003 36280.500000000007 175.50000000000003 0.14876834103164341 8.5000000000000018 1.0000000180025095e-35 3.5000000000000004 1702.5000000000002 2.5000000000000004 1.5000000000000002 147.32879210220676 0.13794241100549701 212.22418771571071 144.50000000000003 13965.500000000002 878.50000000000011 4013.5000000000005 0.10256844386458398 31704.500000000004 143.45892908382868 6.5000000000000009 10.500000000000002 106.17272368264732 0.018287776038050655 135.7451987736971
decision_type=2 2 2 2 2 2 2 2 2 2 2 2 2 2 2 2 2 2 2 2 2 2 2 2 2 2 2 2 2 2
left_child=10 7 3 4 -3 15 -7 -2 22 28 25 13 26 -12 -15 16 -6 18 19 -17 23 -14 -4 -21 -23 -1 -13 -22 -10 -30
right_child=1 2 8 -5 5 6 -8 -9 9 -11 11 12 21 14 -16 17 -18 -19 -20 20 27 24 -24 -25 -26 -27 -28 -29 29 -31
leaf_value=0.0032476609587286892 0.00017015985224693385 -0.010347718076561646 -0.0028700347911464709 -0.014051943543307356 -0.005308991516632648 0.051963347766321284 0.26570213807199494 -0.030343244020120112 -0.010489717647557106 0.0054651074161202878 0.01159144805089221 0.016299714936964405 0.0099975169513678609 0.049743402159192346 0.01704843533711474 -0.0032492659651420603 0.019894062123235405 0.0073949562949136554 0.14533803173126519 0.054407861890753154 0.068505742680316159 0.0039509258629301155 0.0060580016316150506 0.14170353996899429 -0.012808031160206184 -0.010679384751494395 -0.021445224625746953 0.0055870953403156579 0.11047317644381806 0.039366955919297349
leaf_weight=757.71240683831275 92.834107959643006 1163.186166357249 2672.9852830888703 1080.798625654541 409.34832167439163 7.1792411077767593 3.2251701112836599 323.50728311575949 10.247305249795316 1302.9062014948577 516.4650790579617 30.832042837515473 1247.3554785680026 114.73469530045986 113.46726575493813 40.331906410865486 117.90577404852957 237.05472846515477 6.7266265433281651 13.154044751077892 12.38127847202122 565.7445848248899 663.07735598366708 8.0373954232782108 174.76957828551531 255.9603796005249 164.13690163381398 37.28334662783891 9.9057759344577772 31.93277695029974
leaf_count=10780 1453 57160 101074 58654 20892 204 65 31727 350 31641 3776 434 16953 553 827 935 4976 6742 119 269 173 7162 7302 158 2858 4956 3858 1143 252 499
internal_value=-0.000130961 -0.00295987 -0.00186527 -0.00647531 -0.00249207 0.00774465 0.118218 -0.0235395 0.00121717 0.00691107 0.00578645 0.00788321 0.00432914 0.0183012 0.0334867 0.00644179 0.000326973 0.0155244 0.0318679 0.0250032 0.0410848 0.00627165 -0.00109549 0.087517 -4.37438e-06 -0.000269028 -0.0154763 0.0212726 0.0430813 0.0562022
internal_weight=12185.2 8244.01 7827.67 3136.61 2055.81 892.628 10.4044 416.341 4691.05 1354.99 3941.18 2927.51 2182.84 744.667 228.202 882.223 527.254 354.969 117.915 111.188 70.8561 1987.87 3336.06 21.1914 740.514 1013.67 194.969 49.6646 52.0859 41.8386
internal_count=377945 325788 292608 151490 92836 35676 269 33180 141118 32742 52157 36421 31265 5156 1380 35407 25868 9539 2797 2678 1743 26973 108376 427 10020 15736 4292 1316 1101 751
is_linear=0
shrinkage=0.03


Tree=53
num_leaves=31
num_cat=0
split_feature=12 21 22 5 6 7 22 2 3 10 8 22 18 18 6 22 6 5 5 6 6 10 6 10 8 7 5 21 19 6
split_gain=216.262 194.392 104.916 83.2147 59.1335 56.4858 52.7795 51.1213 81.5454 53.8294 50.6536 55.8277 49.7476 49.7377 61.632 53.6182 67.0696 57.3611 62.7344 46.4827 43.5853 42.5219 39.2286 40.5868 37.3767 37.8078 35.5106 45.7733 53.2805 38.9297
threshold=39.500000000000007 5822.5000000000009 63343.000000000007 141.71728040540543 146.12696179302233 0.16015077138552916 13381.000000000002 0.37940952255126054 1.0000000180025095e-35 175.50000000000003 68.500000000000014 7910.5000000000009 8357.5000000000018 9572.5000000000018 112.45351846479544 17876.500000000004 110.14181666427147 170.38097001763671 157.33394799288121 134.09589747094 144.52116561148964 760.50000000000011 45.735444215470999 1090.5000000000002 96.500000000000014 0.39753625267533632 184.63584881756759 8143.5000000000009 8.5000000000000018 239.13200698181927
decision_type=2 2 2 2 2 2 2 2 2 2 2 2 2 2 2 2 2 2 2 2 2 2 2 2 2 2 2 2 2 2
left_child=7 -2 3 -3 6 22 -5 9 -9 24 -6 -12 -7 14 15 17 -17 18 -8 -15 -16 -14 23 -4 -1 -26 29 28 -28 -24
right_child=1 2 5 4 10 12 13 8 -10 -11 11 -13 21 19 20 16 -18 -19 -20 -21 -22 -23 26 -25 25 -27 27 -29 -30 -31
leaf_value=-0.001913171962337554 -0.030106683701424504 -0.010686656494606105 0.0033350819109782743 0.00097694381824211499 -0.011891547251958517 -0.0011271571103302258 0.060954530615030977 0.021084625649483088 0.0051685906334098452 -0.012474770195116979 0.069484639733784326 0.0023247350632871057 0.061039460687855207 0.039169263153235857 -0.011282075628938151 -0.0053327637584589024 0.20265901828777969 0.057604683431538885 0.27562841492733708 0.18025820163404138 0.094264717010338478 0.0095991608817057247 -0.0037264086458877249 0.039737526827494506 0.0039853687743172331 0.014084239040599779 0.14826478992444331 -0.0042432566775167466 0.0095055456972966881 -0.015754369385452251
leaf_weight=750.90246454253793 235.00182559015229 1840.6114608747885 595.75961592793465 99.018045086413622 328.74650952592492 570.10137451812625 2.2862537875771531 406.6504337573424 1007.5121531449258 192.74841652996838 11.525459466502069 332.78988606855273 14.749064054340122 4.7102909591048938 34.944083559326828 14.982067976146936 1.5386242140084512 14.600981563329697 2.6397154666483402 3.7946442607790232 3.9157976582646361 744.82653710432351 1629.9649509293959 28.902820494025946 1838.1852313708514 407.62615937739611 2.5095907747745505 436.84193956851959 327.42265304829925 284.44316016789526
leaf_count=11582 26195 102373 7129 3224 12391 14317 90 7527 14452 9613 133 12622 324 191 1386 500 52 149 84 71 67 18433 71766 307 26661 3666 85 11795 8350 12410
internal_value=-0.000129335 -0.00324866 -0.00238777 -0.00709347 0.000637362 0.000349145 0.0157872 0.00499766 0.00974534 0.0028926 -0.00346894 0.00457282 0.00557082 0.0333684 0.0255625 0.0538161 0.0140382 0.08747 0.175993 0.102119 -0.000646431 0.010598 -0.00175112 0.0050194 0.00388103 0.00581836 -0.00332852 0.00212681 0.010561 -0.00551353
internal_weight=12170.3 7566.63 7331.63 2696.1 855.492 4635.52 182.431 4603.62 1414.16 3189.46 673.062 344.315 1329.68 83.4125 74.9075 36.0476 16.5207 19.527 4.92597 8.50494 38.8599 759.576 3305.84 624.662 2996.71 2245.81 2681.18 766.774 329.932 1914.41
internal_count=377945 304444 278249 133333 30960 144916 5814 73501 21979 51522 25146 12755 33074 2590 2328 875 552 323 174 262 1453 18757 111842 7436 41909 30327 104406 20230 8435 84176
is_linear=0
shrinkage=0.03


Tree=54
num_leaves=31
num_cat=0
split_feature=12 21 16 17 7 17 2 3 10 10 12 2 6 10 1 6 10 6 21 9 1 7 7 2 11 13 12 19 21 16
split_gain=203.439 189.554 126.978 129.285 57.3316 49.9282 48.1552 62.9426 61.6792 52.2421 43.6565 41.0481 40.8381 40.5711 37.9662 52.2278 49.3858 46.0826 40.4633 36.2643 44.0559 67.0242 36.2248 35.2473 34.8068 38.9629 33.6988 33.4888 43.0994 43.3945
threshold=39.500000000000007 5822.5000000000009 1.0000000180025095e-35 0.019963018596172336 0.28462785923904005 0.0055953201372176417 0.25881904510252091 0.37940952255126048 113.50000000000001 175.50000000000003 1.0000000180025095e-35 0.91597561503675362 48.886040805021644 807.50000000000011 4.8368371540934918 65.988602859113982 4.5000000000000009 36.744629843552012 1657.5000000000002 2.5000000000000004 4.0944278886117624 0.13559237339368782 -0.31791064359130944 0.78656609248549325 13.500000000000002 744.43298339843761 19.500000000000004 302.50000000000006 6662.5000000000009 1.5000000000000002
decision_type=2 2 2 2 2 2 2 2 2 2 2 2 2 2 2 2 2 2 2 2 2 2 2 2 2 2 2 2 2 2
left_child=6 -2 4 5 12 -4 9 8 10 14 -8 27 19 -6 15 17 -16 -1 -18 -3 -21 -22 -10 -12 25 -20 -19 28 -5 -30
right_child=1 2 3 11 13 -7 7 -9 22 -11 23 -13 -14 -15 16 -17 18 26 24 20 21 -23 -24 -25 -26 -27 -28 -29 29 -31
leaf_value=-0.00088145489180859935 -0.030091110660005315 -0.012479800124912193 -0.01715095156178521 -0.0018022001288001109 0.019690728939961342 -0.0019327171970933076 0.010563559849132534 0.0022929303020057861 -0.0035889314049600161 -0.016229862196102816 0.05478955251624356 0.03783309306045235 -0.0099086583224452865 -0.001777437446108019 0.027112735334798212 -0.0048552722724148163 -0.013694976107089703 0.0082442096251055669 0.008331388518219178 0.0032277266435752345 0.23046430750424582 -0.00018634596098817305 0.013826364779214896 0.025489466374137983 -0.00050334803921312182 0.030801980834714651 0.034598668847837501 -0.0086416691146313507 0.0061655330752991878 0.017658885730772567
leaf_weight=677.8239060882479 228.17272517737001 165.28350111562759 224.06903107278049 309.32612860854715 86.176728559657931 1447.1062452923506 157.13367831707001 669.27110804244876 178.87190736271441 126.15423477161676 44.947858199477196 39.93850564584136 2332.2327394774184 982.30134063307196 118.31415190547705 761.44090327434242 81.792087361216545 733.05352181755006 233.99855886399746 371.84337001666427 1.9450927060097445 2.71873330604285 269.38266560900956 207.70052181556821 214.22853505238891 98.760004486888647 46.432385019958019 113.92388935759664 746.21974667906761 489.65670822933316
leaf_count=11451 26195 9236 13228 9793 2575 58349 1817 8906 5460 6909 383 640 114865 32428 906 15180 1220 6792 2363 4670 70 58 6942 1623 2320 880 349 1887 19652 10798
internal_value=-0.000127376 -0.00316437 -0.0023242 0.00195144 -0.00597923 -0.00397316 0.00483045 0.00918869 0.0145674 0.00267768 0.0229799 0.00777879 -0.00818505 -4.595e-05 0.00348193 0.00151232 0.00933134 0.00483938 0.00598551 -0.000765477 0.00437701 0.0960087 0.00687695 0.0307022 0.00892837 0.0150005 0.00981409 0.00705532 0.00821262 0.0107192
internal_weight=12160.2 7540.91 7312.74 3370.24 3942.5 1671.18 4619.31 1527.31 858.037 3092 409.782 1699.06 2874.02 1068.48 2965.84 2218.75 747.093 1457.31 628.779 541.791 376.507 4.66383 448.255 252.648 546.987 332.759 779.486 1659.13 1545.2 1235.88
internal_count=377945 304444 278249 114347 163902 71577 73501 25131 16225 48370 3823 42770 128899 35003 41461 33772 7689 18592 6783 14034 4798 128 12402 2006 5563 3243 7141 42130 40243 30450
is_linear=0
shrinkage=0.03


Tree=55
num_leaves=31
num_cat=0
split_feature=12 18 16 7 6 5 5 18 6 5 8 5 7 5 6 2 5 0 0 0 0 12 18 18 0 0 6 6 0 21
split_gain=191.376 184.915 121.495 54.6502 52.2332 81.5985 121.82 70.5768 60.2402 130.204 122.496 54.2531 45.4933 43.2463 42.6708 41.1937 40.8909 69.5809 39.8265 44.227 58.7983 38.4204 97.175 48.939 42.609 43.018 38.0031 71.4523 69.431 43.8559
threshold=39.500000000000007 5802.5000000000009 1.0000000180025095e-35 0.28462785923904005 101.09758030336077 102.58994080996887 103.23119735755576 8170.5000000000009 98.902917127684944 92.912905863988058 83.500000000000014 143.45892908382868 -0.14746406454436503 57.055685679062044 36.744629843552012 0.98296291314453421 285.87276190476194 500.07500000000005 75.003000000000014 100.02150000000002 108.96000000000002 1.0000000180025095e-35 24.500000000000004 2.5000000000000004 19.582500000000003 14.932500000000003 217.33991745726482 217.1762877487574 24.995000000000001 8812.5000000000018
decision_type=2 2 2 2 2 2 2 2 2 2 2 2 2 2 2 2 2 2 2 2 2 2 2 2 2 2 2 2 2 2
left_child=12 -2 3 13 8 -6 7 -7 14 -10 -11 26 21 -3 15 -4 -5 -18 -15 -20 -21 -1 23 -23 25 -24 27 -8 -29 -30
right_child=1 2 4 16 5 6 11 -9 9 10 -12 -13 -14 18 -16 -17 17 -19 19 20 -22 22 24 -25 -26 -27 -28 28 29 -31
leaf_value=-0.0041560490953511248 -0.03007622557955528 0.00046661802668941887 -0.0018160396560971041 -0.0018205084938557534 -0.015201150679633211 0.18448332704979736 -0.0014999756342078791 0.018855275251394729 -0.024839933024091574 0.021552591702128355 0.31477953696588568 0.0068686837328769505 0.0081995371692094119 -0.013177800249501864 0.014662579450574047 0.10654335723789934 0.067826848082234034 0.0047734069961578333 0.0058419394928944275 -0.021744979902211595 -0.0039107387590146814 -0.012872494120852252 0.0022011623140689297 0.022146613720776111 -0.0011473216871304886 0.024734652939572929 -0.013884115590635392 0.25023131565757994 0.059312789913316934 -0.012920010895102182
leaf_weight=655.7148404866457 221.63768170913681 454.51153015065938 282.48293366376311 981.36285834386945 283.23337716888636 5.1404186040163022 1171.9248878005892 4.2132977116852999 5.2400849536061269 2.2737370152026415 2.9402872659265995 971.04801559448242 1923.3583465353586 1300.6773947896436 389.24072907678783 3.1931673157960168 20.572945430874825 67.206556865945458 244.11211406625807 226.38183740526438 627.72178373113275 40.406659957021475 195.09478899370879 323.16574144363403 1368.984377399087 125.16946918331087 217.07451919466257 1.3878634516149748 21.273899126797915 11.739310536533592
leaf_count=10983 26160 7941 5041 33540 16259 137 50218 161 301 74 70 23557 25461 72323 7316 39 257 1260 12785 11988 24040 305 2657 2130 30257 1708 9703 57 747 470
internal_value=-0.000125284 -0.00308107 -0.0022609 -0.00585074 0.00191456 2.89522e-05 0.00182347 0.109878 0.00930718 0.0807705 0.186909 0.00140137 0.00467134 -0.00801829 0.00820025 -0.000604844 -6.58258e-05 0.0195513 -0.0096259 -0.00541919 -0.00863774 0.00216593 0.00418531 0.0182547 0.0011572 0.011008 -0.00232845 -0.000249045 0.0423658 0.0336272
internal_weight=12148.5 7516.59 7294.95 3922.55 3372.41 2687.04 2403.8 9.35372 685.371 10.4541 5.21402 2394.45 4631.89 2853.4 674.917 285.676 1069.14 87.7795 2398.89 1098.22 854.104 2708.54 2052.82 363.572 1689.25 320.264 1423.4 1206.33 34.4011 33.0132
internal_count=377945 304444 278284 164134 114150 101309 85050 298 12841 445 144 84752 73501 129077 12396 5080 35057 1517 121136 48813 36028 48040 37057 2435 34622 4365 61195 51492 1274 1217
is_linear=0
shrinkage=0.03


Tree=56
num_leaves=31
num_cat=0
split_feature=12 18 16 17 22 6 1 17 1 18 8 19 6 1 1 6 6 22 1 8 19 21 18 2 1 4 6 2 1 1
split_gain=180.118 180.256 114.938 116.56 52.7398 62.0979 55.3211 46.7035 45.5597 66.9708 45.0708 53.6222 89.35 98.2843 54.8204 45.4613 93.1386 77.8 43.4146 39.5113 37.5534 37.3049 90.4585 46.2146 38.9256 39.5088 36.8405 35.668 35.3467 69.5784
threshold=39.500000000000007 5802.5000000000009 1.0000000180025095e-35 0.019963018596172336 31704.500000000004 56.066423013564041 5.1239342166126916 0.0055953201372176417 5.8080674092685385 8199.0000000000018 38.500000000000007 93.500000000000014 56.066423013564041 4.8748919301475171 3.2579041933374406 204.38570124685731 205.59615934756204 4801.5000000000009 3.8908402253256194 164.50000000000003 6.5000000000000009 3331.5000000000005 3723.5000000000005 1.0000000180025095e-35 4.4420746196097438 1.0000000180025095e-35 54.495980883061954 0.91597561503675362 6.9037221565529414 6.894112511483347
decision_type=2 2 2 2 2 2 2 2 2 2 2 2 2 2 2 2 2 2 2 2 2 2 2 2 2 2 2 2 2 2
left_child=10 -2 4 7 6 19 -3 -4 -7 -10 18 12 26 14 15 -14 -17 -18 -1 -6 -20 -16 23 -23 25 -25 -12 -5 29 -11
right_child=1 2 3 27 5 8 -8 -9 9 28 11 -13 13 -15 21 16 17 -19 20 -21 -22 22 -24 24 -26 -27 -28 -29 -30 -31
leaf_value=-0.014250123423973297 -0.030060591978291067 -0.014912870644990993 -0.016758115588766557 0.0066533940905016999 0.021817848276966839 -0.0076336005477450151 -0.00074973640219258477 -0.0018588112027147145 -0.011763936785061825 0.015037471330291525 0.0142052767235256 8.2948040898067437e-05 -0.0058837157795467799 0.012620002688444605 -0.010320440725499588 0.10714881755390022 0.046449489394806559 -0.012704335345102808 0.00078954723270008526 0.0016411409188334134 0.048559591731753282 0.016260209413283617 -0.0047305386506723548 0.13952047784464705 -0.0043603399228892246 0.048194817552263215 0.065041976610693039 0.034788317562394991 -0.013018300101403261 0.094138630605968804
leaf_weight=199.66451683873311 215.19748408766463 872.23076434992254 217.93696943763644 1674.2863843264058 109.93156898301095 1775.4344412488863 346.93216864019632 1443.4117758227512 147.34150429442525 176.72393435612321 1051.4574566092342 1073.8949092430994 57.425559121184051 696.66621222347021 483.05304128862917 11.716969326138495 39.639155351556838 40.409953332040459 514.60228179953992 425.24071878939867 15.249780891463159 60.351096179336309 364.89367586234584 7.6107919812202498 5.3298749960958949 9.6932204440236092 12.988069701939819 41.560234263539314 35.794702457264066 10.608880672603844
leaf_count=4000 26160 52866 13262 41912 2071 82924 12234 58339 4019 4536 9389 15191 1177 9092 11305 63 235 822 8900 4409 208 1064 11624 81 78 151 121 637 976 99
internal_value=-0.000123696 -0.00300108 -0.00220092 0.00185072 -0.00570921 -0.00335676 -0.0108825 -0.00381331 -0.00563682 0.00393254 0.00451803 0.0057937 0.00795218 0.00383444 -0.00183214 0.0150506 0.0281509 0.0165878 -0.00232814 0.00578571 0.00216443 -0.00453777 0.00169904 0.0299706 0.0665279 0.0883624 0.0148256 0.00733486 0.0142977 0.0195171
internal_weight=12137.3 7492.63 7277.43 3377.2 3900.24 2681.08 1219.16 1661.35 2145.9 370.469 4644.65 3915.13 2841.24 1776.79 1080.12 149.192 91.7661 80.0491 729.517 535.172 529.852 930.932 447.879 82.985 22.6339 17.304 1064.45 1715.85 223.128 187.333
internal_count=377945 304444 278284 114150 164134 99034 65100 71601 92554 9630 73501 60393 45202 35692 26600 2297 1120 1057 13108 6480 9108 24303 12998 1374 310 232 9510 42549 5611 4635
is_linear=0
shrinkage=0.03


Tree=57
num_leaves=31
num_cat=0
split_feature=6 5 6 6 21 1 17 1 1 1 1 19 5 5 5 18 5 5 1 1 1 6 5 6 1 1 21 5 1 19
split_gain=169.633 192.189 118.542 113.045 101.473 82.838 80.4273 61.9113 61.7934 175.857 54.7098 52.2984 52.2425 58.4727 57.483 50.0019 49.2708 48.1662 46.1876 60.1912 57.234 67.4057 73.5323 62.1451 44.8406 67.3214 38.9841 38.9836 37.9559 38.6737
threshold=56.066423013564041 182.7352221345952 38.091680187016983 39.08864296050232 56.500000000000007 4.7537625751797847 0.19605058431625369 4.0935942773539606 6.9037221565529414 6.8464061939002017 4.6823117500873144 5.5000000000000009 73.191791666666674 48.186564067272009 47.244698122241168 8268.5000000000018 186.5685638953041 194.67837767687723 3.9111225951759701 3.9126326336305111 2.818726188134383 204.38570124685731 118.29433513621795 205.59615934756204 4.0935942773539606 4.0605895407973458 6550.5000000000009 266.30927580079498 5.2937518610043908 2.5000000000000004
decision_type=2 2 2 2 2 2 2 2 2 2 2 2 2 2 2 2 2 2 2 2 2 2 2 2 2 2 2 2 2 2
left_child=2 5 28 6 17 10 11 -6 9 -9 18 -4 13 14 -5 -11 -10 -3 20 -20 21 -2 -23 -24 25 -21 -26 -17 29 -1
right_child=1 4 3 12 7 -7 -8 8 16 15 -12 -13 -14 -15 -16 27 -18 -19 19 24 -22 22 23 -25 26 -27 -28 -29 -30 -31
leaf_value=-0.0097688420698027398 -0.0054163641171625695 0.0542865139762789 -0.028181336804415317 0.0073893422624706452 -0.0071882869531358943 -0.00087990357261602092 -0.0011299663102691082 0.004743638818944104 0.088580017549420589 0.013210590248691065 -0.019967058641206934 0.04441174543100266 -0.0098856365781770927 0.01575624690754273 -0.014498583039117498 0.13238522857692261 -0.018611795757657 0.014976580233034094 0.01284589857194157 -0.0031487909475078854 -0.013486372949189191 0.19221886530677573 0.090635357083557605 -0.0067345041917876783 -0.011452541829297568 -0.023791945607804 0.0010561275647074453 0.061245938315147422 0.022073893645166556 0.0012375653227448024
leaf_weight=348.57195681845769 66.835239226929843 48.027310781180859 9.4500437052920443 664.11286957748234 477.84188749268651 1921.6501148194075 55.370446108747274 2052.7195550072938 3.9809819506481281 10.915942767634986 345.6439772550948 162.88054541870952 138.25203535798937 693.60990105848759 128.95595750305802 11.214783281087877 126.26192837534472 67.452470552176237 166.91828784579411 301.87024615798146 1203.4642505482771 2.9414719352498677 10.039520606398584 14.305045816116033 313.61291363369673 268.77582008531317 786.8339064642787 18.157098647207022 68.147522961255163 1635.0926206274889
leaf_count=14638 2266 258 438 6234 14843 71651 717 48226 85 204 18388 1144 6071 9036 1117 147 2901 579 8837 12984 61400 88 54 431 12896 15293 40180 132 1194 25513
internal_value=-0.000121793 -0.00256755 0.0050269 0.010528 0.003786 -0.00587971 0.0303245 0.00260861 0.00471425 0.00596189 -0.0086396 0.040431 0.00775397 0.00939434 0.00383028 0.0680336 -0.0153354 0.0313253 -0.00739095 -0.00433168 -0.0117244 0.0108052 0.0505388 0.0334201 -0.00604748 -0.0128718 -0.00250868 0.0884084 5.97865e-05 -0.000696494
internal_weight=12123.9 8219.46 3904.44 1852.63 2816.57 5402.89 227.701 2701.09 2223.25 2093.01 3481.24 172.331 1624.93 1486.68 793.069 40.2878 130.243 115.48 3135.6 1838.01 1297.59 94.1213 27.286 24.3446 1671.09 570.646 1100.45 29.3719 2051.81 1983.66
internal_count=377945 311843 66102 24757 67375 244468 2299 66538 51695 48709 172817 1582 22458 16387 7351 483 2986 837 154429 90190 64239 2839 573 485 81353 28277 53076 279 41345 40151
is_linear=0
shrinkage=0.03


Tree=58
num_leaves=31
num_cat=0
split_feature=12 21 16 17 22 22 5 0 2 3 10 10 0 18 0 18 3 5 22 7 12 2 3 0 10 13 17 22 17 9
split_gain=163.03 175.586 107.698 105.704 49.7941 49.1434 53.4377 52.2434 44.378 59.0463 53.3649 47.8614 40.9037 57.824 51.0552 40.5703 38.5692 49.3287 58.6181 38.1082 37.6241 35.0616 34.9191 43.9779 40.1611 40.52 34.5242 33.6531 33.6206 35.1644
threshold=39.500000000000007 5822.5000000000009 1.0000000180025095e-35 0.016888208687305454 67498.000000000015 31704.500000000004 73.191791666666674 166.99500000000003 0.25881904510252091 0.37940952255126048 113.50000000000001 175.50000000000003 440.99500000000006 8199.0000000000018 445.13000000000005 6270.5000000000009 -0.3794095225512602 61.361111111111121 39452.500000000007 0.47426646509917686 1.0000000180025095e-35 0.91597561503675362 -0.3794095225512602 125.07000000000001 76.500000000000014 744.43298339843761 0.20019646733999255 675224.50000000012 0.095247998833656325 14.500000000000002
decision_type=2 2 2 2 2 2 2 2 2 2 2 2 2 2 2 2 2 2 2 2 2 2 2 2 2 2 2 2 2 2
left_child=8 -2 5 4 -4 7 16 -3 11 10 20 22 -8 -14 -15 -5 -7 -18 -19 26 -10 -17 -1 28 25 -25 -20 -22 -24 -30
right_child=1 2 3 15 -6 6 12 -9 9 -11 -12 -13 13 14 -16 21 17 18 19 -21 27 -23 23 24 -26 -27 -28 -29 29 -31
leaf_value=-0.0027449634631326464 -0.030044057813176588 -0.014545746555311838 -0.01530255542747464 -0.007117810029438322 -0.0015412478145850324 -0.012714128527546753 -0.0069293387791512333 -0.00073390700670173769 0.0098603648383811544 0.0017841892162532248 0.0064638004744274049 -0.016019719079443041 -0.011935577023663539 0.068363035640906497 0.01146523136414038 0.0069455774057311367 0.0072790779610790203 -0.015401838999011024 0.015201130474921651 0.22986349546510285 0.031314967622039114 0.034511386883706453 -0.0037563167467298659 0.012915405703141328 0.0011951451328518008 0.037681945136931988 0.21585060327144578 -0.011842474799123856 -0.0036315812610015199 0.0083470348860081676
leaf_weight=726.24333170615137 208.05973137449473 852.7380771106109 303.63926721084863 186.06074362900108 1072.587440751493 90.288497564382851 1868.6938442960382 346.67620807699859 159.06537526845932 675.21912879031152 451.83832847513258 124.30492047173902 100.79071968514472 15.77345843054354 141.7056803945452 1772.5710503868759 440.28643829096109 3.9153750883415324 2.6174918441101913 2.2955642882734537 241.07995847612619 42.523428851738572 541.42528786323965 288.13633469864726 196.75155484303832 74.911256484687328 1.094484109431505 17.437556345015764 295.96233605779707 865.76880786754191
leaf_count=10788 26195 52703 18763 6247 43556 1236 86071 12194 1817 8906 12402 6909 2720 381 3358 45135 4798 190 138 65 1805 646 10798 2850 2100 628 48 201 5184 9113
internal_value=-0.000119997 -0.00287191 -0.00209151 0.00182246 -0.00457743 -0.00551003 -0.00324221 -0.0105536 0.00428265 0.00843993 0.013609 0.00222018 -0.0053827 0.00580793 0.0171642 0.00622377 0.00518103 0.00876987 0.0749171 0.133782 0.0213403 0.00759138 0.00297868 0.00481555 0.0121103 0.0180257 0.0743631 0.0284039 0.00241788 0.00529537
internal_weight=12110.5 7452.32 7244.26 3377.38 1376.23 3866.88 2667.46 1199.41 4658.14 1544.64 869.421 3113.5 2126.96 258.27 157.479 2001.16 540.498 450.209 9.92292 6.00754 417.583 1815.09 2989.2 2262.96 559.799 363.048 3.71198 258.518 1703.16 1161.73
internal_count=377945 304444 278249 114347 62319 163902 99005 64897 73501 25131 16225 48370 92530 6459 3739 52028 6475 5239 441 251 3823 45781 41461 30673 5578 3478 186 2006 25095 14297
is_linear=0
shrinkage=0.03


Tree=59
num_leaves=31
num_cat=0
split_feature=12 21 16 17 7 19 2 3 10 10 10 5 0 21 0 0 21 19 5 5 12 19 19 3 0 10 13 2 0 17
split_gain=153.409 171.113 101.945 99.1748 46.9832 43.6744 41.3581 54.7627 49.2543 45.5245 37.2277 38.3036 60.6991 35.7223 35.7699 43.9973 64.0337 35.9743 35.3015 37.9468 34.5557 33.5944 33.8182 32.7454 40.8372 37.02 36.5689 32.3219 31.9673 31.5536
threshold=39.500000000000007 5822.5000000000009 1.0000000180025095e-35 0.016888208687305454 0.28462785923904005 7.5000000000000009 0.25881904510252091 0.37940952255126048 113.50000000000001 175.50000000000003 807.50000000000011 285.87276190476194 500.07500000000005 6662.5000000000009 1331.0900000000004 846.33000000000004 9174.5000000000018 59.500000000000007 57.055685679062044 126.75248425355134 1.0000000180025095e-35 298.50000000000006 296.50000000000006 -0.3794095225512602 125.07000000000001 76.500000000000014 744.43298339843761 0.91597561503675362 129.96000000000001 0.095247998833656325
decision_type=2 2 2 2 2 2 2 2 2 2 2 2 2 2 2 2 2 2 2 2 2 2 2 2 2 2 2 2 2 2
left_child=6 -2 4 5 18 -4 9 8 20 23 -6 -12 -13 -5 15 21 -17 -18 -3 -20 -8 22 27 -1 29 26 -26 -15 -27 -25
right_child=1 2 3 13 10 -7 7 -9 -10 -11 11 12 -14 14 -16 16 17 -19 19 -21 -22 -23 -24 24 25 28 -28 -29 -30 -31
leaf_value=-0.0026683523836214624 -0.030028345019299241 0.00019145608940854435 -0.01482456984133727 -0.0027933399255865772 0.018716988902516829 -0.0016925028227365202 0.0094941425093749421 0.001728384506772421 0.0062358091102755406 -0.015779676742069801 -0.0035045805651538662 0.06392706883112359 0.0035194731826898714 0.0079230626840349084 -0.023375130922969448 0.010179035945204754 0.057854122410322228 0.15760335608247364 -0.012650519318047651 -0.0049796479605325236 0.027180600256500952 -0.0074245269686825975 0.087651204859936591 -0.0036551672544753722 0.012418551952815719 0.074595504027388057 0.035713926939641781 0.037599663042493341 -0.00083115534839013747 0.0051184187189154875
leaf_weight=724.70540970936418 202.01470761932433 457.26807280816138 288.80271369405091 344.29840551689267 87.60264627635479 1081.4032607041299 160.22696850821376 676.09590689279139 454.26975455880165 122.43847627937794 894.67691586911678 19.611598689109087 63.263033716008067 1427.5369439087808 32.436492592096329 28.543285125866532 12.452453771606089 4.4051003605127326 1195.8315689377487 1127.7683394337073 261.98428935557604 123.41006769984961 4.8880150131881228 539.74187849275768 290.63548566028476 5.1940527707338324 76.640730693936348 33.812590658664703 191.73785800486803 1165.707844985649
leaf_count=10788 26195 7946 18130 11204 2575 44189 1817 8906 12402 6909 30988 241 1199 36801 722 555 147 60 71671 49282 2006 1986 43 10798 2850 44 628 510 2056 14297
internal_value=-0.000118056 -0.00279598 -0.00203487 0.00176453 -0.00537586 -0.00446039 0.00414313 0.00814349 0.013092 0.00215042 -1.82556e-05 -0.0016972 0.0178144 0.00600426 0.00782076 0.00843964 0.0375594 0.0839199 -0.00742798 -0.00892743 0.0204687 0.00760797 0.00887322 0.00288357 0.00465631 0.0116526 0.0172797 0.00860972 0.00115821 0.00234175
internal_weight=12099.4 7430.03 7228.01 3381.99 3846.02 1370.21 4669.38 1552.58 876.481 3116.8 1065.15 977.552 82.8746 2011.78 1667.48 1635.05 45.4008 16.8576 2780.87 2323.6 422.211 1589.65 1466.24 2994.36 2269.66 564.208 367.276 1461.35 196.932 1705.45
internal_count=377945 304444 278249 114347 163902 62319 73501 25131 16225 48370 35003 32428 1440 52028 40824 40102 762 207 128899 120953 3823 39340 37354 41461 30673 5578 3478 37311 2100 25095
is_linear=0
shrinkage=0.03


Tree=60
num_leaves=31
num_cat=0
split_feature=12 22 8 8 14 22 8 22 8 19 17 5 5 5 19 8 5 22 10 11 0 5 8 22 8 22 17 0 5 8
split_gain=144.35 99.4305 72.1395 145.886 101.488 87.4838 54.5308 48.5715 52.1497 45.8385 45.7 43.0904 137.922 89.1791 65.7908 87.1662 64.9102 90.1644 92.4746 53.191 54.809 41.6071 41.2438 168.222 96.3071 212.705 78.5487 47.4082 41.0565 40.0711
threshold=39.500000000000007 54730.500000000007 236.50000000000003 235.00000000000003 1.0000000180025095e-35 36280.500000000007 164.50000000000003 12911.000000000002 51.500000000000007 4.5000000000000009 0.017073792405426506 106.03914328125617 102.58994080996887 184.63584881756759 8.5000000000000018 498.00000000000006 103.23119735755576 73248.500000000015 1024.5000000000002 37.500000000000007 87.002500000000012 101.21233109812631 40.500000000000007 14504.000000000002 42.500000000000007 20754.500000000004 0.093354616314172759 171.11500000000004 291.33348056365406 38.500000000000007
decision_type=2 2 2 2 2 2 2 2 2 2 2 2 2 2 2 2 2 2 2 2 2 2 2 2 2 2 2 2 2 2
left_child=29 2 3 4 -2 -5 7 28 22 -10 21 12 -12 -13 -15 -16 19 -18 -19 20 -14 -3 -9 -24 25 26 -25 -26 -6 -1
right_child=1 10 -4 5 6 -7 -8 8 9 -11 11 13 16 14 15 -17 17 18 -20 -21 -22 -23 23 24 27 -27 -28 -29 -30 -31
leaf_value=-0.0024459055576148644 -0.011438259881642706 -0.019021389502089522 -0.016023812946625197 0.043060107619147178 -0.012906603714217722 0.21122687635835663 -0.016594875896217953 0.01554453919336418 -0.0051868347033212385 0.019340820158436564 0.00431415260006096 -0.00727944100063914 0.27586955731705298 0.026821794711328749 -0.016693722667372089 0.0064623797417981809 -0.017014667756763014 0.05544392528624778 0.2751960209795774 0.071348282842182434 0.065900615155934372 -0.002845953196699582 0.33128213617490798 0.18014744348053807 -0.01397647910732094 0.0053131984643153751 0.50561683833473658 0.051519138679619603 0.023351769974764274 0.0052019356731190774
leaf_weight=730.63862229790539 1010.3677123067901 158.884546617046 674.0608840030618 8.8452715435996634 154.84870717395097 4.0630003884434691 108.02586095174775 114.13532446045429 179.88250605203211 110.82101517077535 1142.2957291952334 1017.4082928309217 2.8310583829879752 111.33689558133483 175.93408311158419 868.75066658994183 15.404357023071499 10.709729766473172 2.0539853274822226 10.533117458224295 1.8500523651018737 1442.3588135694154 1.8232347108423699 1.2777151009067886 19.286075877957046 4.0440615527331829 1.3970556701533494 20.539481840096414 34.339554498437792 3950.0961383888498
leaf_count=13108 56855 9489 44864 283 8788 71 6054 4164 8622 4645 17864 48062 86 2772 5432 21501 846 408 69 370 54 61033 88 49 916 131 58 327 543 60393
internal_value=-0.000115995 -0.00272179 -0.00766944 -0.00449452 -0.00523118 0.0959922 0.00312604 0.00644233 0.0117721 0.00416352 -0.000280298 0.00170781 0.00630814 -0.000801823 0.00489909 0.00256269 0.0588115 0.0318424 0.0908073 0.108743 0.192886 -0.00445097 0.0253832 0.0486 0.0375268 0.14259 0.350143 0.019802 -0.00632535 0.00400815
internal_weight=12088.8 7408.11 2447.76 1773.7 1760.79 12.9083 750.421 642.395 453.206 290.704 4960.35 3359.11 1185.68 2173.43 1156.02 1044.68 43.3823 28.1681 12.7637 15.2142 4.68111 1601.24 162.503 48.3676 46.5444 6.71883 2.67477 39.8256 189.188 4680.73
internal_count=377945 304444 136458 91594 91240 354 34385 28331 19000 13267 167986 97464 19697 77767 29705 26933 1833 1323 477 510 140 70522 5733 1569 1481 238 107 1243 9331 73501
is_linear=0
shrinkage=0.03


Tree=61
num_leaves=31
num_cat=0
split_feature=6 5 6 6 18 1 14 14 1 5 1 1 21 6 2 1 1 1 6 5 5 5 6 1 1 5 7 1 21 22
split_gain=140.157 164.107 106.302 102.422 93.8509 75.6085 69.5268 60.0337 53.8694 51.6457 47.8411 166.262 104.239 61.3983 51.1373 44.9516 57.9327 53.741 60.9803 63.6922 44.7428 54.5105 53.9636 43.73 65.7642 43.3503 40.3556 39.2062 38.182 38.1074
threshold=56.066423013564041 182.7352221345952 38.091680187016983 39.08864296050232 15.500000000000002 4.7537625751797847 7.5000000000000009 6.5000000000000009 4.6823117500873144 194.67837767687723 6.9037221565529414 6.7420902274222216 8343.5000000000018 286.19406183984853 0.78656609248549325 3.9111225951759701 3.9126326336305111 2.818726188134383 204.38570124685731 129.50467105263161 73.191791666666674 48.186564067272009 45.735444215470999 4.0935942773539606 4.0605895407973458 186.5685638953041 -0.20958836668353101 4.0935942773539606 6550.5000000000009 616646.50000000012
decision_type=2 2 2 2 2 2 2 2 2 2 2 2 2 2 2 2 2 2 2 2 2 2 2 2 2 2 2 2 2 2
left_child=2 5 -1 6 9 8 -4 10 15 -3 11 14 -13 -14 27 17 -17 18 -2 -20 21 22 -5 24 29 -12 -11 -6 -25 -18
right_child=1 4 3 20 7 -7 -8 -9 -10 26 25 12 13 -15 -16 16 23 -19 19 -21 -22 -23 -24 28 -26 -27 -28 -29 -30 -31
leaf_value=-0.00017094236592114402 -0.0051535230883239976 0.053779206475421823 0.02098483472688854 0.006435403348516857 -0.0067702695613082349 -0.00068842207283677877 0.06494870806766348 -0.02421988598447844 -0.01958796824533017 -0.0038213037556114973 0.078235996850375647 0.00062087867823372488 0.17149072535527962 0.063867243722767753 0.018828735131465345 0.013005850619369853 -0.0035085377713349368 -0.012995232525623596 0.084496646789290933 -0.0078600889326452417 -0.0094556728332333435 0.01462763748985523 -0.015491946355388782 -0.011024740365050465 -0.023496417184090745 -0.01819958618359643 0.041976528144931066 0.0033770520952549846 0.0014728625234505606 0.16341222531100538
leaf_weight=2061.4299535979517 66.13330439850688 47.340565849095583 193.5704608312808 684.18093971488997 420.42913115676492 1907.2093287324533 38.876581504940987 74.601673597935587 334.16486108768731 45.525757096707821 4.3439439889043561 25.187708719167858 5.4241527281701556 39.602205831557512 164.35782374627888 166.27719625225291 296.99185490095988 1170.7710704994388 16.844410603865985 11.181295581627635 135.42630000505596 705.72799410158768 118.50805449392647 306.97487389435992 258.25312982499599 122.57860261108726 27.946005284786224 1853.1717351065017 776.64177561830729 1.2360473927110422
leaf_count=41345 2266 246 2112 6255 12928 71651 187 3669 18388 463 85 477 84 430 3025 8837 12932 61400 249 324 6071 9036 1096 12896 15293 2841 152 42975 40180 52
internal_value=-0.000115162 -0.00236216 0.00453163 0.00969822 0.00347244 -0.00547075 0.0283378 0.00231898 -0.00814906 0.0293434 0.00307032 0.00397963 0.0494931 0.0768322 0.00266883 -0.00690448 -0.00386736 -0.0112416 0.0105629 0.0476495 0.0070625 0.00854551 0.00319808 -0.00557801 -0.0124138 -0.0148991 0.0135985 0.00150063 -0.00206755 -0.00281671
internal_weight=12080.9 8143.19 3937.72 1876.29 2830.51 5312.68 232.447 2709.7 3405.47 120.812 2635.1 2508.17 70.2141 45.0264 2437.96 3071.3 1806.37 1264.93 94.159 28.0257 1643.84 1508.42 802.689 1640.1 556.481 126.923 73.4718 2273.6 1083.62 298.228
internal_count=377945 311843 66102 24757 67375 244468 2299 66514 172817 861 62845 59919 991 514 58928 154429 90190 64239 2839 573 22458 16387 7351 81353 28277 2926 615 55903 53076 12984
is_linear=0
shrinkage=0.03


Tree=62
num_leaves=31
num_cat=0
split_feature=6 0 6 6 16 17 15 0 17 18 0 0 0 0 14 6 6 19 9 13 6 9 22 18 19 22 18 17 9 0
split_gain=131.826 155.359 99.1623 94.31 77.5978 70.1176 65.1944 56.2135 52.1784 51.5491 95.8191 78.6215 99.9223 59.2405 50.2422 49.7839 54.6077 46.9932 45.5122 43.1436 48.0265 37.4936 37.3737 48.4638 36.5025 36.1206 55.8932 153.222 40.7544 37.2487
threshold=56.066423013564041 140.23450000000003 38.091680187016983 39.08864296050232 1.0000000180025095e-35 0.18605916202068332 13.500000000000002 141.00500000000002 0.0055953201372176417 8342.5000000000018 416.89000000000004 994.97500000000014 846.33000000000004 500.07500000000005 6.5000000000000009 297.5221818375345 314.63076465601802 5.5000000000000009 17.500000000000004 25293.113281250004 350.29581435217352 25.500000000000004 270017.50000000006 6738.5000000000009 6.5000000000000009 208836.00000000003 9448.5000000000018 0.0096451560966670531 24.500000000000004 24.008500000000002
decision_type=2 2 2 2 2 2 2 2 2 2 2 2 2 2 2 2 2 2 2 2 2 2 2 2 2 2 2 2 2 2
left_child=2 4 -1 5 24 17 -3 -8 -6 -9 -11 12 13 19 15 21 18 -4 -17 20 -12 25 23 -20 -2 28 27 -27 -10 -30
right_child=1 6 3 -5 8 -7 7 9 14 10 11 -13 -14 -15 -16 16 -18 -19 22 -21 -22 -23 -24 -25 -26 26 -28 -29 29 -31
leaf_value=-0.00016583750839663602 -0.012968545612731079 0.011976835757121287 -0.028057445471913408 0.0068186522949628273 -0.017605984711923737 0.0030093085828091439 0.036266111088795502 -0.0037579453948066821 0.00032746774872472801 -0.0011835925394221387 0.029019089241033649 -0.0089067332379102453 0.059561743979194788 0.0039124924340652369 -0.026137801240903646 -0.021555740863933616 0.0047906949176211855 0.042175519588533494 0.043886515323701997 0.013241815453391488 0.087485971900149465 -0.0067398552275952962 -0.019313149675564443 0.14432750422703736 -0.0058944351385676122 0.30219469053450382 -0.0033828474781207062 0.017191155540322491 0.18359127984254978 0.030627523335639149
leaf_weight=2061.1436668601818 1202.6598470504396 583.66078463941813 9.0861253496259433 1651.2243307074532 170.07057684194297 74.379273865837604 39.736118330620229 1327.2001198339276 804.07366626849398 790.09194013662636 31.74934534355998 83.705681338906288 57.479158250615001 152.25134784914553 65.919786192942411 11.309613073244689 399.77788647077978 152.19598020846024 46.478367276024073 49.15422336384654 21.013356102630496 784.90509509528056 7.3025761395692816 4.7669568248093119 1445.5350867654197 2.4300988856703061 9.869516007602213 5.6331029962748289 1.5353695563972021 21.440630361437798
leaf_count=41345 69726 5293 434 22458 11606 839 1613 41664 36705 26485 888 2267 877 3835 4241 348 9523 1026 474 1302 260 31757 153 93 61144 72 425 243 43 806
internal_value=-0.000113416 -0.0022998 0.00438324 0.00935243 -0.0055916 0.027106 0.00293143 0.000862991 -0.00160545 0.000303109 0.00484978 0.0169072 0.0238405 0.0157623 -0.000348797 0.000460913 0.00906696 0.0382188 0.033539 0.0334645 0.0523042 -0.00201883 0.0441816 0.0532298 -0.00910709 0.00236653 0.0444894 0.103086 0.00145319 0.0408493
internal_weight=12067.8 8119.75 3948.03 1886.89 4983.71 235.661 3136.04 2552.38 2335.51 2512.65 1185.45 395.353 311.647 254.168 2165.44 2099.52 469.635 161.282 69.8575 101.917 52.7627 1629.89 58.5479 51.2453 2648.19 844.982 17.9327 8.0632 827.05 22.976
internal_count=377945 311843 66102 24757 227359 2299 84484 79191 96489 77578 35914 9429 7162 6285 84883 80642 10591 1460 1068 2450 1148 70051 720 567 130870 38294 740 315 37554 849
is_linear=0
shrinkage=0.03


Tree=63
num_leaves=31
num_cat=0
split_feature=12 18 14 17 9 17 21 7 17 12 11 18 10 11 10 14 21 1 1 18 6 10 1 9 18 8 8 8 9 19
split_gain=125.658 165.439 70.3659 101.892 58.8255 52.4327 46.4851 59.3951 41.2522 38.0936 106.029 106.242 79.4595 62.8291 41.3638 37.0645 36.1663 37.5882 67.0103 86.9271 47.4918 37.7262 35.4974 34.9781 34.8051 33.9345 33.5043 177.323 35.4017 33.1677
threshold=39.500000000000007 5802.5000000000009 1.0000000180025095e-35 0.017073792405426506 9.5000000000000018 0.20891214162111285 9694.5000000000018 -0.37109424283145881 0.0070053653325885543 1.0000000180025095e-35 3.5000000000000004 1702.5000000000002 2.5000000000000004 1.5000000000000002 10.500000000000002 6.5000000000000009 6982.5000000000009 7.194504414102938 6.0912985697325359 8199.0000000000018 458.29373749271912 760.50000000000011 4.9504215377434564 4.5000000000000009 2705.5000000000005 163.50000000000003 43.500000000000007 40.500000000000007 36.500000000000007 75.500000000000014
decision_type=2 2 2 2 2 2 2 2 2 2 2 2 2 2 2 2 2 2 2 2 2 2 2 2 2 2 2 2 2 2
left_child=9 -2 23 4 -4 16 29 -8 -6 15 12 14 -11 -14 25 -1 26 18 -18 -20 21 -21 -13 -3 -24 -12 27 -5 -28 -7
right_child=1 2 3 5 8 6 7 -9 -10 10 11 22 13 -15 -16 -17 17 -19 19 20 -22 -23 24 -25 -26 -27 28 -29 -30 -31
leaf_value=0.0019229936704764543 -0.030005603309461081 -0.011438360931700002 -0.013209808767206335 0.00070002968227743357 0.015004679966026464 0.013148464581911079 0.19205186732135443 0.02298787361919475 -0.0039639779925929059 0.0087220492576762388 -0.025756376490677749 0.0019848948662884191 0.045562928435379069 0.014288636319263517 -0.022734540321446457 -0.011156752633592278 0.0019686296134418454 -0.02264751594307739 -0.004298289238342504 0.12902977619052072 -0.021788970325699486 0.031848274919201405 0.018201006139250103 5.6105374173858698e-05 0.0049138048748032853 0.0380004072047384 -0.0097946321723051035 0.28266596512077841 0.0032863162067371323 0.13016524744646502
leaf_weight=780.26521304715425 192.49182227812707 896.22541915811598 679.11634581908584 16.002273426391188 113.16771408542991 180.73915261775255 3.07105069514364 4.7829313753172746 1169.7445193398744 530.25338002666831 12.017021652311085 1898.1729154144414 114.67097982019186 116.59856289997697 189.75288403593004 259.94455849565566 2625.2214231276885 50.36224346794188 108.59251484647393 3.6737743746489278 14.969065006822346 168.0090555716306 273.95000420371071 324.54826864507049 503.56485988479108 20.047372546046972 506.60601966734976 2.2952234549447885 294.41730648465455 2.2066422328352919
leaf_count=10808 26160 49659 41770 675 4383 4505 73 83 48451 3776 166 36365 551 827 5983 4963 80979 1237 2366 51 289 3144 2429 11456 7365 268 22782 85 6269 27
internal_value=-0.000111802 -0.00255979 -0.00182231 -0.000474753 -0.00607014 0.00228296 0.017628 0.089095 -0.00229072 0.0037203 0.00516046 0.0025424 0.0151219 0.0297955 -0.0174092 -0.00134559 0.00151047 0.00304946 0.00349259 0.0170432 0.0294595 0.0339278 0.0041964 -0.0083825 0.00959542 0.0141058 -0.00406982 0.0360696 -0.00498671 0.0145599
internal_weight=12055.5 7356.24 7163.75 5942.98 1962.03 3980.95 190.8 7.85398 1282.91 4699.24 3659.03 2897.51 761.523 231.27 221.817 1040.21 3790.15 2970.83 2920.47 295.244 186.652 171.683 2675.69 1220.77 777.515 32.0644 819.321 18.2975 801.023 182.946
internal_count=377945 304444 278284 217169 94604 122565 4688 156 52834 73501 57730 52576 5154 1378 6417 15771 117877 88066 86829 5850 3484 3195 46159 61115 9794 434 29811 760 29051 4532
is_linear=0
shrinkage=0.03


Tree=64
num_leaves=31
num_cat=0
split_feature=12 18 22 17 22 5 5 8 14 8 2 3 10 11 22 2 7 18 0 0 7 22 0 10 5 5 17 7 5 18
split_gain=118.318 161.129 74.8036 72.9153 59.6027 52.3514 89.3114 74.357 40.4966 84.0875 37.7279 54.5159 40.9994 39.201 37.2193 34.4449 34.6544 73.7471 40.3957 83.7156 71.1777 63.816 53.2492 39.8776 39.2289 58.5368 53.6222 53.6343 39.1959 31.4691
threshold=39.500000000000007 5802.5000000000009 12911.000000000002 0.015466537792235615 69181.500000000015 291.33348056365406 294.99536176470593 92.500000000000014 1.0000000180025095e-35 51.500000000000007 0.25881904510252091 1.0000000180025095e-35 175.50000000000003 17.500000000000004 218794.50000000003 0.91597561503675362 0.3789170214569047 8357.5000000000018 440.99500000000006 994.97500000000014 1.5795154622209822 588699.00000000012 554.32000000000005 810.50000000000011 217.6693503937008 125.30883783783786 0.019277602434158329 2.6821078781937282 247.20149662512983 9328.5000000000018
decision_type=2 2 2 2 2 2 2 2 2 2 2 2 2 2 2 2 2 2 2 2 2 2 2 2 2 2 2 2 2 2
left_child=10 -2 5 4 -4 -3 -7 -8 -5 -10 12 13 -1 -12 -15 16 -11 -18 -19 20 22 24 23 -20 25 26 27 -22 -26 -17
right_child=1 2 3 8 -6 6 7 -9 9 15 11 -13 -14 14 -16 29 17 18 19 -21 21 -23 -24 -25 28 -27 -28 -29 -30 -31
leaf_value=0.0023869482333478331 -0.029989668394094574 -0.015016396834456262 -0.015319046350009552 -0.0051520235330382259 -0.0027173839783033644 0.18235421741215274 -0.0060460989095107226 0.081224421866009908 0.022536722951897941 -0.00072349364340184858 0.025437857360051344 0.0034014777356609969 -0.015491916873939563 0.0019163559275403458 0.02389673935960656 0.01233643769817684 -0.0024195927525011234 0.0066856520962995337 0.10746702814518794 -0.010832289031621339 0.29052128397559285 0.15355117937360924 -0.013068501996173728 0.026706985411948728 0.14875058778474917 6.527077888638264e-05 0.043799164651275493 0.057406504433789779 0.057638840987676153 0.062454867837656275
leaf_weight=3016.8594449274242 186.90059896418825 546.39016984868795 464.69940399937332 788.66730985231698 1236.9323776541278 2.6386554893106213 69.70295047108084 10.054202251136301 176.38502886239439 2842.1899401852861 206.48911916278303 1038.1598019320518 120.02838123310357 224.09323371946812 100.39440809749067 76.724191480316222 466.24310352187604 256.77039278205484 6.1524806730449191 45.932787373661995 1.8640850521624082 5.9161515943706027 31.723468363285065 52.10611660964787 5.7614681050181416 21.798208422958851 9.9602922387421113 1.6968512367457149 16.192483328282833 13.217919781804083
leaf_count=41461 26160 31787 30437 37036 53031 47 1774 59 5675 94821 1625 14452 6909 7286 1768 1847 12273 5475 81 1101 54 69 503 904 76 580 301 58 130 165
internal_value=-0.000110205 -0.00249178 -0.00177296 -0.000820085 -0.00615878 -0.0116549 0.0106363 0.00495524 0.00106494 0.0022814 0.00360263 0.00740054 0.00170284 0.0152195 0.00871695 0.00135444 0.000916056 0.00596954 0.0145495 0.0246909 0.0353435 0.0597474 0.0182059 0.0352358 0.0500578 0.030483 0.0795208 0.179438 0.0815497 0.0197019
internal_weight=12042.6 7336.62 7149.72 6520.93 1701.63 628.786 82.3958 79.7572 4819.3 4030.63 4706.02 1569.14 3136.89 530.977 324.488 3854.25 3764.31 922.118 455.875 199.104 153.172 63.1895 89.9821 58.2586 57.2734 35.3194 13.5212 3.56094 21.954 89.9421
internal_count=377945 304444 278284 244617 83468 33667 1880 1833 161149 124113 73501 25131 48370 10679 9054 118438 116426 21605 9332 3857 2756 1268 1488 985 1199 993 413 112 206 2012
is_linear=0
shrinkage=0.03


Tree=65
num_leaves=31
num_cat=0
split_feature=6 0 6 6 16 17 11 0 17 14 18 0 0 0 0 6 6 19 19 8 0 19 22 18 17 19 14 0 6 6
split_gain=116.596 139.813 91.2484 86.0323 73.9622 64.7552 56.5613 51.8087 47.5224 47.4413 45.2887 79.935 64.7593 80.2052 51.441 45.1593 50.2358 40.4985 39.2455 38.4094 35.3983 33.5737 33.4029 48.1022 32.7624 34.6649 48.6667 46.1755 32.6976 63.1826
threshold=56.066423013564041 140.23450000000003 38.091680187016983 39.08864296050232 1.0000000180025095e-35 0.19605058431625369 13.500000000000002 141.00500000000002 0.0055953201372176417 6.5000000000000009 8342.5000000000018 416.89000000000004 994.97500000000014 846.33000000000004 500.07500000000005 297.5221818375345 314.63076465601802 5.5000000000000009 15.500000000000002 248.50000000000003 198.08900000000003 6.5000000000000009 270017.50000000006 7378.5000000000009 0.11392631009221078 2.5000000000000004 2.5000000000000004 18.194000000000006 286.19406183984853 276.70098360140219
decision_type=2 2 2 2 2 2 2 2 2 2 2 2 2 2 2 2 2 2 2 2 2 2 2 2 2 2 2 2 2 2
left_child=2 4 20 5 21 17 -3 -8 -6 15 -9 -12 13 14 -13 19 18 -4 -17 -10 24 -2 23 -20 -1 -26 27 -27 29 -14
right_child=1 6 3 -5 8 -7 7 10 9 -11 11 12 28 -15 -16 16 -18 -19 22 -21 -22 -23 -24 -25 25 26 -28 -29 -30 -31
leaf_value=-0.0071369833417732394 -0.012552426383170699 0.01112509334296315 -0.027977020683502933 0.0064281909453103988 -0.017041936816382674 -0.002313326037645138 0.034322592674559442 -0.0035529966576834803 0.010580304242970486 -0.025896855922283128 -0.0010595842628896275 0.030176763921980432 0.0014535410730387407 0.052189772143113718 0.0031172917753784436 -0.020964864540908897 0.0045946771517338244 0.03760252171548073 0.041159724225088734 -0.003570862565537296 0.020785099027046141 -0.0057142524792988805 -0.019091589020096715 0.1446679220601724 -0.010298357758912193 -0.0067015441658505592 -0.0018260822138250284 0.014918575681533179 -0.022168823556864631 0.14167507904672952
leaf_weight=561.64250469394028 1175.4896916355938 591.65121252462268 8.9108795099891704 1660.7989277662709 163.14855735795572 56.710639860481024 40.898150232620537 1316.3705239580013 196.43360195681453 63.011231022886932 786.62155527900904 106.65111451223493 25.011089982464913 61.557478241622448 155.29702131450176 10.650116587523369 401.71717992704362 173.29466990893707 48.055706128943712 1424.0324868620373 69.49360165791586 1435.0966986282729 7.1889552362263194 4.4116589352488509 196.31852448405698 113.57261445280164 713.00115803722292 409.38112429296598 53.857529770582914 3.2702226899564257
leaf_count=14826 69726 5293 438 22458 11606 717 1613 41664 6961 4241 26485 2450 910 877 3835 332 9523 1144 500 63090 1194 61144 153 83 8211 1600 9918 5596 1297 60
internal_value=-0.000108588 -0.00217795 0.00410542 0.00884962 -0.00533007 0.0256819 0.00276845 0.000829189 -0.00143076 -0.000249163 0.000283148 0.0045186 0.0153358 0.0213757 0.0141344 0.000523167 0.00868901 0.0343953 0.0320832 -0.00185545 -0.000262424 -0.00879333 0.0415536 0.0498631 -0.000995989 0.0014121 0.00327218 0.0102232 -0.00845269 0.0176676
internal_weight=12033.5 8070.42 3963.12 1899.72 4929.24 238.916 3141.19 2549.53 2318.65 2155.5 2508.64 1192.27 405.644 323.506 261.948 2092.49 472.024 182.206 70.3064 1620.47 2063.41 2610.59 59.6563 52.4674 1993.92 1432.27 1235.95 522.954 82.1388 28.2813
internal_count=377945 311843 66102 24757 227359 2299 84484 79191 96489 84883 77578 35914 9429 7162 6285 80642 10591 1582 1068 70051 41345 130870 736 583 40151 25325 17114 7196 2267 970
is_linear=0
shrinkage=0.03


Tree=66
num_leaves=31
num_cat=0
split_feature=6 0 6 6 16 17 10 0 17 14 3 6 6 18 0 0 0 0 17 22 14 9 22 8 8 0 16 9 12 22
split_gain=109.672 132.177 85.1962 79.5634 70.563 59.3904 54.5955 46.7264 45.5456 45.7162 42.556 42.3072 46.7999 40.8719 74.1958 63.2214 71.7102 46.2927 46.2094 67.4422 40.7685 39.1321 39.0602 35.9669 34.0645 33.8102 34.0621 36.2522 38.409 52.4282
threshold=56.066423013564041 140.23450000000003 38.091680187016983 39.08864296050232 1.0000000180025095e-35 0.18605916202068332 76.500000000000014 141.00500000000002 0.0055953201372176417 6.5000000000000009 0.1294095225512602 297.5221818375345 314.63076465601802 8342.5000000000018 440.99500000000006 994.97500000000014 985.45000000000016 445.13000000000005 0.016091410070657734 588699.00000000012 5.5000000000000009 17.500000000000004 638568.50000000012 248.50000000000003 467.50000000000006 65.006000000000014 6.5000000000000009 1.5000000000000002 1.0000000180025095e-35 319418.00000000006
decision_type=2 2 2 2 2 2 2 2 2 2 2 2 2 2 2 2 2 2 2 2 2 2 2 2 2 2 2 2 2 2
left_child=2 4 25 5 -2 20 10 -8 -6 11 -3 23 21 -9 -15 16 17 24 -19 -20 -4 -13 -21 -10 -16 26 27 -1 -29 -30
right_child=1 6 3 -5 8 -7 7 13 9 -11 -12 12 -14 14 15 -17 -18 18 19 22 -22 -23 -24 -25 -26 -27 -28 28 29 -31
leaf_value=-0.014634518553828062 -0.008601687840166768 0.00088070362277909537 0.02521600177445546 0.006207901876364063 -0.016810432973983075 0.0024665611416991224 0.032116543227039961 -0.0032487546282154614 0.010163626476865761 -0.025726187329721525 0.017863050585858048 -0.021203927089352741 0.0044383222232582259 -0.00079286802508066721 0.017461753754666891 -0.0082763278682061424 0.06794212597292959 -0.012741548134729925 0.014029781475130829 0.14877093774602831 0.058057240345062641 0.040433818716150892 0.039497145078823695 -0.0034755787720636626 0.070649082661585455 0.00673011948598935 -0.024602939397105426 -0.0090599568979694133 0.0099564598230587661 -0.0035210429036006317
leaf_weight=168.18018485978246 2589.0686409608461 218.5620953887701 118.90326280705631 1668.0285903406329 160.47426235489547 75.027361449785531 42.304662304930389 1350.9918994219042 198.32272048573941 61.548537836875767 338.45551747828722 10.969738721381871 403.3673583115451 809.93360241223127 20.672063916921616 81.519031852483749 27.213150830939412 53.89754081889987 168.05373784154654 5.2792679183185083 47.653774350881577 59.828857959713787 6.655664749443531 1419.2541761212051 22.780106093734503 478.76102612260729 59.670545703731477 314.23971106857061 496.62533303769305 544.67053794302046
leaf_count=8256 130870 1986 1236 22458 11606 839 1614 42067 6961 4241 2903 348 9523 27096 450 2267 223 1744 3437 73 224 720 99 63090 525 10313 1431 6262 6983 8100
internal_value=-0.000106848 -0.00211972 0.00397244 0.00853834 -0.00519938 0.024629 0.00267923 0.000846319 -0.00139224 -0.000243199 0.0111995 0.000506626 0.0083869 0.000326932 0.00436598 0.0151887 0.0214695 0.0169095 0.0116266 0.0189236 0.0346122 0.0308835 0.087833 -0.00180335 0.0453456 -0.000255736 -0.00236802 -0.00149727 0.000132659 0.00290678
internal_weight=12020.9 8049.15 3971.76 1909.61 4902.83 241.584 3146.32 2589.3 2313.77 2153.29 557.018 2091.74 474.166 2547 1196 386.071 304.552 277.338 233.886 179.989 166.557 70.7986 11.9349 1617.58 43.4522 2062.15 1583.39 1523.72 1355.54 1041.3
internal_count=377945 311843 66102 24757 227359 2299 84484 79595 96489 84883 4889 80642 10591 77981 35914 8818 6551 6328 5353 3609 1460 1068 172 70051 975 41345 31032 29601 21345 15083
is_linear=0
shrinkage=0.03


Tree=67
num_leaves=31
num_cat=0
split_feature=9 1 17 19 14 6 21 2 1 1 18 1 17 10 7 11 21 11 19 6 1 7 7 18 16 17 16 6 6 17
split_gain=104.49 107.376 80.7509 67.5906 54.3577 45.8758 67.6309 55.0641 46.5195 43.2789 48.3846 59.8437 146.512 58.1644 41.4612 40.175 44.1344 64.3578 37.9113 37.8607 42.2144 78.3694 43.4019 35.7145 40.2347 38.7757 34.451 34.3995 64.4787 67.1732
threshold=11.500000000000002 4.2479236399346485 0.097721043974161162 93.500000000000014 6.5000000000000009 273.33134179389964 56.500000000000007 0.78656609248549325 4.0935942773539606 4.5850235979700589 7871.5000000000009 4.4942944880818301 0.026510807685554031 918.50000000000011 -0.19821249661238985 13.500000000000002 2009.5000000000002 1.5000000000000002 52.500000000000007 286.12736913081704 5.6346824520203347 0.43421192593538677 2.9400124933189855 6599.5000000000009 1.0000000180025095e-35 0.0065504785161465415 8.5000000000000018 239.13200698181927 236.82323399048286 0.036370985209941871
decision_type=2 2 2 2 2 2 2 2 2 2 2 2 2 2 2 2 2 2 2 2 2 2 2 2 2 2 2 2 2 2
left_child=1 -1 4 26 5 27 -7 8 -8 10 11 -10 13 -13 -12 16 17 -3 -6 20 -11 -22 -23 -17 -25 -26 -4 28 -2 -30
right_child=2 15 3 -5 18 6 7 -9 9 19 14 12 -14 -15 -16 23 -18 -19 -20 -21 21 22 -24 24 25 -27 -28 -29 29 -31
leaf_value=-0.0088302189540816461 -0.0011612370321525927 0.017579146059998975 0.0097879636185670867 0.001003807020193818 -0.031107678661459179 0.032764154995353616 -0.0084806914686132127 0.022870067614496059 0.024566905850797092 0.0042704650854293062 -0.0021083434568584312 0.33569163964662407 0.0063845205755679495 0.12279070632694203 0.11311789370800787 -0.0086612781750770758 0.016536280539867207 -0.014246835062048947 -0.006643859196997089 0.0010092648632367457 0.15396792350367547 -0.011976871430409999 0.12127087146262225 -0.0022640725392254661 -0.0086700172826698549 0.011999667775762687 0.046464451153257848 -0.010752754544633196 -0.02646759550051199 0.088960993789742454
leaf_weight=2008.0470002749935 1778.1698357625864 96.12871903181076 1525.4110071458854 1269.2078218115494 67.581103486008942 71.811807435005903 327.29892139788717 117.82646410353482 74.2490841941908 24.350588018540293 79.23253963328898 2.2875887695699912 6.3810681123286486 2.3324459828436375 2.9138480070978394 481.51069873059168 260.22541542723775 141.15378496237099 364.52538376254961 1101.7386976038106 5.9443206274881986 8.9989435304887575 2.9119516946375361 1286.7003508182243 102.77317167073488 398.05852354224771 23.403541724197567 356.03507504286245 6.6803334057331112 14.145282807294278
leaf_count=103981 72941 970 15098 15156 4927 467 9075 1996 1942 738 2161 52 201 51 102 21569 2870 2426 7854 21966 88 182 48 57780 6131 12910 114 13399 260 490
internal_value=-0.000105034 -0.00354954 0.00216859 0.00613627 -0.000363672 0.000732653 0.00422805 0.00306137 0.00163703 0.00416232 0.0184096 0.034242 0.0995416 0.228208 0.00197889 0.000283339 0.00800395 -0.00135338 -0.01047 0.00207748 0.0299622 0.0650001 0.0205993 -0.00140947 0.000543958 0.00775814 0.0103422 -0.00223276 -0.000546589 0.0519344
internal_weight=12008 4774.6 7233.44 2818.02 4415.42 3983.31 1828.28 1756.47 1638.64 1311.34 167.397 85.2502 11.0011 4.62003 82.1464 2766.55 497.508 237.283 432.106 1143.94 42.2058 17.8552 11.9109 2269.04 1787.53 500.832 1548.81 2155.03 1799 20.8256
internal_count=377945 208637 169308 30368 138940 126159 39069 38602 36606 27531 4509 2246 304 103 2263 104656 6266 3396 12781 23022 1056 318 230 98390 76821 19041 15212 87090 73691 750
is_linear=0
shrinkage=0.03


Tree=68
num_leaves=31
num_cat=0
split_feature=12 18 16 17 2 3 10 10 1 22 1 8 17 6 8 8 1 18 6 9 12 9 8 22 13 11 18 10 18 6
split_gain=99.2929 141.095 78.6321 67.5906 39.804 68.3386 41.6462 40.6541 37.0364 35.3181 46.7124 42.0813 34.3653 33.8237 28.2132 53.3867 68.0374 63.805 33.3023 44.8204 30.5079 27.1447 61.7153 27.1205 27.0895 56.5013 49.7159 71.0174 41.2458 40.1276
threshold=53.500000000000007 5802.5000000000009 1.0000000180025095e-35 0.019963018596172336 0.37940952255126054 0.25881904510252057 175.50000000000003 794.50000000000011 3.8908402253256194 31704.500000000004 5.1239342166126916 164.50000000000003 0.022082599811255935 411.85412471456999 142.00000000000003 146.50000000000003 4.6637078897725397 8145.5000000000009 56.066423013564041 13.500000000000002 252.50000000000003 1.5000000000000002 121.00000000000001 86431.000000000015 577.95501708984386 6.5000000000000009 35.500000000000007 4.5000000000000009 1702.5000000000002 32.368564995121005
decision_type=2 2 2 2 2 2 2 2 2 2 2 2 2 2 2 2 2 2 2 2 2 2 2 2 2 2 2 2 2 2
left_child=4 -2 9 8 6 12 24 -8 -4 10 -3 14 -6 -9 18 16 17 -16 20 -20 -11 22 -14 -13 26 28 27 29 -26 -1
right_child=1 2 3 -5 5 -7 7 13 -10 11 -12 23 21 -15 15 -17 -18 -19 19 -21 -22 -23 -24 -25 25 -27 -28 -29 -30 -31
leaf_value=-0.01154715912042273 -0.030211223085998724 -0.013299367738126684 -0.011746207746421536 0.0057380973211506254 0.001951926639516665 0.0019846942952582098 -0.029696777658409324 -0.0058468048426712164 -0.00048099820428182518 0.013388739095179139 0.00015108489069430239 -0.0095747281333352328 -0.014790091019147628 0.051929263742727362 0.25238955868944496 0.011831163958977044 0.0073428344364578381 0.049084142657483489 -0.0040600954302601666 0.18868475184774722 0.093364561176260172 0.020658347525753976 0.16386142494198147 -0.0022530924726580754 0.02642954659814533 0.0046890456761335599 -0.004125179824246517 0.044465810500187941 0.10484513593695478 0.0062860567099649999
leaf_weight=133.7408035621047 160.17045680759475 771.76328677032143 333.15105802658945 1719.8011270882562 144.82972572557628 935.34530653525144 69.557276081759483 194.08787756320089 1241.357106460724 92.864263508468866 332.49782850965858 674.32206614501774 35.393209201283753 9.5690539930947107 2.9479539226740581 69.153507621027529 5.4245999036356807 2.6276839636266232 276.69364413619041 1.0900842808186997 4.500818019732832 446.9289842066355 1.8302864092402149 1402.0251148259267 40.771482614800334 1021.9060026677325 1074.1105616502464 39.989819381386042 7.0861762855201951 752.58848635852337
leaf_count=2430 23569 51749 17543 41838 4518 13889 6048 8735 52950 1744 11981 36086 979 243 62 2803 160 126 13079 27 73 5852 44 41936 297 13740 17266 241 83 7854
internal_value=-0.000103538 -0.00237408 -0.00173071 0.00162645 0.0031768 0.0071266 0.00132875 -0.00989519 -0.00286461 -0.00477246 -0.00924938 -0.0028197 0.014773 -0.00313213 0.00543999 0.0215961 0.0829839 0.156576 0.0019881 -0.00330372 0.0170857 0.0186083 -0.00600576 -0.00463089 0.00232756 0.00618107 0.000266827 0.00535956 0.0380404 0.00359515
internal_weight=11998.1 7090.39 6930.22 3294.31 4907.74 1564.33 3343.41 273.214 1574.51 3635.91 1104.26 2531.65 628.982 203.657 455.303 80.1537 11.0002 5.57564 375.149 277.784 97.3651 484.152 37.2235 2076.35 3070.19 1069.76 2000.43 926.319 47.8577 886.329
internal_count=377945 295726 272157 112331 82219 25282 56937 15026 70493 159826 63730 96096 11393 8978 18074 3151 348 188 14923 13106 1817 6875 1023 78022 41911 14120 27791 10525 380 10284
is_linear=0
shrinkage=0.03


Tree=69
num_leaves=31
num_cat=0
split_feature=6 0 6 6 6 6 19 8 0 6 0 22 18 14 10 0 6 0 3 18 0 6 0 6 6 18 22 8 8 18
split_gain=94.7432 119.384 75.5068 71.4618 66.839 70.2084 100.896 124.936 99.4973 96.5206 66.0037 57.0114 100.847 52.4016 48.7155 42.8213 41.9345 40.9464 38.8613 38.0725 68.508 55.7464 43.0871 79.9867 46.3729 48.3764 36.3138 44.3712 167.468 106.8
threshold=56.066423013564041 140.23450000000003 38.091680187016983 39.08864296050232 186.52866215693894 192.86223179510634 4.5000000000000009 144.50000000000003 49.956500000000013 187.77584182440964 24.515500000000003 214074.50000000003 9424.5000000000018 6.5000000000000009 76.500000000000014 141.00500000000002 315.21197678685303 30.953500000000002 0.1294095225512602 8342.5000000000018 416.89000000000004 458.29373749271912 994.97500000000014 350.29581435217352 376.01803382610933 8505.5000000000018 26427.500000000004 146.50000000000003 142.00000000000003 8036.5000000000009
decision_type=2 2 2 2 2 2 2 2 2 2 2 2 2 2 2 2 2 2 2 2 2 2 2 2 2 2 2 2 2 2
left_child=2 4 -1 13 -2 6 7 9 -9 -6 16 -8 -13 -4 18 -16 -7 -11 -3 -17 -21 22 23 -22 25 -25 -12 28 -28 -30
right_child=1 14 3 -5 5 10 11 8 -10 17 26 12 -14 -15 15 19 -18 -19 -20 20 21 -23 -24 24 -26 -27 27 -29 29 -31
leaf_value=-0.00031473787850935401 -0.0088714210311202583 0.00069061586272723286 0.016463198895992862 0.0057391363200473911 0.2608287599807137 0.02392700154966898 0.0054152526610715349 0.44042724935134692 0.093273348275167506 0.1743839956290662 -0.012973402986958354 0.21071976543293144 0.010569076444005026 0.052163469177416794 0.030333861282800609 -0.0031455163646255057 -0.01294838091880555 -0.030709700146560603 0.01686443154513171 -0.0010046060283030584 0.010775937511186766 -0.022721493133940632 -0.0045350618982975552 0.14529659587530291 0.023668349383153729 0.05266553358046365 0.0034534760006548187 -0.0037820535040340203 0.17894246426286672 -0.01481938118704168
leaf_weight=2061.8470797240734 2158.5020630122162 218.99145331978798 199.77014465630054 1681.3090703310445 1.5431972043588738 124.65228231530637 117.5244059516117 1.5256692580878728 1.4484782223589716 1.0243757828138766 358.17236737022176 3.4700852911919338 6.5274410583078861 45.416074400767684 43.508613013196737 1345.7218493823893 35.705061801243573 6.0525564639829099 343.29103516787291 784.93793847970665 202.28549242764711 34.017061976715922 66.68890199624002 5.6696674507111302 57.441835094243288 48.308637840673327 119.96970500145108 1901.0568096176721 8.4707059487700445 3.6692097298800936
leaf_count=41345 121066 1986 2093 22458 80 3268 5571 45 65 63 13614 91 274 206 1614 42067 923 354 2903 26485 5430 806 1859 65 787 482 5733 75922 147 143
internal_value=-0.000101896 -0.00198493 0.00367527 0.00794561 -0.00493899 -0.00178449 0.0189694 0.1037 0.271355 0.0458546 -0.00291597 0.0112657 0.0800403 0.023076 0.00256148 0.000822936 0.0157164 -0.00102268 0.0105652 0.00031844 0.00420515 0.014073 0.0173633 0.0220186 0.0424298 0.0623951 -0.00416541 -0.00261375 0.0141981 0.120379
internal_weight=11988.5 8000.18 3988.34 1926.5 4849.31 2690.81 139.116 11.5943 2.97415 8.62013 2551.7 127.522 9.99753 245.186 3150.86 2588.58 160.357 7.07693 562.282 2545.07 1199.35 414.412 380.395 313.706 111.42 53.9783 2391.34 2033.17 132.11 12.1399
internal_count=377945 311843 66102 24757 227359 106293 6543 607 110 497 99750 5936 365 2299 84484 79595 4191 417 4889 77981 35914 9429 8623 6764 1334 547 95559 81945 6023 290
is_linear=0
shrinkage=0.03


Tree=70
num_leaves=31
num_cat=0
split_feature=9 0 17 19 14 18 19 0 0 0 19 11 21 11 21 0 0 2 0 0 18 21 18 7 19 0 7 18 0 19
split_gain=90.883 99.2193 68.7001 60.9303 52.2427 40.7858 39.2323 38.6083 48.9265 81.0342 36.6155 35.1838 40.9339 59.9468 34.042 46.6965 60.0417 33.0213 31.1772 47.2687 42.279 33.0464 46.9296 41.6153 58.4843 33.1484 31.4556 34.4378 55.0799 72.7151
threshold=11.500000000000002 68.960000000000022 0.097721043974161162 93.500000000000014 6.5000000000000009 15.500000000000002 31.500000000000004 108.96000000000002 97.005500000000012 96.975000000000009 52.500000000000007 13.500000000000002 2009.5000000000002 1.5000000000000002 3331.5000000000005 100.02150000000002 107.95450000000001 0.78656609248549325 58.955000000000005 57.008500000000005 2387.5000000000005 4013.5000000000005 3267.5000000000005 -0.49072386876968382 11.500000000000002 29.995000000000001 -0.35656551596364233 7892.5000000000009 88.50500000000001 49.500000000000007
decision_type=2 2 2 2 2 2 2 2 2 2 2 2 2 2 2 2 2 2 2 2 2 2 2 2 2 2 2 2 2 2
left_child=1 17 4 -4 5 6 -2 8 9 18 -6 12 13 -3 -13 -16 -17 -1 19 20 -7 22 -22 24 -24 -25 27 28 -20 -30
right_child=2 11 3 -5 10 7 -8 -9 -10 -11 -12 14 -14 -15 15 16 -18 -19 26 -21 21 -23 23 25 -26 -27 -28 -29 29 -31
leaf_value=-0.0096081923751841266 -0.0036444773400913181 0.016559181229040404 0.0096136980651785869 0.00077990796319182007 -0.031057627078793528 -0.020878457336377748 0.03242133217737355 0.0033350555422520037 -0.012409828856553786 0.046457116543894304 -0.006584891365792319 -0.02199250474278594 0.015664273343514411 -0.014085927005298128 0.0092933061749301844 -0.018031428208485464 -0.00063360228513177695 0.0047025477218354487 0.021582840572210601 -0.020666889152123096 -0.0080358023456239269 -0.0021317940547489322 0.084844927535311268 -0.002946109171186847 -0.0036429706684768517 0.075799378855493385 -0.0013293495115703888 0.0018040442774435053 -0.0044088147378006544 0.22526267840057498
leaf_weight=1817.8542665047571 44.404652580618858 97.456814855337143 1565.6248543546535 1274.989276566077 64.834759215358645 94.665540696587414 69.839308314025402 1855.1225561778992 376.89473509835079 32.531266395468265 363.57379686739296 69.060600053984672 263.85050961188972 139.94554426893592 358.91130448877811 200.53394312225282 1626.8406231491826 157.70421702554449 92.770153892226517 136.81495921080932 49.344264199957252 753.09765286976472 8.1810957379639131 6.1648973636329201 37.697581501677632 21.9109809063375 292.0828111153096 100.27348997443914 2.2271836563013485 2.8009224720299244
leaf_count=97862 466 970 15212 15156 4927 2709 461 47240 13784 1220 7854 3852 2870 2426 18972 12512 63054 6119 2843 6801 1270 31964 61 103 624 360 12851 3281 66 55
internal_value=-0.000100856 -0.00333445 0.00201096 0.00564871 -0.000334769 0.000737516 0.0184032 0.000215017 -0.00266826 -0.000416553 -0.0102886 0.000343011 0.00753226 -0.0015057 -0.00125481 -0.000599743 -0.00254282 -0.0084658 -0.00137076 -0.00415796 -0.00183198 0.000225354 0.0146226 0.0297408 0.0121362 0.0585085 0.00492903 0.0141578 0.0268243 0.12353
internal_weight=11978 4732.16 7245.85 2840.61 4405.23 3976.82 114.244 3862.58 2007.46 1630.56 428.409 2756.6 501.253 237.402 2255.35 2186.29 1827.37 1975.56 1598.03 1107.88 971.062 876.396 123.299 73.9546 45.8787 28.0759 490.155 198.072 97.7983 5.02811
internal_count=377945 208637 169308 30368 138940 126159 927 125232 77992 64208 12781 104656 6266 3396 98390 94538 75566 103981 62988 43892 37091 34382 2418 1148 685 463 19096 6245 2964 121
is_linear=0
shrinkage=0.03


Tree=71
num_leaves=31
num_cat=0
split_feature=9 0 17 19 5 5 6 19 14 16 18 17 17 9 0 19 5 11 21 11 22 6 5 6 6 22 17 5 21 5
split_gain=85.6583 94.3505 64.369 56.7532 54.4854 92.3383 50.6711 52.8063 46.8983 43.5864 43.5483 36.0957 35.1352 37.1806 50.6651 46.3872 34.9483 32.9614 37.9196 56.793 36.727 39.9311 56.4437 60.696 153.139 370.974 188.402 62.2018 41.6632 49.5088
threshold=11.500000000000002 68.960000000000022 0.097721043974161162 93.500000000000014 182.7352221345952 194.67837767687723 286.12736913081704 13.500000000000002 6.5000000000000009 1.5000000000000002 35.500000000000007 0.016282060183584694 0.0067938978318125018 29.500000000000004 15.001000000000003 19.500000000000004 128.17677765237022 13.500000000000002 2009.5000000000002 3.5000000000000004 13381.000000000002 56.066423013564041 102.58994080996887 101.09758030336077 97.867515242218602 17557.000000000004 0.10477602854371072 232.71941860465122 8736.5000000000018 111.48413043478263
decision_type=2 2 2 2 2 2 2 2 2 2 2 2 2 2 2 2 2 2 2 2 2 2 2 2 2 2 2 2 2 2
left_child=1 -1 4 -4 12 9 -7 -8 11 10 -6 -9 -2 14 15 16 -14 18 19 -3 -19 -22 -23 24 27 26 -26 -24 -25 -30
right_child=2 17 3 -5 5 6 7 8 -10 -11 -12 -13 13 -15 -16 -17 -18 20 -20 -21 21 22 23 28 25 -27 -28 -29 29 -31
leaf_value=-0.0082783757271658875 0.014392062921651573 0.011786303609270576 0.0092689382399974898 0.00075607023289175706 0.052040983260586052 0.042693135066710727 -0.018551810478342142 -0.010725230218366039 -0.020806319106902126 0.047306486400194338 0.0079809409391785168 0.0050419520834131945 -0.013454339744562406 -0.0069672943200485482 -0.00064100929852599299 0.13907276713825151 0.057793912959085723 -0.0081755030263130253 0.015027884838069772 -0.017754080587293681 0.021821425031866591 -0.011474379910722829 0.00068390384525458868 -0.0038737521151749549 0.5938249731273354 0.013739957946055346 0.17649189938080243 0.079271551284681593 0.029491041329559278 0.003441009810005381
leaf_weight=1959.9655143632554 99.069900939241052 130.5586281362921 1574.9970473125577 1275.7208905913867 23.924609154462814 26.13285518437624 120.0738532776013 145.95712399668992 76.019854151643813 49.231322612147778 129.31698944047093 1247.9769081161357 11.441699711140251 1433.9498117011972 1021.4027829156257 3.6912021804600945 13.515006143599747 524.166179635562 266.72817213460803 106.23574274033308 78.31048490293324 317.33132389048114 70.75982467783615 714.19326090812683 1.7748184334486716 8.6978168706409615 2.1564643722958863 10.396106805652378 76.93476018961519 448.09338273946196
leaf_count=103981 3601 1302 15212 15156 130 589 2927 3343 3489 782 2802 25275 341 52207 43208 95 151 23708 2870 2094 2972 18291 3174 30089 57 369 60 54 3399 16217
internal_value=-9.92575e-05 -0.00324645 0.00194738 0.00545936 -0.000327111 0.00365072 0.00125806 0.000577056 0.00213961 0.0227492 0.0148597 0.00339099 -0.00312774 -0.00382648 0.000462608 0.0398106 0.0251293 0.000331639 0.00727087 -0.00146673 -0.00121934 0.000889935 -0.000103289 0.00260368 0.0258735 0.123052 0.364901 0.010751 0.000842603 0.00725824
internal_weight=11968.7 4716.3 7252.42 2850.72 4401.7 1818.63 1616.16 1590.03 1469.95 202.473 153.242 1393.93 2583.07 2484 1050.05 28.6479 24.9567 2756.34 503.523 236.794 2252.81 1728.65 1650.34 1333.01 93.785 12.6291 3.93128 81.1559 1239.22 525.028
internal_count=377945 208637 169308 30368 138940 39337 35623 35034 32107 3714 2932 28618 99603 96002 43795 587 492 104656 6266 3396 98390 74682 71710 53419 3714 486 117 3228 49705 19616
is_linear=0
shrinkage=0.03


Tree=72
num_leaves=31
num_cat=0
split_feature=12 21 16 17 2 3 10 17 10 5 5 6 5 6 9 3 8 5 9 10 9 13 20 7 6 13 11 21 11 13
split_gain=84.3384 136.257 72.6814 58.3575 37.0475 55.5058 35.9691 34.613 33.7538 34.1812 30.0787 63.777 42.4441 40.1343 32.8455 37.1696 44.9023 46.269 38.0439 29.5709 33.5449 39.0096 32.5929 29.7989 29.2834 28.4898 51.6075 37.4757 35.8812 52.5948
threshold=53.500000000000007 5822.5000000000009 1.0000000180025095e-35 0.0055953201372176417 0.25881904510252091 0.25881904510252057 175.50000000000003 0.019963018596172336 800.50000000000011 285.87276190476194 212.59312500000001 292.25516157722973 73.191791666666674 279.69973546656814 2.5000000000000004 -0.3794095225512602 164.50000000000003 61.361111111111121 3.5000000000000004 113.50000000000001 10.500000000000002 6330.0500488281259 35.036590576171882 -0.38178077372688285 130.96680697408195 577.95501708984386 6.5000000000000009 1832.5000000000002 3.5000000000000004 25.006999969482425
decision_type=2 2 2 2 2 2 2 2 2 2 2 2 2 2 2 2 2 2 2 2 2 2 2 2 2 2 2 2 2 2
left_child=4 -2 10 -4 6 19 25 -5 -8 -10 12 13 14 24 -3 -16 17 -17 -19 -6 -21 23 -23 -22 -12 28 -27 -28 29 -1
right_child=1 2 3 7 5 -7 8 -9 9 -11 11 -13 -14 -15 15 16 -18 18 -20 20 21 22 -24 -25 -26 26 27 -29 -30 -31
leaf_value=-0.0016335427424872321 -0.030201852425640892 -0.011637382985664413 -0.014960805480261465 -0.00094396066016080155 0.01987873983359632 0.0016602625335952741 -0.028757872704188423 0.0054288432956677412 -0.0059468970777861972 0.066186491475291737 0.032543062485783474 -0.0038247233917174583 -0.0078336084464796576 0.052158405277718242 -0.01351022700412665 0.018287911941001482 0.002359539440161893 -0.00080485497591304518 0.1276888889373359 -0.0013934126866183422 -0.0036453309842532982 0.034025379272720986 0.14695695881313742 0.019589246955791523 0.0010854060963962622 0.035928287329851767 -0.025948681214392345 0.0054111762851488387 -0.0048041773681030296 0.012159555718383714
leaf_weight=688.08261247165501 153.04176352266222 156.02338319458067 180.09791361261159 1377.7083126464859 301.12671969458461 939.37383438041434 66.795084836427122 1730.5121418759227 121.09552068449557 6.2157821226865044 39.5577154122293 489.57542331982404 2242.5897105867043 26.446208380162716 92.114704483188689 95.544712546281517 365.71696747839451 3.0242764912545663 6.5983662372455001 200.61552865616977 70.882540847174823 6.7660688045434636 3.4845762886106968 166.07554690632969 81.508553515188396 48.71396117284894 35.525137639604509 991.27997515164316 882.4843982309103 389.73049816861749
leaf_count=9989 23607 10414 12860 57609 2388 13889 6041 42057 5717 101 903 14591 123447 528 1338 1589 3764 177 224 7318 1597 178 72 3455 2618 380 900 12827 14714 2653
internal_value=-9.83199e-05 -0.00220411 -0.00158196 0.00164211 0.00291595 0.00651728 0.00103348 0.00260412 -0.0114866 -0.00242509 -0.00452795 0.00138552 -0.00580002 0.0186777 0.000542607 0.00391804 0.00732736 0.0246029 0.0873049 0.0126092 0.00772103 0.0151176 0.072415 0.012639 0.011364 0.001834 0.00575756 0.0043262 -0.000318663 0.00335396
internal_weight=11958.3 7040.06 6887.02 3288.32 4918.25 1688.32 3229.92 3108.22 194.106 127.311 3598.7 637.088 2961.61 147.512 719.022 562.999 470.884 105.167 9.62264 748.951 447.824 247.209 10.2506 236.958 121.066 3035.82 1075.52 1026.81 1960.3 1077.81
internal_count=377945 295726 272119 112526 82219 28897 53322 99666 11859 5818 159593 18640 140953 4049 17506 7092 5754 1990 401 15008 12620 5302 250 5052 3521 41463 14107 13727 27356 12642
is_linear=0
shrinkage=0.03


Tree=73
num_leaves=31
num_cat=0
split_feature=12 18 16 17 0 17 6 5 18 18 10 18 6 10 10 16 11 17 19 16 11 18 20 0 19 5 8 6 5 18
split_gain=79.6101 119.476 63.5186 56.9738 38.4008 33.7884 36.6316 42.465 32.9624 58.4475 120.076 65.3274 57.699 47.5796 38.171 37.8966 31.8993 31.5495 31.3147 35.0022 28.1918 27.9617 27.7763 27.5835 27.5262 38.9905 46.3814 35.3938 31.0996 33.2822
threshold=69.500000000000014 5802.5000000000009 1.0000000180025095e-35 0.0055953201372176417 265.07000000000005 0.055841993540525443 419.83466928127365 261.94222955886488 2.5000000000000004 35.500000000000007 4.5000000000000009 2210.5000000000005 305.38637327838245 1.5000000000000002 76.500000000000014 1.0000000180025095e-35 1.5000000000000002 0.019963018596172336 302.50000000000006 1.5000000000000002 1.5000000000000002 5988.5000000000009 20.295812606811527 87.002500000000012 1.5000000000000002 247.20149662512983 92.500000000000014 178.78343279922356 307.94382222222231 8845.5000000000018
decision_type=2 2 2 2 2 2 2 2 2 2 2 2 2 2 2 2 2 2 2 2 2 2 2 2 2 2 2 2 2 2
left_child=4 -2 24 -4 8 6 7 -6 -1 10 12 14 13 23 22 -13 -15 -5 19 -19 -12 -21 -11 -10 25 -3 27 28 29 -27
right_child=1 2 3 17 5 -7 -8 -9 9 11 20 15 -14 16 -16 -17 -18 18 -20 21 -22 -23 -24 -25 -26 26 -28 -29 -30 -31
leaf_value=-0.0097122745368333502 -0.030197814854657692 -0.015351993681923661 -0.015428365192971489 -0.0010953778082611991 0.017764567402010181 0.0020042820492099274 -0.024574899915334895 0.06131076196344365 -0.0024142978848685904 -0.0058756803624331021 0.061438119003742513 -0.0003759488741598764 0.029487579204990396 0.02278746629934426 -0.027560213308145183 0.0068683921357008803 0.0032312433850795012 0.0023600437995705873 -0.010450138836296891 -0.017661264868012221 0.021689962418041192 0.012748807485596644 0.085023460145787558 0.016490195823556635 -0.0034504213102822495 0.097048076583344689 0.084847741986182057 -0.017972393893697196 0.0015530289807550162 -0.014083156987054892
leaf_weight=208.98580896481872 134.77275154413655 376.03873223811388 171.80314368382096 1344.6277079349384 194.07375921495259 190.68884725449607 16.131059966050088 22.490133550483733 638.51674522459507 560.91232361644506 43.276091203093529 1638.6782193235122 85.677065622061491 163.94000316038728 79.743162347003818 1077.0568713974208 138.47542108595371 917.03083483036608 109.42975529283285 28.444237153045833 25.53550722822547 628.51827073097229 3.0419108755886546 77.943689703941345 2996.506046873983 8.1332492195069808 6.5001147892326108 38.824742794036865 19.001846455037594 3.4560005553066722
leaf_count=2694 21238 24657 12458 56343 2718 2131 172 168 8355 10999 203 36237 606 1088 5824 19559 1148 24272 1825 960 187 13872 57 778 127239 178 40 1438 415 86
internal_value=-9.66739e-05 -0.00223356 -0.00166668 0.00137746 0.00270956 0.0113663 0.0190382 0.0222868 0.00193662 0.0024737 0.00823788 0.000460418 0.00584252 0.00385421 -0.00813246 0.00249715 0.0138327 0.00233097 0.00506775 0.00614661 0.0466879 0.0114322 -0.00538538 -0.000357679 -0.00449135 -0.0113928 0.00821832 0.00104273 0.0251758 0.0639079
internal_weight=11948.3 6783.09 6648.31 3199.85 5165.17 423.384 232.695 216.564 4741.78 4532.8 1173.36 3359.43 1104.55 1018.88 643.697 2715.74 302.415 3028.05 1683.42 1573.99 68.8116 656.963 563.954 716.46 3448.46 451.955 75.916 69.4158 30.5911 11.5892
internal_count=377945 285021 263783 109730 92924 5189 3058 2886 87735 85041 12365 72676 11975 11369 16880 55796 2236 97272 40929 39104 390 14832 11056 9133 154053 26814 2157 2117 679 264
is_linear=0
shrinkage=0.03


Tree=74
num_leaves=31
num_cat=0
split_feature=9 8 0 9 14 0 2 5 14 21 10 11 18 16 0 8 14 8 5 5 12 21 10 8 8 18 18 0 19 21
split_gain=76.0257 75.8744 70.4629 57.4196 59.1331 49.8757 47.4173 45.5709 51.2919 40.231 85.2753 60.1585 39.5649 36.7921 36.7306 34.7239 51.7454 32.866 32.429 32.9291 43.7828 32.2997 32.1944 30.6209 37.2765 30.1665 36.278 32.8009 58.7058 39.9269
threshold=5.5000000000000009 163.50000000000003 67.952500000000015 43.000000000000007 4.5000000000000009 115.02000000000002 -1.0000000180025095e-35 36.021426401869171 11.500000000000002 1045.5000000000002 2.5000000000000004 1.5000000000000002 2705.5000000000005 1.5000000000000002 107.01950000000001 278.50000000000006 1.0000000180025095e-35 95.500000000000014 266.4847519912712 212.59312500000001 263.50000000000006 7375.5000000000009 967.50000000000011 372.00000000000006 274.50000000000006 6599.5000000000009 8468.5000000000018 100.02150000000002 5.5000000000000009 6728.5000000000009
decision_type=2 2 2 2 2 2 2 2 2 2 2 2 2 2 2 2 2 2 2 2 2 2 2 2 2 2 2 2 2 2
left_child=2 6 13 4 5 14 17 -5 9 10 -9 -12 -7 -1 18 16 -4 -2 19 -3 -21 -14 -8 24 -11 -18 27 28 29 -27
right_child=1 3 15 7 -6 12 22 8 -10 23 11 -13 21 -15 -16 -17 25 -19 -20 20 -22 -23 -24 -25 -26 26 -28 -29 -30 -31
leaf_value=-0.011349219473929896 -0.0023773118940179079 -0.0037022385376116649 -0.0035759565204286354 -0.016456126503314877 -0.029394024285090001 0.014667312122307626 0.01658145640906436 0.0054171313906728434 -0.0056110386474480618 -0.010289032965051599 0.049119058588051157 0.013904594591048975 -0.0062398589050286475 0.0092550120962225212 -0.016550497415645637 -0.012279330528989801 -0.0016962649993144951 0.013369787693876397 -0.022992925232359285 0.0095851636167987586 0.15237339670631497 0.0035230043769839603 0.049758993990185602 0.0021000327560927279 0.02616758553622971 0.1424476410085575 0.0042680134953702953 0.016320740773211492 0.18088012415146823 0.025078023544183196
leaf_weight=1110.0484128687531 270.34238933911547 1805.5624147024937 897.66207221243531 107.56953729782254 70.624434401281178 203.29266951279715 255.31952591659501 699.39475389383733 508.71174487145618 33.895434053614736 74.904042690992355 104.67776925861835 440.14374829689041 83.893012250307947 210.23414433188736 197.5407173470594 212.1967681334354 213.48263984406367 73.064910905901343 133.00294394232333 1.9611824369058002 993.24000954907387 29.348720560781658 2675.7885821606033 98.874155999626964 2.9027673313394251 238.04926488175988 162.59453558549285 2.8008852740749708 25.734772061929107
leaf_count=63599 5119 82156 35354 1672 5120 2056 3793 6593 10884 336 381 922 14217 3628 10825 11844 5650 4841 2124 3977 62 32208 728 53763 985 93 8522 5130 86 1277
internal_value=-9.48256e-05 0.00127177 -0.00428926 0.000430462 -0.00219067 -0.00169301 0.010287 0.00282462 0.00331888 0.0045508 0.0101521 0.0285926 0.00228177 -0.00990145 -0.00461834 -0.000437174 0.00107995 0.00457093 -0.00337254 -0.00263379 0.01166 0.000525159 0.020002 0.0027978 0.0168604 0.00756693 0.0121161 0.0217445 0.0497956 0.0369749
internal_weight=11936.9 9003.44 2933.42 8234.94 3931.13 3860.5 768.493 4303.82 4196.25 3687.53 878.977 179.582 1636.68 1193.94 2223.83 1739.48 1541.94 483.825 2013.59 1940.53 134.964 1433.38 284.668 2808.56 132.77 644.279 432.082 194.033 31.4384 28.6375
internal_count=377945 242762 135183 228281 152745 147625 14481 75536 73864 62980 7896 1303 48481 67227 99144 67956 56112 9960 88319 86195 4039 46425 4521 55084 1321 20758 15108 6586 1456 1370
is_linear=0
shrinkage=0.03


Tree=75
num_leaves=31
num_cat=0
split_feature=12 18 16 17 0 12 11 18 10 11 20 16 16 17 22 0 8 8 17 16 14 0 5 5 22 8 5 5 5 22
split_gain=72.7868 115.808 59.1337 53.6799 35.442 31.4507 84.2646 86.6455 49.4561 78.3718 42.4418 36.5104 36 31.0661 30.8622 40.0093 34.8308 30.1562 28.9758 26.1364 25.2552 24.8828 24.7209 29.1317 40.1444 24.5612 42.1934 26.0562 25.9596 36.8616
threshold=69.500000000000014 5802.5000000000009 1.0000000180025095e-35 0.0055953201372176417 265.07000000000005 1.0000000180025095e-35 6.5000000000000009 1984.5000000000002 2.5000000000000004 1.5000000000000002 17.742876052856449 1.0000000180025095e-35 1.0000000180025095e-35 0.055841993540525443 31704.500000000004 225.98500000000004 164.50000000000003 295.50000000000006 0.019963018596172336 3.5000000000000004 6.5000000000000009 1723.9500000000003 37.74481005509643 39.771702697926493 527289.50000000012 142.00000000000003 296.05762780748671 70.876373460516803 61.361111111111121 45217.000000000007
decision_type=2 2 2 2 2 2 2 2 2 2 2 2 2 2 2 2 2 2 2 2 2 2 2 2 2 2 2 2 2 2
left_child=4 -2 14 -4 5 20 8 -8 12 -10 -11 -9 -7 17 15 -3 25 -6 19 -5 -1 22 -20 24 -24 27 -27 28 -16 -30
right_child=1 2 3 18 13 6 7 11 9 10 -12 -13 -14 -15 16 -17 -18 -19 21 -21 -22 -23 23 -25 -26 26 -28 -29 29 -31
leaf_value=-0.00010815684966235516 -0.030190753789594023 -0.011982079928333564 -0.015136448292954768 -0.0035440463350318477 0.041413753271367502 0.019669351478193819 -0.018481363917646196 -0.00077336308437700278 0.041104974659720392 0.0077332860558569708 0.10561284818250223 0.0063272139983047791 0.0013371860314985765 0.0018828733408482194 0.01158126128211325 0.0018901721536899734 -0.0041818459072602973 0.013205975926387512 -0.011916591148582642 0.0059548133239426928 -0.011047590012885094 -0.029953015675267893 0.0027066279423985486 0.0056645072855851389 0.11134197338964798 0.016618088525623801 0.15225369119113899 -0.002904829575257682 -0.0064019119395417462 0.1504146429785059
leaf_weight=756.95782295428216 129.93832813343033 784.5757280155085 168.61755948280916 987.83104929374531 41.383927508257329 128.05248383432627 197.4674903661944 1608.5187928969972 111.79185424000025 195.4818895123899 4.0700715426355591 1095.6809061714448 390.14240403100848 191.07848896086216 87.143827051855624 245.71687674708664 1955.9847178859636 194.06157095404342 72.265976453199983 354.17445407435298 253.55575305223465 18.271851750090718 6.7594429338350874 1588.4130894178525 5.59588822722435 77.570561910048127 2.1205692179501048 268.56510534882545 2.4735821280628434 2.9675118140876293
leaf_count=10584 21238 53596 12458 42389 468 679 8803 36540 544 2416 51 20159 3013 2131 1327 8176 74773 2590 1118 13954 4946 433 107 39209 62 2991 50 12935 124 81
internal_value=-9.31798e-05 -0.00214249 -0.00159271 0.00133867 0.0025869 0.0018418 0.00311329 0.000702758 0.0115452 0.0209953 0.00972964 0.00210363 0.0058673 0.0108702 -0.00433147 -0.00867365 -0.00246495 0.018164 0.0022545 -0.00103716 -0.00285305 0.00486634 0.00524661 0.00602144 0.051909 0.00515279 0.0202273 0.00182645 0.0155507 0.0791241
internal_weight=11927.2 6758.99 6629.05 3201.93 5168.24 4741.72 3731.21 2901.67 829.539 311.344 199.552 2704.2 518.195 426.524 3427.12 1030.29 2396.83 235.445 3033.31 1342.01 1010.51 1691.31 1673.03 1600.77 12.3553 440.841 79.6911 361.15 92.5849 5.44109
internal_count=377945 285021 263783 109730 92924 87735 72205 65502 6703 3011 2467 56699 3692 5189 154053 61772 92281 3058 97272 56343 15530 40929 40496 39378 169 17508 3041 14467 1532 205
is_linear=0
shrinkage=0.03


Tree=76
num_leaves=31
num_cat=0
split_feature=6 5 5 6 6 16 5 5 22 18 6 1 1 1 1 18 14 6 22 22 6 6 8 2 3 6 6 8 8 8
split_gain=71.1356 99.553 76.9158 61.8247 63.2632 59.5065 54.6378 128.755 132.267 99.0676 67.6099 94.4954 48.904 55.6449 108.13 48.5028 47.8789 43.4247 46.6967 76.4816 106.298 300.425 176.119 56.8935 58.7342 63.6578 52.8106 71.4991 108.537 235.043
threshold=56.066423013564041 182.7352221345952 194.67837767687723 38.091680187016983 39.08864296050232 1.5000000000000002 102.58994080996887 103.23119735755576 54080.500000000007 7072.5000000000009 186.6198685303122 3.8180309057609358 4.0935942773539606 6.9037221565529414 6.894112511483347 35.500000000000007 6.5000000000000009 239.13200698181927 13381.000000000002 17206.500000000004 101.09758030336077 97.867515242218602 83.500000000000014 0.60355339059327384 -0.3794095225512602 123.84270730160451 186.52866215693894 238.50000000000003 144.50000000000003 193.50000000000003
decision_type=2 2 2 2 2 2 2 2 2 2 2 2 2 2 2 2 2 2 2 2 2 2 2 2 2 2 2 2 2 2
left_child=3 6 5 -1 16 15 10 8 -8 -10 -2 -12 -4 14 -14 -3 -5 18 -9 20 21 -20 -23 -22 -25 -26 -21 28 -28 -30
right_child=1 2 12 4 -6 -7 7 17 9 -11 11 -13 13 -15 -16 -17 -18 -19 19 26 23 22 -24 24 25 -27 27 -29 29 -31
leaf_value=-0.00045973446023101871 -0.010941315766495506 0.049058654701507332 -0.0083070940373040272 0.0148312815025481 0.0049231266282217844 0.044127636589171272 -0.0084572852272480226 -0.011353022688117446 0.26837477299925616 0.078299099297587729 -0.031541154371972288 0.33133163443721531 0.003155807773051592 -0.017488351728478055 0.060036529873751125 0.0062786685399720456 0.048652613149293769 -0.009976703623995992 0.022478999093793927 -0.0054227635113760523 -0.0046663666936946615 0.15135511766186116 0.4946689183583895 0.24431520953967606 0.16000739831517291 -0.016131958763619357 -0.0037215729393517407 0.00086181951927875769 0.1621416319638232 0.018165866901340325
leaf_weight=2060.9031213936396 998.29056783998385 26.4789082929492 424.56456096284091 203.11061003943905 1700.0618474432267 57.669743702281266 16.734601407777518 403.45694928430021 2.8953836793079999 16.713626812212169 1.3458238393068307 1.2418300434947012 1950.9413792588748 114.36904500704259 30.549798018299043 240.44294649502262 46.248478598892689 706.99349363846704 22.529247752856467 1432.5328334574588 63.18892293702811 4.3992444681935003 1.9369341749697921 1.5190122239291657 2.7463398016989213 5.6368465544655919 51.851513862609863 1276.2138892179355 14.093860597815363 36.984107630327344
leaf_count=41345 60115 151 13312 2093 22458 921 818 15428 54 591 54 51 43541 2792 236 6422 206 29682 858 72249 3156 114 48 35 68 265 2676 56460 314 1432
internal_value=-9.15077e-05 -0.00174229 0.00274775 0.003163 0.00699291 0.0164931 -0.00426619 -0.00271865 0.0534944 0.106365 -0.0105443 0.142604 0.000977564 0.00285838 0.00403277 0.0105225 0.0211041 -0.00322634 -0.0017876 -0.000463051 0.0250615 0.0738054 0.256304 0.00581133 0.0726727 0.0415715 -0.00138862 0.0028017 0.0268541 0.0578929
internal_weight=11916.6 7906.32 2845.02 4010.32 1949.42 324.592 5061.31 4060.43 36.3436 19.609 1000.88 2.58765 2520.42 2095.86 1981.49 266.922 249.359 4024.08 3317.09 2913.63 101.957 28.8654 6.33618 73.0911 9.9022 8.38319 2811.68 1379.14 102.929 51.078
internal_count=377945 311843 67375 66102 24757 7494 244468 184248 1463 645 60220 105 59881 46569 43777 6573 2299 182785 153103 137675 4544 1020 162 3524 368 333 133131 60882 4422 1746
is_linear=0
shrinkage=0.03


Tree=77
num_leaves=31
num_cat=0
split_feature=9 8 0 9 14 0 0 2 19 18 17 16 18 18 18 21 11 8 14 22 10 7 8 0 22 8 8 16 8 17
split_gain=67.6317 68.5502 65.5798 49.1917 57.0819 45.9183 43.4125 43.2284 42.5999 41.0781 40.4678 40.4249 40.1468 37.2677 36.5606 32.9912 42.6128 31.0358 65.9485 31.6008 49.2054 52.5247 80.7034 36.2153 35.3846 30.7388 86.4362 48.0234 45.7993 41.92
threshold=5.5000000000000009 163.50000000000003 58.955000000000005 43.000000000000007 4.5000000000000009 108.96000000000002 107.01950000000001 -1.0000000180025095e-35 93.500000000000014 15.500000000000002 0.021280568093061451 1.5000000000000002 9471.5000000000018 9477.5000000000018 2705.5000000000005 2009.5000000000002 13.500000000000002 273.50000000000006 1.0000000180025095e-35 37133.500000000007 885.50000000000011 1.0000000180025095e-35 35.500000000000007 624.07000000000005 48717.500000000007 31.500000000000004 332.50000000000006 2.5000000000000004 197.50000000000003 0.083343144506216063
decision_type=2 2 2 2 2 2 2 2 2 2 2 2 2 2 2 2 2 2 2 2 2 2 2 2 2 2 2 2 2 2
left_child=2 7 11 4 5 6 -3 -2 10 -4 -5 -1 -10 -14 -7 -11 -17 18 -18 -20 21 22 -21 -22 -24 -13 27 -27 29 -29
right_child=1 3 9 8 -6 14 -8 -9 12 15 -12 25 13 -15 -16 16 17 -19 19 20 23 -23 24 -25 -26 26 -28 28 -30 -31
leaf_value=-0.011979971724969875 0.0042560207871505818 -0.0031672984956953804 0.026898673605617339 -0.00018761768972386697 -0.029281874052942233 0.014011282484105271 -0.018606437614394445 0.018894981529170421 -0.0023354842921207088 -0.016595045798776603 0.007692980735568896 -0.013455121686665241 0.080849609430866803 0.011484520219543453 0.00051373912725966649 0.01340141741603583 -0.0062249127418747205 -0.01217454087096095 0.0035275189003230877 0.27625917489982382 1.2493912905848561e-05 0.013870539021505267 0.086591842685411508 0.055243565446637839 -0.010886537248346611 0.03402874381514135 -0.018517965132872665 0.016994256789965176 0.24721811111216732 0.17153188860401941
leaf_weight=925.8274991447106 486.84872791031376 1998.4356781933457 46.953820403665304 889.76846526842564 68.06408714549616 206.16359265474603 178.55740519054234 289.50542601523921 1588.9105272241868 121.98494729073718 1720.3510071928613 27.303777189459652 7.448287956416606 108.77711579017341 1457.2659650058486 179.16104650497437 742.23489388078451 231.85020982986316 458.20936183305457 1.7554279770702148 76.251797324046493 20.656492006033659 14.093543853610756 12.426019949838517 4.3971769902855149 15.068479883018883 20.128593336325139 3.6415479304268938 2.0385618726722896 2.7902282574214041
leaf_count=52883 9960 88319 457 27613 5120 2068 9592 4521 22155 3077 24527 676 66 1175 47646 1981 36853 14908 17484 53 3011 611 492 202 188 542 1526 121 59 59
internal_value=-9.13025e-05 0.00119363 -0.00406977 0.000389181 -0.00204881 -0.00156615 -0.00443362 0.00971495 0.00259736 -0.00081447 0.00500655 -0.0103073 -0.00109049 0.0159298 0.00218661 -0.00151293 -0.000456204 -0.0020458 -0.000280152 0.00722663 0.020307 0.0475271 0.0818659 0.00775177 0.063411 0.0115133 0.0271252 0.0661558 0.123309 0.0840357
internal_weight=11906.9 9000.1 2906.77 8223.74 3908.49 3840.42 2176.99 776.354 4315.26 1909.97 2610.12 996.799 1705.14 116.225 1663.43 1863.02 1741.04 1561.87 1330.02 587.79 129.58 40.9026 20.2461 88.6778 18.4907 70.9712 43.6674 23.5388 8.47034 6.43178
internal_count=377945 242762 135183 228281 152745 147625 97911 14481 75536 79317 52140 55866 23396 1241 49714 78860 75783 73802 58894 22041 4557 1344 733 3213 680 2983 2307 781 239 180
is_linear=0
shrinkage=0.03


Tree=78
num_leaves=31
num_cat=0
split_feature=12 21 16 17 2 10 10 7 10 13 11 18 10 0 18 22 14 0 18 0 0 18 11 18 7 11 17 19 19 18
split_gain=64.5479 125.31 59.1376 47.6216 33.4638 32.0446 32.4618 27.127 30.1671 26.2705 42.8599 36.995 52.7137 36.3215 35.3864 34.2178 36.1371 29.9391 28.6579 27.5898 33.3769 47.5281 35.508 27.5418 31.5386 27.1139 26.0303 29.7776 31.4166 28.1177
threshold=53.500000000000007 5822.5000000000009 1.0000000180025095e-35 0.0055953201372176417 0.25881904510252091 175.50000000000003 800.50000000000011 0.28462785923904005 807.50000000000011 577.95501708984386 6.5000000000000009 35.500000000000007 4.5000000000000009 107.95450000000001 1702.5000000000002 51.500000000000007 11.500000000000002 200.02550000000002 1702.5000000000002 19.582500000000003 15.001000000000003 3500.5000000000005 19.500000000000004 8.5000000000000018 0.43421192593538677 1.5000000000000002 0.026254345662891868 298.50000000000006 296.50000000000006 6303.5000000000009
decision_type=2 2 2 2 2 2 2 2 2 2 2 2 2 2 2 2 2 2 2 2 2 2 2 2 2 2 2 2 2 2
left_child=4 -2 7 -4 5 9 -7 -3 -9 11 18 12 13 15 -12 -1 23 -13 -11 20 22 -22 -16 -17 -25 -14 -5 28 29 -28
right_child=1 2 3 26 -6 6 -8 8 -10 10 14 17 25 -15 19 16 -18 -19 -20 -21 21 -23 -24 24 -26 -27 27 -29 -30 -31
leaf_value=-0.014114269807074522 -0.03018336843094423 -0.0057474559317038324 -0.013969348191697279 -4.3630581978963719e-05 0.0059449446399066474 -0.028663439640686298 -0.0024129554894722341 0.017196714143889954 -0.0014995598984553341 0.022265467256127654 -0.02711647979971344 -0.0064437963484579924 0.061135288914285789 0.019095172008346203 0.0025174086696708557 0.014928860973661098 -0.012951146686219829 0.0086157342794050285 0.083394563752901996 0.0030024424510569359 0.10579785775129713 0.024451165604246157 0.087039586618456607 -0.0023618230535731115 0.026043707388465273 0.0092970292892048563 -0.0052565144795650182 -0.0090159181957633425 0.080956038470408359 0.0082713350700359834
leaf_weight=127.20257708802819 138.6574599458836 2512.2391971703619 169.53597262874246 1767.3289794949815 1699.0619125398807 63.702637728769332 126.76969618117437 84.692024297080934 937.11635906808078 41.375960359349847 32.015566623769701 902.19671029411256 21.128646016120911 102.74716227501631 82.17869939096272 199.06887493282557 108.04562605544925 136.83070833981037 8.2842112090438587 872.65845397114754 7.9219032619148484 35.129217319190502 4.7308111973106852 305.02263134345412 39.764792021363974 15.925832405686377 158.64831524249166 116.58163005113602 5.1263103000819674 1077.1598160527647
leaf_count=1877 23607 125431 12860 69522 28897 6041 5818 2478 31684 297 851 15855 105 728 1086 1899 2206 1089 83 11243 87 399 61 3134 340 123 4919 1927 40 23258
internal_value=-8.99754e-05 -0.001949 -0.00137568 0.00151595 0.00253626 0.000744711 -0.0111923 -0.0040712 5.00705e-05 0.00149208 0.00523823 -0.000582519 0.0038025 0.00232961 0.00393151 0.000118596 0.00289579 -0.00446059 0.0324629 0.00492293 0.0178186 0.0394199 0.00711827 0.00604403 0.000914225 0.0388555 0.00235609 0.00548025 0.00684212 0.00653468
internal_weight=11898.8 6967.09 6828.43 3294.38 4931.76 3232.7 190.472 3534.05 1021.81 3042.23 1084.29 1957.93 918.906 881.852 1034.63 779.105 651.902 1039.03 49.6602 1002.62 129.961 43.0511 86.9095 543.856 344.787 37.0545 3124.85 1357.52 1240.93 1235.81
internal_count=377945 295726 272119 112526 82219 53322 11859 159593 34162 41463 14107 27356 10412 10184 13727 9456 7579 16944 380 12876 1633 486 1147 5373 3474 228 99666 30144 28217 28177
is_linear=0
shrinkage=0.03


Tree=79
num_leaves=31
num_cat=0
split_feature=9 8 0 9 14 0 5 14 0 17 0 22 20 2 14 8 8 22 6 6 6 0 17 10 18 5 17 9 7 5
split_gain=62.5762 63.9681 62.519 44.5008 54.9531 42.539 42.5324 43.9138 41.9687 40.5928 41.6889 40.5881 45.1924 34.6846 34.2785 75.0326 62.276 44.69 36.2828 34.5997 38.8307 94.5984 33.6634 38.9793 33.1622 31.743 31.0474 45.5157 33.4427 30.74
threshold=5.5000000000000009 163.50000000000003 48.955000000000005 43.000000000000007 4.5000000000000009 108.96000000000002 36.021426401869171 11.500000000000002 107.01950000000001 0.33095239102840429 49.030500000000011 195307.50000000003 21.425053596496586 0.91597561503675362 1.0000000180025095e-35 238.50000000000003 235.00000000000003 37133.500000000007 1.0000000180025095e-35 91.654153122780272 88.406025317848133 117.00500000000001 0.022082599811255935 1.0000000180025095e-35 2705.5000000000005 266.4847519912712 0.065935518592596068 6.5000000000000009 -0.22051517594126427 212.59312500000001
decision_type=2 2 2 2 2 2 2 2 2 2 2 2 2 2 2 2 2 2 2 2 2 2 2 2 2 2 2 2 2 2
left_child=2 9 -1 4 5 8 -5 11 25 13 -11 22 -13 26 18 16 -16 -18 -4 20 -17 -22 -8 -24 -7 29 27 -2 -29 -3
right_child=1 3 14 6 -6 24 7 -9 -10 10 -12 12 -14 -15 15 19 17 -19 -20 -21 21 -23 23 -25 -26 -27 -28 28 -30 -31
leaf_value=-0.012053223729512116 0.011646433205619311 -0.003346505183521547 0.01493431096354297 -0.016272184271399821 -0.029171367266551746 0.013308219510176992 -0.0067506050036340711 -0.0053778341014583111 -0.018351664576355994 -0.023773079504810078 0.012132633534362485 -0.0089412704373688055 0.0033445359385260694 0.038197884423702214 0.0061081601622652616 0.0077272807643281333 0.026167339454778619 0.14517344645795943 -0.0066148617917042131 -0.013696059253893778 -0.0038360231907104956 0.31837790849269809 -7.5941107142801176e-06 0.012995717767107067 0.0005095102026329083 -0.022718415293409771 0.0090736670509552822 0.017441217344325726 0.13954062350447868 0.011477466526010826
leaf_weight=658.33710345160216 14.687090759165587 1782.1169820958748 75.31685232417658 106.40655679628253 65.672199902823195 208.24145952053368 119.77932937676087 503.9117408497259 175.03676924901083 62.138339690864086 54.741245585028082 308.54163686465472 2127.5686620795168 43.231235744897276 777.98326014121994 26.652705656364564 6.7933932174928469 4.8800960350781679 1060.0482572894543 275.81181038869545 2.252883014734834 1.2893759934231637 270.78373952955008 887.4387576575391 1457.0999507512897 71.058631038293242 597.62784877140075 3.0792422145605087 5.8629633318632823 135.46783071570098
leaf_count=36732 585 82156 2264 1672 5120 2068 2334 10884 9592 1028 1032 3520 43870 468 27256 1849 303 93 48548 17914 157 67 3280 9976 47646 2124 11176 105 87 4039
internal_value=-8.82897e-05 0.00114483 -0.00392951 0.000365028 -0.00196103 -0.00149434 0.00245994 0.00293248 -0.00426846 0.0093475 -0.00695643 0.00405999 0.0017885 0.0122153 -0.00153235 0.00225302 0.00714016 0.0759178 -0.00518535 -0.0103583 0.0201298 0.113449 0.00838987 0.00995564 0.00210992 -0.00302889 0.0104072 0.044135 0.0974958 -0.00229927
internal_weight=11889.9 9000.49 2889.37 8219.12 3894.69 3829.02 4324.43 4218.02 2163.68 781.368 116.88 3714.11 2436.11 664.488 2231.03 1095.66 789.657 11.6735 1135.37 306.007 30.195 3.54226 1278 1158.22 1665.34 1988.64 621.257 23.6293 8.94221 1917.58
internal_count=377945 242762 135183 228281 152745 147625 75536 73864 97911 14481 2060 62980 47390 12421 98451 47639 27652 396 50812 19987 2073 224 15590 13256 49714 88319 11953 777 192 86195
is_linear=0
shrinkage=0.03


Tree=80
num_leaves=31
num_cat=0
split_feature=6 5 5 19 14 5 18 6 0 6 6 17 18 18 6 6 0 8 5 16 8 8 19 18 8 2 9 5 0 9
split_gain=60.3825 88.9797 106.792 93.3505 61.4357 63.8197 72.6957 56.6896 77.4777 53.7684 56.9744 49.7346 49.5192 49.8976 40.2539 43.2162 59.4101 83.0024 60.776 47.2362 42.4132 125.83 125.527 67.8934 65.5749 88.6105 57.3812 43.853 68.7977 47.9859
threshold=56.066423013564041 102.58994080996887 103.23119735755576 7.5000000000000009 7.5000000000000009 182.7352221345952 24.500000000000004 186.6198685303122 48.955000000000005 38.091680187016983 39.08864296050232 0.19605058431625369 6795.5000000000009 7072.5000000000009 239.13200698181927 186.52866215693894 15.001000000000003 196.00000000000003 106.95843137254904 4.5000000000000009 238.50000000000003 121.00000000000001 5.5000000000000009 9775.5000000000018 163.50000000000003 0.37940952255126054 10.500000000000002 118.93050471698115 2097.5750000000003 12.500000000000002
decision_type=2 2 2 2 2 2 2 2 2 2 2 2 2 2 2 2 2 2 2 2 2 2 2 2 2 2 2 2 2 2
left_child=9 7 3 -3 5 14 -7 -2 -9 -1 11 -11 -5 -14 15 -4 17 -17 19 -18 21 23 24 -20 25 -23 -22 28 -28 -29
right_child=1 2 4 12 -6 6 -8 8 -10 10 -12 -13 13 -15 -16 16 18 -19 20 -21 26 22 -24 -25 -26 -27 27 29 -30 -31
leaf_value=-0.00048540142577854729 -0.01047767023010465 -0.0076239672456179111 -0.0045472395183695207 -0.0098218145257963664 -0.028266494701161007 0.025514939533909802 0.0020274290886884041 -0.031512915245485863 0.27621780633871557 0.027102976970185957 0.0044904593926785585 -0.0043659782312989179 0.20876454270968675 0.08462443264911032 -0.0094343680725616774 0.21919077110384422 0.02430532469982577 0.029852142540908597 -0.014778599850644248 0.15760130609404324 -0.019438757068063455 0.079516621528883946 0.0036077186027476354 0.18890138783446611 0.048601917678153285 0.23154502286728695 0.0091691497259409095 0.019567052174539443 0.23166357169102192 -0.0057199749021245184
leaf_weight=2058.7335102143697 975.71839990979061 15.255544679705052 1818.1294313659891 3.8427609382197288 71.951778080547228 124.09318576008081 2678.192474294221 1.4825041512958699 1.4629808035679159 193.5730357831344 1711.5107765854336 58.969299836549908 3.6020139940083054 15.257413910701869 689.6156964795664 2.2498982455581453 65.554838908370584 28.225035022012889 73.833069721702486 2.4833119148388496 144.39285395061597 9.8112333384342474 31.923234730027616 1.5028815614059556 18.3264976805076 5.3222157866694024 317.03810119116679 74.946290553081781 1.2557255998253811 683.44504279596731
leaf_count=41345 60115 817 88602 128 4964 867 63548 59 46 1582 22458 717 52 466 29012 50 3168 637 3708 43 8376 293 994 80 810 98 12561 3343 38 28968
internal_value=-8.69579e-05 -0.00161706 -0.00041313 0.0497678 -0.00069151 -0.000398457 0.00306752 -0.010081 0.121333 0.00290224 0.00645319 0.0197549 0.0883342 0.108334 -0.00284617 -0.00146035 0.00238292 0.0438306 0.00149952 0.0291705 0.000117019 0.0157129 0.0461642 -0.0107154 0.0867662 0.132983 -0.00168028 0.000701287 0.0100469 -0.00322104
internal_weight=11881.7 7858.91 6880.25 37.9577 6842.29 6770.34 2802.29 978.664 2.94548 4022.79 1964.05 252.542 22.7022 18.8594 3968.06 3278.44 1460.31 30.4749 1429.84 68.0382 1361.8 140.719 65.3832 75.336 33.4599 15.1334 1221.08 1076.69 318.294 758.391
internal_count=377945 311843 251623 1463 250160 245196 64415 60220 105 66102 24757 2299 646 518 180781 151769 63167 687 62480 3211 59269 5983 2195 3788 1201 391 53286 44910 12599 32311
is_linear=0
shrinkage=0.03


Tree=81
num_leaves=31
num_cat=0
split_feature=9 0 8 9 0 5 0 2 16 19 17 18 18 5 5 0 18 21 11 0 0 8 19 5 5 22 18 5 0 10
split_gain=57.4541 59.8652 59.5467 39.4743 41.0135 40.0054 38.5108 38.0668 32.5045 32.2319 39.8814 38.0827 36.3373 31.8066 31.082 69.2903 29.9867 35.2699 35.8937 31.5639 37.7952 28.7185 28.0309 37.6296 27.8774 50.8776 27.8688 48.9625 40.1488 33.685
threshold=5.5000000000000009 67.952500000000015 163.50000000000003 43.000000000000007 108.96000000000002 36.021426401869171 107.01950000000001 -1.0000000180025095e-35 1.5000000000000002 93.500000000000014 0.021559521555900577 9471.5000000000018 9477.5000000000018 266.4847519912712 132.33398484848487 1723.9500000000003 15.500000000000002 2009.5000000000002 13.500000000000002 100.02150000000002 115.02000000000002 95.500000000000014 142.50000000000003 39.77545269792649 73.191791666666674 34100.500000000007 6925.5000000000009 216.17391853932585 76.986500000000021 175.50000000000003
decision_type=2 2 2 2 2 2 2 2 2 2 2 2 2 2 2 2 2 2 2 2 2 2 2 2 2 2 2 2 2 2
left_child=1 8 7 4 6 -5 13 21 -1 10 14 22 -13 26 15 -7 -3 -18 -19 -20 24 -2 -11 -24 25 -21 29 28 -28 -4
right_child=2 16 3 5 -6 9 -8 -9 -10 11 -12 12 -14 -15 -16 -17 17 18 19 20 -22 -23 23 -25 -26 -27 27 -29 -30 -31
leaf_value=-0.010505964682391252 -0.0026582868996460288 0.024421579585872055 -0.0020353821347544234 -0.015990961250232319 0.0016512216363264902 0.0079378803300536524 -0.018168523459498622 0.017478602628004249 0.0088236478687716488 -0.0077685123179390587 0.0075769604062044943 0.080261971865068116 0.011691102293700817 -0.022898989199944677 -0.0035266888431958608 0.23142521528847723 -0.016734421356696942 0.013008567790122138 0.0085546634463312399 -0.006771165479657712 -0.0011750019064322354 0.011939921601344716 -0.0053030900943158979 0.006143881909595925 -0.020665163533670566 0.12971997456637016 -0.0040171743539899026 0.024630556822548492 0.010640874657580308 -0.015042432980222648
leaf_weight=1064.5609781905077 271.85794118279591 43.246316350996494 449.19142160005867 104.95547790778801 1689.4674279568717 235.17145934747532 172.65327078010887 295.80922608682886 84.511667544022202 481.98748631589115 1682.4356627995148 7.4372293986380091 107.33332282677293 72.625138821545988 670.33086076006293 1.2552231140434731 117.44129740027711 177.63352889195085 240.88729708269238 11.238675034139304 981.80036184471101 218.97690111538395 470.98616773914546 572.77551820594817 148.1423654044047 3.1458728443831196 922.5027416208759 69.322744626551867 205.67009218409657 298.12023075530306
leaf_count=63599 5119 402 7793 1672 51297 9220 9750 4521 3628 5532 23587 61 1144 2329 18714 30 3016 1934 13512 676 38182 4841 9573 6003 10174 60 48403 2110 9967 21096
internal_value=-8.62783e-05 -0.00378028 0.00109265 0.000337538 -0.00186074 0.00230501 -0.00456992 0.00897766 -0.00908432 0.002759 0.00484358 -0.000531034 0.0161346 -0.00340614 -0.00022806 0.00912441 -0.000244104 -0.000878935 0.000312537 -0.00131554 -0.00339328 0.00385443 -0.00178466 0.00097856 -0.0167935 0.0230792 -0.00267822 0.000158759 -0.00134496 -0.0072242
internal_weight=11873.5 2872.61 9000.87 8214.22 3879.55 4334.67 2190.09 786.644 1149.07 4229.71 2589.19 1640.52 114.771 2017.43 906.758 236.427 1723.54 1680.29 1562.85 1385.21 1144.33 490.835 1525.75 1043.76 162.527 14.3845 1944.81 1197.5 1128.17 747.312
internal_count=377945 135183 242762 228281 152745 75536 101448 14481 67227 73864 51551 22313 1205 91698 27964 9250 67956 67554 64538 62604 49092 9960 21108 15576 10910 736 89369 60480 58370 28889
is_linear=0
shrinkage=0.03


Tree=82
num_leaves=31
num_cat=0
split_feature=12 18 16 17 2 4 11 9 11 6 6 5 0 7 0 0 5 0 9 9 6 9 17 18 0 0 13 22 11 8
split_gain=55.7849 108.484 52.2941 52.1497 34.0148 43.9142 37.7568 35.1779 39.9021 36.397 36.2706 49.1159 36.6171 33.9431 31.2051 66.4319 32.1009 34.6316 30.8212 38.7837 117.746 37.4727 31.957 64.3495 29.7031 130.817 28.6665 26.2784 25.7246 25.6498
threshold=69.500000000000014 5802.5000000000009 1.5000000000000002 0.0055953201372176417 1.0000000180025095e-35 1.0000000180025095e-35 21.500000000000004 9.5000000000000018 5.5000000000000009 186.6198685303122 199.85975351217249 138.83633543851292 440.99500000000006 0.16015077138552916 994.97500000000014 985.45000000000016 285.87276190476194 500.07500000000005 25.500000000000004 22.500000000000004 395.77295757026781 36.500000000000007 0.0096451560966670531 9448.5000000000018 77.036500000000004 77.953500000000005 6563.8330078125009 13381.000000000002 14.500000000000002 169.50000000000003
decision_type=2 2 2 2 2 2 2 2 2 2 2 2 2 2 2 2 2 2 2 2 2 2 2 2 2 2 2 2 2 2
left_child=4 -2 13 -4 6 7 -1 8 -6 -10 11 -11 -12 26 15 16 27 -18 19 -5 22 -20 23 -21 -7 28 -3 -15 -26 -9
right_child=1 2 3 18 5 24 -8 29 9 10 12 -13 -14 14 -16 -17 17 -19 21 20 -22 -23 -24 -25 25 -27 -28 -29 -30 -31
leaf_value=0.00097824728715764685 -0.030176956041139673 0.055450325651777967 -0.015654628580600332 0.0082180696337385457 0.036583981832503089 -0.0015881132409512858 -0.013404894501650041 0.038495032523683199 -0.0066976697855969224 0.15205691507182095 -3.9391250125186503e-05 -0.01095768739993451 0.050052206722465076 -0.011423502232273066 -0.015001831518582901 0.052359975303351299 0.041025209896671549 0.0028390223002774432 -0.0095616827076389441 0.2058988040233935 0.26829094551600785 0.0045174492669924887 0.018828211901288489 -0.0073902147118004545 0.051823292324677625 0.0051906022227826611 -0.0048431913414022365 0.0014174077308227383 0.14108688626876134 0.012882343476851228
leaf_weight=2749.183327711653 119.871037959354 7.1124326325952998 124.04505480173975 357.02927743084729 28.36409673653543 896.39452412119135 174.69730340177193 37.62597825890407 233.45905670337379 3.9034962668083599 62.941710991319269 2.8987466264516115 16.597319093998522 163.40694766910747 106.52296218741685 23.036658883094788 36.272151686251163 52.043744970113039 205.03558450378478 2.5244411099702111 1.8972947113215912 999.68650530837476 42.660483042709529 2.5681977774947882 4.8520539812743646 415.05151065113023 3272.7911786111072 1173.4365461110137 7.2432585591450334 543.46768857771531
leaf_count=38371 21238 247 9814 13837 276 14634 11107 274 8818 122 1893 91 207 8721 3154 238 404 769 8649 50 32 26765 1540 109 37 7271 152870 36584 90 9733
internal_value=-8.48576e-05 -0.00189424 -0.00137822 0.00308901 0.00225345 0.00502388 0.000118877 0.0100227 0.00248182 -0.000542803 0.0160994 0.0825889 0.0104132 -0.00298179 0.000669281 0.00182198 0.00100507 0.0185224 0.00453188 0.0116729 0.0365163 0.00212128 0.0273075 0.098338 0.00151425 0.00802475 -0.00471245 -0.000152181 0.105279 0.0145408
internal_weight=11866.6 6689.94 6570.07 1735.45 5176.68 2252.8 2923.88 929.258 348.164 319.8 86.3413 6.80224 79.539 4834.62 1554.72 1448.2 1425.16 88.3159 1611.4 406.68 49.6504 1204.72 47.7531 5.09264 1323.54 427.147 3279.9 1336.84 12.0953 581.094
internal_count=377945 285021 263783 60796 92924 43446 49478 21414 11407 11131 2313 213 2100 202987 49870 46716 46478 1173 50982 15568 1731 35414 1699 159 22032 7398 153117 45305 127 10007
is_linear=0
shrinkage=0.03


Tree=83
num_leaves=31
num_cat=0
split_feature=9 0 7 13 2 14 0 0 13 21 16 3 22 22 20 0 7 20 14 12 21 22 16 19 9 0 7 0 11 7
split_gain=52.6316 58.033 41.8597 42.7145 34.4822 32.6572 34.0135 36.4146 30.2805 29.5611 26.3243 36.8658 26.177 28.9235 43.8804 25.5901 24.6843 24.5502 24.3803 28.5916 48.1079 30.5781 29.3005 26.3704 22.0162 21.7488 39.6283 21.4987 24.4157 21.4458
threshold=5.5000000000000009 48.955000000000005 0.35822379652857333 22664.341796875004 0.91597561503675362 1.0000000180025095e-35 54.007500000000007 58.955000000000005 2302.0725097656255 8361.5000000000018 2.5000000000000004 0.37940952255126048 296694.50000000006 223235.00000000003 35.83160591125489 53.974500000000006 -0.36795605992384978 45.809553146362312 9.5000000000000018 27.500000000000004 6298.5000000000009 30424.500000000004 1.5000000000000002 81.500000000000014 6.5000000000000009 6.1825000000000001 -0.57720773758415744 261.97500000000008 8.5000000000000018 -0.39033234863277039
decision_type=2 2 2 2 2 2 2 2 2 2 2 2 2 2 2 2 2 2 2 2 2 2 2 2 2 2 2 2 2 2
left_child=1 25 4 17 18 8 10 -8 -3 -5 15 29 13 -6 -15 -7 -17 -4 19 27 -21 24 -23 -20 -22 26 -1 -2 -29 -12
right_child=2 5 3 9 12 6 7 -9 -10 -11 11 -13 -14 14 -16 16 -18 -19 23 20 21 22 -24 -25 -26 -27 -28 28 -30 -31
leaf_value=-0.0084832670991364986 0.002000821251593168 0.0018819438692903115 0.0069654263548495406 -0.0073978433054487491 0.010175892064353103 0.010988784635033701 -0.0202263347701893 0.0023314986308953407 -0.0084859047955993024 0.0045113489855992837 0.22198644209365909 -0.0165291371961407 -0.0034662931201829192 0.023423971940297213 0.12423517913481458 0.11265951064166418 -0.0058682518913092032 0.021988214638403905 -0.032452074433036888 -0.013241964498188053 0.0061291812457885267 -0.0027465022288975524 0.0031990553302914866 -0.0052555875322516533 0.15627996746245251 -0.012244167612801327 0.12375406994873163 0.04501430006506163 0.0053163617449595675 0.070925549722552605
leaf_weight=6.3824271773919463 2325.8535435530357 386.54110436979681 1149.6535411840305 336.75991736771539 288.94253615150228 78.946570652071387 69.201217852532864 929.36911445157602 736.77260416653007 423.4723345907405 1.6536654653027656 2.0480921370908618 125.6206388627179 18.045385561883453 4.952390407677739 4.5061741736717522 2.4362917202524832 107.01653686817735 34.815228437073529 301.38546666083857 1.6239337185397738 2314.6933393534273 1100.7415483063087 409.52334730140865 1.9156327880918977 632.83780038403347 2.9974399693310243 22.382010191679001 36.984181537292898 1.7314198119565833
leaf_count=186 33119 6465 17979 10395 5413 4255 4715 38125 44347 10201 41 92 1644 363 130 181 169 2482 2737 22358 78 86291 41108 8025 53 36505 41 118 268 61
internal_value=-8.36061e-05 -0.00363254 0.00104181 0.00484905 -5.71282e-05 -0.00132869 0.00237094 0.000768234 -0.00491825 -0.000764063 0.0198959 0.0839362 0.00809662 0.0127531 0.0451329 0.0158448 0.071065 0.00824475 -0.000601832 -0.000108071 -0.00175187 -0.000739008 -0.000830341 -0.00738651 0.0873916 -0.011572 0.0337746 0.00245585 0.0202831 0.144721
internal_weight=11859.8 2855.42 9004.38 2016.9 6987.48 2213.21 1089.89 998.57 1123.31 760.232 91.3222 5.43318 437.561 311.94 22.9978 85.889 6.94247 1256.67 6549.92 6105.58 3720.36 3418.97 3415.43 444.339 3.53957 642.218 9.37987 2385.22 59.3662 3.38509
internal_count=377945 135183 242762 41057 201705 98451 47639 42840 50812 20596 4799 194 7550 5906 493 4605 350 20461 194155 183393 149888 127530 127399 10762 131 36732 227 33505 386 102
is_linear=0
shrinkage=0.03


Tree=84
num_leaves=31
num_cat=0
split_feature=5 5 5 16 0 0 0 21 5 19 16 0 10 2 11 20 0 0 5 17 5 5 14 5 5 10 13 22 10 17
split_gain=50.5054 87.3394 61.5512 52.0768 47.8073 107.031 45.7249 44.3301 43.9808 59.6372 43.4927 42.5514 41.7963 42.6826 45.0667 36.3212 36.3171 49.7809 33.282 82.7451 52.4241 53.1353 29.3648 28.8886 28.3815 27.8993 38.5365 29.1798 27.6141 24.8046
threshold=73.191791666666674 182.7352221345952 194.67837767687723 1.5000000000000002 994.97500000000014 846.33000000000004 58.955000000000005 8343.5000000000018 41.268379638916763 2.5000000000000004 1.0000000180025095e-35 7.596000000000001 1014.5000000000001 0.25881904510252091 42.500000000000007 1.8994446992874148 48.955000000000005 49.030500000000011 44.439118825100145 0.18605916202068332 48.186564067272009 47.244698122241168 7.5000000000000009 118.29433513621795 102.58994080996887 66.500000000000014 325.06649780273443 139795.50000000003 779.50000000000011 0.0055953201372176417
decision_type=2 2 2 2 2 2 2 2 2 2 2 2 2 2 2 2 2 2 2 2 2 2 2 2 2 2 2 2 2 2
left_child=8 10 3 15 5 6 -4 -7 12 -10 -2 -12 -1 -14 -15 -3 -13 29 19 -11 21 -20 25 24 28 26 -8 -28 -19 -18
right_child=1 2 4 -5 -6 7 22 -9 9 18 11 16 13 14 -16 -17 17 23 20 -21 -22 -23 -24 -25 -26 -27 27 -29 -30 -31
leaf_value=-0.0022917100437066643 -0.0063439240183040448 0.051343632166581304 -0.0080889183843508242 0.040437802251754876 -0.017494230559940691 0.0038931600837059654 0.0023747997986759872 0.051653437493038259 -0.0092655098025521132 0.036237926161555557 0.091346429902560505 -0.0080338835555704875 0.0057031439288537334 0.020437639482077875 0.10412838659985521 0.0064781400210309386 -0.023507049375135699 0.020778518223058772 0.0040817057257994454 0.00032805955380279064 0.011221096050666296 -0.014701353134415309 -0.025034128538248556 -0.003473697884541333 0.0082576452950983981 0.0014812372857894978 0.026517737517232905 -0.009628387756264194 -0.0082268508010897041 0.030082668110122175
leaf_weight=1474.2990061091259 2770.4225419010036 17.346688751131296 420.3249891421292 58.98675213707611 118.19839290715754 25.862526189070195 225.73949950560927 54.032840322703123 224.22150518326089 112.18411548994482 4.5030123316682866 510.46243322896771 58.448360604699701 14.901196065824481 9.4717678967863304 254.47794924699701 8.7300399527885002 34.390061969868839 820.41871574195102 119.02089377027005 829.1322983703576 162.37517035054043 33.516282750526443 972.43032406223938 522.65653625363484 1551.1642224565148 142.50409743562341 23.400990545749664 209.47648670058697 70.940071714110672
leaf_count=24732 146131 94 13312 925 2888 486 2848 505 11877 709 78 26566 1211 238 99 6542 727 937 7176 1064 9460 1429 1860 38961 21214 37427 1403 260 13537 3249
internal_value=-8.20495e-05 -0.00143349 0.00269919 0.0148861 0.00114545 0.00203507 0.000896366 0.0361932 0.00275533 0.00542138 -0.00380229 -0.00078488 -0.00112676 0.0196105 0.0529614 0.00934126 -0.000963005 0.00102169 0.00703318 0.0177521 0.00566543 0.000978408 0.00280736 -4.06993e-05 0.00431449 0.00328766 0.0104423 0.0214193 -0.00413651 0.0242104
internal_weight=11854 8029.57 2925.56 330.811 2594.74 2476.55 2396.65 79.8954 3824.47 2267.35 5104.01 2333.59 1557.12 82.8213 24.373 271.825 2329.09 1818.62 2043.13 231.205 1811.93 982.794 1976.33 1738.95 766.523 1942.81 391.645 165.905 243.867 79.6701
internal_count=377945 319950 68550 7561 60989 58101 57110 991 57995 31715 251400 105269 26280 1548 337 6636 105191 78625 19838 1773 18065 8605 43798 74649 35688 41938 4511 1663 14474 3976
is_linear=0
shrinkage=0.03


Tree=85
num_leaves=31
num_cat=0
split_feature=6 0 0 6 14 0 21 21 5 0 6 17 5 0 0 5 8 6 0 14 19 8 0 5 5 12 17 19 22 5
split_gain=50.6933 72.2225 97.5957 63.6951 45.1819 38.4818 87.7824 57.1942 56.1976 45.5024 38.4229 44.4017 35.74 43.3766 83.3244 33.5753 32.3483 42.0674 32.0595 31.0454 40.5233 48.8676 43.6212 30.9404 29.6301 29.6064 32.8978 28.9726 27.7632 26.9475
threshold=45.735444215470999 58.955000000000005 57.008500000000005 38.091680187016983 7.5000000000000009 48.955000000000005 2726.5000000000005 56.500000000000007 193.3356445868946 50.005000000000003 39.08864296050232 0.19605058431625369 182.7352221345952 994.97500000000014 985.45000000000016 186.5685638953041 41.500000000000007 93.529824711693507 47.818500000000007 2.5000000000000004 3.5000000000000004 4.5000000000000009 17.370500000000003 184.63584881756759 44.702982061688324 187.50000000000003 0.017073792405426506 5.5000000000000009 12911.000000000002 73.191791666666674
decision_type=2 2 2 2 2 2 2 2 2 2 2 2 2 2 2 2 2 2 2 2 2 2 2 2 2 2 2 2 2 2
left_child=3 2 5 19 12 7 -7 8 -2 29 11 27 -3 14 16 -15 23 -18 -9 20 21 -1 -22 -14 -13 26 -19 -5 -26 -8
right_child=1 4 -4 10 -6 6 9 18 -10 -11 -12 24 13 15 -16 -17 17 25 -20 -21 22 -23 -24 -25 28 -27 -28 -29 -30 -31
leaf_value=0.0083935353523692871 -0.0010083331188601632 -0.0011977025592595405 -0.022333089883288519 -0.02807469232437923 -0.027568176062442704 -0.019012601335106724 0.058898549798376797 -0.0061160117833834321 0.041779383027266213 -0.0035833123206536182 0.0054913624558494498 -0.016751736409363407 0.062899913957839781 0.061783195206962405 0.052340361521307374 -0.017252037560422446 0.068005121640672475 -0.007970068244209233 -0.022322449513352636 -0.0038210926515781607 -0.0078389718927604768 -0.012237657002418032 0.013759185420243148 -0.0059016141860670692 -0.0058925255636262533 -0.0022756416739875369 0.008464168861969705 0.027626645053225454 0.076722151217685025 0.01364413668873588
leaf_weight=182.2186881294474 78.415590923279524 3339.4947279989719 276.57822356536053 8.7973083378747088 51.021130527369678 130.58376085362397 12.317277180962263 1476.5945465019904 42.65321559458971 176.70309743308462 1201.0857415148057 44.367766201030463 5.9895786680281153 5.0501977112144223 32.426037896424532 114.85791775910184 9.6270320601761323 119.54343056678772 118.68601470789872 1122.2244509463198 106.26557049248368 238.65866207284853 404.57726200018078 329.50610653264448 7.9063280611298961 383.82652114611119 1321.2835091394372 188.09365138923749 6.8180377557873726 307.14532259828411
leaf_count=6265 859 146377 17391 438 3255 4043 374 68242 272 9451 12763 358 181 85 240 2868 46 2519 7339 18134 1408 10733 4805 8472 182 9453 26305 1144 177 13766
internal_value=-8.06912e-05 -0.00135476 -0.00547924 0.00294292 0.000536628 -0.00348982 0.00287241 -0.00581308 0.014066 0.00863224 0.00774039 0.0182929 0.000789902 0.00364833 0.00460509 -0.0139233 0.00389172 0.00545829 -0.00732174 -0.000460405 0.00358743 -0.00330539 0.00926633 -0.00467331 -0.00451381 0.00512829 0.00710064 0.0251378 0.0323618 0.015389
internal_weight=11843.3 8332.3 2619.68 3511.01 5712.63 2343.1 626.749 1716.35 121.069 496.166 1457.07 255.983 5661.61 2322.11 2202.2 119.908 2169.78 1834.28 1595.28 2053.94 931.72 420.877 510.843 335.496 59.0921 1824.65 1440.83 196.891 14.7244 319.463
internal_count=377945 321538 121737 56407 199801 104346 27634 76712 1131 23591 15062 2299 196546 50169 47216 2953 46976 38323 75581 41345 23211 16998 6213 8653 717 38277 28824 1582 359 14140
is_linear=0
shrinkage=0.03


Tree=86
num_leaves=31
num_cat=0
split_feature=6 5 5 22 14 16 6 17 17 6 6 17 18 7 16 6 14 19 8 7 7 19 5 22 5 5 5 22 8 14
split_gain=48.0294 77.9929 97.91 90.8368 56.5974 52.4536 48.8189 50.3886 46.5676 42.4175 46.7241 41.5744 35.2141 38.9885 30.8894 29.5932 29.2238 37.8728 46.2902 32.7987 34.3099 34.3914 31.0526 29.9463 26.9269 44.2146 44.6796 29.0336 114.553 86.4235
threshold=56.066423013564041 102.58994080996887 103.23119735755576 52219.000000000007 6.5000000000000009 1.0000000180025095e-35 186.6198685303122 0.080648712813854231 0.02471006661653519 38.091680187016983 39.08864296050232 0.18605916202068332 8145.5000000000009 -0.43663348738071023 1.5000000000000002 38.528743113503623 2.5000000000000004 3.5000000000000004 4.5000000000000009 -0.41594157485138206 -0.34998766066840564 25.500000000000004 55.202195454545468 46397.000000000007 73.191791666666674 48.186564067272009 47.244698122241168 26427.500000000004 26.500000000000004 1.0000000180025095e-35
decision_type=2 2 2 2 2 2 2 2 2 2 2 2 2 2 2 2 2 2 2 2 2 2 2 2 2 2 2 2 2 2
left_child=9 6 3 -3 5 -4 -2 -8 -7 16 11 14 13 -5 -11 -13 17 18 -1 22 21 23 -19 -21 25 26 -12 -26 29 -29
right_child=1 2 4 12 -6 8 7 -9 -10 10 24 15 -14 -15 -16 -17 -18 19 -20 20 -22 -23 -24 -25 27 -27 -28 28 -30 -31
leaf_value=0.0080819263419407133 -0.0098987433387277574 -0.010251916458467038 -0.0028156145752694078 0.22827938739930714 -0.022603125234600206 -0.00038100674860596121 0.23882507384307977 0.0013441865664046372 0.0070293097836804635 0.015551331966208191 0.0032699048986015171 -0.01000681012676034 0.048352921569150296 0.092702295803488849 0.041062655664027774 0.035002231133915991 -0.0037180132812806269 -0.0018698390380737096 -0.012005236590077311 0.038483225193271076 0.012261435694862082 0.009566228064003016 0.080304879707406143 0.12840934071067883 -0.014214078680596369 0.010301676242587005 -0.015700281262757104 0.067965333160876593 -0.022870848277452741 0.35233357299474538
leaf_weight=183.54637024179101 948.69851501798257 15.29112545121461 3487.6959043876268 2.4147836500778785 103.68891127640381 1964.8049489860423 1.4420106885954731 1.8177525429055092 1248.0143376372289 108.15118771465495 712.96231642970815 62.306862120050937 12.462294488213955 9.1142486482858676 70.59983305959031 16.66335268644616 1118.7901879744604 205.18115550698712 236.02110012667254 6.9327824125066417 280.68960281601176 10.721335018984972 4.2239031000062814 6.4183996375650167 116.42757168924436 750.36481608171016 132.50749602587894 3.0378919988870612 10.825956635642795 1.4075066708028314
leaf_count=6265 60115 772 140125 46 6532 70777 50 55 32726 1106 6234 559 459 186 354 280 18134 2615 10733 91 3240 107 95 65 5393 9036 1117 153 482 43
internal_value=-7.93759e-05 -0.00145492 -0.000335742 0.0468907 -0.000608392 -0.000268029 -0.00950051 0.106398 0.00249752 0.00257628 0.00570278 0.0176185 0.0833112 0.121099 0.0256273 -0.000509539 -0.000447748 0.00347065 -0.00321779 0.0089285 0.0152092 0.0495811 -0.000212295 0.081714 0.00392514 0.0050011 0.000296775 -0.00911265 0.0297802 0.158002
internal_weight=11833.2 7795.44 6843.49 39.2825 6804.2 6700.52 951.958 3.25976 3212.82 4037.78 1985.25 257.721 23.9913 11.529 178.751 78.9702 2052.52 933.735 419.567 514.167 304.762 24.0725 209.405 13.3512 1727.53 1595.83 845.47 131.699 15.2714 4.4454
internal_count=377945 311843 251623 1463 250160 243628 60220 105 103503 66102 24757 2299 691 232 1460 839 41345 23211 16998 6213 3503 263 2710 156 22458 16387 7351 6071 678 196
is_linear=0
shrinkage=0.03


Tree=87
num_leaves=31
num_cat=0
split_feature=2 19 8 8 14 22 14 8 6 6 20 6 22 5 6 17 7 5 21 17 21 8 8 7 22 8 7 7 18 8
split_gain=45.8959 40.6147 57.5504 79.7073 51.3202 51.6754 40.8113 39.1239 60.643 95.9495 61.6995 39.0741 43.573 61.8929 118.925 212.652 45.8125 42.545 52.9847 129.42 44.8157 42.4766 183.122 115.874 39.7334 44.0137 36.5187 34.9614 77.9334 34.1928
threshold=0.91597561503675362 6.5000000000000009 238.50000000000003 230.00000000000003 1.0000000180025095e-35 12911.000000000002 1.5000000000000002 103.50000000000001 185.01971730504098 214.65542285793836 45.689397811889656 146.12696179302233 43834.500000000007 186.5685638953041 235.09825995613332 0.095247998833656325 -0.65291179229442275 140.27371024043455 8827.5000000000018 0.036370985209941871 9593.5000000000018 38.500000000000007 43.500000000000007 -0.41594157485138206 26427.500000000004 36.500000000000007 0.3789170214569047 2.4618884110055839 9613.5000000000018 236.50000000000003
decision_type=2 2 2 2 2 2 2 2 2 2 2 2 2 2 2 2 2 2 2 2 2 2 2 2 2 2 2 2 2 2
left_child=1 2 3 4 -1 -6 7 11 -9 10 -10 17 16 14 -14 -16 24 18 19 -7 -19 -21 23 -23 -13 -26 -3 -4 -29 -5
right_child=-2 26 27 29 5 6 -8 8 9 -11 -12 12 13 -15 15 -17 -18 20 -20 21 -22 22 -24 -25 25 -27 -28 28 -30 -31
leaf_value=-0.0058116549205502457 0.0075314898421198007 -0.00050290278650216109 -0.014211469285815107 0.077224421683281669 -0.0053213727658159189 0.29653014247510873 0.040838233840381856 -0.015777667536556059 0.11847621643127865 0.00037772945606849085 0.0038555716598494185 0.011451719296010248 -0.0061704814301998274 0.0017969499710403819 -0.0042657113212539195 0.39969107321404446 -0.010316296901776704 0.035395356460411663 -0.013777841749407454 -0.0022870275551018552 0.12838284750360135 0.32606962503344666 0.015611120886987332 0.091708344983899265 0.2557695620362363 0.043734318104437599 0.0043461926057621275 0.010869481333851875 0.25435705757729865 -0.003545015386858114
leaf_weight=1442.3544212784618 672.71546402294189 6335.5829069302417 495.03343154489994 16.376137410290543 413.46860401146114 1.5533766904845823 32.93195130629465 137.71189054707065 11.712733072228732 73.413210826925933 6.6130805350840083 6.3015033397823554 4.8720991201698798 16.515885964035988 2.2599950833246112 2.4381554238498211 124.72654897114262 47.054536435753107 45.806059989146888 43.237024030182511 5.1780144516378632 2.6845461642369628 55.540991988498718 6.4861917612142843 1.5678687831386926 2.0114012402482331 1793.4459865982644 18.756533440202478 1.2627216409891833 6.6257575415074816
leaf_count=67147 12907 185362 35354 401 13715 52 1169 7981 254 2747 254 217 212 389 101 91 4215 831 2202 1510 91 93 2326 154 51 91 36643 931 56 398
internal_value=-7.83446e-05 -0.000537325 -0.00350523 -0.00163042 -0.00214467 0.00292108 0.00832531 0.00653388 -0.00318963 0.0157066 0.077114 0.0125927 0.00148675 0.036973 0.0976783 0.205372 -0.00539029 0.0211918 0.0133146 0.0246478 0.0446136 0.0207354 0.0361178 0.160313 0.0567914 0.136615 0.000566916 -0.0126397 0.0262275 0.0539586
internal_weight=11826.2 11153.5 3024.49 2509.44 2486.44 1044.09 630.617 597.685 229.451 91.739 18.3258 368.234 160.693 26.0861 9.57025 4.69815 134.607 207.541 155.308 109.502 52.2326 107.949 64.7117 9.17074 9.88077 3.57927 8129.03 515.053 20.0193 23.0019
internal_count=377945 365038 143033 106692 105893 38746 25031 23862 11236 3255 508 12626 5367 793 404 192 4574 7259 6337 4135 922 4083 2573 247 359 142 222005 36341 987 799
is_linear=0
shrinkage=0.03


Tree=88
num_leaves=31
num_cat=0
split_feature=12 18 22 17 16 8 5 8 8 5 6 6 22 17 5 18 5 6 9 6 12 17 22 8 6 6 12 0 0 9
split_gain=44.6839 104.142 45.7562 40.5019 47.8961 38.5844 37.9544 51.203 34.478 62.6999 40.7566 117.931 191.371 95.9185 63.1441 61.4806 56.0266 42.7868 189.123 43.7893 35.2113 35.9707 38.4841 53.7128 34.5981 100.323 40.4672 33.7598 33.4797 32.3798
threshold=69.500000000000014 5802.5000000000009 12911.000000000002 0.0051559682469815024 1.5000000000000002 168.50000000000003 247.20149662512983 92.500000000000014 142.00000000000003 296.05762780748671 101.09758030336077 97.867515242218602 17557.000000000004 0.085721429437398924 232.71941860465122 7095.5000000000009 157.33394799288121 85.790856501755755 1.5000000000000002 40.199496587417464 207.50000000000003 0.33589744567871099 18170.500000000004 62.500000000000007 268.50296604129261 157.57941217224715 203.50000000000003 100.02150000000002 40.967500000000008 25.500000000000004
decision_type=2 2 2 2 2 2 2 2 2 2 2 2 2 2 2 2 2 2 2 2 2 2 2 2 2 2 2 2 2 2
left_child=-1 -2 6 -4 5 8 -3 -8 10 24 11 14 13 -13 15 17 -15 19 -19 20 21 22 -5 -24 25 -10 27 -27 -20 -6
right_child=1 2 3 4 29 -7 7 -9 9 -11 -12 12 -14 16 -16 -17 -18 18 28 -21 -22 -23 23 -25 -26 26 -28 -29 -30 -31
leaf_value=0.0020080727232677231 -0.030168444797887835 -0.013481043441710807 -0.014668577322507396 -0.0018282642414966127 0.011859641320607253 -0.0033780722794761122 0.00010652070614246303 0.073601728044939654 0.0017084241741611463 0.13890441132177167 -0.004147917760788572 0.30824945882636556 -0.0026602284251941821 -0.031154291198302382 0.10215246511816911 -0.0018660267086498521 0.1999216587803451 0.39619042923859044 0.17345018900039835 -0.0032460481452062586 -0.023703314132451636 0.0059889611421198889 0.2532595219713909 0.085995037989706508 -0.013650282863430709 0.10630879973043961 -0.0077897334205119621 0.043685393744991516 -0.016784686068065713 0.0019481831264639843
leaf_weight=5186.5147786098532 113.73503776756115 432.84953089337796 175.3555360455066 2.0849586343392748 393.09845797764137 3153.4863051162101 89.993319670204073 9.4248760249465686 77.001692396122962 3.6758137829601756 545.6158593846485 3.6930830087512758 9.6589703019708377 1.7494720481336119 5.9198589529842129 291.58142680861056 2.0519495131447911 1.545605620369314 1.0298720709979532 23.88807941460982 3.6391056822612873 4.0429894062690428 2.634478016756475 5.0210164804011583 32.887979843653738 15.863501308485867 6.2794492086395612 15.143756297416983 4.3470388716086745 1209.0299198655412
leaf_count=92924 21238 29488 14008 119 15064 119768 2480 53 2745 65 25894 74 573 77 36 13061 35 80 76 1356 111 166 88 65 1347 564 234 475 267 35414
internal_value=-7.8156e-05 -0.00170861 -0.00121236 -0.000463368 -3.49976e-05 -0.00171403 -0.00964175 0.00707389 0.00323949 0.0165214 0.00103411 0.00882549 0.0856049 0.199362 0.00501611 0.00332391 0.093577 0.0346984 0.103723 0.0231318 0.0592985 0.0812127 0.112436 0.143556 0.0134648 0.0212675 0.0616594 0.0757239 0.0196521 0.00438006
internal_weight=11822.8 6636.33 6522.59 5990.33 5814.97 4212.84 532.268 99.4182 1059.36 150.852 908.504 362.888 17.1535 7.4945 345.734 339.815 3.80142 48.2331 6.92252 41.3106 17.4225 13.7834 9.74045 7.65549 147.176 114.288 37.2867 31.0073 5.37691 1602.13
internal_count=377945 285021 263783 231762 217754 167276 32021 2533 47508 5430 42078 16184 759 186 15425 15389 112 2328 423 1905 549 438 272 153 5365 4018 1273 1039 343 50478
is_linear=0
shrinkage=0.03


Tree=89
num_leaves=31
num_cat=0
split_feature=6 0 16 12 6 6 17 0 0 14 6 6 8 6 0 22 16 14 9 8 0 6 6 18 0 0 6 22 0 0
split_gain=43.964 70.3792 44.3372 40.3913 39.2566 43.44 38.6529 34.301 72.035 31.0607 31.0942 29.6419 30.9686 41.0046 44.6354 28.942 28.7025 28.4004 32.0042 48.2814 38.952 27.4091 26.8498 26.6435 30.6848 52.9147 48.3893 30.3396 28.991 30.311
threshold=56.066423013564041 140.23450000000003 1.0000000180025095e-35 195.50000000000003 38.091680187016983 39.08864296050232 0.18605916202068332 994.97500000000014 939.49500000000012 6.5000000000000009 297.5221818375345 239.13200698181927 248.50000000000003 227.88620535764207 30.822000000000003 477137.50000000006 1.5000000000000002 2.5000000000000004 3.5000000000000004 4.5000000000000009 18.194000000000006 38.528743113503623 398.73478829115862 6858.5000000000009 47.952000000000005 54.007500000000007 85.790856501755755 8364.5000000000018 58.955000000000005 107.01950000000001
decision_type=2 2 2 2 2 2 2 2 2 2 2 2 2 2 2 2 2 2 2 2 2 2 2 2 2 2 2 2 2 2
left_child=4 2 -2 7 17 6 16 8 -3 10 11 12 13 -4 -15 22 -6 18 19 -1 -20 -8 -12 -14 27 26 -26 -25 -27 -30
right_child=1 3 9 -5 5 -7 21 -9 -10 -11 15 -13 23 14 -16 -17 -18 -19 20 -21 -22 -23 -24 24 25 28 -28 -29 29 -31
leaf_value=0.0080878654170483278 -0.0066185696253825812 0.003704810154008717 0.0079467524465631177 -0.0051341250095788792 0.014919264750663243 0.0037457527138210836 -0.009829241367233562 -0.01187038517269455 0.041230499063018795 -0.024252615653341164 0.014414844599888134 -0.011203759874857453 -0.0095665631027923876 0.18255012764188655 0.0322802299483263 -0.0080668903297835652 0.039417478575504983 -0.0036804703829530446 -0.0072500138298215817 -0.01302660161164643 0.012326605809539138 0.03310136574793187 -0.004770674165022565 0.16324592700142099 0.21187963002649382 -0.014817430909242028 0.022967839505492835 -0.0084199611013197236 0.010268526498709263 -0.0049633876313075675
leaf_weight=183.44356928160414 2372.3494909983128 2417.0659347116016 173.80540128564462 575.99079600442201 109.0597860487178 1732.553611304611 62.044741636607796 122.09934687055647 46.933248285204172 49.424823644571006 300.67009741161019 270.96541257505305 318.20911346049979 2.4658184712752682 6.3870715284720063 97.592239309102297 71.104573211632669 1117.3622300787829 116.47722071269527 207.96490566572174 426.12573585612699 17.066076825838536 83.98903442081064 0.92967513483017583 1.2376470742747177 91.376392064616084 87.161256955005229 278.4808369576931 269.57370646297932 208.53841676469892
leaf_count=6262 130870 60447 6125 20070 1106 22458 559 3391 576 4241 6266 10021 15881 42 135 2312 354 18134 1612 10183 5154 280 2013 81 77 5322 4368 15882 13623 10100
internal_value=-7.76808e-05 -0.00139714 -0.00376019 0.00205031 0.00245969 0.00545962 0.0169122 0.00365047 0.00441958 -0.000734025 -0.000203582 -0.00210182 -0.000386922 0.0111547 0.0741353 0.00652391 0.0245879 -0.000453162 0.00340768 -0.00313077 0.00812421 -0.000568093 0.0102258 -0.00206606 0.000480328 0.00401777 0.0256127 -0.00784878 0.000665693 0.00362481
internal_weight=11818.4 7775.25 4613.16 3162.09 4043.2 1991.83 259.275 2586.1 2464 2240.81 2191.38 1709.13 1438.17 182.658 8.85289 482.251 180.164 2051.37 934.011 391.408 542.603 79.1108 384.659 1255.51 937.298 657.887 88.3989 279.411 569.489 478.112
internal_count=377945 311843 227359 84484 66102 24757 2299 64414 61023 96489 92248 81657 71636 6302 177 10591 1460 41345 23211 16445 6766 839 8279 65334 49453 33490 4445 15963 29045 23723
is_linear=0
shrinkage=0.03


Tree=90
num_leaves=31
num_cat=0
split_feature=2 0 0 9 0 11 0 0 0 13 22 6 6 22 0 0 8 6 9 8 22 0 17 0 0 5 2 6 10 0
split_gain=41.9228 36.1079 130.072 48.0627 40.6097 40.5607 33.6233 83.4631 76.9596 33.5224 28.8961 27.1927 53.4702 83.5311 26.8259 83.1579 26.7822 24.2201 23.0021 36.6655 30.2885 35.4723 22.1502 22.0462 93.5693 55.6396 33.62 32.4766 31.0064 29.0134
threshold=0.91597561503675362 57.950500000000012 57.008500000000005 11.500000000000002 48.955000000000005 12.500000000000002 97.005500000000012 108.96000000000002 96.975000000000009 286.17199707031256 15474.500000000002 51.678515180282197 46.092055613603797 34100.500000000007 994.97500000000014 846.33000000000004 445.00000000000006 458.29373749271912 6.5000000000000009 69.500000000000014 588699.00000000012 985.45000000000016 0.24015503376722339 76.986500000000021 77.953500000000005 67.660186274509826 0.60355339059327384 279.69973546656814 765.50000000000011 83.951000000000008
decision_type=2 2 2 2 2 2 2 2 2 2 2 2 2 2 2 2 2 2 2 2 2 2 2 2 2 2 2 2 2 2
left_child=1 2 3 4 -1 9 8 11 23 -3 -6 12 -8 -14 15 -9 22 18 19 -17 21 -20 -5 -7 25 26 -25 -27 -29 -26
right_child=-2 5 -4 16 10 6 7 14 -10 -11 -12 -13 13 -15 -16 17 -18 -19 20 -21 -22 -23 -24 24 29 27 -28 28 -30 -31
leaf_value=-0.0092601236065901951 0.0071741943812119778 0.0018880850386096162 -0.024071485591567951 0.0095679691549779358 -0.0080956448377094044 -0.00089935917322616222 -0.0052369179982447826 1.726051907734757e-05 0.035355557502706955 0.012353432439345344 0.01003195781145094 -0.014189141497568981 -0.0067038489263319592 0.16027186931579257 -0.011820828195185195 0.01778358233908792 -0.00061081942223482661 -0.032015857977716632 -0.0032891493759200593 0.08955385182689915 0.071535174958140019 0.044697869993788962 -0.0062467800659994493 0.054457464710931956 -0.011614504741375386 0.011641626021394964 0.15042430327326878 0.17150877156596928 0.041140171238547123 0.0056014149609888431
leaf_weight=979.23849264229648 676.59045537048951 692.92947313934565 239.12938277050853 443.47610691771843 130.60712819825858 787.77710652910173 68.061593638267368 3038.8266952997074 66.47617372777313 457.23902698047459 200.83836015872657 533.5503304109443 6.1796944523230177 4.7836600756272674 156.47747250739485 12.164745812769981 2608.9601793824695 5.7602381594479075 37.704178540036082 13.533559380099176 9.6928342748433334 21.926091574598104 97.171516793314368 18.147192334756259 137.15761492680758 90.716429855208844 4.0117837795987716 1.769445991609248 22.779322002548724 246.32171395467594
leaf_count=54280 12907 8471 15544 4533 5914 35792 2426 102034 3157 4898 11382 28737 356 65 4685 272 58926 118 758 210 90 214 1105 306 5365 5222 45 42 701 9390
internal_value=-7.63802e-05 -0.000517006 -0.00251607 -0.00136042 -0.00618793 0.00094312 -0.000168204 -0.00158769 0.00386644 0.00604849 0.00288872 -0.0117566 0.0046672 0.066153 0.000302197 0.000906406 0.00064851 0.0277165 0.0313374 0.0555801 0.0223506 0.0143557 0.00672556 0.00226691 0.00705536 0.0282951 0.0718318 0.0199254 0.050537 -0.000556139
internal_weight=11810 11133.4 4699.42 4460.29 1310.68 6433.99 5283.82 3908.66 1375.16 1150.17 331.445 612.575 79.0249 10.9634 3296.09 3139.61 3149.61 100.782 95.0214 25.6983 69.3231 59.6303 540.648 1308.68 520.904 137.424 22.159 115.265 24.5488 383.479
internal_count=377945 365038 151684 136140 71576 213354 199985 139965 60020 13369 17296 31584 2847 421 108381 103696 64564 1662 1544 482 1062 972 5638 56863 21071 6316 351 5965 743 14755
is_linear=0
shrinkage=0.03


Tree=91
num_leaves=31
num_cat=0
split_feature=6 0 0 6 14 16 0 21 21 5 0 0 6 14 0 12 18 21 18 5 21 16 20 14 12 0 0 7 7 5
split_gain=40.7204 62.8756 91.0041 51.5653 41.8726 38.5245 34.6527 81.643 52.1462 52.8559 41.5687 31.2424 31.0219 36.0055 27.3776 26.525 24.9084 24.5569 44.109 23.3091 41.5706 25.1638 21.9104 21.8782 21.6213 21.3142 25.8622 30.9601 37.1453 80.8106
threshold=45.735444215470999 58.955000000000005 57.008500000000005 38.091680187016983 7.5000000000000009 1.0000000180025095e-35 48.955000000000005 2726.5000000000005 56.500000000000007 193.3356445868946 50.005000000000003 47.818500000000007 39.08864296050232 7.5000000000000009 198.08900000000003 244.50000000000003 15.500000000000002 2087.5000000000005 2556.5000000000005 122.43615616098316 4377.5000000000009 2.5000000000000004 1.2953775525093081 29.500000000000004 385.50000000000006 18.981000000000005 38.970500000000008 -0.43663348738071023 -0.54195148286899941 95.284335535976524
decision_type=2 2 2 2 2 2 2 2 2 2 2 2 2 2 2 2 2 2 2 2 2 2 2 2 2 2 2 2 2 2
left_child=3 2 6 14 5 16 8 -8 9 -2 19 25 13 15 23 -5 22 -18 -19 20 21 -9 -3 -1 -7 -10 -27 28 -28 -30
right_child=1 4 -4 12 -6 24 7 10 11 -11 -12 -13 -14 -15 -16 -17 17 18 -20 -21 -22 -23 -24 -25 -26 26 27 -29 29 -31
leaf_value=-0.0007226676367724415 -0.0010151756687937 -0.0020598018684235852 -0.021857788974036847 0.0094878278286070414 -0.027231174703111767 0.0038144218426022659 -0.018638492675843953 0.044823078155865018 0.0034111916582759225 0.040677283326613398 -0.0034860211134389351 -0.022002794921487649 0.0048876523838932481 0.041046504074626303 0.017594117873510413 0.073060904202129948 -0.012091827598050966 0.014598839049618114 -0.002085579780790844 0.0072441896870574013 0.015735209409846813 0.12668039771240788 0.033589477384616283 -0.026281586302989272 -0.017122559143873162 -0.0096471382447100261 -0.0093265700443947719 -0.010214754279734823 0.089856177131530809 0.0099698537543218852
leaf_weight=1946.3032171772793 78.150133095681667 28.678512584418058 262.37066197791137 210.5447259536013 48.471773642115295 2558.5924980377313 127.38914604485035 24.033493207301948 198.44337972532958 42.114067852497101 175.78959405655041 114.47631825017743 1214.023459771648 43.970645278692245 72.964057058561593 6.0772774512879542 198.98142018308863 150.76469015330076 2636.2707939699758 176.02813273319043 120.47887525474653 3.9330160752870134 33.808150626718998 30.615989496465772 45.174818401224911 942.91394976433367 64.077175586018711 139.19331966340542 12.933594834990798 95.883520740317181
leaf_count=39174 859 288 17391 2030 3255 78941 4043 529 5237 272 9451 7339 12763 187 1194 82 4849 1542 108927 6644 6886 81 253 977 1746 47211 3620 6380 909 4885
internal_value=-7.53394e-05 -0.00122504 -0.00511263 0.00262527 0.000533161 0.000771257 -0.00321551 0.00280296 -0.00545312 0.0135847 0.0082629 -0.00691338 0.00690362 0.0162954 -0.00045243 0.0112714 -0.00151769 -0.00190997 -0.00118304 0.0146281 0.023384 0.0563349 0.0172281 -0.00111849 0.00345117 -0.0057249 -0.00716952 0.000316136 0.00879432 0.0194648
internal_weight=11803.5 8278.95 2578.21 3524.5 5700.74 5652.27 2315.84 627.652 1688.19 120.264 500.263 1567.92 1474.62 260.593 2049.88 216.622 3048.5 2986.02 2787.04 324.474 148.445 27.9665 62.4867 1976.92 2603.77 1453.44 1255 312.088 172.894 108.817
internal_count=377945 321538 121737 56407 199801 196546 104346 27634 76712 1131 23591 75581 15062 2299 41345 2112 115859 115318 110469 14140 7496 610 541 40151 80687 68242 63005 15794 9414 5794
is_linear=0
shrinkage=0.03


Tree=92
num_leaves=31
num_cat=0
split_feature=19 8 8 22 8 8 17 18 16 7 18 22 22 8 5 17 0 7 18 17 21 6 22 18 19 21 18 22 8 5
split_gain=39.3992 60.9703 72.4317 51.3135 47.0924 42.2392 54.0723 38.9131 36.8802 32.4382 59.2996 31.4813 41.9529 30.7798 30.1177 27.0745 28.0469 30.1111 32.1708 46.556 53.5893 68.9821 34.0655 32.147 40.917 41.6922 27.0438 59.6916 25.6334 55.2868
threshold=6.5000000000000009 238.50000000000003 230.00000000000003 12911.000000000002 7.5000000000000009 163.50000000000003 0.065935518592596068 7892.5000000000009 1.0000000180025095e-35 2.4618884110055839 9613.5000000000018 36280.500000000007 15474.500000000002 256.00000000000006 32.515324423541337 0.017073792405426506 1331.0900000000004 0.39753625267533632 9086.5000000000018 0.021559521555900577 9211.5000000000018 178.78343279922356 588699.00000000012 9424.5000000000018 17.500000000000004 9368.5000000000018 11.500000000000002 51.500000000000007 90.500000000000014 285.87276190476194
decision_type=2 2 2 2 2 2 2 2 2 2 2 2 2 2 2 2 2 2 2 2 2 2 2 2 2 2 2 2 2 2
left_child=1 2 3 4 -1 6 -2 28 -5 -3 13 12 -4 -11 -7 -16 17 -17 -19 20 21 -20 23 24 25 -22 27 -8 -6 -30
right_child=5 9 11 8 7 14 26 -9 -10 10 -12 -13 -14 -15 15 16 -18 18 19 -21 22 -23 -24 -25 -26 -27 -28 -29 29 -31
leaf_value=0.0022709568291020936 0.056475046270699596 -0.013778709425362544 0.098500605937340655 -4.6240763660970524e-05 -0.008411573695992219 -0.015694765015818728 -0.0029252357945428855 -0.021208748042279707 0.01213997776884543 0.16554730150515148 0.19090660397143638 0.1009183886047238 -0.0034436400800626874 -2.3602099237016996e-05 -0.0025949268179116499 0.00065427245909621017 -0.020429698769826574 0.003586688038206989 0.241286521044625 0.0091606021981810223 0.028892225766504371 0.033768819300601015 0.064393641807672444 -0.022753276705951012 -0.0081948537792057696 0.19491362008794968 0.0046485782074411211 0.054616506234707707 -0.0011359903667383774 0.068370445066107233
leaf_weight=434.55074943415821 20.56071619130671 506.69445001636632 5.2181809111498358 999.64406700897962 578.49331181985326 103.31095858290792 33.193351209163666 206.2020435994491 287.87725145276636 1.0687187244184375 1.7571992240846146 7.580612468533217 11.960494771134107 18.55258268583566 1829.432656517718 4787.4547462589107 51.744322436396033 1057.0930779664777 2.6351916771382085 187.19365516863763 2.9790291525423545 3.1831256095319986 16.22756153345108 13.541384750977157 6.0905572604387999 2.5069859959185123 511.42501679621637 31.739916302263737 63.431707958923653 12.295947185717521
leaf_count=14695 617 36614 100 50681 20052 1672 333 13149 7604 43 59 154 568 909 80602 115397 1454 18011 60 2491 81 63 183 364 101 55 8931 225 2580 97
internal_value=-7.4125e-05 -0.0029557 -0.00107294 -0.00156254 -0.00577916 0.000969102 0.0086695 -0.00984481 0.00267848 -0.0122514 0.0239468 0.0499946 0.0275229 0.00899459 0.000399055 0.000607931 0.00156369 0.0017509 0.00581613 0.0158722 0.0425108 0.127756 0.0305147 0.00862707 0.0453334 0.10476 0.00696411 0.0252016 -0.00626305 0.0101498
internal_weight=11795.6 3135.33 2607.25 2582.5 1294.97 8660.31 596.919 860.423 1287.52 528.073 21.3785 24.7593 17.1787 19.6213 8063.39 7960.08 6130.65 6078.91 1291.45 234.357 47.1638 5.81832 41.3455 25.118 11.5766 5.48602 576.358 64.9333 654.221 75.7277
internal_count=377945 147305 109680 108858 50573 230640 10106 35878 58285 37625 1011 822 668 952 220534 218862 138260 136806 21409 3398 907 123 784 601 237 136 9489 558 22729 2677
is_linear=0
shrinkage=0.03


Tree=93
num_leaves=31
num_cat=0
split_feature=9 0 8 17 0 19 5 17 17 8 8 7 18 8 8 5 5 8 18 8 9 20 8 8 8 8 5 5 5 5
split_gain=37.3907 49.5137 44.9931 34.2337 38.2875 28.4411 30.6739 27.2799 31.5943 26.7013 51.5421 29.5369 42.8423 29.1663 25.8047 61.8295 41.8891 81.3738 67.1116 54.6924 54.2522 45.5885 34.8954 33.967 49.5725 161.496 76.135 132.577 59.4582 126.704
threshold=5.5000000000000009 48.955000000000005 164.50000000000003 0.33095239102840429 49.030500000000011 10.500000000000002 32.515324423541337 0.0067938978318125018 0.021034723147749904 238.50000000000003 227.50000000000003 2.4618884110055839 9613.5000000000018 254.50000000000003 68.500000000000014 145.23612639553431 154.17958333333334 75.500000000000014 7433.5000000000009 144.50000000000003 1.5000000000000002 30.783542633056644 187.50000000000003 51.500000000000007 40.500000000000007 42.500000000000007 75.125986379928335 65.648387096774201 114.00551724137934 117.94339047619049
decision_type=2 2 2 2 2 2 2 2 2 2 2 2 2 2 2 2 2 2 2 2 2 2 2 2 2 2 2 2 2 2
left_child=1 -1 3 -2 -5 -4 -7 -8 -9 10 14 -11 13 -13 23 -16 17 -17 19 -19 21 -18 -22 24 -3 26 27 -26 -28 -30
right_child=2 9 5 4 -6 6 7 8 -10 11 -12 12 -14 -15 15 16 20 18 -20 -21 22 -23 -24 -25 25 -27 28 -29 29 -31
leaf_value=-0.0106420152599615 0.010145552800288653 -0.0027690404035482547 -0.0042128609055285867 -0.023677286195836689 0.010554062980527428 -0.015424948780568286 0.015739936341701746 -0.0023161187479631066 0.0021962439489576222 -0.011666166626986246 0.050865223982262932 0.16110725625837213 0.15469221124595678 0.00090474311377293016 -0.002637515040351571 0.15911259894502411 0.17696394243945926 -0.023597111314675411 -0.023259968521787404 0.11217875531894553 0.0017789815564430583 0.042235191899437384 0.055923679777268365 -0.016586283491033832 -0.030421291281550307 0.00033715094275348735 -0.025631151362696378 0.39925893851133121 0.286975109165584 0.059346375504493031
leaf_weight=612.5473439800553 693.66634048847482 1113.1568830534816 1132.6365045940038 61.622616096865386 56.250552003271878 101.98482592310756 113.42691627237946 1955.7133479835466 4884.0313569365535 284.86802990105934 18.003700070548803 1.0921278307214439 2.097386445850133 16.10869960533455 291.7124923733063 5.2600232777185765 2.6506812162697342 3.6748138549737641 11.677860635332761 9.7658448158763349 120.97838061582297 15.349990587215869 11.753455460537223 133.58607664704323 1.0548834819346695 110.5715417957399 5.0846241121180382 1.6684893802739678 2.5421972502954331 16.387196737341583
leaf_count=36732 12672 42881 58241 1028 1032 1672 4036 72322 91759 20275 631 35 59 782 16555 103 26 178 569 129 4215 266 125 6116 82 4495 277 56 99 497
internal_value=-7.3107e-05 -0.00310636 0.000867807 0.0076056 -0.00734166 0.000199986 0.000908425 0.00114799 0.000906007 -0.000988023 0.000349568 -0.00923293 0.026685 0.0110764 -0.000140216 0.00591049 0.0196786 0.0518167 0.029348 0.0750562 0.0132015 0.0620746 0.00657352 -0.00220727 -0.000671178 0.0163361 0.0824991 0.232825 0.0654511 0.0899167
internal_weight=11790.9 2791.59 8999.33 811.54 117.873 8187.79 7055.16 6953.17 6839.74 2179.05 1874.88 304.166 19.2982 17.2008 1856.88 472.824 181.111 30.3785 25.1185 13.4407 150.733 18.0007 132.732 1384.05 1250.47 137.309 26.7374 2.72337 24.014 18.9294
internal_count=377945 135183 242762 14732 2060 228030 169789 168117 164081 98451 77300 21151 876 817 76669 22166 5611 979 876 307 4632 292 4340 54503 48387 5506 1011 138 873 596
is_linear=0
shrinkage=0.03


Tree=94
num_leaves=31
num_cat=0
split_feature=2 19 8 8 14 7 6 5 6 7 18 8 18 18 8 9 2 8 18 11 16 6 6 0 18 14 19 19 20 0
split_gain=38.7225 32.4166 49.2539 61.3065 43.6191 29.7251 32.4393 32.9118 29.385 28.865 32.5543 26.5602 25.2873 27.1171 27.4522 26.0368 25.159 23.0563 22.553 39.7792 24.8627 22.5526 22.3074 21.5131 27.6668 21.3962 22.0247 21.1515 21.0626 20.3593
threshold=0.91597561503675362 6.5000000000000009 238.50000000000003 230.00000000000003 1.0000000180025095e-35 0.3789170214569047 458.29373749271912 296.05762780748671 1.0000000180025095e-35 2.4618884110055839 9613.5000000000018 236.50000000000003 2785.5000000000005 8731.5000000000018 173.50000000000003 7.5000000000000009 0.12940952255126045 254.50000000000003 15.500000000000002 1.0000000180025095e-35 1.0000000180025095e-35 28.811284757941074 313.99849501849479 150.04000000000005 9243.5000000000018 3.5000000000000004 9.5000000000000018 44.500000000000007 46.480447769165046 64.006500000000017
decision_type=2 2 2 2 2 2 2 2 2 2 2 2 2 2 2 2 2 2 2 2 2 2 2 2 2 2 2 2 2 2
left_child=1 2 3 4 8 18 7 12 -1 -4 17 -5 25 16 15 28 -14 -11 19 -3 -21 -18 -22 24 -17 26 -7 -24 -15 -10
right_child=-2 5 9 11 -6 6 -8 -9 29 10 -12 -13 13 14 -16 23 21 -19 -20 20 22 -23 27 -25 -26 -27 -28 -29 -30 -31
leaf_value=0.01128845528410943 0.0068824265426279006 -0.0039833552000933603 -0.013382791746929254 0.063497518576539097 0.0027164168250143955 -0.0049275265385322871 -0.027554890475782117 0.03405406491524382 -0.011251966430097892 0.13265438463912227 0.1310129939508661 -0.0050679209851252141 -0.0035878058582894741 0.095443527402323369 0.0055128057024160038 -0.019801000773708964 0.084495457951520567 0.00090243593251949526 -0.0010700736427959046 0.023491085676584825 0.0019493357261452179 0.0074592912369101866 -0.0071212000888915784 -0.029512355183812657 0.060951815513204721 0.0027635739961503346 0.022881740068118887 0.039177170389729697 0.028691981566998113 -0.0035896587244914086
leaf_weight=89.342503699939698 678.97769821807742 255.2277099583298 471.84456590143964 18.587665686383847 1043.983301616041 30.847885092254728 29.079552493523806 33.033613495994359 501.77497641881928 1.2803111639805198 2.2172176558524361 6.9993570554070166 717.12517329258844 7.8539328835904625 479.40756951551884 6.1056543551385465 3.4876665733754626 18.027776192408055 5713.8972085623536 108.8712344057858 197.66400090232491 176.76692426670343 12.505119316279886 7.9424424208700648 10.193208914250134 145.79791330266744 151.57271307893097 30.641588035970926 9.2825174760073406 825.60948609234765
leaf_count=2910 12907 3850 35354 401 38746 250 684 235 29723 37 56 398 17447 141 11207 58 35 894 178721 787 1751 3535 72 141 86 1626 1013 181 185 34514
internal_value=-7.24708e-05 -0.000497629 -0.00317431 -0.00145613 -0.00193651 0.000483707 0.00387503 0.00438866 -0.00536523 -0.0118329 0.022141 0.0447414 0.00382753 0.00209084 0.00753635 0.0309813 -0.0010694 0.00963885 -0.000486917 0.0050215 0.011594 0.00894983 0.00621531 0.0109729 0.0307013 0.0113314 0.0181791 0.0257586 0.0592854 -0.00648615
internal_weight=11785.9 11107 2979.67 2486.3 2460.71 8127.3 1808.5 1779.42 1416.73 493.37 21.5253 25.587 1746.38 1418.17 520.785 41.3778 897.38 19.3081 6318.81 604.91 349.682 180.255 240.811 24.2413 16.2989 328.219 182.421 43.1467 17.1365 1327.38
internal_count=377945 365038 143033 106692 105893 222005 36643 35959 67147 36341 987 799 35724 32835 11818 611 21017 931 185362 6641 2791 3570 2004 285 144 2889 1263 253 326 64237
is_linear=0
shrinkage=0.03


Tree=95
num_leaves=31
num_cat=0
split_feature=6 1 1 6 14 16 1 21 1 1 6 17 7 7 14 9 6 1 5 5 6 6 7 1 5 7 5 7 6 5
split_gain=35.5212 56.9764 88.1786 46.3627 40.5373 35.3804 32.6389 77.9675 47.4042 38.7339 28.9614 34.7381 28.7974 39.4431 27.1063 27.473 44.1154 35.6371 32.2836 55.4451 36.0007 45.0312 27.4282 26.4852 42.2767 110.439 97.4656 105.608 234.226 31.5353
threshold=45.735444215470999 4.0935942773539606 4.0605895407973458 38.091680187016983 7.5000000000000009 1.0000000180025095e-35 3.9111225951759701 2726.5000000000005 2.9947817205753364 3.9319236623295808 39.08864296050232 0.18605916202068332 -0.43302806889842244 -0.54195148286899941 2.5000000000000004 3.5000000000000004 28.811284757941074 2.9107461167769175 83.559434697855764 88.653566176470605 11.605316014385219 24.391272642694137 -0.97486432839908876 3.6364275816172209 95.284335535976524 -0.5342718754744531 93.987179864586423 -0.46333817056528365 106.17272368264732 218.67191445969021
decision_type=2 2 2 2 2 2 2 2 2 2 2 2 2 2 2 2 2 2 2 2 2 2 2 2 2 2 2 2 2 2
left_child=3 2 6 14 5 -3 8 -8 -2 -9 11 -5 13 -10 15 16 18 -17 -1 20 -20 -22 -19 -15 25 -25 -27 28 -28 -26
right_child=1 4 -4 10 -6 -7 7 9 12 -11 -12 -13 -14 23 -16 17 -18 22 19 -21 21 -23 -24 24 29 26 27 -29 -30 -31
leaf_value=-0.0049138867552116937 0.0071633595515395287 -0.0014495714628783225 -0.021601757180482632 0.022740428658642686 -0.027079857131622972 0.0033129174742819877 -0.018368446250266183 0.014186241333675007 -0.010429603445450603 -0.0033146178013237263 0.0045422671263543888 -0.00099154680295935054 -0.014226437084181075 -0.0032415062325508804 -0.0036358533393835478 -0.0077071782345246049 -0.021007505235486189 0.084833845403399236 -0.0032633493811920914 0.010731941998531148 0.26968800677752619 0.061108496825992224 0.010673815221014845 0.24362242592574163 0.00097374512484594113 -0.0042139019047318076 -0.03064280250374048 -0.030569331052216743 0.70172364920849617 0.050585516201781734
leaf_weight=183.69808891741559 238.80246775969863 3037.7757135422435 255.29036868363619 182.65114703448489 47.497239586664364 2610.2122702624183 125.11251407908276 327.38785674469545 526.90274035395123 174.47743991343305 1220.9498451519758 79.748172552324831 390.11054714675993 356.69202612154186 1115.1592434677295 109.29723324906081 91.66246204636991 4.5354479323141268 1.7629226408898819 106.08555777091533 1.7916364246048035 1.9405601113103328 433.43896770430729 2.3938833596184876 122.93768956675194 14.664216877426954 0.75524474028497957 1.1203261087648559 0.81947783939540386 12.724594887811689
leaf_count=8749 5567 115859 17391 1460 3255 80687 4043 14140 27266 9451 12763 839 18316 17227 18134 1525 4538 76 42 2972 57 87 5165 89 6600 1026 50 84 60 427
internal_value=-7.10238e-05 -0.00114938 -0.00487617 0.00244596 0.000519311 0.000751408 -0.00301558 0.0028198 -0.00520912 0.00810193 0.00648557 0.0155278 -0.00727652 -0.00466709 -0.000477939 0.00329163 -0.00282666 0.00761749 0.00281716 0.015545 0.108463 0.161237 0.0114418 0.00126192 0.0115977 0.0526026 0.0262605 0.192077 0.350477 0.00562714
internal_weight=11778.4 8245.68 2550.19 3532.72 5695.49 5647.99 2294.9 626.978 1667.92 501.865 1483.35 262.399 1429.12 1039.01 2049.37 934.213 386.941 547.272 295.279 111.581 5.49512 3.7322 437.974 512.107 155.415 19.7531 17.3593 2.69505 1.57472 135.662
internal_count=377945 321538 121737 56407 199801 196546 104346 27634 76712 23591 15062 2299 71145 52829 41345 23211 16445 6766 11907 3158 186 144 5241 25563 8336 1309 1220 194 110 7027
is_linear=0
shrinkage=0.03


Tree=96
num_leaves=31
num_cat=0
split_feature=12 18 16 17 18 21 6 14 12 15 18 10 15 1 8 16 8 9 19 9 5 1 1 17 18 7 10 18 7 17
split_gain=34.7289 94.9908 39.4962 42.3213 29.1028 30.3521 38.4933 50.0649 28.6012 51.0188 90.2824 37.4438 54.7285 27.458 34.8724 30.5656 29.9134 26.3965 36.0965 36.0315 75.664 27.7829 45.2362 37.9203 35.5721 25.3441 34.051 42.7019 40.6319 34.955
threshold=77.500000000000014 5802.5000000000009 1.5000000000000002 0.0055953201372176417 2.5000000000000004 56.500000000000007 305.38637327838245 3.5000000000000004 1.0000000180025095e-35 6.5000000000000009 1702.5000000000002 2.5000000000000004 1.5000000000000002 6.0352182328399984 92.500000000000014 1.0000000180025095e-35 163.50000000000003 25.500000000000004 31.500000000000004 23.500000000000004 243.67727272727276 5.0756298571963114 4.8748919301475171 0.0096451560966670531 9438.5000000000018 0.16015077138552916 807.50000000000011 9613.5000000000018 2.2776176803512835 0.18186598271131518
decision_type=2 2 2 2 2 2 2 2 2 2 2 2 2 2 2 2 2 2 2 2 2 2 2 2 2 2 2 2 2 2
left_child=4 -2 25 -4 -1 6 7 -6 -7 11 -11 -10 -13 15 -15 -12 -16 19 -19 -5 21 22 23 24 -21 -3 27 -27 29 -29
right_child=1 2 3 17 5 8 -8 -9 9 10 13 12 -14 14 16 -17 -18 18 -20 20 -22 -23 -24 -25 -26 26 -28 28 -30 -31
leaf_value=-0.0090869484686750424 -0.030161849443662712 -0.0040757511658766465 -0.014763851775288422 0.0074343220045378772 0.0089304178561028531 -0.0042730252087073445 0.029060013663052879 -0.027404348441089941 0.003414691870941801 -0.021916333977957229 -0.0010239221551219067 0.041783129663676429 0.010784964658084496 -0.0088443211009790329 0.06833617952762111 0.0050460826152531647 0.018037423589616793 -0.0097586104423758521 0.0041590660414751778 0.18342230622108652 0.19650911349636202 -0.016683456897275198 0.19604067880577281 0.018605036767763174 0.014949146711829845 0.0083294451376064831 -0.00067028074973113469 0.025591723790691395 0.18948573297468574 0.15226250884008513
leaf_weight=215.03164504468441 102.76672623679042 3115.9523622901179 115.21371618239209 363.08496308932081 385.00914934277534 677.48312410712242 74.785920765250921 37.449375580996275 286.17987684533 147.62220755405724 1819.5106645496562 70.161672681570053 190.282167410478 41.13520749239251 11.970606938004492 1266.1789424514864 95.82485727313906 201.8776848660782 991.10359242558479 2.6422757245600215 2.4842707216739646 10.342971511185167 1.5833872593939293 27.799996689893305 1.9681111816316841 102.3244808530435 1397.0528899533674 14.410901292227214 1.8930972199887026 2.2694026604294768
leaf_count=2728 20112 150155 9691 13808 3650 10526 508 380 2166 6560 43072 358 2414 562 125 24060 1480 8587 26451 41 32 329 44 1081 84 2927 45522 389 42 61
internal_value=-7.06669e-05 -0.00154969 -0.00108678 0.00279823 0.0017243 0.00217981 0.00922141 0.00570948 0.00141969 0.00240133 0.00102699 0.0109051 0.0191356 0.00207408 0.0146555 0.00146684 0.0236231 0.00406057 0.0018039 0.0106283 0.0353971 0.0263697 0.0394691 0.0318199 0.111503 -0.00252722 0.000651502 0.0159256 0.057774 0.0428256
internal_weight=11773.4 6454.77 6352 1718.1 5318.63 5103.59 497.244 422.459 4606.35 3928.87 3382.24 546.624 260.444 3234.62 148.931 3085.69 107.795 1602.89 1192.98 409.906 46.821 44.3367 33.9938 32.4104 4.61039 4633.9 1517.95 120.898 18.5734 16.6803
internal_count=377945 279356 259244 60148 98589 95861 4538 4030 91323 80797 75859 4938 2772 69299 2167 67132 1605 50457 35038 15419 1611 1579 1250 1206 125 199096 48941 3419 492 450
is_linear=0
shrinkage=0.03


Tree=97
num_leaves=31
num_cat=0
split_feature=2 0 0 17 0 17 11 18 11 18 0 6 22 11 0 0 18 17 0 0 7 8 16 6 18 18 19 6 9 6
split_gain=35.5793 29.6578 117.694 43.8606 38.8499 33.2155 33.2101 41.4314 42.2518 44.614 30.6702 45.1685 36.0357 40.2199 27.2706 74.913 27.0071 30.1658 25.8677 25.4328 25.1891 26.858 23.9322 28.0959 26.6164 48.6182 23.1006 21.4107 30.6757 45.6162
threshold=0.91597561503675362 57.950500000000012 57.008500000000005 0.33095239102840429 58.930000000000007 0.095247998833656325 12.500000000000002 6197.5000000000009 20.500000000000004 5802.5000000000009 48.955000000000005 246.61510741446597 5291.5000000000009 1.0000000180025095e-35 994.97500000000014 985.45000000000016 8105.5000000000009 0.16674222052097323 47.818500000000007 8.3700000000000028 -1.0219452121242616 66.500000000000014 1.5000000000000002 395.77295757026781 7125.5000000000009 8002.5000000000009 1.5000000000000002 183.80827192880869 17.500000000000004 190.97803365601996
decision_type=2 2 2 2 2 2 2 2 2 2 2 2 2 2 2 2 2 2 2 2 2 2 2 2 2 2 2 2 2 2
left_child=1 2 3 5 16 10 -6 8 -8 -10 12 27 13 -1 15 22 17 -3 -14 -7 21 -21 -9 -24 -25 -26 -22 -12 29 -29
right_child=-2 4 -4 -5 6 19 7 14 9 -11 11 -13 18 -15 -16 -17 -18 -19 -20 20 26 -23 23 24 25 -27 -28 28 -30 -31
leaf_value=-0.014527498975353834 0.0065821986652080692 -0.010559523141404067 -0.023566859660620831 -0.013828542772413917 0.0053245922260622136 -0.010120508742666564 -0.0013708306485835779 -0.00031028030925549336 -0.029674042446501351 -0.0065545018579212643 0.0025884941249671701 -0.0099121686643492343 -0.006018911441514581 0.020947041497418065 -0.011973315403851267 0.044877127878265075 0.095718206223745189 0.075674960733452326 -0.022173092416390577 0.010439760312984299 -0.021972949568696221 0.067500887852342303 0.0039183730114582876 -0.02399924330310018 0.091919454593386532 0.016201791297348306 0.0027711603783419098 0.075537128757172278 0.0065355856517378217 0.017520064429303865
leaf_weight=42.801706109195948 681.76663288241252 10.140132868196817 223.05822482239455 235.57125230226666 1149.3481207499281 147.03364398423582 626.0613913196139 3084.6387006985024 115.43952606176026 215.07651358656585 200.599890593905 168.86844320432283 1185.1149988346733 87.703496801666915 142.10467101447284 35.35073210299015 5.8917390275746575 5.7048300630412987 96.475929137086496 23.945552709046751 34.530155435670167 10.759886374697087 1001.2345826271921 7.2291506417095652 10.92999706417322 25.295085493475199 2043.639398728963 17.187637479277328 89.596275686053559 42.005131125682965
leaf_count=1032 12907 215 15544 8496 13291 1824 7986 124766 17945 9550 11129 5587 60764 1314 4186 323 116 85 6418 1052 2500 143 34164 124 159 444 29326 833 3763 1959
internal_value=-6.96013e-05 -0.000478772 -0.0023045 -0.0012329 0.000840319 -0.000524785 0.000704601 -0.000304256 -0.00595195 -0.0146295 -0.00341479 0.00282717 -0.00570566 0.00931248 0.000950151 0.00139112 0.0408795 0.0204884 -0.00723497 0.00194378 0.00278332 0.0281307 0.00101884 0.00494331 0.028559 0.0390477 0.00236002 0.00898441 0.0176075 0.0343663
internal_weight=11765.1 11083.3 4648.89 4425.83 6434.45 4190.26 6412.71 5263.36 956.577 330.516 1930.35 518.257 1412.1 130.505 4306.78 4164.68 21.7367 15.845 1281.59 2259.91 2112.87 34.7054 4129.33 1044.69 43.4542 36.2251 2078.17 349.389 148.789 59.1928
internal_count=377945 365038 151684 136140 213354 127644 212938 199647 35481 27495 92799 23271 69528 2346 164166 159980 416 300 67182 34845 33021 1195 159657 34891 727 603 31826 17684 6555 2792
is_linear=0
shrinkage=0.03


Tree=98
num_leaves=31
num_cat=0
split_feature=19 8 17 0 0 18 5 5 6 6 0 17 19 0 3 17 14 7 18 11 5 7 5 6 13 18 10 14 0 18
split_gain=32.2342 53.4081 40.2563 30.5851 72.9238 28.0862 29.9716 38.9882 26.536 48.1116 37.1774 33.2006 38.8952 45.7592 55.2177 69.9083 25.1032 23.4622 33.6566 33.5259 30.0525 49.7062 47.7425 30.2763 29.788 24.7515 24.6667 23.8924 21.9061 21.401
threshold=1.5000000000000002 7.5000000000000009 0.017073792405426506 994.97500000000014 985.45000000000016 8170.5000000000009 291.33348056365406 354.15939723320167 217.33991745726482 183.80827192880869 2097.5750000000003 0.0078833047300577181 28.500000000000004 48.955000000000005 0.60355339059327384 0.0074479812756180772 29.500000000000004 0.39753625267533632 8320.5000000000018 10.500000000000002 208.67776468241308 0.43421192593538677 227.37725706214692 398.73478829115862 953.51202392578136 8505.5000000000018 729.50000000000011 2.5000000000000004 390.03000000000003 9156.5000000000018
decision_type=2 2 2 2 2 2 2 2 2 2 2 2 2 2 2 2 2 2 2 2 2 2 2 2 2 2 2 2 2 2
left_child=1 -1 8 4 16 6 -3 -8 9 -2 11 12 13 -11 15 29 17 -4 19 24 26 22 -22 25 -19 27 -20 -23 -21 -15
right_child=2 5 3 -5 -6 -7 7 -9 -10 10 -12 -13 -14 14 -16 -17 -18 18 20 28 21 23 -24 -25 -26 -27 -28 -29 -30 -31
leaf_value=0.0027685369830117187 -0.0069718265180065929 -0.010161199113914814 0.00053579071035533539 -0.013644505548402271 0.044707902987967979 -0.021616429505452665 0.04438065271613368 -0.029631274256117453 -0.010279158736978352 -0.017854335127828354 0.10851654319035288 -0.0003303936459760532 0.0083901142172501803 -0.031117920638551195 0.0061642736482894695 0.29011866567133071 -0.026148412473970217 0.0067966471901642865 0.078144464316500295 0.0013641438842382195 0.1604868393249673 0.033509769610887058 0.035374219185125254 -0.012374841035570117 0.041836894124741002 0.018041970338671651 0.0057438280999083866 0.11408322192802482 -0.0089167339120546068 0.098135078741921969
leaf_weight=352.3774012348149 818.96168311289512 217.5149217476137 6748.6570469874423 122.5397385424003 34.930255534593016 189.5972543777898 20.944976860657338 9.2280824144836497 404.6584603341762 7.0527206417173174 3.0018742121756068 687.42526985681616 167.32188034709543 1.3208296922966862 7.2827420225366941 1.6831318242475379 29.939936122391373 386.72946506366134 4.2756359316408625 660.2669486401137 4.3251380492001754 10.287957997992633 7.5137299373745918 25.595852188766003 23.141354713588953 90.373873403295875 447.33812886010855 4.8849163986742488 259.9733137995936 9.0687286704778654
leaf_count=13203 50043 14354 192310 3469 293 12722 258 279 15440 425 85 29490 6085 53 329 80 980 3357 80 14705 54 116 90 345 136 1334 10859 61 6531 379
internal_value=-6.85809e-05 -0.00592271 0.000352878 0.0012393 0.00144802 -0.0129264 -0.00627443 0.021745 -0.0033735 -0.00173273 0.00312006 0.002761 0.0137304 0.0475663 0.0714042 0.11076 0.0012744 0.00136906 0.00429078 0.00163837 0.0102242 0.0222108 0.0810821 0.0168962 0.00877502 0.0239946 0.00642928 0.0594504 -0.00154026 0.0817031
internal_weight=11758.2 789.663 10968.6 8860.77 8738.23 437.285 247.688 30.1731 2107.78 1703.12 884.157 881.155 193.73 26.4082 19.3554 12.0727 8703.3 8673.36 1924.71 1330.11 594.595 142.981 11.8389 131.143 409.871 105.547 451.614 15.1729 920.24 10.3896
internal_count=377945 40816 337129 234720 231251 27613 14891 537 102409 86969 36926 36841 7351 1266 841 512 230958 229978 37668 24729 12939 2000 144 1856 3493 1511 10939 177 21236 432
is_linear=0
shrinkage=0.03


Tree=99
num_leaves=31
num_cat=0
split_feature=2 19 0 17 11 5 5 14 19 16 0 0 21 13 9 19 17 13 9 0 5 0 0 12 0 2 5 5 5 22
split_gain=33.2604 27.6687 45.762 31.6528 43.3162 23.9028 28.4582 45.1603 38.0968 36.6865 31.7838 64.8145 40.0342 31.2838 30.6107 42.9211 29.503 37.1237 28.5819 45.7216 35.6427 26.9285 32.7163 26.9109 29.1663 37.1787 24.2785 39.1611 63.1993 136.615
threshold=0.91597561503675362 3.5000000000000004 134.96000000000001 0.0046898815780878076 18.500000000000004 32.515324423541337 73.191791666666674 7.5000000000000009 94.500000000000014 1.5000000000000002 440.99500000000006 455.40500000000003 8228.5000000000018 22259.276367187504 25.500000000000004 31.500000000000004 0.03738765791058541 20039.278320312504 23.500000000000004 20.004500000000004 243.67727272727276 994.97500000000014 985.45000000000016 258.50000000000006 65.006000000000014 -1.0000000180025095e-35 90.873425925925943 94.777068965517245 92.912905863988058 40333.000000000007
decision_type=2 2 2 2 2 2 2 2 2 2 2 2 2 2 2 2 2 2 2 2 2 2 2 2 2 2 2 2 2 2
left_child=1 2 -1 4 -3 -5 8 9 23 10 26 13 -13 -12 18 -16 -17 -18 -11 -20 -21 22 -14 -7 25 -25 -8 28 -28 -30
right_child=-2 3 -4 5 -6 6 7 -9 -10 14 11 12 21 -15 15 16 17 -19 19 20 -22 -23 -24 24 -26 -27 27 -29 29 -31
leaf_value=-0.007792902752294501 0.0063496307922913048 0.097362738672078813 0.0023448509426358456 -0.013414737591921529 -0.015137011982150379 0.0055892832025243337 -0.015425099621284627 -0.027071211552284813 -0.00074145393044266225 0.0071595067432958584 0.052293600572296858 -0.00934421114299268 0.0097803118481035543 0.010164337939844692 -0.010333746287855447 0.0029525324526531744 0.067706427165986391 -0.026675915043951746 0.17545171122209663 0.017681537186366437 0.10690950005519946 -0.010663371293454146 0.047616312733489506 -0.011457514679792178 0.091767679647331429 0.09285244911233824 -0.0056358785785006575 -0.0026744602390941482 -0.0099828638083778818 0.12931232139501109
leaf_weight=1064.587210273603 684.56678747478873 3.1410839576274148 642.65482505084947 111.2337376344949 159.11103142611682 1621.7877227065619 131.06525387172587 57.473070532782003 1365.0767091768794 418.5993100439664 35.5816057510674 183.42296533565968 159.53747870400548 28.625378935132176 246.0166778084822 970.61020071269013 13.329061924479904 5.2193944067694238 1.8802796830423165 49.430108431493863 4.3866924133617422 47.627301167696714 23.612437039613724 11.460734424181283 6.5878507611341766 4.2031188113614926 32.200780990533531 3644.8714440416079 13.045802915003152 12.321995349600909
leaf_count=65988 12907 42 20083 1883 13261 16006 7976 4703 18718 15297 550 4675 3248 696 11001 27693 177 111 45 1783 66 1405 163 153 70 36 1957 145718 926 608
internal_value=-6.75774e-05 -0.000464463 -0.00397676 0.000176072 -0.0129591 0.000407745 0.000576928 -0.000604208 0.002963 -0.000351585 -0.00182601 0.00546501 0.00111746 0.0335111 0.00336745 0.000879806 0.00366876 0.041148 0.00984583 0.0300353 0.0249546 0.00943246 0.0146583 0.00603887 0.0388065 0.0165322 -0.0027359 -0.00228671 0.0222634 0.0576775
internal_weight=11753.3 11068.7 1707.24 9361.46 162.252 9199.21 9087.97 6078.86 3009.12 6021.38 4311.91 478.407 414.2 64.207 1709.47 1235.18 989.159 18.5485 474.296 55.6971 53.8168 230.777 183.15 1644.04 22.2517 15.6639 3833.51 3702.44 57.5686 25.3678
internal_count=377945 365038 86071 278967 13303 265664 263781 228798 34983 224095 167922 10737 9491 1246 56173 38982 27981 288 17191 1894 1849 4816 3411 16265 259 189 157185 149209 3491 1534
is_linear=0
shrinkage=0.03


Tree=100
num_leaves=31
num_cat=0
split_feature=2 3 3 13 1 10 11 21 11 5 22 14 5 16 5 8 13 7 8 10 10 2 16 22 20 17 17 1 1 14
split_gain=31.6316 71.3053 46.4652 32.8553 28.4325 29.023 32.3382 30.2004 24.4626 24.3724 34.3592 23.9748 33.5954 29.3413 23.7971 25.7056 23.5747 20.7737 20.1065 19.4418 41.7235 34.8759 25.1432 23.5001 28.3083 22.8992 23.4308 20.3453 19.3111 18.9724
threshold=0.25881904510252091 0.37940952255126048 -0.3794095225512602 40235.710937500007 4.8368371540934918 76.500000000000014 9.5000000000000018 3331.5000000000005 36.500000000000007 118.29433513621795 69181.500000000015 16.500000000000004 73.191791666666674 1.0000000180025095e-35 260.33945970149256 82.500000000000014 744.43298339843761 0.091843620600613948 164.50000000000003 113.50000000000001 794.50000000000011 0.91597561503675362 1.0000000180025095e-35 675224.50000000012 20.852989196777347 0.02471006661653519 0.026254345662891868 4.7001166591618073 5.2937518610043908 1.0000000180025095e-35
decision_type=2 2 2 2 2 2 2 2 2 2 2 2 2 2 2 2 2 2 2 2 2 2 2 2 2 2 2 2 2 2
left_child=2 19 14 4 11 16 -7 -8 -5 10 -9 12 -4 -14 29 -16 -6 -3 -12 21 -21 -2 -22 24 -23 27 -27 -24 -18 -1
right_child=1 17 3 8 5 6 7 9 -10 -11 18 -13 13 -15 15 -17 28 -19 -20 20 22 23 25 -25 -26 26 -28 -29 -30 -31
leaf_value=-0.011753374581061703 0.026374620774913898 -0.0036826525579281566 0.0030295725291362911 0.043517664321786886 0.0073007873002394492 0.11785745082467315 -0.025421210926873383 -0.00054084411602828579 -0.0080423203514555872 0.00049166662139496617 0.063272116645241017 -0.013156723778968014 -0.0057289464898913388 0.00079601071789240036 -0.0094210539754445918 0.012715420193021869 -0.0044382610256363791 0.0041879033527759393 0.016063863231647164 -0.01356281656111028 0.004086494419838666 0.0084123839278703698 -0.0094593618763685831 -0.024862448761156928 0.060196048904889742 0.099827473099210029 0.024334770727468383 0.023051478619332915 0.031906918524426613 -0.0042456115901236208
leaf_weight=369.06398852006532 133.34784968942404 1045.1268721737433 1836.1057445418555 8.4266227672342193 313.6424440741539 2.1678602322936049 35.569665899965912 165.2622256455943 481.50166452978738 1197.1252071179915 8.5023624729365093 129.32543616881594 1187.5994361438788 1298.3286504000425 72.246002059197053 136.25063359877095 16.221078094094992 424.36938207247294 180.44767435407266 90.072039137594402 368.12229753751308 289.23164987750351 39.238742194604129 18.350067254155874 9.8237189278006536 3.8479990526102474 96.302204262465239 31.019283431582153 69.650841701775789 1690.5584137430415
leaf_count=17332 1088 31421 28009 468 2850 20 2073 8141 21408 33036 87 3212 71253 56741 1767 2799 157 9131 4733 2330 11598 2464 1861 201 70 75 1341 929 471 60879
internal_value=-6.66554e-05 0.00289064 -0.000886151 0.000333706 0.000903458 0.00388583 0.00206858 0.0019104 -0.0071555 0.00253707 0.00944989 -0.000428879 -4.80317e-05 -0.00232115 -0.00461323 0.00504493 0.011114 -0.00140975 0.0181881 0.00874544 0.00533595 0.0135002 0.00849687 0.00809138 0.0101134 0.0180243 0.0272354 0.00489434 0.0250414 -0.00559093
internal_weight=11746.8 2548.85 9198 6929.88 6439.95 1988.59 1589.07 1586.91 489.928 1551.34 354.212 4451.36 4322.03 2485.93 2268.12 208.497 399.514 1469.5 188.95 1079.36 628.603 450.753 538.531 317.405 299.055 170.408 100.15 70.258 85.8719 2059.62
internal_count=377945 62509 315436 232659 210783 51568 48090 48070 21876 45997 12961 159215 156003 127994 82777 4566 3478 40552 4820 21957 18134 3823 15804 2735 2534 4206 1416 2790 628 78211
is_linear=0
shrinkage=0.03


Tree=101
num_leaves=31
num_cat=0
split_feature=2 16 18 13 21 21 0 17 0 19 6 17 19 6 11 5 5 7 6 5 5 0 0 10 7 5 17 0 18 0
split_gain=29.7272 26.4708 46.2009 47.6387 36.8446 29.6487 30.7263 24.5346 26.5807 25.7783 25.2981 22.6413 22.3414 28.2757 21.0728 21.0494 43.8762 23.8567 22.5999 42.7909 36.9352 37.9316 66.1704 40.4329 33.7253 33.0744 35.8044 37.2544 40.8537 36.6542
threshold=0.25881904510252091 1.0000000180025095e-35 35.500000000000007 25.006999969482425 2087.5000000000005 2410.5000000000005 78.960000000000022 0.017879354767501358 649.97500000000014 1.5000000000000002 77.773612691404821 0.0055953201372176417 25.500000000000004 261.29494584570722 11.500000000000002 39.188393324785331 39.771702697926493 -1.0219452121242616 36.744629843552012 118.29433513621795 118.26592604530886 171.11500000000004 129.96000000000001 1076.5000000000002 -0.45719330867325836 143.45892908382868 0.0096451560966670531 77.036500000000004 9168.5000000000018 47.818500000000007
decision_type=2 2 2 2 2 2 2 2 2 2 2 2 2 2 2 2 2 2 2 2 2 2 2 2 2 2 2 2 2 2
left_child=1 2 3 -1 -4 6 -6 8 10 -9 -2 14 -10 -14 -3 -13 -17 -18 -19 20 -20 22 23 24 -22 26 27 28 -21 -30
right_child=7 11 4 -5 5 -7 -8 9 12 -11 -12 15 13 -15 -16 16 17 18 19 25 21 -23 -24 -25 -26 -27 -28 -29 29 -31
leaf_value=0.0016296236757317804 0.020165592054445323 0.077073475455299037 -0.014061525197971521 0.025614559855367952 -0.017452902001771409 -0.0030404601121749686 0.02330159747561689 -0.010537326012055297 -0.0070618615414002328 0.0048684218106680626 -0.0069627980535691483 -0.0086258603355344986 0.15440274629878931 0.0092003199094514744 -0.012516671643505844 0.046891890622715968 0.033833883066926515 -0.0054270108578272601 0.0052317647459160961 -0.0042169402815050014 0.16845985822923309 -0.031195410824217687 0.16706420452349521 0.16181304894809415 0.013962113925391907 0.0021330856638450153 -0.0085043178179596557 -0.0056288736467306442 0.0036686258948237268 0.065418409633842031
leaf_weight=339.17871862463653 33.617815253790468 2.4036589432507744 271.41349026933312 95.517376929521561 21.589392994530499 3939.0610880122986 72.765305498614907 102.7251392537728 3.7126645813696069 2019.6572558691259 387.99546632356942 188.05788062792271 2.7431071158498526 2.1554062869399786 139.32083983696066 19.192069600336254 20.341424369718879 408.78780539194122 1420.3316876024473 25.856672309339046 1.3447218909859717 6.3287140280008307 3.7761323521845034 2.0244257887825361 23.388439322356138 1415.6151416611392 652.25034090224653 80.545901845209301 13.082160689868031 25.545534554868937
leaf_count=4504 1135 33 7912 468 594 167297 802 4450 120 39226 17466 3476 74 38 12125 206 387 8139 40293 1196 24 191 95 81 905 32625 29266 3045 652 1120
internal_value=-6.54152e-05 -0.00086111 -0.00242111 0.00689992 -0.00336234 -0.00264238 0.0139765 0.00279857 -0.00373399 0.00412277 -0.00479968 0.000801065 0.0484435 0.0905119 -0.0109972 0.00118934 0.00163753 0.00142566 0.00126404 0.00200931 0.00600121 0.0356485 0.0495033 0.0329126 0.022362 -0.000619366 -0.00550649 0.00797574 0.0249689 0.0445054
internal_weight=11740.3 9187.72 4739.53 434.696 4304.83 4033.42 94.3547 2552.61 430.224 2122.38 421.613 4448.19 8.61118 4.89851 141.724 4306.47 4118.41 4099.22 4078.88 3670.09 1457.19 36.8624 30.5337 26.7576 24.7332 2212.9 797.281 145.03 64.4844 38.6277
internal_count=377945 315436 181577 4972 176605 168693 1396 62509 18833 43676 18601 133859 232 112 12158 121701 118225 118019 117632 109493 41589 1296 1105 1010 929 67904 35279 6013 2968 1772
is_linear=0
shrinkage=0.03


Tree=102
num_leaves=31
num_cat=0
split_feature=19 8 17 0 0 18 5 8 6 6 17 9 0 13 18 14 0 18 10 11 21 11 20 10 6 19 12 18 18 5
split_gain=28.3348 50.8207 36.0024 28.3515 64.7923 27.5947 27.887 37.448 25.266 43.6201 31.9808 34.7963 39.6868 34.4916 56.2681 23.7789 22.1221 21.9198 96.7826 47.6527 40.985 42.8152 38.3355 37.8345 37.5084 36.9798 29.617 28.4934 25.9967 49.8434
threshold=1.5000000000000002 7.5000000000000009 0.017073792405426506 994.97500000000014 939.49500000000012 8170.5000000000009 291.33348056365406 92.500000000000014 217.33991745726482 183.80827192880869 0.0078833047300577181 30.500000000000004 48.955000000000005 31071.320312500004 9344.5000000000018 29.500000000000004 8.3700000000000028 35.500000000000007 1.5000000000000002 1.5000000000000002 2087.5000000000005 8.5000000000000018 11.008726119995119 4.5000000000000009 305.38637327838245 146.50000000000003 1.5000000000000002 2.5000000000000004 1702.5000000000002 122.43615616098316
decision_type=2 2 2 2 2 2 2 2 2 2 2 2 2 2 2 2 2 2 2 2 2 2 2 2 2 2 2 2 2 2
left_child=1 -1 8 4 15 6 -3 -8 9 -2 11 12 -11 -14 -15 16 -4 18 24 23 21 22 -19 25 -18 -20 -27 -26 -24 -30
right_child=2 5 3 -5 -6 -7 7 -9 -10 10 -12 -13 13 14 -16 -17 17 20 19 -21 -22 -23 28 -25 27 26 -28 -29 29 -31
leaf_value=0.002861817569633857 -0.0066521603628195668 -0.0097442714605009521 -0.0087069719038313648 -0.013294860403111381 0.034346084229222119 -0.021317277657213245 -0.0048596720889716016 0.064035876546215453 -0.0099963453833716923 -0.017577880493285538 -7.1729241509762578e-05 0.0085279733637250166 0.044786203872906973 0.24277312557744535 0.033537318351967903 -0.025928736543246726 -0.0021791927255480938 -0.0055899890989985967 0.014649362666425985 0.0057863556278170795 0.0014968170371629837 -0.020436587986133025 0.0053935123547508004 0.054577025020698479 -0.01412873791693404 0.011402232299018638 0.070981075685638009 0.028401827250693585 0.12158324749765477 0.018727648803446791
leaf_weight=351.12141952221282 808.02147789858282 213.29457272519358 196.17391630588099 120.38350654789247 53.278331753332168 183.81289073172957 18.89898997778073 11.373675087932499 399.41903653182089 6.9092801185324815 689.24179010419175 170.4357563406229 16.237191288731996 2.3019965616986147 2.3250465532764792 29.063672424759716 811.11018401943147 342.8909369930625 138.01664548367262 161.62046190910041 6644.5897190989926 154.03804339328781 35.415478724986315 37.952736437320709 18.177469119429588 11.582730155438183 21.352513998746872 64.417951047420502 5.886371104046705 15.163105506449936
leaf_count=13203 50043 14354 2687 3469 587 12722 475 62 15440 425 29559 6100 663 92 87 980 9756 5446 764 1236 199009 8597 677 190 172 157 138 463 74 318
internal_value=-6.4424e-05 -0.00559468 0.000328539 0.00116472 0.00136386 -0.0125423 -0.00592001 0.0210249 -0.00320837 -0.00160927 0.00298228 0.0136021 0.0447401 0.065377 0.137634 0.00116159 0.00125252 0.00148341 0.00512667 0.0180179 0.000843519 -0.00700062 -0.00181815 0.0274809 -0.000217972 0.0214654 0.0500283 0.0190418 0.0210868 0.0474907
internal_weight=11734.5 778.502 10956 8861.11 8740.73 427.38 243.567 30.2727 2094.89 1695.47 887.451 198.209 27.7735 20.8642 4.62704 8687.45 8658.39 8462.21 1264.23 370.525 7197.98 553.394 399.356 208.905 893.706 170.952 32.9352 82.5954 56.465 21.0495
internal_count=377945 40816 337129 234720 231251 27613 14891 537 102409 86969 36926 7367 1267 842 179 230664 229684 226997 12876 2485 214121 15112 6515 1249 10391 1059 295 635 1069 392
is_linear=0
shrinkage=0.03


Tree=103
num_leaves=31
num_cat=0
split_feature=2 0 0 17 0 11 21 11 0 13 21 0 0 0 0 21 20 5 0 12 22 7 8 16 17 0 21 21 5 5
split_gain=27.879 27.3227 112.427 41.2762 35.1644 27.6333 43.3553 38.4898 30.671 29.0947 28.955 28.1683 70.8032 57.639 44.0952 32.6894 42.8705 42.1315 29.046 40.5948 40.2446 35.6553 34.4506 29.3674 27.328 29.0967 44.4709 33.3008 40.6437 26.8828
threshold=0.91597561503675362 57.950500000000012 57.008500000000005 0.33095239102840429 58.930000000000007 12.500000000000002 3331.5000000000005 15.500000000000002 149.97500000000002 286.17199707031256 4013.5000000000005 97.005500000000012 96.975000000000009 108.96000000000002 107.01950000000001 8099.5000000000009 49.72107124328614 84.78919783501307 106.96000000000002 141.50000000000003 71986.000000000015 -0.12105584410709656 216.50000000000003 8.5000000000000018 0.095247998833656325 48.955000000000005 2726.5000000000005 56.500000000000007 177.96665650406507 143.45892908382868
decision_type=2 2 2 2 2 2 2 2 2 2 2 2 2 2 2 2 2 2 2 2 2 2 2 2 2 2 2 2 2 2
left_child=1 2 3 24 -3 9 7 8 -7 -6 -11 12 15 14 18 16 29 -18 22 20 -20 -22 -13 -24 25 27 -27 28 -1 -8
right_child=-2 4 -4 -5 5 6 11 -9 -10 10 -12 13 -14 -15 -16 -17 17 -19 19 -21 21 -23 23 -25 -26 26 -28 -29 -30 -31
leaf_value=-0.010877943618406815 0.0057825160171380442 0.038445941572455365 -0.023322550944617281 -0.013488315051470974 0.0010056562898179099 -0.028954561631838734 0.0028208267302734383 -0.029059246128846149 0.012758913119008742 0.013638652577814395 -0.0085375979292786289 0.014714373740825284 0.033839276954509855 0.00049029803392232666 -0.016920144652889591 -0.0023251248886099062 0.12622433007180572 0.0078302763677843765 0.0038090730413217859 0.0078574076179375816 0.0892790723815374 0.3066592223964939 -0.012573312413530435 0.11474335548157544 0.0017608548546409705 -0.016378177830711556 0.0069792133532556849 -0.0063705312219613959 0.038073608812086733 0.017735235705513944
leaf_weight=27.629539536312222 690.95314360223711 22.297269687056541 215.95781958079897 231.28706837818027 690.84595768898726 22.686910590156913 471.64322904217988 87.092658914625645 52.751650411635637 402.66692678257823 61.019529599696398 69.591297507053241 67.955896119819954 3183.3804053741042 331.97370983031578 645.42094008531421 5.3622084399685246 5.4592232694849372 1.7470803183969099 10.094466175651176 1.4941280558705332 1.2449029381386933 139.30395321059041 1.6498727346770454 2263.5830776693765 88.560721914283931 427.46025086450391 1329.5176084558479 34.111831299960613 141.37182824313641
leaf_count=489 12907 416 15544 8496 8406 547 20418 7641 491 4151 734 2517 3157 104296 20117 29212 68 336 124 545 49 58 4711 118 34845 2916 20355 68816 223 5242
internal_value=-6.33364e-05 -0.000429367 -0.00218903 -0.00115227 0.000836994 0.000705859 -0.000219806 -0.015472 0.000214269 0.00490729 0.0107203 0.000268399 0.00400547 -0.0010676 -0.00996972 0.00240817 0.00730524 0.0664966 0.000279482 0.0412279 0.116317 0.188079 -0.00255626 -0.0110831 -0.000468203 -0.00311368 0.00297056 -0.00537033 0.0161676 0.00626035
internal_weight=11726.1 11035.2 4618.11 4402.15 6417.05 6394.76 5240.22 162.531 75.4386 1154.53 463.686 5077.69 1337.21 3740.48 557.099 1269.26 623.836 10.8214 225.126 14.5806 4.48611 2.73903 210.545 140.954 4170.86 1907.28 516.021 1391.26 61.7414 613.015
internal_count=377945 365038 151684 136140 213354 212938 199647 8679 1038 13291 4885 190968 58433 132535 28239 55276 26064 404 8122 776 231 107 7346 4829 127644 92799 23271 69528 712 25660
is_linear=0
shrinkage=0.03


Tree=104
num_leaves=31
num_cat=0
split_feature=2 3 3 13 0 0 10 21 9 13 11 21 0 12 21 0 18 6 0 10 5 8 10 10 18 21 5 6 13 20
split_gain=27.1594 64.825 43.335 30.9986 24.7824 46.8795 37.3852 47.7876 34.0662 31.3392 26.8681 25.0533 24.6299 39.7515 35.2129 57.6534 29.9638 34.4521 36.085 25.1641 22.0637 23.7201 21.5628 21.2979 36.0425 32.6097 27.8011 29.0566 22.5299 53.8594
threshold=0.25881904510252091 0.37940952255126048 -0.3794095225512602 43204.269531250007 76.986500000000021 77.953500000000005 83.500000000000014 3445.5000000000005 13.500000000000002 286.17199707031256 9.5000000000000018 7153.5000000000009 19.582500000000003 7.5000000000000009 4111.5000000000009 14.139000000000001 3500.5000000000005 65.988602859113982 15.950500000000002 93.500000000000014 260.33945970149256 82.500000000000014 782.50000000000011 963.50000000000011 6665.5000000000009 8721.5000000000018 122.43615616098316 183.436010550802 27420.644531250004 47.223091125488288
decision_type=2 2 2 2 2 2 2 2 2 2 2 2 2 2 2 2 2 2 2 2 2 2 2 2 2 2 2 2 2 2
left_child=2 -2 20 4 12 8 9 -8 -6 -7 -9 -12 13 -4 15 -15 17 18 -17 -18 -1 -22 -13 -14 -25 26 27 -26 29 -29
right_child=1 -3 3 -5 5 6 7 10 -10 -11 11 22 23 14 -16 16 19 -19 -20 -21 21 -23 -24 24 25 -27 -28 28 -30 -31
leaf_value=-0.0053898396136596487 0.008223257290083285 -0.0014403125806649473 -0.0049194853254250137 -0.0086567497673152981 0.004460577847492187 0.0020424539071714027 -0.023597520937012992 0.10081390243389358 0.04076499629348293 0.01557060151984571 -0.0036389558505300558 0.015334141199399163 -0.0033245340999489251 0.0010370957944462016 0.0061010523977587878 0.17481096839248367 0.075171320508589268 -0.0022322591995932654 0.065365763501631827 0.012995262057538872 -0.0091715191398335869 0.012130599714698124 0.0020909547005016635 -0.013340171306474797 0.019704853929209468 -0.00062683207356365193 7.8670067461603582e-05 0.060526194609678646 0.042303672574552517 0.30545740685586387
leaf_weight=2042.6191740420181 1087.5964710204862 1468.0647127325647 232.14385281130672 327.46240171510726 44.085280827712268 314.57999549247324 72.337093288311735 2.4316071085631838 49.248312907991931 302.14427569508553 726.21714039542712 118.74619052466005 2330.011872529285 34.237963727442548 265.91829335037619 4.8808681378141028 9.0662590749561804 2.9006615930702528 6.0995300188660622 16.557149624451995 71.506532562663779 137.52302964194678 1623.479775480926 86.702076227637008 94.316949787084013 177.513886728324 53.489690911024809 3.289377260021868 13.567448971793054 1.0711198858916757
leaf_count=78211 21957 40552 3213 14907 2546 3891 4438 21 1390 3184 25376 4060 81651 534 5550 88 85 105 79 172 1767 2799 58567 5913 4603 8616 2741 171 702 56
internal_value=-6.25826e-05 0.00267215 -0.000825234 0.000352175 0.000800173 0.00266265 0.00204373 0.000436843 0.0236169 0.00867014 0.00114047 0.00104229 -0.00101843 0.00464845 0.0111877 0.0295305 0.0542253 0.0897233 0.114015 0.0349948 -0.00443985 0.0048434 0.00299358 -0.00219248 0.00394242 0.00830788 0.0178776 0.0263596 0.0613694 0.120692
internal_weight=11719.8 2555.66 9164.15 6912.5 6585.04 3253.27 3159.94 2543.21 93.3336 616.724 2470.87 2468.44 3331.77 571.805 339.661 73.7424 39.5045 13.8811 10.9804 25.6234 2251.65 209.03 1742.23 2759.96 429.951 343.248 165.735 112.245 17.9279 4.3605
internal_count=377945 62509 315436 232659 217752 103473 99537 92462 3936 7075 88024 88003 114279 9826 6613 1063 529 272 167 257 82777 4566 62627 104453 22802 16889 8273 5532 929 227
is_linear=0
shrinkage=0.03


Tree=105
num_leaves=31
num_cat=0
split_feature=6 14 16 6 0 10 5 5 5 6 14 10 14 2 5 6 10 19 5 6 0 0 5 19 19 15 21 21 21 10
split_gain=26.8125 49.3576 46.5728 38.31 30.7292 31.7524 27.7049 40.6672 32.9997 26.4687 32.2319 26.3798 26.2635 24.9461 24.8013 35.1138 22.2408 22.1062 41.7572 35.7795 35.3085 35.0215 22.211 45.0285 26.0271 21.762 20.1444 30.491 28.4245 25.8637
threshold=45.735444215470999 7.5000000000000009 1.0000000180025095e-35 38.091680187016983 265.07000000000005 807.50000000000011 285.87276190476194 354.15939723320167 336.90312500000005 39.08864296050232 6.5000000000000009 970.50000000000011 2.5000000000000004 0.78656609248549325 315.04861216391322 204.38570124685731 1403.5000000000002 4.5000000000000009 55.202195454545468 28.811284757941074 30.001500000000004 112.00850000000001 40.528457893990939 58.500000000000007 97.500000000000014 1.5000000000000002 56.500000000000007 2087.5000000000005 4013.5000000000005 1.0000000180025095e-35
decision_type=2 2 2 2 2 2 2 2 2 2 2 2 2 2 2 2 2 2 2 2 2 2 2 2 2 2 2 2 2 2
left_child=3 2 4 12 26 -6 -7 8 14 10 11 -5 13 17 15 -8 -14 19 20 21 -19 -1 23 -22 -25 -23 29 -28 -29 -2
right_child=1 -3 -4 9 5 6 7 -9 -10 -11 -12 -13 16 -15 -16 -17 -18 18 -20 -21 22 25 -24 24 -26 -27 27 28 -30 -31
leaf_value=-0.0047329465646734799 -0.0055175923820211421 -0.026142356883861503 0.0016510244998722071 0.0061205377132985302 0.012313536785269872 -0.004037756928007747 0.10782798813750595 -0.015323036738623671 0.067307279802249764 0.0039197343226200845 0.036581840821165855 0.042540346770330001 -0.0039094723820438486 0.016016429401642211 -0.026224906594949499 0.016506376002570235 0.069030297096184384 -0.0047959304743317418 0.081664949488170616 -0.018806200476863499 0.012454595110466536 0.089287636073423354 0.0055423686445693031 0.08932560243729655 0.020921095437926765 0.015133597061717852 -0.0149816301642279 0.0027340064519200732 -0.0051057175303249767 0.020133233808850376
leaf_weight=212.27951092645526 73.040875963866711 69.706260900013149 3766.6539291918743 196.44564333884045 209.29969621170312 538.14501040428877 4.0429089306853703 35.723095029126853 12.724168553482739 1230.6707848920487 48.145457020029426 19.693834291771054 1108.5913051804528 118.63138073775917 11.149866504594682 60.438163683749735 3.7752095237374297 185.06730657210574 6.4811722412705413 104.90707483957522 64.271548289339989 3.7378711290657511 140.41677735419944 12.977769788354637 8.1498450897634012 75.62078600237146 238.4358988951426 495.82859473139979 2592.7803858823609 68.608751181513071
leaf_count=10044 1034 5054 129337 1773 2487 17084 62 1143 160 12763 206 320 18093 1739 284 781 41 2366 98 4785 807 41 1335 126 92 1778 7323 8586 147657 546
internal_value=-6.16676e-05 -0.00100595 -0.000789812 0.00211948 -0.00290809 0.0021279 -0.00109133 0.0116877 0.0226085 0.00576959 0.0143837 0.00943898 -0.000548983 0.00316424 0.0150884 0.0222322 -0.00366193 0.00129097 0.00611021 -0.00378129 0.00491843 0.00162342 0.0128798 0.0249444 0.062939 0.0186263 -0.0041734 -0.00464513 -0.00384717 0.00690652
internal_weight=11716.4 8176.58 8106.87 3539.86 4340.22 871.523 662.223 124.078 88.3551 1494.96 264.285 216.139 2044.91 932.541 75.6309 64.4811 1112.37 813.91 417.364 396.545 410.883 291.638 225.816 85.3992 21.1276 79.3587 3468.69 3327.04 3088.61 141.65
internal_count=377945 321538 316484 56407 187147 22001 19514 2430 1287 15062 2299 2093 41345 23211 1127 843 18134 21472 4824 16648 4726 11863 2360 1025 218 1819 165146 163566 156243 1580
is_linear=0
shrinkage=0.03


Tree=106
num_leaves=31
num_cat=0
split_feature=2 3 3 14 6 6 8 8 8 9 22 22 0 0 10 6 0 2 21 22 18 10 20 6 2 18 7 6 8 8
split_gain=25.2356 61.1409 40.6573 24.5472 27.0936 41.318 53.2428 75.6535 102.846 74.2895 80.5274 43.0105 34.3238 45.1151 36.6173 25.7995 22.6644 35.3781 22.6372 24.9474 28.6585 24.6265 24.129 33.7705 22.5659 22.35 20.1929 19.4809 22.3139 79.9678
threshold=0.25881904510252091 1.0000000180025095e-35 -0.3794095225512602 14.500000000000002 101.09758030336077 97.867515242218602 459.50000000000006 40.500000000000007 43.500000000000007 1.5000000000000002 13965.500000000002 64149.000000000007 58.955000000000005 57.008500000000005 945.50000000000011 91.654153122780272 213.02000000000001 -0.78656609248549292 4013.5000000000005 186502.00000000003 7954.5000000000009 129.50000000000003 11.008726119995119 202.97718580747508 0.91597561503675362 9613.5000000000018 -0.5677534280419595 32.368564995121005 38.500000000000007 43.500000000000007
decision_type=2 2 2 2 2 2 2 2 2 2 2 2 2 2 2 2 2 2 2 2 2 2 2 2 2 2 2 2 2 2
left_child=2 18 26 4 5 15 7 -7 -9 10 -10 -11 13 -6 -14 16 27 -18 21 -20 -21 22 24 -24 -2 -19 -1 -4 -29 -30
right_child=1 -3 3 -5 12 6 -8 8 9 11 -12 -13 14 -15 -16 -17 17 25 19 20 -22 -23 23 -25 -26 -27 -28 28 29 -31
leaf_value=-0.011452490473535862 0.025573857369701067 0.00010615057663051065 -0.0035654172644745841 -0.010492719530449992 -0.00328200544634645 -0.008159504141681255 -0.017506296594348558 0.25360751405905413 -0.013249107806464256 -0.011450724011368308 0.23506043747890315 0.13214679891554823 0.0030548762387898861 -0.0231660838085028 -0.004016406286175841 -0.015255006671957737 -4.0640244833237841e-05 0.02946933848488267 0.0009897010466500245 -0.0019243354448411694 0.027355407647535912 -0.031611253538013716 0.022672234632413982 0.090739781199442315 0.0021186292226854958 0.10929328960237097 -0.0031734307159658995 -0.0045465205210819164 0.068406157902781081 0.004328700462029233
leaf_weight=307.28679630928673 103.06770602613688 1994.526601472171 396.64100496261381 183.21740769804455 1038.3357379697263 11.446844452293591 13.80261080036871 2.9051690008491304 1.7535611575003738 9.2274431404657644 3.5653239563107491 2.356712093576788 2092.5260327162687 113.96787677356042 962.09931471128948 70.915322999004275 54.45162861328572 47.149221852421761 234.07095287367702 45.930137760937214 87.21395150013268 8.1379380887374264 18.258626721799377 10.238362215459345 57.517238460481167 3.3833858836442223 1933.2301815771498 253.28812519041821 17.719057080568746 1630.7277751967777
leaf_count=11217 841 50963 11639 4597 54192 569 1106 45 164 509 64 39 67833 8301 40584 3845 1192 1061 7556 668 1536 380 123 66 376 83 71560 12414 711 23711
internal_value=-6.05854e-05 0.002573 -0.000797115 0.000341643 0.000636761 0.00309717 0.0315672 0.0532386 0.0887196 0.0603799 0.153196 0.0177631 -0.000836664 -0.00524863 0.000827671 0.00257872 0.00310494 0.0167361 0.01129 0.0068871 0.0172549 0.0194881 0.0216874 0.0471275 0.0171728 0.0348139 -0.0043089 0.0024823 0.00374366 0.00501747
internal_weight=11709 2558.96 9150 6909.48 6726.26 2519.33 45.0577 31.2551 19.8082 16.903 5.31889 11.5842 4206.93 1152.3 3054.63 2474.28 2403.36 104.984 564.435 367.215 133.144 197.22 189.082 28.497 160.585 50.5326 2240.52 2298.38 1901.73 1648.45
internal_count=377945 62509 315436 232659 228062 57152 2496 1390 821 776 228 548 170910 62493 108417 54656 50811 2336 11546 9760 2204 1786 1406 189 1217 1144 82777 48475 36836 24422
is_linear=0
shrinkage=0.03


Tree=107
num_leaves=31
num_cat=0
split_feature=6 14 5 5 16 6 0 0 6 8 18 6 6 6 5 6 0 9 6 18 18 8 8 8 2 21 18 22 5 22
split_gain=24.6645 47.5749 44.9976 56.6652 41.8717 35.041 32.9129 62.8016 49.3236 38.6986 38.3056 34.1563 31.6475 46.3385 62.5978 101.875 52.1217 42.0053 39.882 51.9878 172.355 40.7011 90.6699 75.4344 67.063 67.0232 55.959 46.235 46.7359 73.4798
threshold=45.735444215470999 7.5000000000000009 182.7352221345952 194.67837767687723 1.5000000000000002 38.091680187016983 994.97500000000014 846.33000000000004 292.25516157722973 146.50000000000003 7776.5000000000009 350.29581435217352 239.13200698181927 186.52866215693894 112.66187242798357 187.77584182440964 15.001000000000003 25.500000000000004 236.82323399048286 8505.5000000000018 8216.5000000000018 238.50000000000003 121.00000000000001 193.50000000000003 0.37940952255126054 9135.5000000000018 9775.5000000000018 119169.50000000001 118.93050471698115 134012.00000000003
decision_type=2 2 2 2 2 2 2 2 2 2 2 2 2 2 2 2 2 2 2 2 2 2 2 2 2 2 2 2 2 2
left_child=5 2 12 4 -4 -1 7 -5 9 -9 -10 -12 13 -2 15 -15 17 -16 21 20 -20 22 26 24 -24 -25 -18 -23 29 -29
right_child=1 -3 3 6 -6 -7 -8 8 10 -11 11 -13 -14 14 16 -17 18 -19 19 -21 -22 27 23 25 -26 -27 -28 28 -30 -31
leaf_value=-0.00052738100010279662 -0.0035382352624131249 -0.025931598652512464 0.0090845561191763066 0.00055232880839169239 0.037265163103686744 0.0055108459105144758 -0.015836541622202587 0.033563798148935731 -0.025373034357112804 0.13422633661956304 -0.02686333092392218 0.038517127947460102 -0.0085325361145561756 0.29062351898886696 0.065719312428296234 0.023475861846536321 -0.012915872210674112 -0.022594740694276787 0.035484572360384742 -0.025028766480526012 0.38607180683320241 -0.010392219928527334 0.046042472413166245 -0.010077115359716978 0.14805121765218796 0.077101788514418651 0.16003192661392449 0.10166835466768726 -0.0030130750014615414 0.0095328767269454596
leaf_weight=2041.8844482128043 3174.9361245143227 68.129679547855631 268.39682080154307 2300.6222231781576 57.64440576126799 1500.6746835438535 103.01484469417483 7.6878336626104993 15.232915142551063 6.2165539842098951 8.5092921927571279 46.435604406520724 660.47517658420838 1.3039758251979936 19.334898889996115 86.972472436958924 65.973900841083378 6.4688707222230724 7.6555215390399081 5.2614754252135745 1.5111603578552602 380.47537879226729 16.923625790048394 27.801246574847028 8.8248842456378025 11.107908159494398 1.7278671134263266 8.0189211429096741 521.34570406330749 273.30624919058755
leaf_count=41345 159687 5054 6538 53478 782 15062 2760 83 298 71 112 391 29012 41 338 3928 3507 205 320 242 62 18630 429 1030 119 303 76 227 23541 10274
internal_value=-5.98331e-05 -0.000967174 -0.00075702 0.0023071 0.0140669 0.00203049 0.000765855 0.00148305 0.026949 0.0785693 0.0167214 0.0283917 -0.0023901 -0.00151177 0.00294379 0.027422 0.00134993 0.0435794 0.00053058 0.0501368 0.0932801 -1.34892e-05 0.0157633 0.041171 0.0810043 0.014811 -0.00850194 -0.00177845 0.00230457 0.0121591
internal_weight=11703.9 8161.32 8093.19 2813.76 326.041 3542.56 2487.72 2384.7 84.0822 13.9044 70.1778 54.9449 5279.43 4618.95 1444.01 88.2764 1355.74 25.8038 1329.93 14.4282 9.16668 1315.51 132.359 64.6577 25.7485 38.9092 67.7018 1183.15 802.671 281.325
internal_count=377945 321538 316484 64513 7320 56407 57193 54433 955 154 801 503 251971 222959 63272 3969 59303 543 58760 624 382 58136 5464 1881 548 1333 3583 52672 34042 10501
is_linear=0
shrinkage=0.03


Tree=108
num_leaves=31
num_cat=0
split_feature=19 8 17 2 3 3 14 21 5 8 13 12 6 6 0 17 19 0 3 7 5 17 0 5 21 13 21 8 5 6
split_gain=25.8883 48.1263 31.4257 29.2741 66.4709 29.1558 27.6492 26.0479 24.8974 33.6431 24.1912 27.5382 24.0177 39.4128 29.4516 26.3227 29.9905 37.8668 39.4635 25.1932 23.2406 41.4383 21.4471 20.3919 19.7737 27.7794 36.0595 26.09 59.1815 75.5151
threshold=1.5000000000000002 7.5000000000000009 0.017073792405426506 0.25881904510252091 1.0000000180025095e-35 -0.3794095225512602 14.500000000000002 8189.5000000000009 291.33348056365406 92.500000000000014 43204.269531250007 335.50000000000006 217.33991745726482 183.80827192880869 2097.5750000000003 0.0078833047300577181 29.500000000000004 44.005000000000003 0.60355339059327384 -0.28240875300333235 260.33945970149256 0.01746802777051926 6.1825000000000001 307.94382222222231 6982.5000000000009 2785.3745117187505 5865.5000000000009 146.50000000000003 94.145520833333336 85.790856501755755
decision_type=2 2 2 2 2 2 2 2 2 2 2 2 2 2 2 2 2 2 2 2 2 2 2 2 2 2 2 2 2 2
left_child=1 -1 12 5 -5 20 10 8 -3 23 11 24 13 22 15 16 17 -15 -19 -20 -4 -22 -2 -10 25 -7 -27 28 29 -28
right_child=2 7 3 4 -6 6 -8 -9 9 -11 -12 -13 -14 14 -16 -17 -18 18 19 -21 21 -23 -24 -25 -26 26 27 -29 -30 -31
leaf_value=0.002815366251286686 0.10700869507174661 -0.0094885872254292999 -0.0046722379520448415 0.014819927278660798 0.0014853802513928732 0.0021072782159729932 -0.010266979152277445 -0.020972943412445016 0.033782181649674801 0.060164353722624263 -0.0084488625660741039 0.11093112483697082 -0.0096766984669031178 -0.023024851727667231 0.090578253542170389 -0.00024493426926019068 0.0063941826467659732 0.075919913078656642 0.10123790471867643 -0.014945023266889193 0.1240754204007975 0.0050458644535126404 -0.0065077944152702894 -0.029995325861835044 0.004172483425563432 -0.022068438766463742 0.027791167154759995 -0.0051501005317686616 -0.0018322014644191363 0.16475462164349428
leaf_weight=350.90485788788646 1.5007671918719996 210.69757552049123 1423.1106774855871 423.54376405943185 1636.1250349285547 1968.4250763631426 181.47903464431874 177.42971849953756 7.4222547095268991 11.446584587451072 204.62844183295965 2.0909855263307682 393.58029925334267 7.9072018563747397 3.4342825356870881 685.0812441802118 161.59257460106164 19.921014576219026 2.0475793043151489 9.3502397835254651 2.6725084651261559 174.94657225650735 794.8008402173873 11.506979662459342 2151.6171648316085 94.99893253413029 23.243429563939575 477.77706037927419 80.241163496859372 4.2919835522770873
leaf_count=13203 27 14422 46234 6698 33435 24843 4597 12653 106 62 7995 67 15440 469 85 29490 5651 747 107 377 45 3780 50016 370 69949 14308 1040 17599 3880 250
internal_value=-5.96163e-05 -0.0053785 0.000314856 0.00109466 0.00422745 0.000144291 0.00123621 -0.0122489 -0.00582794 0.0195636 0.00165312 0.00208353 -0.00300399 -0.00144598 0.00289477 0.00255485 0.0121062 0.0356369 0.0504474 0.00592684 -0.00339518 0.00683682 -0.00629385 -0.00498782 0.00203612 0.000300874 -0.00492395 -0.00214247 0.0111904 0.0491399
internal_weight=11697.8 769.408 10928.4 8849.19 2059.67 6789.52 5188.79 418.503 241.073 30.3758 5007.31 4802.69 2079.22 1685.64 889.334 885.9 200.819 39.226 31.3188 11.3978 1600.73 177.619 796.302 18.9292 4800.59 2648.98 680.553 585.554 107.777 27.5354
internal_count=377945 40816 337129 234720 40133 194587 144528 27613 14960 538 139931 131936 102409 86969 36926 36841 7351 1700 1231 484 50059 3825 50043 476 131869 61920 37077 22769 5170 1290
is_linear=0
shrinkage=0.03


Tree=109
num_leaves=31
num_cat=0
split_feature=9 0 8 17 0 5 6 5 8 5 6 10 5 18 20 5 10 6 11 17 5 6 6 18 6 3 20 9 14 14
split_gain=23.3656 40.8112 36.5222 29.5796 35.0075 25.765 24.1121 37.4317 54.7621 28.0303 27.9743 33.4757 60.4223 32.126 27.1345 24.9318 24.4972 24.1263 29.9972 23.0163 31.7138 41.4357 22.0269 25.0596 31.2544 28.9874 24.2938 21.4255 46.1214 25.0661
threshold=5.5000000000000009 48.955000000000005 164.50000000000003 0.33095239102840429 49.030500000000011 32.515324423541337 419.83466928127365 247.20149662512983 92.500000000000014 307.94382222222231 201.99076170095438 917.50000000000011 285.87276190476194 8505.5000000000018 39.281576156616218 266.4847519912712 866.50000000000011 411.85412471456999 40.500000000000007 0.065935518592596068 104.9172309375529 147.64676250357326 56.066423013564041 11.500000000000002 54.495980883061954 -0.70710678118654757 49.485815048217781 45.000000000000007 4.5000000000000009 11.500000000000002
decision_type=2 2 2 2 2 2 2 2 2 2 2 2 2 2 2 2 2 2 2 2 2 2 2 2 2 2 2 2 2 2
left_child=1 -1 3 19 -5 -4 7 16 9 10 11 -9 13 15 -10 -13 -3 -18 -19 20 -2 -22 23 24 -21 -25 -27 28 -7 -29
right_child=2 6 5 4 -6 27 -8 8 14 -11 -12 12 -14 -15 -16 -17 17 18 -20 22 21 -23 -24 25 -26 26 -28 29 -30 -31
leaf_value=-0.0095480393713826758 -0.026409425234228789 0.0027592157993831614 -0.015074781176487747 -0.023333166267005538 0.0095306311308547761 -0.00090668673919056377 -0.014827585416637257 0.011912059499541607 0.10790317455987815 -0.0061367927677211404 0.00067081035330417962 0.081662774758082132 0.1326424228405963 -0.03221163684190554 0.03533188839349969 -0.014592612542310986 -0.0046008332285050295 0.16329245515872123 -0.030873110500324753 0.022707923615333098 0.1229558458150571 0.02878084877564864 0.0016227240536835822 -0.020438707601753564 0.091722108621761486 0.010543315463650973 0.063983322072613646 0.0025761669555463343 -0.025215334329153596 -0.0046620009224583106
leaf_weight=580.74524668627419 6.0554486140608814 749.02532467525452 99.839500925969332 59.713558012386784 57.036316158715636 3774.5772043440957 101.80128329736181 38.083104844205081 5.8062047762796309 96.297462713904679 58.715344455791637 8.7366341114975565 6.8300338764674953 5.5492027839645734 23.026497188489884 3.350671528838574 1036.4140819935128 1.6999546664301299 1.2373389904387293 54.874277181923389 5.4671398540958789 18.211013008840382 288.9213104036171 27.12712705694139 6.6180257052183142 289.59892381541431 7.8639540877193204 3721.2959571760148 71.578465510392562 486.94367633201182
leaf_count=36732 274 25438 1672 1028 1032 148295 3728 546 63 1884 1433 111 95 118 218 71 64602 85 59 456 104 515 8019 325 37 2869 73 61603 5576 10884
internal_value=-5.88234e-05 -0.00249613 0.000679049 0.0067082 -0.00727807 7.16505e-05 -0.00057934 0.000133511 0.0110957 0.005947 0.0155428 0.0295032 0.0568845 0.0275459 0.049946 0.0549802 -0.00137681 -0.00435751 0.0814999 0.00902523 0.034857 0.0505253 0.00788735 0.0125754 0.0301355 0.00924875 0.0119561 0.0002594 -0.00135908 0.00173862
internal_weight=11693 2717.32 8975.72 821.487 116.75 8154.23 2136.57 2034.77 246.395 217.562 121.265 62.5496 24.4665 17.6365 28.8327 12.0873 1788.38 1039.35 2.93729 704.737 29.7336 23.6782 675.004 386.082 61.4923 324.59 297.463 8054.4 3846.16 4208.24
internal_count=377945 135183 242762 14732 2060 228030 98451 94723 4539 4258 2374 941 395 300 281 182 90184 64746 144 12672 893 619 11779 3760 493 3267 2942 226358 153871 72487
is_linear=0
shrinkage=0.03


Tree=110
num_leaves=31
num_cat=0
split_feature=19 6 17 2 3 3 14 6 6 17 9 0 17 0 5 17 5 5 16 18 12 18 11 0 21 18 11 16 0 0
split_gain=24.0736 35.2845 29.3654 27.3136 62.5457 27.2056 25.5771 23.1093 36.6891 26.2499 27.4232 29.7165 29.2785 49.1757 21.7196 34.7454 21.2183 61.0563 21.2098 32.4754 25.1281 23.4295 26.1635 29.1402 21.2212 19.2671 19.2115 19.0085 18.7002 18.3961
threshold=1.5000000000000002 1.0000000180025095e-35 0.017073792405426506 0.25881904510252091 0.25881904510252057 -0.3794095225512602 14.500000000000002 217.33991745726482 183.80827192880869 0.0078833047300577181 30.500000000000004 44.005000000000003 0.0074479812756180772 108.50500000000001 260.33945970149256 0.01746802777051926 291.33348056365406 294.99536176470593 1.0000000180025095e-35 35.500000000000007 1.0000000180025095e-35 8246.5000000000018 43.500000000000007 15.950500000000002 2087.5000000000005 9705.5000000000018 20.500000000000004 3.5000000000000004 6.1825000000000001 47.952000000000005
decision_type=2 2 2 2 2 2 2 2 2 2 2 2 2 2 2 2 2 2 2 2 2 2 2 2 2 2 2 2 2 2
left_child=1 25 7 5 -5 14 18 8 28 10 11 -10 -13 -14 -4 -16 26 -18 19 20 -7 -20 -23 -24 -21 -1 -3 -11 -2 -6
right_child=2 16 3 4 29 6 -8 -9 9 27 -12 12 13 -15 15 -17 17 -19 21 24 -22 22 23 -25 -26 -27 -28 -29 -30 -31
leaf_value=0.0079406161172995808 0.095284108707411538 -4.3679108031283402e-05 -0.0045346891520241291 0.012154180218724147 -0.0028196900318647432 0.0036994130126561573 -0.0099506053277453876 -0.0094885069134667856 -0.020709338506693174 -0.0029232113626004785 0.0076501320960758196 0.039499822409547268 0.22699838633620931 0.0061571083529513813 0.10851929341935704 0.0048500756875222888 0.12989604747755162 0.00089449765861127561 0.0020132629566237438 -0.011977077875719841 0.023150401576656238 0.0117211825469718 0.063072518297978039 -0.012429926788330955 -0.00061703797998800076 0.083495776068532909 -0.013092667028303829 0.0085509460112391956 -0.0063048668304220429 0.0039300717746801068
leaf_weight=113.74579810211435 1.6341633209958661 132.78722859406844 1416.3432119034696 608.4141969983466 696.69405059702694 212.45707729831338 179.13369966903701 390.36567978956737 6.0673636039719012 513.9183359046001 174.16615674365312 20.403388018719856 2.0935582024976607 1.6017720084637401 2.9586667492985717 175.62405203119852 3.4478018349036565 78.109799125464633 1756.1502710818313 158.38876828830689 83.176747605204582 473.08895051851869 4.9272011294960967 69.4011534685269 2255.6652514259331 3.1209522709250441 431.55228344607167 173.91548608569428 788.37641378282569 759.64742635842413
leaf_count=3281 27 2339 46234 9237 11914 2668 4597 15440 381 22420 6100 763 79 44 45 3780 51 1888 40313 4473 401 9595 60 1732 80689 119 33138 7139 50016 18982
internal_value=-5.7813e-05 -0.00521059 0.000301957 0.00105456 0.00407592 0.000135436 0.0011881 -0.00291249 -0.00138646 0.00278269 0.0122241 0.038632 0.0535724 0.131273 -0.00329157 0.00656761 -0.00795521 0.00634797 0.00158611 -0.000213059 0.00917196 0.00370246 0.00912153 -0.0074249 -0.00136238 0.00995833 -0.0100223 -2.20256e-05 -0.00609473 0.000701077
internal_weight=11687.4 762.764 10924.6 8852.07 2064.76 6787.32 5192.39 2072.54 1682.18 892.166 204.332 30.1661 24.0987 3.69533 1594.93 178.583 645.897 81.5576 5013.26 2709.69 295.634 2303.57 547.417 74.3284 2414.05 116.867 564.34 687.834 790.011 1456.34
internal_count=377945 40816 337129 234720 40133 194587 144528 102409 86969 36926 7367 1267 886 123 50059 3825 37416 1939 139931 88231 3069 51700 11387 1792 85162 3400 35477 29559 50043 30896
is_linear=0
shrinkage=0.03


Tree=111
num_leaves=31
num_cat=0
split_feature=19 6 17 2 3 3 14 13 6 6 17 19 3 16 18 13 18 9 10 21 9 5 21 5 17 5 5 22 11 11
split_gain=22.7843 33.3157 27.6939 25.6107 58.5186 25.6456 24.2238 22.7223 22.0153 34.6606 24.3047 24.3763 28.6741 20.8064 28.3581 27.2948 25.3529 24.216 23.5056 31.936 29.2031 51.7969 21.6074 20.4503 29.6079 20.1722 52.0145 19.8243 18.4917 18.417
threshold=1.5000000000000002 1.0000000180025095e-35 0.017073792405426506 0.25881904510252091 1.0000000180025095e-35 -0.3794095225512602 14.500000000000002 43204.269531250007 217.33991745726482 183.80827192880869 0.0078833047300577181 29.500000000000004 0.60355339059327384 1.0000000180025095e-35 35.500000000000007 25.006999969482425 6772.5000000000009 17.500000000000004 175.50000000000003 5865.5000000000009 2.5000000000000004 92.151923076923097 2087.5000000000005 260.33945970149256 0.01746802777051926 291.33348056365406 294.99536176470593 51.500000000000007 20.500000000000004 13.500000000000002
decision_type=2 2 2 2 2 2 2 2 2 2 2 2 2 2 2 2 2 2 2 2 2 2 2 2 2 2 2 2 2 2
left_child=1 -1 8 5 -5 23 7 13 9 29 11 12 -11 14 15 -7 18 -18 27 -20 21 -21 -16 -4 -25 28 -27 -15 -3 -2
right_child=2 25 3 4 -6 6 -8 -9 -10 10 -12 -13 -14 16 22 -17 17 -19 19 20 -22 -23 -24 24 -26 26 -28 -29 -30 -31
leaf_value=0.0095750413470596461 0.014404943387632024 -4.2370223889348883e-05 -0.0044156441764654974 0.013792078689697881 0.0013598206662776796 0.0038365467425883642 -0.00973756075828708 -0.008290346758845317 -0.009285384588549361 0.050799976333415105 -2.171184749171983e-05 0.0065226975252639929 -0.00096702103736482563 -0.017896021675722615 -0.011734497471539908 0.02532833785198671 0.014228302175805852 0.0042903612932659527 -0.030240499605448206 0.1322294050517393 -0.0042242502098183247 -0.0069504844536710077 -0.00020100296350289478 0.096392538087670301 0.0046864584363705882 0.11485985597684134 0.00086709943310193504 0.0044274163721273021 -0.012863899703507979 -0.0069841826792387636
leaf_weight=117.85831465804949 38.076458770781755 132.78256860328838 1410.9745023101568 430.12109358981252 1639.951659899205 226.98461306467652 177.58508014981635 203.1848518315237 386.98978111171164 26.760038478299975 687.81839253893122 164.91927598509938 15.043689936399458 37.288491660729051 156.83694501733407 69.457703247666359 335.53491953667253 644.64213592465967 42.539814440067858 3.9723719833418709 238.75628773262724 6.1051807692274451 2153.9500973988324 3.2264851760119191 176.29253392014652 3.7766476180404416 78.159773736493662 898.66465963982046 426.13296329602599 747.34178626397625
leaf_count=3400 608 2339 46234 6698 33435 2740 4597 7995 15440 1023 29559 5666 678 322 4473 329 10437 11957 7657 86 7448 210 75876 45 3780 51 1888 10401 33138 49435
internal_value=-5.691e-05 -0.00508403 0.000292272 0.00102204 0.003943 0.000131001 0.00115141 0.00153677 -0.00283451 -0.00134851 0.00268925 0.0117093 0.0321709 0.00195148 0.000136824 0.00887217 0.00409473 0.00769232 0.00122159 -0.00621937 -0.0021128 0.0479115 -0.0009838 -0.00320225 0.00633469 -0.00777996 0.0061213 0.00353805 -0.00981787 -0.00594725
internal_weight=11681.7 758.71 10923 8856.07 2070.07 6786 5195.5 5017.92 2066.95 1679.96 894.541 206.723 41.8037 4814.73 2607.23 296.442 2207.5 980.177 1227.33 291.374 248.834 10.0776 2310.79 1590.49 179.519 640.852 81.9364 935.953 558.916 785.418
internal_count=377945 40816 337129 234720 40133 194587 144528 139931 102409 86969 36926 7367 1701 131936 83418 3069 48518 22394 26124 15401 7744 296 80349 50059 3825 37416 1939 10723 35477 50043
is_linear=0
shrinkage=0.03


Tree=112
num_leaves=31
num_cat=0
split_feature=1 1 1 9 1 16 3 8 8 6 6 1 1 22 20 21 5 1 1 1 1 1 18 9 5 6 6 18 1 6
split_gain=21.8149 115.432 32.7591 25.5238 33.1545 31.8569 27.8334 27.4169 33.4091 29.3261 63.3893 76.7484 113.086 46.4309 23.6486 22.4282 20.8531 20.7914 25.3846 71.9685 65.8921 37.8495 29.5254 35.4965 25.8959 26.6631 42.6715 25.7071 23.1233 23.3471
threshold=4.0766981086756484 4.0605895407973458 4.0931771587846795 5.5000000000000009 3.9111225951759701 2.5000000000000004 0.37940952255126048 430.00000000000006 363.50000000000006 123.84270730160451 99.856082522133875 3.5265810642065936 3.7137793408089874 52958.000000000007 54.156881332397468 9106.5000000000018 95.284335535976524 4.0935942773539606 4.5850235979700589 4.7001166591618073 4.5847123115305619 4.6823117500873144 2210.5000000000005 7.5000000000000009 73.191791666666674 48.886040805021644 51.678515180282197 24.500000000000004 4.6817607838599331 170.74345433437125
decision_type=2 2 2 2 2 2 2 2 2 2 2 2 2 2 2 2 2 2 2 2 2 2 2 2 2 2 2 2 2 2
left_child=1 3 15 4 -1 -6 -7 8 9 10 -5 -12 13 -13 17 -2 -14 -4 20 21 -19 22 -20 -24 25 -23 -27 -21 -25 -30
right_child=2 -3 14 7 5 6 -8 -9 -10 -11 11 12 16 -15 -16 -17 -18 18 19 27 -22 24 23 28 -26 26 -28 -29 29 -31
leaf_value=-0.0092611658806081455 0.022254732255275488 -0.022825329174035344 -0.021540659887975013 0.0040894145981910388 0.0024974861166737299 0.10769288160861383 -0.018336289473989558 -0.0009540810165996873 0.021514674794416811 -0.010083914637396484 -0.025805725178056713 0.35334581796229758 0.11208263248732651 0.15344449458998663 -0.01662800702319514 0.097116444861878107 -0.015521319883537504 0.0031781647431545993 -0.013987381451287658 0.014280970701426362 0.032728398819261151 -0.0032582357135582315 0.015044173480586225 -0.0071293925230328029 -0.017459361110963408 0.17285093237107005 -0.0077732925370594492 0.0013311534039669583 0.13879938613496839 0.018257929526421475
leaf_weight=573.00432105734944 21.166035712929446 219.63913391763344 36.267345920437947 656.28450948186219 201.01174870994873 4.8556724837981156 2.3357956316322088 3066.2154816987459 98.234605452045798 129.66526587237604 5.3651884484570465 1.6371770447585712 1.6511373769026247 2.8946411376819015 68.331791395321488 4.340367764234542 3.8175696122925729 1595.5309378267266 143.51181341614574 142.96705445274711 70.932398859644309 11.45030914922245 124.01671107346192 209.67252155183814 323.51635346375406 2.3286506738513699 2.3804871484171599 3943.0064316894859 1.7697514474857579 7.9077641014009714
leaf_count=36732 375 16147 2412 7590 11138 116 115 78220 1749 5632 216 60 38 84 2950 67 187 58444 4703 929 3197 392 4871 5975 19981 49 159 115040 85 292
internal_value=-5.5991e-05 -0.00156315 0.00105973 -0.00057936 -0.00553575 0.0047171 0.0667585 0.00039699 0.00500226 0.00297798 0.00549964 0.0657317 0.114841 0.225661 0.000930225 0.0349938 0.0230055 0.00111159 0.00123646 0.000151108 0.00443596 -0.00792221 -0.00256007 0.00221603 -0.0156081 0.0214548 0.0815447 0.00178426 -0.00503678 0.0403016
internal_weight=11675.7 4966.61 6709.1 4746.97 781.208 208.203 7.19147 3965.77 899.55 801.315 671.65 15.3657 10.0005 4.53182 6683.59 25.5064 5.46871 6615.26 6578.99 4912.53 1666.46 826.554 486.879 343.367 339.676 16.1594 4.70914 4085.97 219.35 9.67752
internal_count=377945 158024 219921 141877 48101 11369 231 93776 15556 13807 8175 585 369 144 219479 442 225 216529 214117 152476 61641 36507 15926 11223 20581 600 208 115969 6352 377
is_linear=0
shrinkage=0.03


Tree=113
num_leaves=31
num_cat=0
split_feature=16 18 12 21 6 10 11 10 19 6 18 0 10 5 12 0 19 0 0 0 0 18 11 5 19 19 11 5 6 5
split_gain=21.2722 62.1728 77.7953 45.314 29.1604 27.7199 34.4494 42.8214 31.8595 30.4323 22.8692 25.5903 22.0822 26.8181 21.9324 21.2124 33.1708 28.2603 22.101 23.5391 33.7858 27.3133 25.3227 25.1321 20.915 20.7785 22.7196 22.8683 19.8948 19.104
threshold=1.0000000180025095e-35 59.500000000000007 1.0000000180025095e-35 2087.5000000000005 1.0000000180025095e-35 1.5000000000000002 1.5000000000000002 4.5000000000000009 138.50000000000003 308.8906580965741 2556.5000000000005 78.960000000000022 76.500000000000014 218.67191445969021 1.5000000000000002 20.004500000000004 357.50000000000006 28.464000000000002 29.995000000000001 47.952000000000005 49.030500000000011 1702.5000000000002 8.5000000000000018 106.03914328125617 1.5000000000000002 140.50000000000003 16.500000000000004 44.677524918831175 314.63076465601802 260.33945970149256
decision_type=2 2 2 2 2 2 2 2 2 2 2 2 2 2 2 2 2 2 2 2 2 2 2 2 2 2 2 2 2 2
left_child=1 2 -1 -3 -5 9 7 8 -7 -2 11 -6 13 -13 -10 16 -8 -17 25 -20 -21 -22 23 -23 -12 -19 -27 -28 -11 -25
right_child=5 3 -4 4 10 6 15 -9 14 28 24 12 -14 -15 -16 17 -18 18 19 20 21 22 -24 29 -26 26 27 -29 -30 -31
leaf_value=0.000837930637287069 -0.0074947558403125076 -0.013983433345277137 0.022540840344261199 0.016651578851437372 -0.011362047296814183 0.0004115334536474254 0.01098592580486484 0.055243643217905515 0.0011044251150566151 0.038851871531974724 -0.0085359753299919273 0.0088952599462343834 -0.015761416182794065 0.037659946222252924 0.049630293056606878 -0.007632075906714361 -0.02007695669960442 0.0091388208379426586 -0.0039983347228358251 0.017519834183376475 -0.010526403184462688 0.086941836662779506 0.0019059525223895026 0.0091244691579490736 -0.0017903202227643143 -0.0095436621136082023 0.027653070915520508 0.10718810539263281 0.0017933570183767597 0.059302814429435122
leaf_weight=533.501056374982 491.22616884857416 287.28464583470486 206.06312046200037 76.441431818529963 47.114327882416546 95.541529875248671 354.4036933851894 21.48345703445375 12.714085455983875 21.152977094054222 456.85341614438221 88.698546193540096 19.607691961806267 43.466120360419154 24.605629771947861 319.57627248251811 33.898993661627173 81.924068754538894 639.21262515964918 126.02347507816739 156.81215826096013 4.7751438338309518 3039.809869418852 53.755457540974021 4376.0594426696189 5.0205757394433048 6.826589569449423 6.2162278983741999 33.984538717195392 7.8223089389502993
leaf_count=6885 6400 8991 1034 2507 1094 563 6093 113 204 133 31379 799 309 338 178 8674 758 3709 21869 5091 3746 44 97898 740 167777 76 103 43 299 98
internal_value=-5.55359e-05 -0.00127221 0.00688496 -0.00239032 -0.00173833 0.00129262 0.00199498 0.0159472 0.00959305 -0.00512267 -0.0020177 0.00795211 0.0139478 0.0183553 0.0330985 0.00154969 0.00827412 0.000962628 0.00162797 0.00128214 0.00227811 0.00168944 0.00230615 0.0206402 -0.00242798 0.0155605 0.0446852 0.0655596 0.0160105 0.0154987
internal_weight=11671.9 6135.09 739.564 5395.53 5108.24 5536.79 4990.42 154.345 132.861 546.364 5031.8 198.887 151.772 132.165 37.3197 4836.08 388.303 4447.77 4128.2 4028.21 3389 3262.97 3106.16 66.3529 4832.91 99.9875 18.0634 13.0428 55.1375 61.5778
internal_count=377945 221113 7919 213194 204203 156832 150000 1058 945 6832 201696 2540 1446 1137 382 148942 6851 142091 133417 129486 107617 102526 98780 882 199156 3931 222 146 432 838
is_linear=0
shrinkage=0.03


Tree=114
num_leaves=31
num_cat=0
split_feature=0 0 17 0 17 0 0 21 21 5 0 0 10 0 10 0 3 20 0 11 10 11 20 13 2 21 17 0 0 0
split_gain=20.6271 111.152 39.8693 30.2278 24.6344 29.0451 26.0515 49.1083 35.9487 40.4179 29.1327 28.572 25.866 23.0038 24.6542 37.6737 22.9244 22.5983 22.3462 24.6917 24.7113 23.5911 23.9196 31.9985 21.8809 19.9649 20.8635 19.936 23.7808 67.9999
threshold=57.950500000000012 57.008500000000005 0.33095239102840429 58.930000000000007 0.093354616314172759 8.3700000000000028 48.955000000000005 2726.5000000000005 56.500000000000007 184.63584881756759 47.818500000000007 50.005000000000003 1090.5000000000002 11.363500000000002 1104.5000000000002 33.007500000000007 0.98296291314453421 54.156881332397468 9.1975000000000016 40.500000000000007 76.500000000000014 40.500000000000007 47.810043334960945 24597.975585937504 -0.70710678118654735 9106.5000000000018 0.13794241100549701 58.955000000000005 97.005500000000012 108.96000000000002
decision_type=2 2 2 2 2 2 2 2 2 2 2 2 2 2 2 2 2 2 2 2 2 2 2 2 2 2 2 2 2 2
left_child=1 2 4 25 6 -6 8 -8 9 -1 -10 -9 18 -14 15 -15 -16 27 19 20 24 22 -20 -24 -7 26 -2 -5 -29 -30
right_child=3 -3 -4 17 5 12 7 11 10 -11 -12 -13 13 14 16 -17 -18 -19 21 -21 -22 -23 23 -25 -26 -27 -28 28 29 -31
leaf_value=-0.0090307576149411834 -0.01244451145899537 -0.022631361652765039 -0.012511614297744746 -0.021335733296684607 -0.010173949049754683 0.07157246469823933 -0.016864995149368966 0.012951861478305068 -0.0044107067764690621 0.037572753634381346 -0.021542749260892249 -0.0029618134316112743 0.087509286127112396 -0.023313671997016092 -0.0052880850372147639 0.11498244850972338 0.067059866074004396 -0.016391215421432244 0.0025077426436200235 0.077065710960245809 -0.018370916783523622 -0.0059014076382039506 0.069883027592405431 0.012128646574157003 0.0089455826450964906 0.090790153413674343 0.04722489608825696 0.0042911314767407763 -0.0077353738255376541 0.0017296506750517772
leaf_weight=30.254414331167936 9.3279822526965344 214.77758057438768 238.79137927549891 35.517245149007067 164.26977866888046 8.4472101349383575 91.093177286908031 286.74109471123666 1269.7082110315096 37.518737234175205 96.092084321426228 157.21423278213479 4.8493563914671531 2.748686554376035 25.542453236412261 4.9933090596459806 4.6610330636613062 67.308468286879361 1902.0906375013292 6.7162046940065911 12.995847619138656 292.53031979547814 9.6761235129088146 80.15070350561291 12.378870496526362 4.5000989316031328 12.134230169001965 1671.9193967112806 820.13039127853699 4089.6555218452122
leaf_count=528 239 16147 8836 2412 1998 80 3021 12291 64198 247 6648 8565 49 59 563 77 82 2950 27016 76 163 5577 140 1527 136 67 136 61641 36509 115967
internal_value=-5.44467e-05 -0.00152267 -0.000566087 0.00102951 6.77046e-05 0.00202474 -0.00244944 0.00319953 -0.0045578 0.0167686 -0.00561605 0.00731648 0.00287105 0.0259826 0.0181196 0.0658824 0.00587673 0.000904032 0.00244565 0.0245243 0.0140908 0.00205386 0.00322216 0.0183499 0.0343475 0.0333376 0.0212912 0.00107995 0.00120092 0.000148613
internal_weight=11664.7 4954.24 4739.46 6710.49 4500.67 2532.05 1968.62 535.049 1433.57 67.7732 1365.8 443.955 2367.78 42.7948 37.9455 7.742 30.2035 6684.53 2324.99 40.5381 33.8219 2284.45 1991.92 89.8268 20.8261 25.9623 21.4622 6617.22 6581.71 4909.79
internal_count=377945 158024 141877 219921 133041 37543 95498 23877 71621 775 70846 20856 35545 830 781 136 645 219479 34715 455 379 34260 28683 1667 216 442 375 216529 214117 152476
is_linear=0
shrinkage=0.03


Tree=115
num_leaves=31
num_cat=0
split_feature=18 18 10 16 15 0 17 19 2 22 21 3 12 0 0 10 18 17 10 9 21 18 15 21 16 18 22 0 18 16
split_gain=20.1414 36.1149 74.9492 37.7195 32.179 28.552 26.889 36.3019 31.5849 30.3687 27.039 24.2134 22.344 21.8729 21.5977 23.7182 21.0814 39.5081 31.7276 39.3658 34.8961 29.5403 32.6907 42.1883 39.8629 31.9655 29.7874 26.3786 33.7637 25.6557
threshold=2.5000000000000004 24.500000000000004 2.5000000000000004 1.0000000180025095e-35 1.5000000000000002 108.96000000000002 0.02471006661653519 211.50000000000003 0.91597561503675362 12911.000000000002 1045.5000000000002 0.60355339059327384 1.0000000180025095e-35 48.955000000000005 265.07000000000005 807.50000000000011 1702.5000000000002 0.025644849054515365 66.500000000000014 20.500000000000004 3331.5000000000005 3723.5000000000005 15.500000000000002 3556.5000000000005 2.5000000000000004 6303.5000000000009 17876.500000000004 34.004500000000007 7018.0000000000009 2.5000000000000004
decision_type=2 2 2 2 2 2 2 2 2 2 2 2 2 2 2 2 2 2 2 2 2 2 2 2 2 2 2 2 2 2
left_child=-1 2 5 14 -4 11 13 8 9 -8 -11 12 -2 -5 -3 -16 17 -12 19 29 -20 22 -22 -24 -25 -23 27 28 -27 -18
right_child=1 3 4 6 -6 -7 7 -9 -10 10 16 -13 -14 -15 15 -17 18 -19 20 -21 21 25 23 24 -26 26 -28 -29 -30 -31
leaf_value=-0.0091882643584052341 -0.00064836376949929631 -0.002940278040859487 0.036234059340858125 -0.0071745181794045775 0.0082768528048115502 0.016990915146511503 -0.004529576226074983 -0.0043605289652634471 0.019872840519853049 0.050561000426861298 0.14174946840523406 -0.0056387298579884462 0.013104205450856618 0.0004846276860701175 0.010992517743621207 -0.00055689832729536757 0.035510569971410687 -0.02145770359606966 -0.021529462097416487 0.0056442218351492159 0.0062673212055503963 -0.0028085590658569718 0.01377674274644768 0.035937900571219809 0.11364310770427456 0.1667900900059775 0.0059734759396877666 0.020836800453213386 0.031427753974754419 0.10665690785307193
leaf_weight=213.27098095044494 264.70994588918984 4630.8756431338843 90.596017241477966 413.33510210015811 62.695480538532138 102.7704703360796 305.90892876288854 439.46854720404372 122.62827461911365 12.006785519421099 1.3817064580507565 355.53644720092416 177.70245990157127 1783.7305873772129 209.44171707797796 678.336086463416 37.282757246866822 39.409808451542631 43.733755965018645 54.195718048140407 78.893796049058437 403.61200876254588 33.697761924471706 15.892902635037901 9.489424139261244 2.6939280498772851 1022.2134323799983 44.453371970914304 4.3145204996690154 5.1975733544677487
leaf_count=2728 3778 192166 502 22458 449 654 6745 6733 1562 163 39 4306 1226 68242 2542 19920 414 1934 3856 688 833 12356 496 150 70 52 21657 1019 157 50
internal_value=-5.36213e-05 0.00011658 0.00540791 -0.000420085 0.0247997 0.00210766 0.00150321 0.00352216 0.00507074 0.00421226 0.00569097 0.000190798 0.00487559 -0.000956291 -0.00211855 0.0021678 0.00539108 -0.0159295 0.00588645 0.0225928 0.0049129 0.00562884 0.018904 0.0357787 0.0649887 0.00438898 0.00709465 0.0293651 0.0834587 0.0442155
internal_weight=11659.5 11446.2 1054.01 10392.2 153.291 900.719 4873.54 2676.48 2237.01 2114.38 1808.47 797.949 442.412 2197.07 5518.65 887.778 1796.46 40.7915 1755.67 96.676 1658.99 1615.26 137.974 59.0801 25.3823 1477.29 1073.68 51.4618 7.00845 42.4803
internal_count=377945 375217 10915 364302 951 9964 149674 58974 52241 50679 43934 9310 5004 90700 214628 22462 43771 1973 41798 1152 40646 36790 1549 716 220 35241 22885 1228 209 464
is_linear=0
shrinkage=0.03


Tree=116
num_leaves=31
num_cat=0
split_feature=14 6 14 1 1 1 21 7 21 9 1 6 7 1 1 1 1 17 6 17 10 22 6 6 12 19 10 12 21 17
split_gain=20.0995 22.7268 45.4035 37.0626 74.7814 29.5378 60.0791 45.5264 42.5307 35.7538 33.5478 25.6049 25.5981 33.4885 26.1359 30.2335 28.4993 46.4665 59.7841 65.2883 53.15 46.9886 35.3674 85.9952 33.3264 26.507 25.4268 25.3993 24.4846 77.9352
threshold=29.500000000000004 45.735444215470999 7.5000000000000009 4.0935942773539606 4.0605895407973458 3.9111225951759701 2726.5000000000005 -0.43302806889842244 56.500000000000007 21.500000000000004 3.9319236623295808 38.091680187016983 -0.59348305398109458 1.9716474512955606 3.6364275816172209 3.6094303110826531 3.688916952707757 0.023873331956565384 117.71211108898579 0.028540645726025108 917.50000000000011 40333.000000000007 91.654153122780272 85.790856501755755 463.50000000000006 51.500000000000007 1.5000000000000002 248.50000000000003 9683.5000000000018 0.21437478065490725
decision_type=2 2 2 2 2 2 2 2 2 2 2 2 2 2 2 2 2 2 2 2 2 2 2 2 2 2 2 2 2 2
left_child=1 11 3 4 5 7 -7 8 9 26 -8 -1 -10 -14 15 25 17 -16 21 20 -20 22 23 -19 -18 28 -3 -5 -15 -30
right_child=-2 2 -4 27 -6 6 10 -9 12 -11 -12 -13 13 14 16 -17 24 18 19 -21 -22 -23 -24 -25 -26 -27 -28 -29 29 -31
leaf_value=-0.00019695274906927045 -0.025632331304121798 -0.021120671251160131 -0.025693561055536069 0.0010847231023378408 -0.020286355463700209 -0.016558516134777594 0.013461072384785498 -0.013408446262129991 -0.0091037980498150026 0.032371552935715642 -0.0028789014151809843 0.0049759954901613494 0.06979084611644544 0.00046909957413591671 0.0024636672501924814 -0.024700901969754656 -0.0015741365844679502 -0.0086441638052820978 0.033972874609863257 -0.0028826492134382212 0.2178925256811409 0.21081912154597895 -0.031303665501557887 0.36952197086655997 0.13616711362347045 -0.016019174729567244 0.030502739291066807 -0.0092316165189738515 0.021864317178041513 0.31138005222074694
leaf_weight=2007.0163221845869 27.581037697847933 26.790129056200385 65.75171440304257 5397.8057185425423 223.78895362792537 110.20712498715147 332.02971023856662 373.21560432272963 405.40585554484278 58.630498800426722 171.49266734230332 1508.3872311839368 6.1957756676711133 365.28990256134421 35.397941829869524 54.689630577573553 107.13661937322468 1.3613690109923511 3.2070312616415348 16.00984670384787 2.5295097338967025 3.3138974010944366 2.0094630813691765 0.89829612197354425 1.6045717522501934 87.789415897801518 12.637733265757559 223.69070298364386 19.311034321784977 0.87472517229616542
leaf_count=40365 980 437 5054 185880 17303 3537 13860 18398 20459 397 9407 15062 81 18909 2353 3660 5990 103 125 877 107 86 130 50 58 2292 100 10666 1192 27
internal_value=-5.27e-05 7.99208e-06 -0.000865394 -0.000662431 -0.00376504 -0.00208295 0.00350464 -0.00424748 -0.00142437 0.0175163 0.00789591 0.00202265 -0.00309306 0.000350582 -0.000262794 -0.00358221 0.00983991 0.0256008 0.0535253 0.0282329 0.115072 0.126058 0.0602626 0.14169 0.000458357 -0.00114177 -0.00457392 0.000674215 0.00224645 0.0344101
internal_weight=11652.1 11624.5 8109.07 8043.31 2421.82 2198.03 613.73 1584.3 1211.08 98.0584 503.522 3515.4 1113.02 707.619 701.423 527.955 173.469 64.7274 29.3294 21.7464 5.73654 7.58303 4.26913 2.25967 108.741 473.265 39.4279 5621.5 385.476 20.1858
internal_count=377945 376965 321538 316484 119938 102635 26804 75831 57433 934 23267 55427 56499 36040 35959 26080 9879 3831 1478 1109 232 369 283 153 6048 22420 537 196546 20128 1219
is_linear=0
shrinkage=0.03


Tree=117
num_leaves=31
num_cat=0
split_feature=14 6 14 16 0 0 10 5 5 5 5 6 10 6 6 14 10 12 11 10 3 21 2 7 8 0 18 16 20 5
split_gain=19.3542 21.3967 43.7325 36.8778 25.3462 24.5517 26.9739 23.9539 35.0503 28.692 22.135 22.6398 20.7793 20.948 19.4943 30.568 19.5652 19.2067 23.9085 53.5056 23.7042 26.4452 28.1905 22.7027 22.9351 21.607 18.8382 18.6474 18.0078 17.8187
threshold=29.500000000000004 45.735444215470999 7.5000000000000009 1.0000000180025095e-35 8.3700000000000028 265.07000000000005 807.50000000000011 285.87276190476194 354.15939723320167 336.90312500000005 315.04861216391322 204.38570124685731 1426.5000000000002 38.091680187016983 39.08864296050232 6.5000000000000009 962.50000000000011 1.0000000180025095e-35 1.5000000000000002 2.5000000000000004 0.37940952255126048 376.50000000000006 -0.25881904510252113 -1.0219452121242616 66.500000000000014 10.014000000000001 8731.5000000000018 1.5000000000000002 43.272119522094734 110.99731862745101
decision_type=2 2 2 2 2 2 2 2 2 2 2 2 2 2 2 2 2 2 2 2 2 2 2 2 2 2 2 2 2 2
left_child=1 4 3 5 -1 -3 29 26 9 10 11 -9 13 17 15 16 -15 -6 19 20 21 -19 -23 24 -20 -26 -8 -22 -13 -7
right_child=-2 2 -4 -5 12 6 7 8 -10 -11 -12 28 -14 14 -16 -17 -18 18 23 -21 27 22 -24 -25 25 -27 -28 -29 -30 -31
leaf_value=-0.0093658723902272974 -0.025437852029958231 -0.0037027210249193625 -0.025475744975802128 0.0015201939661930999 -0.0059164163438975804 0.042021372777848488 -0.0087361110103182961 0.082218744413606257 -0.014832460846743542 0.061748870503075391 -0.026038688986392253 0.042733236413318484 0.04371091234658455 0.0045737281771991451 0.0035200318045958954 0.034189625690768992 0.036067048798630673 0.01036806080128228 0.010820141800758121 0.043055093934109931 0.0066715265188925952 0.12854977984806515 0.017820314502422493 -0.00074549254078137958 0.0033618209617962539 0.12152895161719596 0.0026460783165336774 -0.01987518535451516 0.0056070435162766368 0.0087899657637699139
leaf_weight=169.28951937356032 26.967449880670756 3401.7669804960024 64.34580565080978 3764.5091008807067 359.43165991455317 15.680830674245952 303.16861284384504 4.9026651419699183 34.720350151415914 13.067525486461816 10.852860803017391 15.867394082248209 10.992486373521386 183.55644232220948 1187.960988716688 48.216734370216727 19.654806599486619 62.210702635347843 86.638894138624892 38.780811585485935 50.627871736884117 3.7315988726913929 4.6451366022229177 1242.9829013459384 2.3726954543963066 3.3716566385701299 230.26384359505028 44.96532417088747 45.404031691607088 196.47786000836641
leaf_count=2405 980 165146 5054 129337 6999 246 10603 62 1143 160 284 155 168 1658 12241 206 323 479 3355 197 377 64 56 26259 62 51 6481 527 626 2241
internal_value=-5.23422e-05 6.56958e-06 -0.000841925 -0.000644694 0.00195964 -0.00255233 0.0019437 -0.00105455 0.0107765 0.0206455 0.0136724 0.0201852 0.00253194 0.00239638 0.0051262 0.0127151 0.0076198 0.00032807 0.00178521 0.0113254 0.00392073 0.0171061 0.0671472 0.000320917 0.0146691 0.0727202 -0.00382282 -0.00581557 0.0152216 0.0112461
internal_weight=11647.4 11620.5 8101.03 8036.68 3519.43 4272.17 870.406 658.247 124.815 90.0945 77.027 66.1741 3350.14 3339.15 1439.39 251.428 203.211 1899.76 1540.33 204.961 166.181 70.5874 8.37674 1335.37 92.3832 5.74435 533.432 95.5932 61.2714 212.159
internal_count=377945 376965 321538 316484 55427 187147 22001 19514 2430 1287 1127 843 53022 52854 14428 2187 1981 38426 31427 1700 1503 599 120 29727 3468 113 17084 904 781 2487
is_linear=0
shrinkage=0.03


Tree=118
num_leaves=31
num_cat=0
split_feature=19 8 5 8 8 17 10 5 14 2 8 8 7 13 21 16 9 5 19 17 9 5 10 5 0 17 14 10 5 12
split_gain=19.7826 42.9153 34.9716 29.3973 27.7866 24.7974 24.5914 19.6152 19.5697 20.5322 23.1164 28.658 19.6343 23.611 23.3809 23.3669 37.3952 37.2675 34.0336 32.1746 27.714 29.0941 28.1217 40.8778 27.1476 26.9548 25.5528 21.8482 21.6197 21.4664
threshold=1.5000000000000002 11.500000000000002 291.33348056365406 92.500000000000014 14.500000000000002 0.0051559682469815024 729.50000000000011 354.15939723320167 29.500000000000004 0.91597561503675362 155.50000000000003 135.50000000000003 0.41598053769782811 22664.341796875004 8361.5000000000018 1.5000000000000002 25.500000000000004 53.392205882352947 31.500000000000004 0.1482956260442734 23.500000000000004 72.29062500000002 840.50000000000011 243.67727272727276 29.001000000000001 0.12001243606209756 8.5000000000000018 966.50000000000011 296.05762780748671 148.50000000000003
decision_type=2 2 2 2 2 2 2 2 2 2 2 2 2 2 2 2 2 2 2 2 2 2 2 2 2 2 2 2 2 2
left_child=1 -1 -3 4 -4 6 -2 8 9 12 11 -11 15 28 -15 -7 17 -17 -18 26 21 25 -22 24 27 -19 -20 -24 29 -14
right_child=5 2 3 -5 -6 7 -8 -9 -10 10 -12 -13 13 14 -16 16 18 20 19 -21 22 -23 23 -25 -26 -27 -28 -29 -30 -31
leaf_value=0.0015105723604435864 0.04937287841659644 -0.01628064581387776 0.050592541105313173 0.054921568310796774 -0.026387585047409241 -0.0014464806054481335 -0.012251385590360892 -0.015410250645721536 -0.025241982672457055 0.013475430557972038 0.0031800265122950634 0.067358670669555601 0.0031893783213464903 -0.0065600009856652203 0.0032097261947854256 -0.018191186306532495 -0.010364566783995523 0.10397538603685359 0.0026952076103401363 0.01597977886858104 -0.0022098382297769626 0.0077383154433062675 0.047468591543772198 0.17337616534340555 0.029193451196374568 0.021880178363203686 -0.0075069923806302969 0.18429536811533487 0.033156660293590892 0.014096572387018872
leaf_weight=423.93065284728073 6.0140671804547301 291.48691378999501 5.8744130090344724 11.566645301412789 14.98521115654148 5567.554352512816 188.40980701334774 69.585953657282516 26.370461239479482 104.9623062312603 529.94351313915104 9.7048023478127998 1155.3591875501443 389.4525734980125 508.08743247296661 39.180221465416253 237.36358326929621 5.3383477041497853 1008.833462653216 132.57417294569314 14.560651165666057 355.36550868465565 2.2860850919969371 2.1695286040194324 30.312605656450614 11.050658170133827 282.91091934591532 1.9429769676644353 24.505115011706948 188.95556529122405
leaf_count=17295 170 22884 118 66 453 194579 16352 2049 980 1900 8794 158 19014 13194 13289 499 10624 91 25549 1462 377 13731 79 24 1106 160 7542 61 217 5128
internal_value=-5.13217e-05 -0.00477129 -0.0129929 0.0165618 -0.00470872 0.000272727 -0.0103452 0.000465689 0.000569628 0.000633827 0.00582266 0.0180358 0.000297932 0.002752 -0.00102947 -0.000425184 0.00225204 0.00979982 0.000152581 0.00190527 0.0123923 0.00954064 0.0330688 0.0470612 0.0391275 0.0486208 0.000460777 0.110332 0.00523152 0.00472248
internal_weight=11640.6 747.844 323.913 32.4263 20.8596 10892.8 194.424 10698.4 10628.8 10602.4 644.611 114.667 9957.8 2266.36 897.54 7691.44 2123.89 462.207 1661.68 1424.32 423.026 371.755 51.2718 36.7112 34.5417 16.389 1291.74 4.22906 1368.82 1344.31
internal_count=377945 40816 23521 637 571 337129 16522 320607 318558 317578 10852 2058 306726 50842 26483 255884 61305 16128 45177 34553 15629 13982 1647 1270 1246 251 33091 140 24359 24142
is_linear=0
shrinkage=0.03


Tree=119
num_leaves=31
num_cat=0
split_feature=18 18 10 6 22 8 8 8 22 0 6 14 6 22 6 21 6 6 0 13 6 5 17 11 10 5 18 6 10 0
split_gain=19.0241 33.0511 68.4373 54.652 32.3794 34.0154 39.4375 59.0043 73.9891 37.4027 33.8364 31.2853 33.4423 43.2153 66.8357 49.5887 35.7116 65.6801 78.8481 59.9162 58.0898 45.696 30.4093 29.5143 28.8619 26.2476 25.3747 25.3467 62.0644 25.3142
threshold=2.5000000000000004 24.500000000000004 2.5000000000000004 305.38637327838245 12911.000000000002 164.50000000000003 142.00000000000003 146.50000000000003 29146.500000000004 99.485000000000014 65.988602859113982 1.0000000180025095e-35 147.64676250357326 17876.500000000004 60.269557924283276 5910.5000000000009 101.09758030336077 85.790856501755755 49.956500000000013 18017.797851562504 97.867515242218602 140.27371024043455 0.057169213891029365 1.5000000000000002 998.50000000000011 296.05762780748671 7708.5000000000009 134.09589747094 899.50000000000011 6.1825000000000001
decision_type=2 2 2 2 2 2 2 2 2 2 2 2 2 2 2 2 2 2 2 2 2 2 2 2 2 2 2 2 2 2
left_child=-1 2 3 -2 10 6 11 8 -8 -10 -3 -6 13 14 -13 -16 17 21 -19 26 -20 -17 -15 -4 25 -11 -18 -24 -29 -12
right_child=1 4 23 -5 5 -7 7 -9 9 24 29 12 -14 22 15 16 19 18 20 -21 -22 -23 27 -25 -26 -27 -28 28 -30 -31
leaf_value=-0.0089694178384031546 -0.00025611801280034206 2.511716143309578e-05 0.034682777142943565 0.026060243150515815 -0.0017599034621156705 -0.00059441443921078496 -0.020652250179332678 0.008196332345760584 0.098958622204286584 -0.031949437481397558 0.066600797200730075 -0.0041851306119006001 -0.0010130853110608558 -0.020468435856150182 0.0012806473712580189 0.00050096442686369436 0.025552458494796794 0.23928687596027412 -0.014306416618773708 -0.019223840346221151 0.13501426089754454 0.08886298594386316 0.0077567901757176526 0.0079187250772030874 0.12722827387369806 0.070236934967562323 0.18074871548440927 0.084771120115752024 -0.023517369396546053 -0.0095616631580099556
leaf_weight=211.33079644478858 820.81531697511673 724.11918843933381 90.437115218490362 77.750072114169598 736.86982951080427 7310.8796102367342 10.221479991450904 140.93790192087181 18.721779050305489 5.8099242155440134 3.9491120483726254 34.18658595927991 275.4320191743318 32.393335971049964 15.725520453881471 10.575267746113241 1.5692870113998645 4.0794297233223906 3.574582555331288 9.6396427936851961 6.8154170839115977 10.494325654581189 268.58908314909786 62.85614275932312 2.2541449866257599 3.7048944737762213 2.3955296175554395 12.266732406802477 7.787485033273696 720.09556482150219
leaf_count=2728 9415 25219 502 549 32952 247548 456 5137 314 152 48 1062 9206 1890 387 551 59 106 149 374 72 70 6541 449 51 47 79 208 347 31277
internal_value=-5.05105e-05 0.000114465 0.0051816 0.00202095 -0.000399356 0.000275807 0.00421751 0.0173859 0.0491983 0.0726145 -0.00456033 0.00254756 0.00711107 0.0124377 0.0297599 0.0476493 0.0624869 0.0783096 0.127524 0.0211531 0.0836419 0.0445122 0.00709287 0.0237085 0.0307068 0.00784005 0.119322 0.010186 0.0427204 -0.00914625
internal_weight=11636.3 11424.9 1051.86 898.565 10373.1 8924.92 1614.04 181.65 40.7122 30.4907 1448.16 1432.39 695.524 420.092 99.0556 64.869 49.1435 35.539 14.4694 13.6045 10.39 21.0696 321.037 153.293 11.769 9.51482 3.96482 288.643 20.0542 724.045
internal_count=377945 375217 10915 9964 364302 307758 60210 6157 1020 564 56544 54053 21101 11895 2909 1847 1460 948 327 512 221 621 8986 951 250 199 138 7096 555 31325
is_linear=0
shrinkage=0.03


Tree=120
num_leaves=31
num_cat=0
split_feature=12 5 5 6 0 0 6 21 17 6 10 6 6 17 17 12 17 5 21 21 7 21 7 9 8 17 8 8 6 8
split_gain=18.5481 19.1724 47.6717 44.5565 34.5477 59.6812 46.089 34.2876 33.5173 31.8731 31.7663 30.019 28.9967 46.6019 76.5575 27.5874 26.1336 61.3981 248.061 51.3369 56.6913 36.5624 29.54 23.7257 35.9728 70.8081 32.338 87.5367 66.5458 81.8172
threshold=627.50000000000011 182.7352221345952 194.67837767687723 239.13200698181927 994.97500000000014 846.33000000000004 292.25516157722973 7800.5000000000009 0.055841993540525443 81.920328540975518 10.500000000000002 350.29581435217352 236.82323399048286 0.036370985209941871 0.040019065141677863 35.500000000000007 0.097721043974161162 129.50467105263161 7375.5000000000009 8812.5000000000018 -0.36795605992384978 8929.5000000000018 0.49225687845509908 6.5000000000000009 164.50000000000003 0.064104076474905028 238.50000000000003 218.50000000000003 186.6198685303122 121.00000000000001
decision_type=2 2 2 2 2 2 2 2 2 2 2 2 2 2 2 2 2 2 2 2 2 2 2 2 2 2 2 2 2 2
left_child=1 3 10 12 5 9 8 -8 -7 -4 -3 -9 23 -14 -15 -16 22 18 -18 -19 -21 -22 -5 26 25 -25 27 28 -1 -30
right_child=-2 2 4 16 -6 6 7 11 -10 -11 -12 -13 13 14 15 -17 17 19 -20 20 21 -23 -24 24 -26 -27 -28 -29 29 -31
leaf_value=-0.0037190274186007163 -0.020955427133427768 0.034012889844330103 0.018763576663934863 -0.012722482776349254 -0.015935809949897801 0.10805892020514379 -0.025121852482831893 -0.026603609159380297 0.019814367851774869 -7.1009337631912145e-05 0.0087703836932709698 0.035457276155975152 -0.026067627642447504 0.22441571041804781 0.14931002315070133 0.0062622077369350153 -0.031650929276829012 -0.0062984810242844172 0.61933193181411661 0.25947650160904723 0.18673131632770323 -0.012684312661174188 0.0063712683234692898 0.11876065827184802 7.6831873319914415e-05 0.0071329113724481492 -0.0099873214682665284 0.041091667424037151 -0.0002591111327160007 0.05261237414423852
leaf_weight=1510.0134954254609 38.071367879398167 53.620566945523024 83.808756927028298 513.8833231809549 106.96492641349323 9.4526761723682302 14.768895023968069 8.2302361503243429 6.5636064219288519 2301.2318989459891 274.90340741770342 47.491423228755593 6.1338667059317258 2.4606046257540566 1.4924525097012518 6.4885083488188684 1.8389127480331802 44.186228979146108 0.73834139481186856 1.344342205673456 1.1021548099815834 3.3203792003914714 84.983799991197884 5.1636123275384298 5359.7592465020716 534.88643320580013 453.0675032180734 43.416388872079551 67.481834292644635 43.208098595263436
leaf_count=78207 1756 414 1256 23942 2864 96 307 110 79 55677 7112 394 257 68 37 343 139 2225 36 85 45 172 2862 64 150178 6923 35856 1524 3663 1254
internal_value=-4.99468e-05 1.87126e-05 0.00212753 -0.000687152 0.000756254 0.00147866 0.0259568 0.015519 0.0718956 0.000590826 0.0128904 0.0262907 -7.52791e-05 0.039563 0.0781175 0.0330124 -0.00823327 0.0120556 0.154845 0.00468858 0.0888723 0.0370127 -0.0100129 -0.000157233 0.000820422 0.00820022 -0.00288159 -0.000947008 -0.00207317 0.0203794
internal_weight=11630.1 11592 2907.04 8684.97 2578.51 2471.55 86.5068 70.4906 16.0163 2385.04 328.524 55.7217 8033.57 16.5754 10.4416 7.98096 651.397 52.5304 2.57725 49.9531 5.76688 4.42253 598.867 8017 5899.81 540.05 2117.19 1664.12 1620.7 110.69
internal_count=377945 376189 68309 307880 60783 57919 986 811 175 56933 7526 504 278374 705 448 380 29506 2702 175 2527 302 217 26804 277669 157165 6987 120504 84648 83124 4917
is_linear=0
shrinkage=0.03


Tree=121
num_leaves=31
num_cat=0
split_feature=0 0 17 0 6 0 0 5 6 16 12 3 2 5 19 11 18 17 6 6 16 3 21 18 11 10 12 0 19 2
split_gain=18.2688 103.233 37.2598 27.8942 23.8277 19.925 48.6946 23.5701 32.0583 25.3199 19.9567 25.9464 36.026 29.393 44.0557 41.5064 24.1682 23.5841 22.6134 24.3776 22.6059 19.5841 21.9467 47.5856 40.551 25.3738 27.3523 26.3705 38.4368 29.872
threshold=57.950500000000012 57.008500000000005 0.33095239102840429 58.930000000000007 398.73478829115862 994.97500000000014 846.33000000000004 116.70992336996339 193.28160263649175 2.5000000000000004 186.50000000000003 -0.5 0.37940952255126054 260.33945970149256 48.500000000000007 35.500000000000007 5844.5000000000009 0.018676382489502433 41.868701221492657 175.86958889029452 1.0000000180025095e-35 0.60355339059327384 4013.5000000000005 3931.5000000000005 14.500000000000002 175.50000000000003 1.0000000180025095e-35 19.582500000000003 394.50000000000006 -0.25881904510252113
decision_type=2 2 2 2 2 2 2 2 2 2 2 2 2 2 2 2 2 2 2 2 2 2 2 2 2 2 2 2 2 2
left_child=1 2 4 -2 21 6 10 8 -7 -10 11 12 13 -5 -15 -16 -12 -17 -14 -20 -21 22 23 25 -25 26 -1 -28 -29 -30
right_child=3 -3 -4 5 -6 7 -8 -9 9 -11 16 -13 18 14 15 17 -18 -19 19 20 -22 -23 -24 24 -26 -27 27 28 29 -31
leaf_value=-0.00081908754653736899 0.031862750860100209 -0.02225441114453135 -0.012181622941214944 -0.0048691579108138712 -0.016329850519898024 -0.0092411711312340768 0.020760833985159131 -0.012838184128914088 0.16379646855476002 0.022036073981503541 -0.030240347039789291 0.0029846585741755772 0.070345031110472994 0.0022084661513067979 0.098132545162967863 0.094411893518021192 -0.0018417643368581196 -0.0011252583121877599 -0.0075519751244888366 0.011602969067004204 0.053321234470662865 -0.0019432532857723646 -0.00013499024227964709 0.010856101907326453 0.12950151829419435 -0.030362266624051854 0.019608126649052544 0.0043771570316758516 0.14643041422489203 0.020243469166667687
leaf_weight=367.6928381472826 26.200479153078049 205.46312887757085 234.7525829304941 1128.7457434854005 78.251612182008103 6.7723615909926576 111.477141024312 147.74941565957852 2.2969952896237373 2.2395397434011102 27.509471699595451 3619.2610690693837 6.3998066885396829 134.7106648562476 8.8012266755104083 2.8519491348415604 1377.3521708832122 12.598101548850535 35.067519085481763 37.866247033234686 16.910419168882072 1882.8754898556508 1537.8172161157709 5.2429605796933156 5.1288559064269066 17.99946634308435 169.18673638813198 408.63037693407387 3.0277061630040407 3.8169334623962632
leaf_count=5639 442 16147 8836 42514 2929 295 1702 4422 54 55 5126 104115 83 2706 118 59 56056 225 955 779 215 56556 58380 72 60 2514 1581 5197 62 51
internal_value=-4.99572e-05 -0.00143831 -0.000531109 0.000968796 7.94243e-05 0.000847598 0.00110354 -0.00964318 0.0320991 0.093814 0.000761578 0.00164872 -0.00184498 -0.00316824 0.00890951 0.0461324 -0.00239785 0.0165101 0.0158598 0.0119787 0.0244821 0.00037116 0.00210143 0.00560822 0.0695262 0.00492502 0.00559195 0.00962384 0.00555811 0.0760619
internal_weight=11624.7 4919.89 4714.42 6704.81 4479.67 6678.61 6519.55 159.058 11.3089 4.53654 6408.07 5003.21 1383.95 1287.71 158.962 24.2513 1404.86 15.4501 96.244 89.8442 54.7767 4401.42 2518.54 980.726 10.3718 970.354 952.355 584.662 415.475 6.84464
internal_count=377945 158024 141877 219921 133041 219479 214653 4826 404 109 212951 151769 47654 45622 3108 402 61182 284 2032 1949 994 130112 73556 15176 132 15044 12530 6891 5310 113
is_linear=0
shrinkage=0.03


Tree=122
num_leaves=31
num_cat=0
split_feature=18 11 10 18 11 16 13 16 10 17 11 6 13 6 10 19 20 6 22 8 19 0 18 10 22 16 19 6 8 12
split_gain=18.1472 30.2548 87.3736 71.897 51.1871 33.2865 31.4069 37.3715 27.4256 27.3241 27.7221 25.4387 24.7303 24.1145 27.092 23.4391 21.4599 22.6326 21.3683 24.569 23.6982 34.8213 28.4142 23.1225 20.8291 20.8472 20.8013 20.6721 20.1867 21.6194
threshold=2.5000000000000004 3.5000000000000004 4.5000000000000009 1702.5000000000002 1.5000000000000002 1.0000000180025095e-35 25.006999969482425 1.0000000180025095e-35 10.500000000000002 0.021034723147749904 8.5000000000000018 1.0000000180025095e-35 150.01750183105472 91.654153122780272 800.50000000000011 302.50000000000006 2.1240514516830449 305.38637327838245 12911.000000000002 164.50000000000003 6.5000000000000009 416.89000000000004 8489.5000000000018 729.50000000000011 11659.000000000002 1.5000000000000002 89.500000000000014 201.99076170095438 162.50000000000003 1.5000000000000002
decision_type=2 2 2 2 2 2 2 2 2 2 2 2 2 2 2 2 2 2 2 2 2 2 2 2 2 2 2 2 2 2
left_child=-1 2 6 8 -4 11 16 -8 28 13 12 -5 -11 14 -7 24 17 -2 -13 -20 21 23 -23 -21 -12 26 -26 -14 -3 -30
right_child=1 3 4 5 -6 9 7 -9 -10 10 15 18 27 -15 -16 -17 -18 -19 19 20 -22 22 -24 -25 25 -27 -28 -29 29 -31
leaf_value=-0.0087870998943668024 0.0013106498742442006 -0.023002641207366847 0.053392199562871723 0.014893173627654162 0.01156311989300814 0.13854789225941364 0.021653935739279317 0.0030504515289574295 -0.021231196480453303 -0.010982231466295657 -0.0069249440861473546 -0.0068990431187458462 0.071009142675331594 -0.0013807715247856137 0.020312849128731082 -0.0063266601698335799 -0.0061361191109752852 0.026480925550146667 0.002367214099398658 0.021396156549657448 -0.0016629882146987033 -0.011495827749593755 0.049763058099673081 -0.014026433953758903 0.0040505844189465861 0.0079980216462813142 -0.0059189449186997428 0.022411735021347329 -8.0913013266356115e-05 0.050460285601556257
leaf_weight=210.05382734723389 397.1024473272264 17.585276048630476 47.73617172986269 81.637696007732302 58.715142026543617 1.9295374639332319 134.10373587533832 353.00250069797039 202.11171889444813 11.685479596257208 144.30907912226394 688.82783470465802 12.151773316785691 1821.6356221258175 18.156622706446797 209.18501342460513 426.73233699612319 34.983986150473356 1236.4977987720631 17.458705924218521 2760.9294996603858 12.197892325231807 15.440992821007965 331.43110333452933 1056.269979190547 1031.869082615478 229.23584023397416 22.397735539823771 23.252863615751266 11.328036973252891
leaf_count=2728 5052 289 260 2613 544 70 705 2419 8051 206 4512 39313 137 80292 1078 3546 6331 257 52179 548 84978 552 411 26874 27562 23181 2481 264 391 121
internal_value=-4.93518e-05 0.000111508 0.00415646 -0.000478478 0.0303206 -6.58135e-05 0.0020871 0.00817212 -0.0162257 0.00180073 0.0037129 -0.00171989 0.0267444 -0.0010203 0.0316709 0.00331421 -0.00136421 0.00334857 -0.00198777 -0.00121433 -0.00262584 -0.00968606 0.0227276 -0.0122539 0.00413345 0.00482209 0.00227278 0.0395044 0.00316732 0.0164754
internal_weight=11620 11409.9 1452.38 9957.53 106.451 9703.25 1345.93 487.106 254.278 4558.83 2717.1 5144.42 46.235 1841.72 20.0862 2670.87 858.819 432.086 5062.78 4373.96 3137.46 376.529 27.6389 348.89 2461.68 2317.37 1285.51 34.5495 52.1662 34.5809
internal_count=377945 375217 15568 359649 804 350797 14764 3124 8852 143329 61889 207468 607 81440 1148 61282 11640 5309 204855 165542 113363 28385 963 27422 57736 53224 30043 401 801 512
is_linear=0
shrinkage=0.03


Tree=123
num_leaves=31
num_cat=0
split_feature=14 6 14 0 0 0 18 18 0 0 11 12 0 5 0 0 0 6 21 0 0 12 12 16 12 13 5 6 5 21
split_gain=17.9159 18.6311 41.9331 33.3682 69.281 28.6555 56.795 57.3943 35.8183 31.5116 32.1373 28.097 25.839 23.9496 23.6363 63.8422 63.2351 48.6689 44.8749 26.9243 29.8586 26.1203 27.3638 25.9382 24.8 22.3693 26.7832 21.8752 74.869 31.8244
threshold=29.500000000000004 45.735444215470999 7.5000000000000009 58.955000000000005 57.008500000000005 48.955000000000005 3267.5000000000005 3622.5000000000005 18.981000000000005 49.956500000000013 47.500000000000007 3.5000000000000004 47.818500000000007 32.515324423541337 97.005500000000012 108.96000000000002 96.975000000000009 51.678515180282197 9313.5000000000018 107.01950000000001 106.96000000000002 141.50000000000003 102.50000000000001 10.500000000000002 248.50000000000003 15417.650390625002 73.191791666666674 268.50296604129261 128.67990476190479 8033.5000000000009
decision_type=2 2 2 2 2 2 2 2 2 2 2 2 2 2 2 2 2 2 2 2 2 2 2 2 2 2 2 2 2 2
left_child=1 13 3 4 5 8 -7 11 -3 -9 -11 -8 -10 -1 16 17 27 18 25 20 23 22 -22 -19 -17 -16 -27 -5 -29 -30
right_child=-2 2 -4 14 -6 6 7 9 12 10 -12 -13 -14 -15 15 24 -18 19 -20 -21 21 -23 -24 -25 -26 26 -28 28 29 -31
leaf_value=-0.0089404811559775262 -0.025058039626899561 0.006773577690426167 -0.025250149920406677 0.00031821994992580659 -0.019829113373080486 -0.014135116536009386 0.11102728323059249 0.014277484164530752 -0.0048053495665388093 -0.00224919015895946 0.16056949183555172 0.035242494800894898 -0.020596013458058064 0.0023977568433497594 -0.0045201534415891947 0.0017279122771951675 0.032058489953746591 -0.0068395765297769549 0.16342141906868107 -0.016558700235988918 0.028383825822666398 0.0068274455362239122 0.16281594091487592 0.1112282329803447 -0.010737349962047405 0.11645596493249064 -0.016435678949700151 0.20409417734714089 0.01876822840701638 -0.0031109048870700253
leaf_weight=176.52534617716447 25.722138209734112 231.96540650352836 62.575672889361158 798.73940395377576 214.4819661336951 129.09192723617889 5.5831222422421005 211.18785916012712 1235.9970280781854 244.71734034246765 1.0959316687658418 20.82823483273387 100.87649025628343 3341.5757049769163 10.505592219997203 3645.5667637877632 70.603852607309818 360.83504329551943 2.2933670030906788 304.78551681456156 3.029257003683596 9.5564724144060147 2.477077737217769 1.6824369824025769 149.53770643169992 3.7762755462899795 2.1375303920358419 1.7860639176797111 136.07605701615103 106.78859914653003
leaf_count=4176 980 5489 5054 42502 17303 4407 67 10510 63025 11430 52 338 7317 51251 230 104306 3005 12409 74 19099 125 495 112 89 6333 69 172 85 3915 3526
internal_value=-4.84935e-05 7.0271e-06 -0.000787331 -0.000596128 -0.00355987 -0.00196019 0.00354279 0.00826356 -0.00410865 0.00577852 -0.00152328 0.0512627 -0.00599687 0.00182885 0.000669538 -0.000299726 0.00458158 -0.00861701 0.0391143 -0.00992597 -0.00457198 0.0368149 0.0888594 -0.00629163 0.00123675 0.0217518 0.0684226 0.00272228 0.0105711 0.00914788
internal_weight=11612.4 11586.7 8068.58 8006 2395.83 2181.34 612.504 483.412 1568.84 457.001 245.813 26.4114 1336.87 3518.1 5610.18 4496.18 1113.99 701.079 18.7128 682.366 377.58 15.0628 5.50633 362.517 3795.1 16.4194 5.91381 1043.39 244.651 242.865
internal_count=377945 376965 321538 316484 119938 102635 26804 22397 75831 21992 11482 405 70342 55427 196546 143513 53033 32874 545 32329 13230 732 237 12498 110639 471 241 50028 7526 7441
is_linear=0
shrinkage=0.03


Tree=124
num_leaves=31
num_cat=0
split_feature=14 6 14 0 0 0 21 7 21 9 0 7 0 0 0 19 0 5 8 5 7 5 5 7 20 0 18 21 17 14
split_gain=17.2452 17.5399 40.3736 31.5119 66.8264 27.0025 53.7118 42.4318 36.9149 31.9079 29.2878 24.7074 27.0641 25.0769 29.2885 25.6664 25.444 47.684 55.1748 72.4236 28.8114 38.1211 30.4408 37.0646 24.6742 23.6569 23.3371 22.1402 52.1377 27.064
threshold=29.500000000000004 45.735444215470999 7.5000000000000009 58.955000000000005 57.008500000000005 48.955000000000005 2726.5000000000005 -0.43302806889842244 56.500000000000007 21.500000000000004 50.005000000000003 -0.59348305398109458 6.1825000000000001 36.95600000000001 35.945000000000007 51.500000000000007 39.001500000000007 94.145520833333336 236.50000000000003 84.78919783501307 -0.43980344472041327 106.57711182902585 208.64513968241306 -0.51116231395160816 55.714242935180671 8.3700000000000028 7303.5000000000009 9683.5000000000018 0.21437478065490725 2.5000000000000004
decision_type=2 2 2 2 2 2 2 2 2 2 2 2 2 2 2 2 2 2 2 2 2 2 2 2 2 2 2 2 2 2
left_child=1 25 3 4 5 7 -7 8 9 -3 -8 -10 -13 14 15 27 17 18 19 -15 22 -22 -19 -24 -18 -1 -21 -14 29 -29
right_child=-2 2 -4 -5 -6 6 10 -9 11 -11 -12 12 13 16 -16 -17 24 20 -20 26 21 -23 23 -25 -26 -27 -28 28 -30 -31
leaf_value=-0.0092113488773122709 -0.024858756578269595 -0.0044603692245679394 -0.025028733134366103 0.00064784276602204965 -0.01961100099956958 -0.015967385396117695 0.012583630907854741 -0.012962473984636428 -0.0087906819208304881 0.030696880145566836 -0.0026800960258946205 0.060682056422891976 0.00068602998843071044 -0.016703454858020588 -0.024479371783939861 -0.015699329836304614 -0.0010777406912991911 -0.0058395578280591243 -0.0037472937606375487 0.27132733767035544 0.18260375359134395 -0.030533121579529504 0.02392826242198428 0.16051665777284307 0.10728923111888243 0.0023221463331949046 0.14048815094283212 0.012634775013183431 0.22899301905675332 0.16906111103577595
leaf_weight=168.07898789737374 25.159034481737763 38.943970143795013 61.255411807447672 5612.9167458070442 210.42314774729311 106.34575016703457 338.22194580361247 364.63048615888692 399.39985721791163 57.591358438134193 170.00627366616391 6.6734552341513327 362.55919528915547 2.1577725464012456 52.825075483182445 86.297111643943936 105.34771194658242 38.750180463539436 4.5061691862065345 1.9721220186911521 1.9514845514204346 1.2320798821747301 9.782627623761071 2.1879245643503955 1.9255662066861976 3354.1816215005238 3.2469137497246265 18.524231655057527 1.1487689865753044 1.0519704846665252
leaf_count=2405 980 537 5054 196546 17303 3537 13860 18398 20459 397 9407 81 18909 162 3660 2292 5989 2619 419 47 58 76 304 72 59 53022 74 1133 27 59
internal_value=-4.81849e-05 5.70001e-06 -0.000765906 -0.000580141 -0.00346684 -0.00190659 0.00342085 -0.00400173 -0.00127456 0.0165139 0.0074778 -0.00283348 0.000555168 -2.17881e-05 -0.00330059 -0.000918102 0.00987571 0.0245646 0.078963 0.129487 0.0125727 0.100117 0.00707789 0.0488933 0.000867457 0.00177178 0.189928 0.00240992 0.0325673 0.0210407
internal_weight=11609.3 11584.1 8061.88 8000.62 2387.7 2177.28 614.574 1562.71 1198.08 96.5353 508.228 1101.54 702.14 695.467 522.406 469.581 173.061 65.7873 11.883 7.37681 53.9043 3.18356 50.7207 11.9706 107.273 3522.26 5.21904 383.284 20.725 19.5762
internal_count=377945 376965 321538 316484 119938 102635 26804 75831 57433 934 23267 56499 36040 35959 26080 22420 9879 3831 702 283 3129 134 2995 376 6048 55427 121 20128 1219 1192
is_linear=0
shrinkage=0.03


Tree=125
num_leaves=31
num_cat=0
split_feature=12 18 15 10 18 15 16 5 5 10 17 15 7 12 6 6 21 1 7 5 21 21 8 12 5 9 8 8 8 1
split_gain=17.587 17.4352 27.0697 82.7846 68.938 49.2741 31.9739 27.3533 31.7944 26.4053 24.3098 25.5565 24.2826 23.9641 23.6701 22.4276 24.0009 31.6218 65.7715 22.1908 20.2251 19.9768 19.001 19.0887 18.355 18.3092 19.5654 22.283 28.9444 37.8564
threshold=627.50000000000011 2.5000000000000004 3.5000000000000004 4.5000000000000009 1702.5000000000002 1.5000000000000002 1.0000000180025095e-35 48.186564067272009 47.244698122241168 10.500000000000002 0.021034723147749904 8.5000000000000018 0.77287766240366584 1.0000000180025095e-35 1.0000000180025095e-35 91.654153122780272 8778.5000000000018 3.9309723194508082 -0.012626999277428568 122.43615616098316 1832.5000000000002 7929.5000000000009 162.50000000000003 1.5000000000000002 191.73472222222225 1.5000000000000002 164.50000000000003 142.00000000000003 146.50000000000003 4.610008451486677
decision_type=2 2 2 2 2 2 2 2 2 2 2 2 2 2 2 2 2 2 2 2 2 2 2 2 2 2 2 2 2 2
left_child=1 -1 3 7 9 -5 14 8 13 22 15 19 -7 -3 -6 16 17 -8 -19 20 -12 -20 -4 -24 -21 -16 27 -27 29 -29
right_child=-2 2 4 5 6 12 10 -9 -10 -11 11 -13 -14 -15 25 -17 -18 18 21 24 -22 -23 23 -25 -26 26 -28 28 -30 -31
leaf_value=-0.0085752485226555149 -0.020665130752520775 -0.0043889545409746128 -0.022732659585427719 0.052354736008058053 0.014331871433750915 0.0031159804079427937 0.0064906781403914716 0.0076526010928137629 -0.023688868371250896 -0.020958349773077201 0.11127006446672462 0.0032643192912321099 0.05696902406840712 0.0060410016664017036 -0.0064954890819633737 -0.0011859850422959797 -0.0018097786370341006 0.27703442792342986 -0.017489358906873875 -0.017366024522827359 0.029708251376781684 0.11932339547231392 -1.3178740556020734e-05 0.046951738359270807 0.028791112752560036 0.00057823442719758152 -0.0024473116788272689 0.071319623521215889 0.0061014469244422857 0.004050091373832861
leaf_weight=208.64639364369214 37.117256696335971 446.08677320368588 17.234689245000482 47.193441830575466 82.514444832224399 50.073275648057461 4.7344101215712744 488.7721316665411 53.259925996884704 197.57628979475703 4.5212959218770248 2669.4479626175016 8.8705095686018449 356.87181114032865 667.33238582336344 1799.4314373275265 10.332201173529027 1.5595706466119734 2.0636458592489366 11.456231525167821 6.9307464566081762 1.7969435956329105 23.18459664285183 11.729246681556104 23.993113892152905 1134.7790889234748 3098.9717446125578 15.813068891409786 109.22442815359682 14.372271756175904
leaf_count=2728 1756 7230 289 260 2593 485 254 4517 402 8051 37 60998 59 2615 46225 79451 598 101 93 161 101 91 391 121 308 41970 111049 408 4251 352
internal_value=-4.77479e-05 1.84009e-05 0.000176237 0.00400302 -0.000384178 0.0295106 1.81629e-05 0.00199014 -0.00124227 -0.0159466 0.00185242 0.00365003 0.0112204 0.000246599 -0.00160602 -0.000830635 0.0303811 0.0631351 0.112613 0.0256032 0.0619091 0.0461913 0.00304156 0.0157646 0.0138744 -0.00186692 -0.00116062 0.00196877 0.0132876 0.0392903
internal_weight=11605.9 11568.8 11360.1 1451.13 9909 106.137 9659.27 1344.99 856.219 249.725 4536.27 2716.35 58.9438 802.959 5123.01 1819.92 20.4868 10.1546 5.42016 46.9014 11.452 3.86059 52.1485 34.9138 35.4493 5040.49 4373.16 1274.19 139.41 30.1853
internal_count=377945 376189 373461 15568 357893 804 349041 14764 10247 8852 142193 61605 544 9845 206848 80588 1137 539 285 607 138 184 801 512 469 204255 158030 46981 5011 760
is_linear=0
shrinkage=0.03


Tree=126
num_leaves=31
num_cat=0
split_feature=2 4 12 7 16 11 13 21 21 0 11 14 7 0 19 21 22 0 14 19 5 0 17 11 21 0 5 5 0 0
split_gain=17.329 46.9538 15.8868 15.67 14.7809 25.3503 43.1676 26.8539 24.9195 24.5886 20.938 18.0671 25.9918 22.3114 22.4324 19.8921 26.6903 19.1406 22.3067 18.0381 16.9444 18.4222 16.1896 17.5198 17.1581 19.6662 19.2735 37.1991 34.2145 50.1852
threshold=0.25881904510252091 1.0000000180025095e-35 627.50000000000011 0.091843620600613948 1.0000000180025095e-35 1.5000000000000002 120.06750106811525 2087.5000000000005 2410.5000000000005 78.960000000000022 5.5000000000000009 9.5000000000000018 -0.80611857375751506 14.139000000000001 81.500000000000014 144.50000000000003 2468.5000000000005 8.3700000000000028 1.5000000000000002 90.500000000000014 48.186564067272009 200.02550000000002 0.0055953201372176417 11.500000000000002 38.500000000000007 149.97500000000002 118.29433513621795 118.26592604530886 171.11500000000004 115.02000000000002
decision_type=2 2 2 2 2 2 2 2 2 2 2 2 2 2 2 2 2 2 2 2 2 2 2 2 2 2 2 2 2 2
left_child=2 -2 4 -3 5 6 -1 10 9 -9 -7 12 15 -13 -15 -6 -17 -18 -19 -20 21 -16 23 -14 25 -24 27 -26 29 -29
right_child=1 3 -4 -5 11 7 -8 8 -10 -11 -12 13 22 14 20 16 17 18 19 -21 -22 -23 24 -25 26 -27 -28 28 -30 -31
leaf_value=0.002280439893479693 0.0082178999490285735 -0.0024119358148114293 -0.020439558717818891 0.003782789832805666 -0.006587631089364979 -0.002513741183235961 0.036561828737272713 -0.016240443465391191 -0.0022566978753827335 0.021238681430499905 -0.019871203826745738 -0.023295172163918309 0.067267540532265552 -0.032238769452335649 -0.0020485311536068986 0.089741057878476541 -0.002514988752446704 0.0065840288640013466 0.063135261325742889 0.020756878663155842 0.068506062080098115 0.065078844542750147 -0.018728072018819084 -0.011155782549867082 0.0032895637627552645 0.014932330596208654 -0.00036463014923589096 0.025695529389590757 -0.031195410514112423 0.11611691211591255
leaf_weight=396.74488145671785 789.20740281138569 1245.1860709271859 36.411808289587498 521.39572870032862 30.755274077877402 114.70334627106786 36.063523810356855 19.968555255327374 3818.7143994758371 74.648093293886632 137.55386477010325 55.245281658368185 2.6161815263330928 21.40016858978197 281.92259069718421 4.8408576138317576 29.467030421830714 27.987521855626255 18.346693186089396 17.819084648508579 3.1759546790271989 3.7281142733991137 73.330447692424059 128.02198428474367 1509.1639886575285 19.850259006023407 2143.166224022978 24.833925062324855 6.2012218781746915 7.1047144257463506
leaf_count=5118 15484 36335 1756 10690 227 1517 176 594 166677 802 6073 1344 33 2508 5649 72 386 903 191 185 33 48 697 11934 42205 100 64930 922 188 168
internal_value=-4.69861e-05 0.00213423 -0.000663402 -0.000583601 -0.000583458 -0.00177343 0.00513692 -0.00249143 -0.00187987 0.0133288 -0.0119786 0.000657641 0.001235 -0.00573011 -0.00260212 0.0144732 0.0210517 0.0175 0.0266933 0.0422552 -0.000406243 -0.00117243 0.000797986 -0.00958526 0.00115649 -0.0115574 0.0014775 0.00402903 0.0332893 0.0458097
internal_weight=11599.6 2555.79 9043.79 1766.58 9007.37 4598.4 432.808 4165.59 3913.33 94.6166 252.257 4408.98 4043.51 365.472 310.227 129.216 98.4612 93.6203 64.1533 36.1658 288.827 285.651 3914.29 130.638 3783.65 93.1807 3690.47 1547.3 38.1399 31.9386
internal_count=377945 62509 315436 47025 313680 180957 5294 175663 168073 1396 7590 132723 123141 9582 8238 1964 1737 1665 1279 376 5730 5697 121177 11967 109210 797 108413 43483 1278 1090
is_linear=0
shrinkage=0.03


Tree=127
num_leaves=31
num_cat=0
split_feature=5 5 6 16 0 0 6 21 19 6 22 6 17 6 17 22 17 5 21 21 5 21 7 0 11 6 17 10 14 5
split_gain=16.6117 43.4468 42.5033 32.244 32.078 51.2643 39.0852 31.4067 29.746 27.93 32.1803 27.6902 26.6014 25.8903 41.3632 62.5327 24.2785 41.0093 177.91 44.088 43.3114 44.2597 27.686 23.6038 23.2801 22.2335 21.9217 21.6862 21.2666 22.9555
threshold=182.7352221345952 194.67837767687723 239.13200698181927 1.5000000000000002 994.97500000000014 846.33000000000004 292.25516157722973 7800.5000000000009 1.5000000000000002 81.920328540975518 9654.5000000000018 350.29581435217352 0.055841993540525443 236.82323399048286 0.036370985209941871 130532.00000000001 0.097721043974161162 129.50467105263161 7730.5000000000009 8812.5000000000018 166.96280000000004 9354.5000000000018 0.49225687845509908 39.001500000000007 35.500000000000007 376.01803382610933 0.0051559682469815024 729.50000000000011 6.5000000000000009 206.63028112449803
decision_type=2 2 2 2 2 2 2 2 2 2 2 2 2 2 2 2 2 2 2 2 2 2 2 2 2 2 2 2 2 2
left_child=2 3 8 23 5 9 12 -8 24 10 -3 -9 -7 26 -15 -16 22 18 -18 -19 -21 -22 -4 -2 -1 -13 27 -10 29 -11
right_child=1 4 16 -5 -6 6 7 11 13 28 -12 25 -14 14 15 -17 17 19 -20 20 21 -23 -24 -25 -26 -27 -28 -29 -30 -31
leaf_value=0.0013476293001154927 0.030195818852202915 0.0088060419535910695 -0.012504682508356506 0.032378131544403138 -0.015618349354398249 0.094706236496857679 -0.025092356377131902 -0.0266323611450313 0.044809590004928172 -0.0068268411072164989 0.057159469108085975 0.053887824064906692 0.018042839285473462 -0.025960538498943239 0.028241033772947476 0.18868427718399824 -0.031549895963448003 -0.0061287590919600968 0.44744472301206623 -0.018629460306961089 0.21277976444781896 -0.0062318490771751528 0.0059071241491153448 0.0043267699253414322 -0.01186593554045179 0.013291528647638919 0.00054817569094167944 -0.011686366889929543 -0.018055009114471474 0.0015896713989916897
leaf_weight=188.63332842313685 36.688719029072672 70.810009856475517 508.09545197756961 58.408801466692239 105.24690999649465 10.336738178972157 14.720320527907459 8.28499638289213 6.326552622485905 344.46439814567566 15.013838970102368 23.261776361614466 6.722931050695478 6.0346146468073156 8.0787572835106385 2.9974637143313876 2.3023444896098222 43.87531112250872 1.0014370940625665 2.4853765629231921 2.583331817761064 1.22390107717365 85.935850527603179 235.53884056652896 329.8217351755593 25.398529302328825 7307.5386675191112 182.80910984892398 58.289360191090964 1902.2780287479982
leaf_count=6033 789 1125 24089 925 2888 97 307 111 170 8867 140 157 79 260 363 74 153 2236 22 133 105 64 2880 5847 28624 240 227837 16352 3443 43535
internal_value=-4.61965e-05 0.00191305 -0.000704293 0.0121527 0.000603245 0.00129178 0.0236838 0.013969 -0.000108244 0.000460805 0.0172649 0.0240663 0.0644945 0.000371317 0.0372317 0.0716604 -0.00809825 0.0112639 0.113642 0.00452184 0.0787833 0.142375 -0.00984113 0.0078132 -0.00705835 0.0326984 0.000287185 -0.00979659 -0.000164866 0.000299275
internal_weight=11595.2 2915.46 8679.74 330.636 2584.83 2479.58 88.7253 71.6656 8032.24 2390.86 85.8238 56.9453 17.0597 7513.79 17.1108 11.0762 647.503 53.4717 3.30378 50.1679 6.29261 3.80723 594.031 272.228 518.455 48.6603 7496.67 189.136 2305.03 2246.74
internal_count=377945 68550 309395 7561 60989 58101 991 815 279713 57110 1265 508 176 245056 697 437 29682 2713 175 2538 302 169 26969 6636 34657 397 244359 16522 55845 52402
is_linear=0
shrinkage=0.03


Tree=128
num_leaves=31
num_cat=0
split_feature=14 2 0 0 17 0 6 11 18 11 18 13 10 0 16 17 18 5 5 13 6 5 5 6 18 17 6 18 6 18
split_gain=16.5893 17.0255 16.9006 86.0822 32.5784 26.1802 25.5031 19.6136 37.4178 32.2833 42.5205 22.1878 21.9869 29.3431 22.4481 19.5339 19.9729 19.3312 32.681 25.9906 25.1486 48.073 29.4231 23.9875 19.0334 22.2123 18.9335 18.847 18.5152 21.2344
threshold=29.500000000000004 0.91597561503675362 57.950500000000012 57.008500000000005 0.33095239102840429 58.930000000000007 398.73478829115862 12.500000000000002 6197.5000000000009 20.500000000000004 5802.5000000000009 286.17199707031256 807.50000000000011 255.99000000000004 1.5000000000000002 0.033982336521148689 9598.5000000000018 285.87276190476194 354.15939723320167 25858.311523437504 240.69920160847099 307.94382222222231 336.90312500000005 458.29373749271912 8105.5000000000009 0.16674222052097323 89.833161037461679 4038.5000000000005 395.77295757026781 7125.5000000000009
decision_type=2 2 2 2 2 2 2 2 2 2 2 2 2 2 2 2 2 2 2 2 2 2 2 2 2 2 2 2 2 2
left_child=1 2 3 4 6 24 -1 11 9 -9 -11 -7 13 15 17 -10 -17 -14 19 20 21 -19 23 -22 25 -4 -15 -13 -16 -30
right_child=-2 -3 5 -5 -6 7 -8 8 12 10 -12 27 14 26 28 16 -18 18 -20 -21 22 -23 -24 -25 -26 -27 -28 -29 29 -31
leaf_value=7.7011463163753497e-05 -0.02466979796638365 0.0045531519922776343 -0.012394075074709405 -0.021898843333597703 -0.012191868011698066 0.00069071107171502703 -0.017888239330597626 -0.0017121783855012463 -0.0038068490157351547 -0.029552311208869621 -0.0058226550074844553 0.011319321901552727 -0.0017318374684285522 0.069631509773733197 0.0032241725413884627 0.0064920132439076593 0.038188759857734449 0.12637258949720548 -0.010619224919067187 0.0016365938278671704 0.019826184448960633 -0.0097730898043768867 0.066727893652583387 -0.031260949957952859 0.075265951603300157 0.057876010058531199 0.019061293944207795 -0.0076547017763085859 -0.024549166656366812 0.029345645538139262
leaf_weight=4016.4446773614036 24.571576981339604 696.58747304324061 10.24660296272487 182.10687462729402 216.14813954662532 685.23040370456874 72.398123256862164 626.80161610455252 152.92410234035924 100.81599884445313 208.53640583669767 414.89212042652071 2656.3821768378839 7.2720932364463797 970.90327768959105 94.399725446943194 22.075936448294669 5.7434177873656136 65.817538857460022 77.579534339718521 59.649192214943469 3.9323387844488025 10.45788398850709 9.603660165332256 6.6491785133257499 6.6929198224097481 79.581039138138294 53.151550745591521 7.7047707773745051 45.046878810971975
leaf_count=124121 980 12820 210 15541 8496 8345 2838 7966 6885 17850 9550 4237 112833 108 32678 3564 728 66 1955 1472 835 68 141 317 116 85 1656 638 131 715
internal_value=-4.58387e-05 6.47511e-06 -0.000284914 -0.00169574 -0.00084112 0.000707004 -0.000241086 0.000589973 -0.000194303 -0.00562597 -0.013556 0.00412975 0.000996794 0.00813193 0.000347157 0.00324328 0.0124996 -0.0010054 0.00728421 0.0143417 0.0253686 0.0710414 0.0198245 0.0127417 0.0322535 0.0153701 0.0232955 0.00916461 0.00416463 0.0214739
internal_weight=11590.3 11565.8 10869.2 4487.1 4304.99 6382.09 4088.84 6358.5 5205.23 936.154 309.352 1153.27 4269.07 356.253 3912.82 269.4 116.476 2889.17 232.784 166.966 89.3865 9.67576 79.7107 69.2529 23.5887 16.9395 86.8531 468.044 1023.65 52.7516
internal_count=377945 376965 364145 150996 135455 213149 126959 212738 199518 35366 27400 13220 164152 12941 151211 11177 4292 117687 4854 2899 1427 134 1293 1152 411 295 1764 4875 33524 846
is_linear=0
shrinkage=0.03


Tree=129
num_leaves=31
num_cat=0
split_feature=18 18 8 22 10 5 22 5 21 0 0 0 17 0 0 0 0 18 9 0 0 0 14 5 15 0 12 0 0 5
split_gain=16.342 25.8518 29.9445 44.9906 19.636 26.9836 25.3665 22.4549 20.8123 19.1369 84.7744 28.7327 23.2721 19.3588 55.7907 53.966 35.8359 29.4173 33.5294 27.566 82.3566 44.9868 39.76 27.2864 24.4356 30.6552 21.7512 24.2907 36.7246 29.3337
threshold=2.5000000000000004 11.500000000000002 153.50000000000003 51.500000000000007 2.5000000000000004 186.5685638953041 2468.5000000000005 194.67837767687723 108.50000000000001 57.950500000000012 57.008500000000005 58.930000000000007 0.33095239102840429 97.005500000000012 96.975000000000009 108.96000000000002 107.01950000000001 2210.5000000000005 7.5000000000000009 76.986500000000021 77.953500000000005 83.951000000000008 5.5000000000000009 73.191791666666674 13.500000000000002 92.040000000000006 206.50000000000003 994.97500000000014 939.49500000000012 131.63977291666669
decision_type=2 2 2 2 2 2 2 2 2 2 2 2 2 2 2 2 2 2 2 2 2 2 2 2 2 2 2 2 2 2
left_child=-1 2 3 -2 5 6 -4 -7 -6 10 12 -11 -3 14 19 16 17 -15 -19 -13 22 -22 -21 -18 -23 -26 27 28 -17 -29
right_child=1 9 4 -5 8 7 -8 -9 -10 11 -12 13 -14 15 -16 26 23 18 -20 20 21 24 -24 -25 25 -27 -28 29 -30 -31
leaf_value=-0.0083919897384996285 0.0073454341816618718 -0.00036866756651508797 -0.004748603199710902 0.047544988695341621 0.0077303515634870182 0.037447986172971966 0.024495526645222081 -0.0019925441272388073 0.054591172639804321 0.032918455838413643 -0.021431107138231393 -0.00094685227739432006 -0.011050040407213923 -0.015715725500317131 0.02858173261503107 0.0020419121300817543 0.023855295914918379 0.014682913641359041 -0.0048197368939867967 0.021435312633481425 -0.011906808857020921 0.027489688621378502 0.075236872940647848 -0.01696730730564704 0.0081361195694981698 -0.022379184201342595 -0.0046662705520437832 0.024512293568335883 0.02637911054254401 -0.016510823542399584
leaf_weight=207.33165483921766 79.80449534766376 3960.8376971198013 312.97402383573353 36.524222157895565 25.688293498009443 30.621846813708544 29.184006784111261 22.565571123734117 12.770311538130043 24.996413669316098 188.55199876707047 940.14572233252693 192.50114840315655 107.20696141885128 76.181487006833777 3352.2088207692141 15.465532206697388 124.87137293303385 217.57722134143114 141.4689175079111 161.45064392033964 47.399062264710665 13.546022488269953 312.51654651667923 220.08575935615227 34.237835728097707 509.85674230870791 18.245574478060007 56.747849878389388 111.88957615382969
leaf_count=2728 932 127113 3389 235 146 195 586 200 75 420 16125 38368 8198 4334 3227 92575 597 4922 6396 6366 5777 412 164 20277 8578 1045 20021 675 653 3216
internal_value=-4.51957e-05 0.000106899 0.00645102 0.0199671 0.00282657 0.000835856 -0.00225426 0.0207147 0.0232906 -0.000215424 -0.0017569 0.000816461 -0.000863733 0.000692267 0.00351411 -0.000263345 -0.00750176 -0.00200159 0.00229176 0.00228864 0.0072092 0.000874517 0.0261368 -0.0150424 0.00771376 0.00402805 0.00112686 0.00196144 0.00244705 -0.0107592
internal_weight=11585.5 11378.1 550.133 116.329 433.804 395.345 342.158 53.1874 38.4586 10828 4341.89 6486.1 4153.34 6461.1 1634.52 4826.59 777.638 449.656 342.449 1558.33 618.188 463.173 155.015 327.982 301.723 254.324 4048.95 3539.09 3408.96 130.135
internal_count=377945 375217 5758 1167 4591 4370 3975 395 221 369459 151436 218023 135311 217603 63937 153666 36526 15652 11318 60710 22342 15812 6530 20874 10035 9623 117140 97119 93228 3891
is_linear=0
shrinkage=0.03


Tree=130
num_leaves=31
num_cat=0
split_feature=12 14 6 5 6 5 16 22 22 5 14 6 18 18 7 5 6 22 12 18 0 0 21 22 22 0 0 18 0 2
split_gain=16.0843 16.019 15.6824 31.3266 40.4291 31.0711 30.2474 28.3404 38.2546 28.222 24.0774 23.5619 30.8361 61.7208 23.2041 25.8603 87.8633 29.0083 37.5229 62.5801 22.2224 40.4125 25.1219 22.5177 28.7569 51.9399 53.5069 23.45 46.6307 22.1045
threshold=627.50000000000011 29.500000000000004 419.83466928127365 182.7352221345952 239.13200698181927 194.67837767687723 1.5000000000000002 54730.500000000007 55443.500000000007 212.59312500000001 6.5000000000000009 236.82323399048286 8505.5000000000018 8018.5000000000009 0.51255139944192885 129.50467105263161 294.3291889182882 48116.500000000007 73.500000000000014 8808.5000000000018 994.97500000000014 846.33000000000004 8343.5000000000018 310817.50000000006 283810.00000000006 440.99500000000006 67.098000000000013 9514.5000000000018 331.97500000000008 1.0000000180025095e-35
decision_type=2 2 2 2 2 2 2 2 2 2 2 2 2 2 2 2 2 2 2 2 2 2 2 2 2 2 2 2 2 2
left_child=1 2 3 4 11 6 -5 -4 -9 -7 20 -1 13 29 15 16 17 -6 19 -19 21 23 -23 24 -11 26 -26 -25 -29 -13
right_child=-2 -3 7 5 14 9 -8 8 -10 10 -12 12 -14 -15 -16 -17 -18 18 -20 -21 -22 22 -24 27 25 -27 -28 28 -30 -31
leaf_value=-5.0056318101852019e-05 -0.020177586673297287 -0.024465107393020213 -0.014079468140721803 0.0076537410317634429 -0.029060413163432944 -0.0033143717044280671 0.031484113111050517 0.130195711826573 -0.00011201494239063626 0.0056744653288984858 -0.018423395827270615 -0.016409393939085592 -0.025200325050476129 0.15414053575123937 0.0062330017439828078 -0.012201384292040891 0.17632065254484458 0.029388609372982464 0.0027914119091186677 0.2605565638445646 -0.014417960395103294 -0.0013985777924126644 0.041373355096638455 -0.0069625442976969792 0.098224859312409804 0.13197559475499579 -0.010781148061998471 -0.0067712336691076935 0.066048133333320797 0.096287902703981396
leaf_weight=7956.6509521736298 35.60345453908667 24.002692346693948 194.20881979109254 269.67988163372502 17.576317376457155 636.57096124626696 58.299920882331207 2.0425472834613165 277.42797260009684 1036.2239652499557 40.999504197272472 6.0741180309560168 5.4162375312298527 4.1980559444054952 90.357834421563894 496.40421341045294 2.7275250526145092 3.9231379255652454 21.477711413288489 1.4411169840022919 51.696705520153046 17.154959755949676 44.20561296120286 224.19076023809612 5.5285433996468845 4.3846414387226096 15.182407584041355 21.767226928845048 12.436165191233156 2.1106650913134217
leaf_count=276690 1756 979 6291 6476 1340 16235 915 68 6478 22477 2153 269 265 104 3008 23624 82 119 1036 58 1274 267 335 4443 112 75 253 514 182 67
internal_value=-4.46376e-05 1.74535e-05 6.8463e-05 0.000297666 -0.000552586 0.00329943 0.0118897 -0.00527678 0.000840356 0.00196437 0.00424444 2.70712e-05 0.0345051 0.0606201 -0.00784457 -0.0101848 0.0110484 0.000899768 0.0205179 0.0914923 0.00489309 0.00561595 0.0294153 0.00450938 0.00644296 0.0381749 0.0183167 -0.00343252 0.0197055 0.0126526
internal_weight=11580 11544.4 11520.4 11046.7 8608.36 2438.32 327.98 473.679 279.471 2110.34 1473.77 7974.45 17.7991 12.3828 633.908 543.55 47.1458 44.4183 26.842 5.36425 1432.77 1381.07 61.3606 1319.71 1061.32 25.0956 20.711 258.394 34.2034 8.18478
internal_count=377945 376189 375210 362373 306662 55711 7391 12837 6546 48320 32085 277395 705 440 29267 26259 2635 2553 1213 177 29932 28658 602 28056 22917 440 365 5139 696 336
is_linear=0
shrinkage=0.03


Tree=131
num_leaves=31
num_cat=0
split_feature=2 4 12 2 1 1 1 1 1 12 21 21 18 5 19 18 5 19 7 4 6 5 19 6 1 21 5 5 1 1
split_gain=15.6931 43.3308 14.6812 14.4336 22.4963 24.5182 20.421 40.637 29.949 20.2159 46.8185 26.4347 50.5223 20.0221 24.1791 49.2941 25.4298 28.203 23.8374 24.6378 21.044 30.1689 25.5761 32.9602 19.994 19.5684 18.8573 26.4674 27.8486 34.4233
threshold=0.25881904510252091 1.0000000180025095e-35 637.50000000000011 -0.9159756150367534 3.0244411503249085 2.7683609374101485 4.0766981086756484 4.0605895407973458 4.0931771587846795 8.5000000000000018 3682.5000000000005 8324.5000000000018 8402.5000000000018 243.67727272727276 53.500000000000007 2556.5000000000005 247.20149662512983 20.500000000000004 1.6724176379081359 1.0000000180025095e-35 201.99076170095438 315.04861216391322 2.5000000000000004 160.26551125439667 3.2866838377014074 3904.5000000000005 118.29433513621795 117.94339047619049 3.688916952707757 3.9111225951759701
decision_type=2 2 2 2 2 2 2 2 2 2 2 2 2 2 2 2 2 2 2 2 2 2 2 2 2 2 2 2 2 2
left_child=2 -2 3 4 5 -1 7 -5 -8 -7 -11 25 -13 -10 16 -16 17 -15 -17 -20 21 22 23 -18 -6 -12 27 28 -26 -30
right_child=1 -3 -4 6 24 9 8 -9 13 10 11 12 -14 14 15 18 20 -19 19 -21 -22 -23 -24 -25 26 -27 -28 -29 29 -31
leaf_value=0.0026099517561915934 0.007854262425514548 -0.00058863606000295022 -0.02189640107265969 -0.0025530383962918345 -0.011638891103224719 0.001049530916351572 0.043136633798427339 -0.021191355372156686 -0.0010331773273092968 0.10207578743220161 0.055708638622302083 0.16823390983491626 0.029279713699059445 -0.0054118109692190787 0.11143334897565414 0.0062110495556573636 0.031016508477257787 0.060702666447883295 0.0038481915501831642 0.097998655398024423 -0.00069722314892018441 -0.0092203934116310508 -0.016424082055333911 0.11509165196544931 0.012878107808565667 -0.0084433177353972644 -0.0013336626372798151 0.043749053618642307 -0.016533112276916059 0.0034034766331142627
leaf_weight=112.73115282016806 793.10771044460125 1763.6590483116452 29.127748350147158 2519.9049275947036 113.84745833580382 22.532457006163895 14.478737380355595 109.87152690580115 3344.3141993939644 7.9501173412427297 5.3445967063307789 2.81412395089865 14.432830995880066 9.9742176164872962 5.0911693181842557 52.405729996040463 32.863083945587277 13.898455321788786 4.4773752000182849 5.6684034746140242 501.57781727286056 25.925848638871685 8.2992646789643896 4.8109481092542401 227.7303398209624 21.470820859307423 1119.1342299552634 15.182895600562913 89.942020253976807 584.40998668503016
leaf_count=1862 15484 47025 1438 86316 2977 311 247 10124 123928 118 41 38 368 298 70 1027 416 208 73 69 11000 434 136 97 7348 533 39595 583 2573 23208
internal_value=-4.4287e-05 0.00203035 -0.000632339 -0.000563451 0.00146447 0.0114369 -0.0012759 -0.00333174 6.77142e-05 0.0247856 0.0350683 0.0229782 0.0519524 -8.78198e-05 0.00466648 0.021666 0.00274149 0.0330794 0.0143597 0.0564497 0.00147858 0.0166573 0.0312505 0.0417528 0.000595918 0.00434285 0.00127992 0.00446869 0.00380757 0.000744425
internal_weight=11577 2556.77 9020.21 8991.08 2337.52 187.276 6653.56 2629.78 4023.79 74.5449 52.0125 44.0624 17.247 4009.31 664.992 67.6427 597.35 23.8727 62.5515 10.1458 573.477 71.8991 45.9733 37.674 2150.25 26.8154 2036.4 917.265 902.082 674.352
internal_count=377945 62509 315436 313998 79555 3271 234443 96440 138003 1409 1098 980 406 137756 13828 1239 12589 506 1169 142 12083 1083 649 513 76284 574 73307 33712 33129 25781
is_linear=0
shrinkage=0.03


Tree=132
num_leaves=31
num_cat=0
split_feature=3 3 5 19 22 22 18 21 7 7 7 6 5 5 6 6 0 5 6 6 5 8 22 0 18 22 8 8 6 0
split_gain=15.8652 43.5746 26.501 38.9277 37.8881 53.1132 49.2792 44.2861 30.5582 22.1413 23.3917 20.4661 29.6674 33.0297 37.4386 85.365 34.7479 29.7227 29.671 39.7499 64.8031 59.0226 53.2598 32.8927 31.0957 26.3011 44.0534 75.3612 60.0489 48.2929
threshold=-0.70710678118654757 -0.60355339059327384 260.33945970149256 35.500000000000007 155335.50000000003 100535.00000000001 9262.5000000000018 9620.5000000000018 -0.062625763954604285 0.25126018849447601 0.57907021245031187 419.83466928127365 182.7352221345952 118.29433513621795 186.6198685303122 187.77584182440964 2097.5750000000003 194.67837767687723 101.09758030336077 98.902917127684944 92.912905863988058 83.500000000000014 17557.000000000004 219.97950000000003 9133.5000000000018 12911.000000000002 151.50000000000003 144.50000000000003 292.25516157722973 141.00500000000002
decision_type=2 2 2 2 2 2 2 2 2 2 2 2 2 2 2 2 2 2 2 2 2 2 2 2 2 2 2 2 2 2
left_child=2 -2 -1 9 5 -5 -6 8 -8 -4 -11 12 13 14 18 -16 -17 -14 19 -3 -21 -22 -23 -20 -24 -15 27 -27 29 -29
right_child=1 11 3 4 6 -7 7 -9 -10 10 -12 -13 17 25 15 16 -18 -19 23 20 21 22 24 -25 -26 26 -28 28 -30 -31
leaf_value=-0.0039188693535642293 0.022068413109339362 0.0010993115421885538 -0.010316549216815947 0.01831667777564995 -0.0062810907447011736 0.16440566991499586 0.16946362941687876 -0.00095985643458850226 0.048792255157521863 0.044595558165065205 -0.00074278219666794874 -0.0065246482181293801 0.012779193385016771 -0.012305209106507915 0.24165161203991536 0.0085108889783138218 0.13482107521817616 0.0022711988128477955 -0.0067173954818118475 -0.017772746259526951 -0.02366124318285601 0.18615758422608619 -0.0059755946464899916 0.0090987695312030898 0.11221965316060227 0.0035331107442545234 -0.0043690637218228665 0.098312524502191967 -0.030738828132643843 -0.032672547394088931
leaf_weight=1551.0260771518806 82.972639160230756 3913.2758103045635 74.369728400139138 4.735972235677762 24.354618715820834 4.2495672001969069 4.0155971869826317 5.2013264074921608 3.5658519044518453 16.627082662656903 26.668736150721088 387.0632025093073 281.50692744017579 269.99284026771784 1.4271501535549749 367.86854460113682 1.9706725906580675 1737.9485323308036 838.34004546003416 11.717045920668172 4.2014470084104714 4.7082789540290824 3.6284297064412367 137.79341944400221 4.4727062350139022 277.25099692167714 1506.7909922631225 17.96381550421939 5.6041098919231436 2.9491707053966811
leaf_count=60781 1491 77458 1842 92 490 76 74 88 45 183 454 10693 6274 10619 38 15521 34 39945 56777 1012 262 61 193 5628 70 14037 73054 282 290 81
internal_value=-4.36731e-05 0.000419539 -0.00270694 0.00876963 0.0321297 0.0874071 0.0187552 0.0664559 0.112707 -0.000387148 0.0166687 0.000235805 0.000514494 -0.000368233 0.000891351 0.0100775 0.00918393 0.00373599 0.000197894 0.00135743 0.0365174 0.0739124 0.105916 -0.00448475 0.059281 -0.00357048 -0.00226795 0.00815427 0.056471 0.0798409
internal_weight=11574.3 9859.45 1714.81 163.788 46.1229 8.98554 37.1374 12.7828 7.58145 117.666 43.2958 9776.47 9389.41 7369.96 5289.4 371.266 369.839 2019.46 4918.14 3942 28.7279 17.0109 12.8094 976.133 8.10114 2080.55 1810.56 303.768 26.5171 20.913
internal_count=377945 313820 64125 3344 865 168 697 207 119 2479 637 312329 301636 255417 157054 15593 15555 46219 141461 79056 1598 586 324 62405 263 98363 87744 14690 653 363
is_linear=0
shrinkage=0.03


Tree=133
num_leaves=31
num_cat=0
split_feature=18 18 10 5 22 8 8 8 22 13 18 19 5 0 0 5 10 9 18 12 7 3 8 18 18 11 10 5 22 8
split_gain=15.4546 24.1779 59.1685 40.064 27.9609 27.0321 31.5058 43.1798 57.7848 29.0596 29.6196 28.8659 45.2321 32.615 69.5253 30.6924 29.4875 31.7764 35.5794 29.5369 27.1172 26.8215 26.0167 36.4246 25.7214 25.4403 24.4967 25.427 46.4225 44.7587
threshold=2.5000000000000004 24.500000000000004 2.5000000000000004 186.5685638953041 12911.000000000002 164.50000000000003 142.00000000000003 146.50000000000003 29146.500000000004 17725.627929687504 8018.5000000000009 6.5000000000000009 278.92094476190476 161.06500000000003 99.485000000000014 56.313792592592598 729.50000000000011 10.500000000000002 7892.5000000000009 63.500000000000007 2.4618884110055839 -0.70710678118654757 7.5000000000000009 8170.5000000000009 9369.5000000000018 1.5000000000000002 44.500000000000007 69.326958333333351 17876.500000000004 38.500000000000007
decision_type=2 2 2 2 2 2 2 2 2 2 2 2 2 2 2 2 2 2 2 2 2 2 2 2 2 2 2 2 2 2
left_child=-1 2 3 -2 22 6 21 8 -8 -10 -11 12 15 14 -14 -7 -17 20 19 -19 -18 -6 -3 -24 -22 -4 -23 -28 29 -29
right_child=1 4 25 -5 5 11 7 -9 9 10 -12 -13 13 -15 -16 16 17 18 -20 -21 24 26 23 -25 -26 -27 27 28 -30 -31
leaf_value=-0.0081874591806889389 -0.00065278945151273071 0.0025054106975817645 0.032085591638168404 0.020091445534631269 -0.0072152944123560396 0.050132835963944543 -0.020858629377041686 0.0073495846797354989 0.090063386009584495 0.067682821834004037 -0.0095481866781701088 5.3491621014341967e-05 -0.031159424543974034 0.01764114996143256 0.22117473771193732 0.023014668953782833 -0.01320141889359833 0.19190120064830829 0.23107672961221584 -0.0076288695888328774 0.0024974435330036024 0.027602782457971185 -0.0043023328295525558 -0.01986909507686406 0.075191321441153397 0.0071811177577047408 0.01025877446902307 -0.00041369268927150604 -0.0035033182820963771 0.02787214030438959
leaf_weight=205.98038505017757 803.66100430488586 377.78384587471373 88.935649789869785 93.545235088095069 225.79399253963493 7.9317490197718135 10.33504957333207 143.27421237900853 15.710556463338433 10.366504798177631 7.8564016474410883 6705.597217941191 1.6774623186793167 11.469862524187191 2.3728332840837538 24.252183581469581 484.15975948842242 0.80678711552172799 0.91748472116887558 3.8735681569669396 19.78831966267899 38.471905048936605 885.45818376285024 159.67843387834728 5.6261803703382602 63.112410146743059 335.02934775175527 106.09218981792219 635.29728783573955 95.822179224574938
leaf_count=2728 9287 13974 502 677 9375 172 456 5137 198 138 228 206157 72 112 75 728 38813 25 60 234 924 455 29848 12722 176 449 5812 4602 29726 4083
internal_value=-4.34759e-05 0.00010413 0.00444278 0.00151006 -0.000337184 0.000287601 0.00378682 0.0153512 0.0412481 0.0601638 0.0343864 -0.000494255 -0.00701961 0.0434843 0.116669 -0.00845164 -0.00931307 -0.0108349 0.0602521 0.0267656 -0.0116158 0.00227704 -0.00424177 -0.00668066 0.0185902 0.0217482 0.00404733 0.00327426 0.000479247 0.0130099
internal_weight=11570.7 11364.7 1049.25 897.206 10315.4 8892.52 1624.05 187.543 44.2685 33.9335 18.2229 7268.47 562.876 15.5202 4.0503 547.356 539.424 515.172 5.59784 4.68036 509.574 1436.51 1422.92 1045.14 25.4145 152.048 1210.71 1172.24 837.212 201.914
internal_count=377945 375217 10915 9964 364302 307758 60210 6157 1020 564 366 247548 41391 259 147 41132 40960 40232 319 259 39913 54053 56544 42570 1100 951 44678 44223 38411 8685
is_linear=0
shrinkage=0.03


Tree=134
num_leaves=31
num_cat=0
split_feature=14 19 8 8 14 7 9 18 18 21 14 7 9 7 17 8 17 8 17 6 6 17 10 19 6 17 2 10 17 17
split_gain=15.4029 15.3861 39.1413 72.0265 31.4321 22.8388 24.5009 33.6655 21.4339 21.2566 36.5254 31.2101 44.8476 26.5952 25.3618 22.5244 29.3562 20.9021 38.6639 23.6799 25.068 26.9526 23.3698 21.4739 18.8855 18.6653 22.9971 18.4959 17.9032 23.7037
threshold=29.500000000000004 6.5000000000000009 236.50000000000003 230.00000000000003 1.0000000180025095e-35 2.4618884110055839 10.500000000000002 7806.5000000000009 9613.5000000000018 3445.5000000000005 1.5000000000000002 -0.43980344472041327 4.5000000000000009 -0.53012797418090862 0.11766063049435617 158.50000000000003 0.078964129090309157 163.50000000000003 0.065935518592596068 32.331647912063382 28.811284757941074 0.22249724715948108 44.500000000000007 40.500000000000007 1.0000000180025095e-35 0.058585578575730331 0.12940952255126045 834.50000000000011 0.030406873673200611 0.016091410070657734
decision_type=2 2 2 2 2 2 2 2 2 2 2 2 2 2 2 2 2 2 2 2 2 2 2 2 2 2 2 2 2 2
left_child=1 2 3 4 24 6 -4 27 -7 15 -11 12 -12 -14 -13 -6 -17 18 25 20 21 23 -20 -19 -1 -3 -27 -8 29 -5
right_child=-2 17 5 28 9 8 7 -9 -10 10 11 14 13 -15 -16 16 -18 19 22 -21 -22 -23 -24 -25 -26 26 -28 -29 -30 -31
leaf_value=0.0086889180491024186 -0.024296865796830623 0.018743944448014173 -0.012114045713551052 0.010496959438937701 -0.0079523716034284684 0.0078529274069296332 0.084278518163020871 0.1869908163618903 0.092168771460245422 0.0038405937482655704 -0.0012541619908195078 -0.011921552230941598 0.072368645421782771 0.19446440482592839 0.047074749416618274 0.061767053941820887 -0.02844250293488116 0.065468434802948922 0.01346777702554032 0.00046147845811055424 -0.017973725624850515 -0.018187311006182729 0.00054466232466582147 -0.0073208590267415464 -0.0047615977807344131 0.050606134555534803 0.15947254278473871 -0.030679588121539259 -0.012419920681316879 0.088085490919697515
leaf_weight=101.28305041324347 23.518038761336356 12.664123846217992 443.52623351919465 4.889322351664311 202.18326317332685 20.147489639930431 2.0450809202156952 1.2408351348713038 3.1358104627579442 823.63563223974779 3.968146321596576 13.398948346730323 3.6059732034336776 2.8944265493191779 12.844828913919626 9.4767347453162056 4.9385958313941947 10.223504912108185 180.78753810375929 7805.7532727203798 116.59423792688176 13.46573326922953 415.11898986622691 5.671129595488309 1297.4697800271679 8.8156022522598487 2.1777346599847069 3.2796034710481763 3.0071712855715296 12.876664840616284
leaf_count=3007 980 366 36665 111 4130 966 65 68 59 34217 182 416 110 71 358 149 223 105 1743 217317 1886 181 7746 65 65995 205 46 211 139 163
internal_value=-4.30501e-05 6.37339e-06 -0.0018545 -0.000354778 -0.000821552 -0.0097637 -0.0112624 0.0462666 0.0192086 0.00303086 0.00514562 0.0344238 0.0782196 0.126734 0.0169538 -0.00536916 0.0308619 0.000651145 0.00595854 0.000237615 -0.0117347 0.0130412 0.00446531 0.0394976 -0.00378765 0.0435714 0.0721721 0.013473 0.0552743 0.0667326
internal_weight=11564.6 11541.1 2969.85 2496.47 2475.7 473.375 450.092 6.56552 23.2833 1076.95 860.348 36.7123 10.4685 6.5004 26.2438 216.599 14.4153 8571.27 619.564 7951.71 145.955 29.3604 595.907 15.8946 1398.75 23.6575 10.9933 5.32468 20.7732 17.766
internal_count=377945 376965 147305 109271 108858 38034 37009 344 1025 39856 35354 1137 363 181 774 4502 372 229660 10106 219554 2237 351 9489 170 69002 617 251 276 413 274
is_linear=0
shrinkage=0.03


Tree=135
num_leaves=31
num_cat=0
split_feature=14 2 3 3 7 2 22 18 5 11 6 6 21 6 17 6 18 11 11 7 18 17 18 7 1 1 7 2 1 1
split_gain=14.8185 14.7772 43.356 28.7213 18.7537 17.5478 23.7935 27.3267 21.2242 17.2025 16.0779 20.647 18.9098 30.9886 34.2085 30.0775 22.9356 23.0699 20.8318 19.087 18.5741 18.3309 18.3263 23.841 17.22 21.4711 15.4425 17.9646 15.3901 38.1594
threshold=29.500000000000004 0.25881904510252091 0.37940952255126048 -0.3794095225512602 -0.5677534280419595 1.0000000180025095e-35 32405.500000000004 4347.5000000000009 266.30927580079498 17.500000000000004 419.83466928127365 439.99745254258175 9606.5000000000018 387.67793117679764 0.16674222052097323 235.09825995613332 9764.5000000000018 41.500000000000007 41.500000000000007 -0.7394529379027136 9805.5000000000018 0.03738765791058541 9448.5000000000018 6.1629354052430605 6.1861571809249876 4.35653571980398 -0.38709528086755801 -0.37940952255126065 4.35653571980398 4.3688590705920598
decision_type=2 2 2 2 2 2 2 2 2 2 2 2 2 2 2 2 2 2 2 2 2 2 2 2 2 2 2 2 2 2
left_child=1 3 -3 4 -1 -6 -7 9 -9 -8 12 -12 22 14 -14 18 17 21 19 -16 26 -15 28 -24 25 -13 -21 -28 -5 -30
right_child=-2 2 -4 10 5 6 7 8 -10 -11 11 24 13 16 15 -17 -18 -19 -20 20 -22 -23 23 -25 -26 -27 27 -29 29 -31
leaf_value=-0.010635114674837834 -0.024090728578267741 0.0064966242303942439 -0.0013970417398918595 -0.00094829285332819499 -0.003336229873609103 -0.011990131460031365 0.035560536038329621 0.0040102419317660327 0.055675081156776295 0.11450131277619785 -0.020574494643416354 -0.015814947705692188 0.0027021699651374022 0.065263741987112281 -0.032383505884985689 0.12211371680980926 -0.022706652645853285 0.0032759218223612739 -0.020151721032737123 0.099731365395327634 -0.011554655740640518 0.16162257553190598 -0.0096241553581378932 0.11165921498268808 -0.018556071967051131 0.0084566899125649488 0.010751613582605618 0.08172849018259852 0.02169758124457451 0.0015118885738134591
leaf_weight=292.80586347333156 23.015327233122662 1104.4171350942925 1446.3397935023531 3012.7343931902433 1722.6389810673427 41.916608820902184 13.630534417927267 86.545492129866034 7.8012978606857351 3.0382462462875983 71.069362824899144 43.905470353551209 430.00445825280622 5.5052432222291809 3.1283847605809596 3.1134686041623345 3.1250130906701079 3.3975903848186126 7.3076224075630298 5.8256811173632803 4.0696463575586668 2.6235754042863846 196.93559395708144 1.4695821562781919 44.730198827804998 129.70433121686801 7.5216125464066907 5.5980796040967045 86.949692309601232 2751.5107654782478
leaf_count=11175 980 21862 40390 103992 65289 1714 212 4065 122 77 1853 1863 16363 103 108 89 83 75 258 139 113 56 9577 46 1195 3320 200 103 3556 88967
internal_value=-4.2527e-05 5.43723e-06 0.00202073 -0.000566455 -0.00357398 -0.00247162 0.00726736 0.0145385 0.00828228 0.0499492 0.000389736 -0.0065296 0.000696362 0.00642001 0.00507094 0.0329281 0.0493804 0.0689245 0.0246271 0.0371437 0.0465944 0.0963635 0.00024107 -0.00872581 -0.001958 0.00231846 0.0590854 0.0410369 0.000545123 0.00213023
internal_weight=11562.4 11539.4 2550.76 8988.61 2168.38 1875.57 152.932 111.016 94.3468 16.6688 6820.23 289.409 6530.82 481.22 466.569 36.5645 14.6514 11.5264 33.451 26.1434 23.015 8.12882 6049.6 198.405 218.34 173.61 18.9454 13.1197 5851.19 2838.46
internal_count=377945 376965 62252 314713 82654 71479 6190 4476 4187 289 232059 8231 223828 17690 17373 1010 317 234 921 663 555 159 206138 9623 6378 5183 442 303 196515 92523
is_linear=0
shrinkage=0.03


Tree=136
num_leaves=31
num_cat=0
split_feature=13 18 18 8 22 19 6 19 16 18 18 12 18 0 19 17 17 22 5 22 9 22 3 5 5 18 5 0 0 7
split_gain=15.1668 15.1712 21.6929 27.5193 40.2346 25.8514 23.1767 30.8933 21.748 23.2661 36.579 35.0193 21.3206 25.2515 20.4339 19.2415 18.4128 18.3164 23.1159 24.986 29.6355 38.1044 42.6007 27.3479 25.0263 24.5407 23.763 29.3466 41.2489 32.7341
threshold=43867.025390625007 2.5000000000000004 11.500000000000002 153.50000000000003 51.500000000000007 327.50000000000006 305.38637327838245 44.500000000000007 1.0000000180025095e-35 59.500000000000007 2064.5000000000005 1.5000000000000002 2556.5000000000005 78.960000000000022 336.50000000000006 0.0055953201372176417 0.087508212774992003 408.50000000000006 118.29433513621795 13965.500000000002 25.500000000000004 214074.50000000003 0.98296291314453421 184.63584881756759 194.67837767687723 9438.5000000000018 118.26592604530886 171.11500000000004 140.23450000000003 -0.40987726345000025
decision_type=2 2 2 2 2 2 2 2 2 2 2 2 2 2 2 2 2 2 2 2 2 2 2 2 2 2 2 2 2 2
left_child=1 -1 3 4 -3 6 -5 -8 9 11 -11 -4 13 -12 15 -10 -7 -17 26 -20 21 -21 25 -22 -25 -23 -19 28 29 -28
right_child=-2 2 8 5 -6 16 7 -9 14 10 12 -13 -14 -15 -16 17 -18 18 19 20 23 22 -24 24 -26 -27 27 -29 -30 -31
leaf_value=-0.0079537466091545873 -0.006450266325686402 0.0070253088598096021 0.0017146722191978016 -0.0022061388833774891 0.04479176596674142 0.01589272459766532 -0.014060562454603919 0.035648550956694308 -0.0089575103693570884 -0.012544612011665285 -0.011407542442278075 0.025974689178089268 -0.001646705001641303 0.01383182045096921 -0.0080103643378310798 -0.013787804671155927 0.069730239845253839 0.0042099423545506592 -0.010448395077732073 0.0047263496432685126 -0.0064958567836770316 0.08066269391128239 0.16347115749985727 0.019415895458155304 0.00048423793662633004 0.0057302740341829096 0.090897500872603329 -0.03160611142066376 0.12381918977678238 0.010664679659400147
leaf_weight=204.51899421215057 323.09423428680748 80.123627597466111 307.70149764232337 349.28061786852777 37.163869455456734 23.626380810514096 16.709292981773615 34.45296860486269 144.37422444834374 271.48979471472558 45.895029957406223 64.834502194076777 4685.6387779812794 160.22054568631575 197.96195796690881 63.877767128869891 7.5425492078065863 2105.701162190875 178.07783394772559 800.08073456888087 568.18922127247788 5.8431608239188852 2.4558465182781211 68.507759649772197 760.12386237818282 12.036668968386946 5.6297960472293189 6.4202157892286769 4.4202410019934169 24.462612669449303
leaf_count=2728 15509 932 3487 3547 235 550 130 243 12966 8910 1152 322 194089 1544 3997 510 121 52189 3680 25302 25873 114 61 1205 16849 383 168 186 80 883
internal_value=-4.18937e-05 0.000142359 0.000292438 0.00610614 0.018992 0.00260448 0.000556121 0.0194138 -1.19448e-05 -0.00130376 -0.00182618 0.00593678 -0.00123131 0.00821186 0.00143328 0.00182684 0.0289208 0.00216489 0.00238925 0.000363183 0.00123152 0.0057571 0.0463107 -0.00142656 0.00204943 0.0302183 0.00465002 0.0272889 0.0382448 0.0256749
internal_weight=11560.5 11237.4 11032.8 548.899 117.287 431.612 400.443 51.1623 10483.9 5535.78 5163.24 372.536 4891.75 206.116 4948.16 4750.2 31.1689 4605.83 4541.95 2395.32 2217.24 820.416 20.3357 1396.82 828.632 17.8798 2146.63 40.9329 34.5126 30.0924
internal_count=377945 362436 359708 5758 1167 4591 3920 373 353950 209504 205695 3809 196785 2696 144446 140449 671 127483 126973 73467 69787 25860 558 43927 18054 497 53506 1317 1131 1051
is_linear=0
shrinkage=0.03


Tree=137
num_leaves=31
num_cat=0
split_feature=13 0 0 5 22 19 19 22 22 6 3 3 2 19 18 13 0 0 6 0 0 14 11 18 13 3 10 19 17 0
split_gain=14.3526 15.1254 40.7247 20.5569 34.0381 22.9705 17.5862 23.756 23.7265 17.82 15.4038 34.0797 28.7456 35.8247 19.4204 32.4523 26.2067 30.3723 21.0001 18.6362 84.5367 35.1886 26.8152 35.7344 30.4809 23.4028 25.6308 22.0832 33.2128 23.8273
threshold=43867.025390625007 994.97500000000014 846.33000000000004 131.63977291666669 24751.500000000004 34.500000000000007 8.5000000000000018 127762.00000000001 36280.500000000007 144.52116561148964 -0.70710678118654757 -0.60355339059327384 1.0000000180025095e-35 6.5000000000000009 4347.5000000000009 25.006999969482425 74.007500000000007 46.020000000000003 903.32382870599474 76.986500000000021 77.953500000000005 5.5000000000000009 13.500000000000002 6772.5000000000009 286.17199707031256 0.60355339059327384 1090.5000000000002 33.500000000000007 0.011986519675701858 440.99500000000006
decision_type=2 2 2 2 2 2 2 2 2 2 2 2 2 2 2 2 2 2 2 2 2 2 2 2 2 2 2 2 2 2
left_child=1 2 10 4 -3 -6 8 -8 9 -4 12 -12 -1 -14 15 -15 17 -17 -16 25 21 -21 24 27 -22 26 -13 -24 -29 -30
right_child=-2 3 6 -5 5 -7 7 -9 -10 -11 11 19 13 14 18 16 -18 -19 -20 20 22 -23 23 -25 -26 -27 -28 28 29 -31
leaf_value=-0.0047957923458865721 -0.006293985450428829 0.14707711251137437 0.082333098598193877 -0.014204349488192309 -0.010039462614089925 0.06967622618000574 -0.020879159356118039 0.01923252906681211 0.052833115042065282 -0.0071840128992475584 0.019922598106005683 0.00080360232966913882 -0.0088077792001171225 0.0025637108951662439 0.0039121646903542149 0.035203713233567815 0.013157702215492117 0.10264975168200835 0.082401108210439097 0.019907619643025298 0.00024729203320533418 0.06944423118507248 -0.0088830896605699271 0.0016119156550901815 0.011030726695946812 -0.0029638987305952683 0.027117523913217371 0.083702831384915563 -0.0022417942934876795 0.034235431331978157
leaf_weight=1255.6904547975864 321.21218154230155 1.6847738833166683 2.3425492076203254 123.37444376712665 15.597807512385772 4.110695061273872 17.640465465839952 53.862839676672593 24.270996085368097 13.743900633882729 81.019970870576799 2489.0056882390054 121.95347024174407 38.081074382178485 173.92759234760888 16.499336192384366 18.665737617760897 9.4511897391639632 3.1230271290987721 120.10745470761321 482.84452999662608 14.459760957630349 571.777661405853 2397.7777286204509 461.30859373789281 2442.6059525316814 33.766410005744547 4.3845980726182452 223.59260558453389 17.36854869639501
leaf_count=49550 15509 73 51 3709 621 80 320 656 287 308 1467 74896 5218 514 6443 162 242 131 49 4957 5620 165 25839 86997 4578 82295 1381 88 5341 398
internal_value=-4.12739e-05 0.000137508 0.000263283 -0.00949685 0.0176511 0.00658721 0.0182731 0.00933664 0.0341064 0.00585169 7.97607e-05 0.000550292 -0.00260424 0.00460533 0.0109029 0.0229055 0.0402678 0.0597676 0.00529665 0.000380776 0.00182816 0.0252305 0.00107097 -0.000234459 0.00551603 -0.000870791 0.0011558 -0.00565248 0.00187643 0.000387495
internal_weight=11555.3 11234 11089.3 144.768 21.3933 19.7085 111.861 71.5033 40.3574 16.0864 10977.4 9340.02 1637.39 381.701 259.748 82.6973 44.6163 25.9505 177.051 9259 4293.62 134.567 4159.05 3214.9 944.153 4965.38 2522.77 817.123 245.346 240.961
internal_count=377945 362436 357953 4483 774 701 1622 976 646 359 356331 294022 62309 12759 7541 1049 535 293 6492 292555 133983 5122 128861 118663 10198 158572 76277 31666 5827 5739
is_linear=0
shrinkage=0.03


Tree=138
num_leaves=31
num_cat=0
split_feature=14 5 21 10 18 13 22 0 0 0 17 17 5 8 5 0 0 22 8 8 5 5 18 18 8 8 22 0 17 17
split_gain=14.2021 14.2365 18.9362 87.6292 43.4876 31.4708 29.4303 26.6068 36.2105 33.2869 26.4234 26.3587 24.3651 25.7563 25.9013 23.5052 41.3128 21.6913 59.1394 181.436 50.7139 77.3971 84.6961 39.7766 30.9105 88.4 29.3267 50.2481 30.5887 30.1265
threshold=29.500000000000004 32.515324423541337 4013.5000000000005 175.50000000000003 6270.5000000000009 577.95501708984386 12911.000000000002 19.582500000000003 18.194000000000006 27.531000000000002 0.13987033814191821 0.015466537792235615 247.20149662512983 92.500000000000014 252.49307733619767 994.97500000000014 985.45000000000016 17876.500000000004 38.500000000000007 43.500000000000007 85.099555555555568 117.68043966215437 7974.5000000000009 8910.5000000000018 83.500000000000014 85.500000000000014 37133.500000000007 10.014000000000001 0.21437478065490725 0.11766063049435617
decision_type=2 2 2 2 2 2 2 2 2 2 2 2 2 2 2 2 2 2 2 2 2 2 2 2 2 2 2 2 2 2
left_child=1 -1 3 5 -4 -3 12 8 10 -9 -7 -8 -6 14 -14 16 17 18 23 20 -20 22 -22 -13 -21 -26 27 28 -19 -29
right_child=-2 2 4 -5 6 7 11 9 -10 -11 -12 15 13 -15 -16 -17 -18 26 19 24 21 -23 -24 -25 25 -27 -28 29 -30 -31
leaf_value=-0.0085259101694621451 -0.023865729303038114 0.0011199190328830123 -0.0056702649056525828 -0.030317846171850772 -0.010818116339646532 -0.0020617384332592401 -0.0024954393453481406 -0.015017864912924271 0.079677803272077047 0.0082052874495813187 0.035191813724228097 -0.0078192282945396298 0.10979916608775001 0.050492422360005423 -0.0016044145503180196 -0.012347470961855353 0.034665582731941785 0.027076087489973685 -0.030782516826096777 -0.0061490041221555361 0.28316745470846399 0.073274533306108613 0.038217103855925631 0.13377043534576855 0.11585303429718766 0.0091485449104425267 0.0025431623887085474 -0.010799336449917617 0.25743563802599739 0.0036278273432640831
leaf_weight=173.38049240945838 22.474211866036057 2494.5825833557174 1303.1926097418182 73.69960463210009 350.55539133632556 33.380921776406467 1581.50793975126 60.85565756354481 9.4581405501812679 636.96861783973873 35.209607532247901 97.732215996365994 1.918999109417199 10.45420848764479 88.574067329987884 100.76305153500289 35.222666202113032 1.0352081134915345 1.7090833298861969 46.55180768109858 4.7331094564869982 6.9580890350043774 1.7365369526669381 1.818926382344215 8.5099875950254482 39.060638181399554 3772.9178415806964 346.73139779828489 1.0399592798203228 208.6573954038322
leaf_count=4176 980 31667 48346 11913 28094 410 86085 999 77 7484 361 5150 85 58 2377 3091 262 56 89 2247 106 200 81 94 213 2238 110135 20568 47 10256
internal_value=-4.07279e-05 5.71604e-06 0.00013598 0.00203214 -0.000655524 0.00276114 0.000318685 0.00803799 0.0246496 0.00618005 0.0170616 0.000852479 -0.00707835 0.00590856 0.000758014 0.001985 0.00230071 0.00204957 0.0114937 0.0267335 0.123135 0.142725 0.21742 -0.0052322 0.0112301 0.0282371 0.00159418 -0.00482855 0.14252 -0.00537911
internal_weight=11551.4 11528.9 11355.5 3344.16 8011.38 3270.46 6708.19 775.873 78.0487 697.824 68.5905 6256.69 451.503 100.947 90.4931 4675.18 4574.41 4539.19 208.81 109.259 15.1368 13.4277 6.46965 99.5511 94.1224 47.5706 4330.38 557.464 2.07517 555.389
internal_count=377945 376965 372789 52911 319878 40998 271532 9331 848 8483 771 240918 30614 2520 2462 154833 151742 151480 10418 5174 476 387 187 5244 4698 2451 141062 30927 103 30824
is_linear=0
shrinkage=0.03


Tree=139
num_leaves=31
num_cat=0
split_feature=12 18 18 8 22 19 6 19 10 16 18 21 10 1 18 12 19 17 21 1 10 5 2 6 13 16 13 12 3 6
split_gain=14.4711 13.8895 21.1978 25.4938 36.9845 23.6678 21.9303 29.4152 27.5649 19.1274 22.272 38.37 32.976 26.3321 23.2477 20.8782 20.4904 25.2343 29.047 20.1842 20.2693 21.0829 20.1782 18.9409 27.8058 17.9501 18.1441 17.8629 20.6524 17.8035
threshold=637.50000000000011 2.5000000000000004 11.500000000000002 153.50000000000003 51.500000000000007 327.50000000000006 305.38637327838245 44.500000000000007 2.5000000000000004 1.0000000180025095e-35 59.500000000000007 2087.5000000000005 2.5000000000000004 4.6153333428270615 2556.5000000000005 2.5000000000000004 211.50000000000003 0.02471006661653519 80.500000000000014 4.381526501811881 76.500000000000014 218.67191445969021 0.91597561503675362 91.654153122780272 6563.8330078125009 1.5000000000000002 25.006999969482425 1.0000000180025095e-35 0.37940952255126048 28.811284757941074
decision_type=2 2 2 2 2 2 2 2 2 2 2 2 2 2 2 2 2 2 2 2 2 2 2 2 2 2 2 2 2 2
left_child=1 -1 3 4 -3 6 8 -8 25 10 12 -12 13 -4 19 -14 17 23 -19 -13 21 -21 -20 24 -11 26 -5 -7 -29 -16
right_child=-2 2 9 5 -6 27 7 -9 -10 16 11 14 15 -15 29 -17 -18 18 22 20 -22 -23 -24 -25 -26 -27 -28 28 -30 -31
leaf_value=-0.0077598503322689454 -0.021535005663249489 0.0067620519125820939 -0.0027715315856591282 -0.004545805860414847 0.04278347949878164 0.008552125167989106 -0.013787928744297623 0.034890792636435138 0.023571520042206737 0.10314960615711126 -0.012861252352916771 -0.0090995143186794313 0.011924670015318228 0.025670158343310264 0.006324557758937476 0.042981623936865679 -0.0045566966820212414 -0.011363105419654464 0.0039140814383523638 0.0094610310000486381 -0.014680035068412801 0.034145332844378234 0.015811604349244793 -0.00084149708335482898 0.012582430890600736 -0.015559810529571101 0.016839367265618219 0.089986196373399233 0.014804983120527467 -0.0020937169439145366
leaf_weight=203.31720072776079 28.121492204722017 80.45058860629797 246.76064204797149 171.57606217637658 37.662520550191402 18.736686572432522 16.607968736439943 34.133888144046068 33.855118099600077 3.5432547600939897 270.07845377060585 45.19842331437394 64.923183724284172 33.243376381695271 237.89693310135044 27.833154998719692 504.12137509253807 107.18490704707801 2197.0772151966812 94.433449935168028 19.989603597670794 46.46265915222466 136.25222572055645 2149.364245334873 21.958857352379709 98.153863834217191 45.090891417115927 6.8956600092351419 6.2864053323864937 4559.5216998278629
leaf_count=2728 1438 932 2908 1990 235 501 130 243 196 106 8991 1120 528 228 9942 145 8022 798 51018 834 317 344 1623 88738 1219 1133 228 74 96 191140
internal_value=-4.07294e-05 1.17466e-05 0.000151389 0.00589908 0.0182481 0.00251753 0.000530974 0.0189581 -0.00215067 -0.000141952 -0.00134603 -0.00184696 0.00574085 0.000605198 -0.00125244 0.0212438 0.00118604 0.0018133 0.00390735 0.0086139 0.0135902 0.0176011 0.00460882 -0.00053654 0.0251658 -0.00491678 -9.53047e-05 0.0273765 0.054133 -0.00167627
internal_weight=11546.7 11518.6 11315.3 549.45 118.113 431.337 399.418 50.7419 348.676 10765.8 5646.34 5273.58 372.76 280.004 5003.5 92.7563 5119.5 4615.38 2440.51 206.084 160.886 140.896 2333.33 2174.87 25.5021 314.821 216.667 31.9188 13.1821 4797.42
internal_count=377945 376507 373779 5758 1167 4591 3920 373 3547 368021 216497 212688 3809 3136 203697 673 151524 143502 53439 2615 1495 1178 52641 90063 1325 3351 2218 671 170 201082
is_linear=0
shrinkage=0.03


Tree=140
num_leaves=31
num_cat=0
split_feature=12 6 22 22 5 6 5 16 5 19 8 14 7 17 18 5 18 8 8 6 17 22 0 0 0 0 8 8 5 6
split_gain=13.8999 13.6701 26.4415 29.4354 25.1765 36.3759 25.9883 25.7765 24.8962 23.8256 31.7324 22.7086 22.171 25.9263 37.8822 79.9186 36.1694 29.8711 75.3513 21.4584 31.8048 40.837 22.1087 45.2423 20.7183 31.0898 20.4341 29.518 237.938 22.4863
threshold=637.50000000000011 419.83466928127365 54730.500000000007 55443.500000000007 182.7352221345952 239.13200698181927 194.67837767687723 1.5000000000000002 212.59312500000001 1.5000000000000002 11.500000000000002 4.5000000000000009 0.49225687845509908 0.097721043974161162 7708.5000000000009 129.50467105263161 8794.5000000000018 29.500000000000004 46.500000000000007 236.82323399048286 0.036370985209941871 94631.000000000015 107.01950000000001 58.955000000000005 994.97500000000014 985.45000000000016 23.500000000000004 24.500000000000004 57.055685679062044 186.6198685303122
decision_type=2 2 2 2 2 2 2 2 2 2 2 2 2 2 2 2 2 2 2 2 2 2 2 2 2 2 2 2 2 2
left_child=1 4 -3 -4 5 9 7 -6 -8 10 -1 24 13 -7 -15 -16 -17 -18 -19 -11 -21 -22 23 -23 25 -10 -12 28 -28 -29
right_child=-2 2 3 -5 6 12 8 -9 11 19 26 -13 -14 14 15 16 17 18 -20 20 21 22 -24 -25 -26 -27 27 29 -30 -31
leaf_value=0.00080865299739075482 -0.021318432110414325 -0.013656747781473419 0.1053025952653962 -4.2794537407807915e-05 0.0068169099434320923 -0.011879069999973393 -0.0032861761848546529 0.028656512447507911 0.0053498513957513736 0.00035166886971035118 -0.026820388080748124 -0.0054012424167467193 0.0060634337325999373 -0.0058767819707485824 0.24491608948324259 -0.025635952053350487 -0.030650442194440432 0.29460978846856611 0.026350556653696712 -0.025665976696209764 -0.031569983731413266 0.048180724671696228 0.040693014214077831 0.22748719836197195 -0.014829787079782684 0.039273505708897309 0.62550715159870207 -0.013037083394450937 -0.030575726228843352 0.034209354915799996
leaf_weight=265.2526687651407 27.563444636296481 189.47609938157257 2.4079552111215881 276.44429704383947 272.88030407088809 487.45735068700742 635.2563616434345 59.187877685995772 1206.62915746402 7448.2767245690338 78.444735555909574 207.15092233486939 92.310719429980963 31.949764095246792 1.724013864994048 5.9492023806087655 1.5765025243163107 1.4737199079245327 2.6137409117072821 5.711356169544163 3.2543054390698662 2.6450555101037008 4.1525159478187561 2.4299458283931017 44.382409823359922 24.813966768793762 0.59421948809176628 145.22988360142335 3.0562994100619107 9.6697922293096763
leaf_count=13545 1438 6298 68 6482 6481 23815 16243 916 25473 243374 6637 5351 3081 1763 23 354 101 63 106 257 170 96 113 58 1118 157 44 13362 259 699
internal_value=-3.99197e-05 1.10262e-05 -0.00500908 0.000866888 0.000223906 -0.000540937 0.00290639 0.0107096 0.0016831 5.70282e-06 -0.00631911 0.00381177 -0.00750995 -0.00986186 0.0118509 0.0543181 0.0260232 0.0802839 0.12307 0.000431154 0.0329725 0.0598039 0.0920292 0.134034 0.00530765 0.00603342 -0.0142967 -0.00810051 0.0762193 -0.0100877
internal_weight=11540 11512.4 468.328 278.852 11044.1 8593.77 2450.3 332.068 2118.23 7968.72 502.248 1482.98 625.055 532.744 45.2869 13.3372 11.6132 5.66396 4.08746 7466.47 18.1932 12.4818 9.22752 5.075 1275.83 1231.44 236.995 158.55 3.65052 154.9
internal_count=377945 376507 12848 6550 363659 307920 55739 7397 48342 278614 34546 32099 29306 26225 2410 647 624 270 169 244068 694 437 267 154 26748 25630 21001 14364 303 14061
is_linear=0
shrinkage=0.03


Tree=141
num_leaves=31
num_cat=0
split_feature=5 6 5 5 5 5 22 6 6 18 6 22 6 6 22 5 6 18 18 7 17 20 12 17 3 6 8 5 6 6
split_gain=13.4962 17.6751 33.7477 22.0997 42.5267 92.6061 72.7088 38.0078 49.8213 22.4249 20.9132 20.131 41.7884 128.093 57.7367 41.1579 41.723 35.5459 21.1255 20.0597 38.7281 19.8928 19.7321 19.642 19.3892 19.1298 20.2028 17.3751 24.284 42.6244
threshold=32.515324423541337 45.735444215470999 49.9330424528302 73.191791666666674 102.58994080996887 103.23119735755576 52219.000000000007 186.6198685303122 205.59615934756204 7072.5000000000009 81.920328540975518 13381.000000000002 99.856082522133875 97.867515242218602 18954.500000000004 232.71941860465122 47.631254523543411 24.500000000000004 2.5000000000000004 -0.29992135579092399 0.02941963262856007 45.689397811889656 248.50000000000003 0.068183466792106642 -0.5 305.38637327838245 6.5000000000000009 95.284335535976524 118.22878041510707 114.94684273338176
decision_type=2 2 2 2 2 2 2 2 2 2 2 2 2 2 2 2 2 2 2 2 2 2 2 2 2 2 2 2 2 2
left_child=-1 -2 -3 10 7 6 -6 27 -9 -8 24 17 13 15 23 16 -13 18 -7 20 21 -11 -14 -15 -4 26 -20 28 29 -5
right_child=1 2 3 4 5 11 9 8 -10 19 -12 12 22 14 -16 -17 -18 -19 25 -21 -22 -23 -24 -25 -26 -27 -28 -29 -30 -31
leaf_value=-0.0083729878579982178 0.0019086948217155492 -0.01584945898135438 -0.0076378292793669528 -0.0029949963161589092 -0.0088234395675526583 -0.012683342598514098 0.13102673747262344 0.20258121038823165 -0.016606611228952572 0.20232375809495118 -0.023566412599624508 0.15109056362312223 0.00031895488477846787 0.16651315764580077 0.01980781074886151 0.066134236110843278 -0.001983151616062277 -0.0080643383079568223 0.059357414006852655 0.032296469080974409 0.016181657325796951 0.093000559731867091 -0.0089556767436495821 0.087563999422632169 0.01120614222426978 0.021197140068569924 -0.0026967805924674451 -0.012385512383138272 -0.018119409370827358 0.038061134392016527
leaf_weight=172.31003626273014 3369.903689163737 129.87695813877508 58.495106311514974 326.2682740050368 14.172307957196606 42.834758879616857 5.2716900669038322 1.7878439510241144 1.9526438140310345 2.5551699670031702 19.662910930579528 1.6267768200486887 5415.684418807039 6.431686491705479 6.4928516827058038 9.2698194421827775 107.6922696554102 644.8526465354953 5.0167999677360049 10.33081361558288 3.7671847268939018 3.6206751866266131 214.63594226026908 5.0733665314037353 307.35511484346353 82.726557139307261 80.313346210867167 378.92555006872863 83.653792869532481 24.465095499763265
leaf_count=4176 52231 1303 1651 22714 792 513 72 37 68 64 816 27 207715 67 344 54 5156 25280 44 295 131 129 10516 94 5714 597 859 28229 6299 1958
internal_value=-3.99416e-05 8.64027e-05 -0.000681714 -0.000431243 -0.000792281 -9.16408e-08 0.0456719 -0.0072519 0.0881588 0.0759051 0.00657333 -0.000273999 0.000363147 0.0167592 0.0913336 0.00544126 0.000294738 -0.00456776 0.00612389 0.0615722 0.0919896 0.138232 -3.46075e-05 0.131699 0.00819321 0.0109175 0.000951561 -0.0076907 -0.00359532 -0.000131162
internal_weight=11537 11364.7 7994.81 7864.94 7479.42 6662.37 39.7178 817.053 3.74049 25.5455 385.513 6622.65 5766.91 136.587 17.9979 118.589 109.319 855.744 210.891 20.2738 9.94303 6.17585 5630.32 11.5051 365.85 168.057 85.3301 813.313 434.387 350.733
internal_count=377945 373769 321538 320235 312054 252749 1483 59305 105 691 8181 251266 223973 5742 505 5237 5183 27293 2013 619 324 193 218231 161 7365 1500 903 59200 30971 24672
is_linear=0
shrinkage=0.03


Tree=142
num_leaves=31
num_cat=0
split_feature=14 6 22 22 5 6 14 21 21 18 18 5 10 19 8 22 20 7 17 21 5 21 5 22 0 0 22 17 17 18
split_gain=13.6173 13.3183 24.9145 25.2055 22.4099 35.59 24.5076 26.7239 25.4636 32.9415 35.0703 34.9914 27.5951 22.8061 30.4594 21.9592 21.8559 21.0653 24.5401 33.3618 60.0532 31.9277 27.0687 37.8805 20.2809 22.2384 25.7662 33.0393 43.5005 34.2055
threshold=29.500000000000004 419.83466928127365 54730.500000000007 55443.500000000007 182.7352221345952 239.13200698181927 6.5000000000000009 56.500000000000007 1925.5000000000002 3622.5000000000005 3500.5000000000005 218.67191445969021 129.50000000000003 1.5000000000000002 11.500000000000002 114739.50000000001 21.425053596496586 0.49225687845509908 0.097721043974161162 7730.5000000000009 129.50467105263161 8812.5000000000018 177.96665650406507 28321.000000000004 473.19000000000005 117.00500000000001 270017.50000000006 0.023258546367287639 0.025003512389957908 9529.5000000000018
decision_type=2 2 2 2 2 2 2 2 2 2 2 2 2 2 2 2 2 2 2 2 2 2 2 2 2 2 2 2 2 2
left_child=1 4 -3 -4 5 13 7 -6 -9 10 12 -12 15 14 -1 -10 -11 18 -7 -20 -21 -22 23 -23 25 -5 -27 29 -29 -28
right_child=-2 2 3 24 6 17 -8 8 9 16 11 -13 -14 -15 -16 -17 -18 -19 19 20 21 22 -24 -25 -26 26 27 28 -30 -31
leaf_value=0.00077752770407757312 -0.023639726132428492 -0.013420289540000605 0.092910290461619985 -0.0058026529141260623 0.019510806680243454 -0.011715216249593218 -0.01653653767884021 -0.0087341648380580492 0.015744139093858741 -0.010521575838825441 0.073352047578964782 0.00709935469587138 -0.031054874072524816 0.00044772034688889969 -0.014071850148402851 -0.0012567120695425099 0.0026670441721475019 0.0057482252035068104 -0.0057546153636854726 0.19989885243027047 -0.025578230236048372 0.18416019513681137 0.2036748303234002 -0.0065569905884857302 -0.015082804743348447 0.0031020110848714853 -0.024312583140114762 0.14884890457261601 0.037842034603092982 0.084164672662513942
leaf_weight=265.53648718516342 21.962422221200541 187.42737978196237 2.6433634497225276 102.99626817484386 87.189476761966944 483.84640279051382 57.95361802703701 165.8430675342679 231.27789393812418 121.38900089636445 15.813181959092619 13.133251134306191 14.877652867231516 7462.987458214513 233.77213803725317 97.0802265368402 1653.5430264119059 93.074509723111987 31.821859139716253 2.0479210168123236 5.9061584612354618 1.2563113961368797 1.1460961345583198 3.6912150592543185 63.330148459412158 73.023200885858387 11.963861769065259 3.8127360753715065 19.058818388730288 3.3483156450092784
leaf_count=13594 980 6317 68 3171 632 23928 3445 3743 2501 1735 167 162 1422 244076 21063 1267 40822 3096 1767 22 362 75 37 155 1175 1490 234 65 312 62
internal_value=-3.966e-05 5.36857e-06 -0.00495372 0.000710088 0.000215352 -0.000507786 0.00274096 0.00320644 0.00259183 0.00346664 0.0115815 0.0432926 0.00890713 3.24262e-05 -0.00617483 0.0107178 0.00176506 -0.00741433 -0.00972708 0.0112444 0.0497518 0.0241272 0.0723035 0.0418713 -0.000168072 0.00424154 0.0135441 0.0335138 0.0563471 -0.000591849
internal_weight=11532.8 11510.8 467.604 280.177 11043.2 8585.09 2458.1 2400.15 2312.96 2147.11 372.182 28.9464 343.236 7962.3 499.309 328.358 1774.93 622.79 529.716 45.8696 14.0477 11.9998 6.09362 4.94753 277.533 214.203 111.207 38.1837 22.8716 15.3122
internal_count=377945 376965 12894 6577 364071 308175 55896 52451 51819 48076 5519 329 5190 278733 34657 3768 42557 29442 26346 2418 651 629 267 230 6509 5334 2163 673 377 296
is_linear=0
shrinkage=0.03


Tree=143
num_leaves=31
num_cat=0
split_feature=12 1 1 17 1 6 21 17 3 10 6 6 21 18 11 22 12 10 1 19 20 1 21 1 1 21 10 11 3 21
split_gain=13.1603 13.5468 83.0015 31.1889 20.4365 19.275 16.5911 19.0567 16.3165 27.7264 38.4957 26.1751 21.6144 41.0189 30.1895 27.2696 22.9043 26.3539 23.7914 34.4374 20.1019 31.4865 18.4374 17.2099 27.5778 28.8598 16.5393 23.984 24.4214 16.3537
threshold=637.50000000000011 4.0766981086756484 4.0605895407973458 0.33095239102840429 4.0931771587846795 398.73478829115862 9413.5000000000018 0.13794241100549701 0.60355339059327384 1082.5000000000002 395.77295757026781 27.269993932543432 4013.5000000000005 3931.5000000000005 14.500000000000002 638568.50000000012 1.0000000180025095e-35 175.50000000000003 3.0244411503249085 394.50000000000006 19.09699630737305 2.772651218333857 9620.5000000000018 4.0256730160345091 4.0423316982865085 9646.5000000000018 102.50000000000001 38.500000000000007 0.78656609248549303 8604.5000000000018
decision_type=2 2 2 2 2 2 2 2 2 2 2 2 2 2 2 2 2 2 2 2 2 2 2 2 2 2 2 2 2 2
left_child=1 2 3 5 6 8 7 -3 9 12 11 -11 13 15 -15 16 -1 18 20 -20 -18 -22 29 -10 26 -26 -25 -28 -29 -13
right_child=-2 4 -4 -5 -6 -7 -8 -9 23 10 -12 22 -14 14 -16 -17 17 -19 19 -21 21 -23 -24 24 25 -27 27 28 -30 -31
leaf_value=-0.00083714014580491892 -0.021026930076928293 -0.014328676946036928 -0.021101121389871125 -0.011320299069411238 0.00077907455744717408 -0.015154649131340073 0.08555946894749053 0.039893459821210855 -0.0021330051037187952 0.15281417334000072 0.19271771580486249 0.034651741765627603 -0.00079078206096053606 0.01043726954533054 0.10960018275774575 -0.02923535495044835 0.013691448620813139 -0.030326573375302587 0.0047040604185215867 0.071498712181189333 0.017886283734872652 0.074793496105036023 0.11903119595979739 0.094479227106469305 -0.01424613655999785 0.13458288389664783 -0.0137034300577975 0.16480320706721996 0.018411979633014955 -0.0012077355095071165
leaf_weight=363.70888122916222 26.826849839184433 9.9523528474383109 181.51861061295494 224.95213591936044 6639.1578715994256 73.026622095494531 3.7167755234986535 14.09611791744828 1825.7271215720102 1.2959224302321661 1.1847124048508693 18.925180064514279 1467.9459167721216 5.2761688865721208 5.8011940568685532 21.329170894343406 126.14692195411772 15.119026807602493 394.91494993399829 7.0712696295231572 23.993660062551498 13.773762544617055 1.5218316502869118 5.0271012112498275 17.7197442681063 1.2557297190651286 5.5083092292770726 1.8044109637849031 2.3762538500595838 28.962412401102483
leaf_count=5632 1438 256 16117 8821 218488 2919 41 145 55512 62 11 837 55790 72 60 380 1115 2422 5033 95 266 101 10 48 697 49 106 41 103 1278
internal_value=-3.92857e-05 9.66168e-06 -0.00119916 -0.000422992 0.000886487 0.000130438 0.0265708 0.0174539 0.000386664 0.00197102 0.0236713 0.0197216 0.00151049 0.00496769 0.0623687 0.00430949 0.00506684 0.00876263 0.00980697 0.00587903 0.0194399 0.0386403 0.0162309 -0.00174093 0.0195052 -0.00439716 0.0503258 0.0274169 0.0815957 0.0129639
internal_weight=11529.6 11502.8 4835.89 4654.37 6666.92 4429.42 27.7652 24.0485 4356.39 2496.97 51.8901 50.7053 2445.08 977.135 11.0774 966.058 944.728 581.02 565.901 401.986 163.914 37.7674 49.4094 1859.42 33.6915 18.9755 14.7161 9.68897 4.18066 47.8876
internal_count=377945 376507 157577 141460 218930 132639 442 401 129720 73164 2198 2187 70966 15176 132 15044 14664 9032 6610 5128 1482 367 2125 56556 1044 746 298 250 144 2115
is_linear=0
shrinkage=0.03


Tree=144
num_leaves=31
num_cat=0
split_feature=14 5 6 14 5 16 17 6 13 18 0 0 10 5 9 0 10 18 0 12 18 10 13 17 5 17 7 21 6 9
split_gain=13.0677 12.9031 18.4506 36.1631 29.6968 23.2579 22.1914 20.3915 21.0092 16.6287 16.2318 16.6343 16.185 15.8425 15.5866 20.7991 15.9907 21.132 17.184 26.7933 15.2602 21.1584 18.9395 14.9089 14.83 14.747 16.8208 16.3864 15.6688 30.5898
threshold=29.500000000000004 32.515324423541337 45.735444215470999 7.5000000000000009 49.9330424528302 1.0000000180025095e-35 0.02471006661653519 91.654153122780272 6563.8330078125009 9598.5000000000018 47.952000000000005 49.030500000000011 1426.5000000000002 354.15939723320167 48.500000000000007 134.96000000000001 96.500000000000014 8342.5000000000018 138.02750000000003 151.50000000000003 3931.5000000000005 89.500000000000014 423.25399780273443 0.12821091711521151 41.268379638916763 0.0055953201372176417 -0.38709528086755801 6982.5000000000009 144.45394318647524 16.500000000000004
decision_type=2 2 2 2 2 2 2 2 2 2 2 2 2 2 2 2 2 2 2 2 2 2 2 2 2 2 2 2 2 2
left_child=1 20 9 4 -4 14 7 8 -7 12 -9 25 -3 -8 15 -6 -17 -18 19 -19 -1 22 -22 -16 -14 -12 27 -27 -29 -30
right_child=-2 2 3 -5 5 6 13 10 -10 -11 11 -13 24 -15 23 16 17 18 -20 -21 21 -23 -24 -25 -26 26 -28 28 29 -31
leaf_value=-0.016615509850951896 -0.023420119146980594 0.0014642784678804109 -0.015242381247104326 -0.024448211493589313 -0.0043520061154941458 0.090491302228054626 0.0046766329098979174 -0.0063222675849688549 0.01465654989125038 0.013014180523229342 -0.023445454800852663 -0.00020014833708433739 0.084088543706687946 -0.018346142346808505 0.0014141289072644532 0.0058659483352347394 -0.0053313344865777972 0.19536263691648356 0.0021765625553699644 -0.0079107190732200829 0.10917838885903901 -0.0031303474878562202 0.0046489755535646148 0.017770908059705423 0.012345253691036676 -0.019528534511697209 0.0013045414814225006 -0.030622996463636209 0.11833032304309822 0.032162464597343773
leaf_weight=90.613064654637128 21.473083433229476 3221.7539811583702 120.84990794863552 57.085645354702137 2121.9554040364455 3.9004083983600166 1486.1720280954614 389.16167253162712 20.936435079900548 118.90490247448906 8.6809821855276805 1695.5708575381432 3.9665325405076128 27.395824392326176 322.17594909947366 348.23744733072817 620.03922620695084 1.0585425114259117 623.70260933320969 1.3006680384278295 2.9728125333786002 74.105910147540271 3.2826590873301029 59.398805684410036 7.4890246037393808 5.2384827160276464 31.651311067398638 2.8396830642595878 4.2235294524580231 30.371535493060946
leaf_count=1881 980 48787 1219 5054 131073 104 38545 21456 1135 2301 784 63496 40 521 7172 3131 23498 50 20901 68 55 2178 62 448 123 219 1286 158 172 1048
internal_value=-3.87757e-05 4.86345e-06 0.000128258 -0.000656144 -0.000484761 -0.00025623 0.0014659 -0.000462855 0.0265657 0.00199605 -0.000772535 0.000441775 0.00159085 0.00425992 -0.00181374 -0.0024066 0.000182612 -0.00140566 0.00248224 0.083295 -0.00817509 0.00134207 0.0543249 0.00396035 0.0371867 0.0135545 0.017876 0.0301673 0.0371215 0.0426822
internal_weight=11526.5 11505 11334.1 7981.95 7924.86 7804.01 3706.14 2192.57 24.8368 3352.11 2167.74 1778.58 3233.21 1513.57 4097.87 3716.29 1594.34 1246.1 626.062 2.35921 170.974 80.3614 6.25547 381.575 11.4556 83.0055 74.3245 42.6732 37.4347 34.5951
internal_count=377945 376965 372789 321538 316484 315265 128924 89858 1239 51251 88619 67163 48950 39066 186341 178721 47648 44517 21019 118 4176 2295 117 7620 163 3667 2883 1597 1378 1220
is_linear=0
shrinkage=0.03


Tree=145
num_leaves=31
num_cat=0
split_feature=18 11 10 18 11 10 13 5 5 21 10 18 20 22 22 22 12 18 11 17 5 8 8 5 1 1 13 1 5 1
split_gain=12.7834 19.7085 75.7093 60.7255 44.6379 25.1399 24.0303 20.9992 24.2761 19.7007 71.8933 36.9222 26.2979 29.6442 30.0291 24.2136 24.204 37.55 25.4801 22.1557 21.7871 24.2931 22.318 22.1814 18.7299 30.4938 21.0443 20.409 18.6789 18.4234
threshold=2.5000000000000004 3.5000000000000004 4.5000000000000009 1702.5000000000002 1.5000000000000002 10.500000000000002 25.006999969482425 39.188393324785331 39.771702697926493 4013.5000000000005 175.50000000000003 6270.5000000000009 23.386793136596683 319418.00000000006 302499.00000000006 12911.000000000002 101.50000000000001 5844.5000000000009 16.500000000000004 0.0036734319292008881 247.20149662512983 92.500000000000014 11.500000000000002 252.49307733619767 3.0244411503249085 2.574823497845439 1217.143493652344 3.4012307138844275 153.36504868270336 3.583380030273525
decision_type=2 2 2 2 2 2 2 2 2 2 2 2 2 2 2 2 2 2 2 2 2 2 2 2 2 2 2 2 2 2
left_child=-1 2 6 5 -4 -3 7 -2 29 10 12 16 13 14 -5 20 18 -18 28 -17 22 23 -13 -22 25 -14 -27 -26 -11 -9
right_child=1 3 4 9 -6 -7 -8 8 -10 11 -12 15 24 -15 -16 19 17 -19 -20 -21 21 -23 -24 -25 27 26 -28 -29 -30 -31
leaf_value=-0.0075243585303002907 -0.013299497382841785 0.0032810546342871396 0.050364286615627897 0.0034416744011927544 0.010748698694514298 -0.020390711266169852 0.0067847086756056925 0.017028098128882202 -0.00050166234527664836 -0.0031280494735035562 -0.030335803069344778 -0.00033067535150252056 -0.0051964866610839464 -0.014027656487146895 0.052447496276204236 -0.012094746030473159 -0.029476622065513075 -0.0066974346927372655 0.0048286620257338032 0.001016726255542695 0.097023752675727076 0.049281271107005843 -0.015908884373867161 -0.0014286616602935927 -0.017141201263501726 0.082295901316077974 0.0262386382954941 0.013641831810623128 -0.015500495052450297 0.089001548922387666
leaf_weight=201.69740775413811 118.40600835345685 51.42070552892983 45.368509529158473 1184.5942146126181 58.743601869791746 188.02217944036238 485.41878976486623 11.67161573842168 720.24310671538115 491.34871239028871 55.90541911078617 133.96452380856499 12.15796293504536 89.125179087743163 11.361470576375721 118.21001739893109 81.769884605659172 320.03562851110473 291.30397075065412 6179.9019089746289 2.1089344215579322 10.408691760152577 216.57818476064131 88.011171430815011 21.991212727501988 11.555711057037117 12.597906868904827 163.49411113932729 141.43119155429304 4.4103850983083239
leaf_count=2728 2465 801 260 15671 544 8051 3124 151 8969 5847 8879 9820 142 1078 116 11124 16985 15196 9108 230637 85 58 19081 2377 326 100 124 1798 2245 55
internal_value=-3.81928e-05 9.51758e-05 0.00336851 -0.000383452 0.0280118 -0.0153072 0.00145405 -0.00157334 0.000312305 -1.26877e-05 0.00307047 -0.000609377 0.00430985 0.00266337 0.00390723 0.000289748 -0.0051862 -0.0113331 -0.00251342 0.000770635 -0.00642467 0.00588719 -0.00995547 0.00087526 0.0138494 0.033553 0.0530579 0.00999218 -0.00589339 0.0367664
internal_weight=11523.3 11321.6 1444.26 9877.3 104.112 239.443 1340.15 854.731 736.325 9637.86 1562.78 8075.07 1506.88 1285.08 1195.96 6749.18 1325.89 401.806 924.084 6298.11 451.072 100.529 350.543 90.1201 221.797 36.3116 24.1536 185.485 632.78 16.082
internal_count=377945 375217 15568 359649 804 8852 14764 11640 9175 350797 28234 322563 19355 16865 15787 273182 49381 32181 17200 241761 31421 2520 28901 2462 2490 366 224 2124 8092 206
is_linear=0
shrinkage=0.03


Tree=146
num_leaves=31
num_cat=0
split_feature=12 3 3 5 19 22 18 22 21 7 7 0 0 7 14 0 0 5 15 13 15 21 18 13 3 17 18 5 7 21
split_gain=12.6428 12.8922 36.6437 24.0765 33.3103 32.7039 41.012 37.4189 34.0782 20.354 21.2279 20.2677 22.4912 19.0175 17.246 16.5175 82.9734 32.2653 25.0608 25.5943 23.2664 31.1038 37.4362 26.2011 22.9936 19.4503 18.0868 17.6334 20.2186 27.4516
threshold=637.50000000000011 -0.70710678118654757 -0.60355339059327384 260.33945970149256 35.500000000000007 155335.50000000003 9262.5000000000018 97193.000000000015 9620.5000000000018 0.25126018849447601 0.57907021245031187 14.932500000000003 15.001000000000003 -0.062625763954604285 1.0000000180025095e-35 76.986500000000021 77.953500000000005 81.607562500000014 13.500000000000002 12516.503417968752 13.500000000000002 6527.5000000000009 6481.5000000000009 286.17199707031256 0.60355339059327384 0.029127937741577629 4281.5000000000009 106.33687521937524 -0.19188060153440836 7730.5000000000009
decision_type=2 2 2 2 2 2 2 2 2 2 2 2 2 2 2 2 2 2 2 2 2 2 2 2 2 2 2 2 2 2
left_child=1 3 -3 11 9 7 -7 -6 13 -5 -11 -1 -13 -8 -14 24 17 18 -17 -20 23 -22 -23 -18 -4 -21 -25 -19 -29 -30
right_child=-2 2 15 4 5 6 8 -9 -10 10 -12 12 14 -15 -16 16 20 27 19 25 21 22 -24 26 -26 -27 -28 28 29 -31
leaf_value=-0.020473907464260709 -0.020810630928832591 0.020019029379393479 0.0010487729473678882 -0.0098393272457586133 0.014962063195729862 -0.0063012156478246626 0.13453688341601139 0.13371427370795275 -0.0016994594967970772 0.042355844785147964 -0.00079547262187310767 0.036300636005442241 -0.010279975979982606 0.044448774099270796 -0.0017116942029572675 0.011018200268434985 0.00010159135557115536 -0.011253120999411753 0.084541479763824923 0.13519334638671868 -0.0058890078050383536 0.1216286149852215 0.0010254057671590952 0.01141338646215357 -0.0029969548791866497 0.0097562412942610761 -0.015331685252289382 0.01682516901512288 -0.030745324182278114 0.11066672291565861
leaf_weight=61.344792771735229 26.308623970020562 85.173910666722804 2583.7995170728536 72.748310458380729 4.424396231537683 24.334765747422352 4.8373106941580764 5.1887364245485514 5.2651080153882495 16.927174131153151 26.051161410985515 13.073027962585909 256.78334811958484 3.7390192896127692 1196.714671258349 12.184555266052483 484.24084375426173 18.582915813662112 17.637600894086066 1.2678082226775576 711.48809201060794 2.3183065149933091 2844.9225078225136 445.555833382532 2475.7703777714632 9.0844114774372411 23.981920849531889 76.18649874208495 1.6879660985432554 4.608934486284852
leaf_count=1161 1438 1491 79731 1842 86 490 74 82 88 183 454 353 13082 45 46185 92 5635 1305 128 97 28910 30 101553 4311 85049 330 299 3151 92 178
internal_value=-3.77233e-05 9.84071e-06 0.000427357 -0.00240884 0.00853225 0.0296031 0.0171496 0.0790592 0.0583786 -0.000168956 0.0161998 -0.00357974 -0.00287308 0.0952612 -0.00322542 0.000255562 0.00154549 0.0241877 0.0469302 0.0625634 0.000836791 -0.00027841 0.0011236 0.00499782 -0.0009309 0.0251182 0.0100474 0.0151474 0.0210953 0.0727594
internal_weight=11516.2 11489.9 9798.49 1691.43 163.516 47.7893 38.1762 9.61313 13.8414 115.727 42.9783 1527.92 1466.57 8.57633 1453.5 9713.32 4653.75 141.241 40.1744 27.9898 4512.51 3558.73 2847.24 953.779 5059.57 10.3522 469.538 101.066 82.4834 6.2969
internal_count=377945 376507 312382 64125 3344 865 697 168 207 2479 637 60781 59620 119 59267 310891 146111 5373 647 555 140738 130493 101583 10245 164780 427 4610 4726 3421 270
is_linear=0
shrinkage=0.03


Tree=147
num_leaves=31
num_cat=0
split_feature=14 6 0 0 18 6 17 2 13 14 6 6 0 0 19 14 19 3 3 0 0 21 21 3 17 8 18 18 6 19
split_gain=12.5038 12.6078 20.377 63.9244 33.6893 37.1283 32.9132 23.6246 22.6911 21.9938 38.9381 20.1393 23.7941 22.5809 19.9537 23.0472 19.063 17.9771 27.4262 20.2752 20.1618 17.9502 18.8078 18.5792 17.4927 36.9112 31.7031 35.7457 44.3622 26.6224
threshold=29.500000000000004 419.83466928127365 440.99500000000006 455.40500000000003 8342.5000000000018 411.85412471456999 0.016091410070657734 -0.98296291314453399 22389.249023437504 3.5000000000000004 376.01803382610933 439.99745254258175 511.97500000000008 87.960000000000022 27.500000000000004 3.5000000000000004 35.500000000000007 -0.70710678118654757 -0.60355339059327384 14.932500000000003 15.001000000000003 8212.5000000000018 6444.5000000000009 0.60355339059327384 0.1482956260442734 276.50000000000006 6384.5000000000009 6075.5000000000009 370.18231488643784 8.5000000000000018
decision_type=2 2 2 2 2 2 2 2 2 2 2 2 2 2 2 2 2 2 2 2 2 2 2 2 2 2 2 2 2 2
left_child=1 2 17 7 5 24 -6 -4 21 -8 -11 16 13 -13 -15 -16 -3 19 -19 -1 -21 22 23 -9 25 -5 27 -27 29 -29
right_child=-2 11 3 4 6 -7 9 8 -10 10 -12 12 -14 14 15 -17 -18 18 -20 20 -22 -23 -24 -25 -26 26 -28 28 -30 -31
leaf_value=-0.020217305971110815 -0.023196592358253103 -0.020158175437169815 0.075379580156431952 0.014668851644662056 -0.0085749631083236848 0.046237153294807036 0.010400502650927249 0.01715305228618258 0.0050599185313602423 0.068474483862219271 -0.00023119809879052763 -0.011394072892125788 -0.018324821006297537 0.00027427408353516931 0.02821444909860734 -0.01014664488463983 0.021784435591479093 0.018337962000238538 0.00021953272338945805 0.034053294554941473 -0.0028337677058067677 0.05293798460848062 -0.014376544083009962 0.075592061539056399 -0.022931491125836995 -0.0077018823988371683 -0.018866334135795717 0.1308278464126171 0.12698137599466722 -0.0068243333773128287
leaf_weight=60.499823813908733 20.943216348532587 99.327967358985916 8.1636520579922927 67.510795383481309 78.018978559412062 11.963767965091391 205.36006531957537 16.547809339361269 40.744750480167568 16.670522019267082 13.384393470361831 80.025891519268043 61.495354418177158 134.71121548465453 60.48578418046236 18.378258020617068 10.814489413052796 75.842934060841799 8750.0067328923615 13.464967089472337 1391.8283093681093 25.820908291265368 10.177285529673098 6.9537487186025819 55.103401316097006 32.297778827138245 132.32016994711012 1.4858310492709268 4.5191009808331719 8.4894900619983655
leaf_count=1149 980 2653 185 1487 2457 103 3933 147 1095 218 214 3252 1653 3754 943 442 197 1382 287013 357 57263 441 244 86 1312 973 3606 77 84 245
internal_value=-3.72863e-05 4.91814e-06 0.000209018 0.00503294 0.00135582 -0.00559463 0.00831196 0.0263045 0.022308 0.0139085 0.0378777 -0.00483268 -0.00135645 0.00219762 0.00729037 0.0192749 -0.01604 -0.000135743 0.000375229 -0.00321241 -0.00248033 0.0341192 0.0196913 0.0344443 -0.00764982 -0.00423541 -0.0113608 0.00986363 0.0490047 0.0136791
internal_weight=11513.4 11492.4 11027.2 735.532 627.124 313.69 313.434 108.408 100.245 235.415 30.0549 465.239 355.097 293.601 213.575 78.864 110.142 10291.6 8825.85 1465.79 1405.29 59.4998 33.6788 23.5016 301.727 246.623 179.112 46.7922 14.4944 9.97532
internal_count=377945 376965 364071 16907 14709 7887 6822 2198 2013 4365 432 12894 10044 8391 5139 1385 2850 347164 288395 58769 57620 918 477 233 7784 6472 4985 1379 406 322
is_linear=0
shrinkage=0.03


Tree=148
num_leaves=31
num_cat=0
split_feature=13 0 0 5 9 0 10 19 22 22 22 1 0 0 0 2 17 0 22 19 21 21 13 21 2 21 3 3 2 9
split_gain=12.231 12.9303 34.187 19.3876 30.587 20.879 17.3796 16.3203 21.365 20.9061 13.9638 13.4835 31.74 52.6441 23.1473 18.3763 26.1362 21.0065 17.2639 27.8861 17.0303 29.3465 16.3226 22.2281 30.6516 56.1627 15.0331 26.567 21.8593 35.4756
threshold=43867.025390625007 994.97500000000014 846.33000000000004 131.63977291666669 1.5000000000000002 2097.5750000000003 943.50000000000011 8.5000000000000018 127762.00000000001 36280.500000000007 7431.5000000000009 6.3195443581378123 440.99500000000006 455.40500000000003 553.97500000000014 0.25881904510252091 0.025644849054515365 649.97500000000014 365098.00000000006 21.500000000000004 8212.5000000000018 4111.5000000000009 25293.113281250004 9620.5000000000018 -0.60355339059327362 9186.5000000000018 -0.70710678118654757 -0.60355339059327384 1.0000000180025095e-35 5.5000000000000009
decision_type=2 2 2 2 2 2 2 2 2 2 2 2 2 2 2 2 2 2 2 2 2 2 2 2 2 2 2 2 2 2
left_child=1 2 11 4 -3 -6 -7 9 -9 10 -4 12 26 20 -15 -13 17 -17 19 -19 21 -14 23 24 25 -22 28 -28 -1 -30
right_child=-2 3 7 -5 5 6 -8 8 -10 -11 -12 15 13 14 -16 16 -18 18 -20 -21 22 -23 -24 -25 -26 -27 27 -29 29 -31
leaf_value=-0.0048565076926183276 -0.00586198885711481 0.14749601873890819 0.06573531749389537 -0.01361797501802179 -0.010879964346070095 0.098553873865193264 -0.015437044659126828 -0.020810781362529566 0.017287002448099293 0.049337201698714757 -0.0075427193817509657 -0.011876555669564139 0.042683490193907665 -0.0043868012955093835 0.015858308792650579 -0.013050392741950479 -0.010188463893282408 0.047280975779815007 0.020912819134938438 0.19632766247043648 0.052855855989717218 -0.0024300161261413275 0.016918304079640064 0.00758815751538988 0.040349390016640056 0.20878900933465255 0.017778896121843406 0.00021893054072813297 -0.011425894895576685 0.0095787451238993088
leaf_weight=1159.5102633805946 315.52036004560068 1.5103425187990094 2.840484686195853 119.52807188709266 14.721054682042451 3.4357051444239906 1.8529943926259873 17.445852813310921 55.054673794656992 24.493492513429374 13.295213143108411 155.95191063568927 20.284688890213147 183.78617260302417 70.258697406388819 3.1322901770472544 14.54521646350622 2.458560923114419 2.7833021972328424 2.090292900800705 5.9388946620747465 36.024225868750364 22.751138529740274 8.7458371948450786 18.618287465535104 3.1983184516429901 78.231685348786414 8796.704442392569 100.92057526274584 255.77765121590346
leaf_count=47687 15509 55 72 3709 572 92 55 320 656 287 287 3897 124 3748 1758 69 252 67 42 39 106 986 507 143 299 50 1408 282793 4750 7606
internal_value=-3.68898e-05 0.000127272 0.000242432 -0.00889858 0.0173142 0.00748799 0.058615 0.0166494 0.00811951 0.0318706 0.00535695 7.27952e-05 0.000209364 0.0088484 0.00121219 -0.00804817 0.0158243 0.0519812 0.0797626 0.115771 0.0256355 0.0138216 0.0368624 0.0492935 0.062435 0.107437 -9.79208e-05 0.00037372 -0.00285861 0.00363591
internal_weight=11511.4 11195.9 11054.8 141.048 21.5201 20.0098 5.2887 113.13 72.5005 40.6292 16.1357 10941.7 10760.8 369.606 254.045 180.962 25.0097 10.4644 7.33216 4.54885 115.561 56.3089 59.2525 36.5013 27.7555 9.13721 10391.1 8874.94 1516.21 356.698
internal_count=377945 362436 357953 4483 774 719 147 1622 976 646 359 356331 351965 7721 5506 4366 469 217 148 106 2215 1110 1105 598 455 156 344244 284201 60043 12356
is_linear=0
shrinkage=0.03


Tree=149
num_leaves=31
num_cat=0
split_feature=18 11 18 13 16 16 6 19 0 0 0 21 11 21 5 19 0 6 6 14 17 0 8 8 6 5 19 5 7 0
split_gain=12.0224 18.8032 58.0447 39.5106 40.6624 23.5292 23.9905 21.5658 27.4148 20.5372 40.4124 27.105 24.6914 26.1117 19.7452 19.5569 19.2278 20.6875 21.4233 30.2435 18.8167 17.9765 17.2961 47.4605 32.5366 48.3544 23.8789 18.4315 17.7977 17.4682
threshold=2.5000000000000004 3.5000000000000004 1702.5000000000002 25.006999969482425 1.0000000180025095e-35 1.5000000000000002 28.811284757941074 315.50000000000006 20.004500000000004 76.986500000000021 77.953500000000005 3904.5000000000005 13.500000000000002 3445.5000000000005 41.268379638916763 3.5000000000000004 10.014000000000001 35.479306995295751 32.368564995121005 11.500000000000002 0.0055953201372176417 6.1825000000000001 151.50000000000003 142.00000000000003 255.48908440838372 120.55234225571726 6.5000000000000009 266.4847519912712 -0.34778467173001776 26.422000000000004
decision_type=2 2 2 2 2 2 2 2 2 2 2 2 2 2 2 2 2 2 2 2 2 2 2 2 2 2 2 2 2 2
left_child=-1 3 21 14 -5 6 -4 8 16 15 11 -11 -12 -14 -2 -8 -7 18 19 -18 -10 -3 23 -17 25 -25 -24 28 29 -28
right_child=1 2 5 4 -6 7 9 -9 20 10 12 -13 13 -15 -16 22 17 -19 -20 -21 -22 -23 26 24 -26 -27 27 -29 -30 -31
leaf_value=-0.0073194678310645042 -0.0065424887471239165 0.045377260677301703 0.0074189075995562447 0.021752274230264747 0.004196806805237382 -0.0020436586415130448 -0.0090560476812736601 -0.0088297123602722339 -0.0094468715198482503 0.092444786740589521 0.0059339322684596922 0.015442301065380463 -0.017084660203563664 -0.00078774217533169406 0.0027677197930074493 0.0010857106856850174 0.0023281440923279477 0.016280046348715403 0.10701785468179591 0.097882336900120687 0.0030272022404780855 -0.016203179003439955 -0.013515700501740259 -0.023147290255733543 -0.0097751460205192115 0.095497025521002615 -0.003664913462363938 -0.025267413777336541 -0.0056783702428728419 0.0031362293121989706
leaf_weight=200.43645104765892 325.88191339373589 4.3464054316282263 300.40137907327153 170.0020203422755 393.82295564189553 40.546582658309489 421.81107784202322 141.76280209422112 114.97400686214678 4.2892472120001903 497.29126471932977 100.79877499258146 91.09333459334448 3089.3221305611078 552.75785812735558 346.70589881855994 9.4686067029833811 91.360868585528806 4.6228545024059704 4.350927958264946 2038.2811150324997 231.79203328199219 181.55208427528851 4.0630171513184967 6.9864037928637108 12.931039435323326 606.11561902659014 30.674729473423213 716.73789076623507 773.78165392705705
leaf_count=2728 6257 51 11483 931 2692 625 35180 2658 10948 27 5269 4735 3560 116941 5688 11769 181 1832 57 77 63006 8801 16375 285 291 194 11275 1187 18079 34763
internal_value=-3.64203e-05 9.26671e-05 -0.000375084 0.00329196 0.00949005 -1.47521e-05 -0.000879891 0.00252705 0.00322594 -0.00124202 0.000241644 0.0185852 -0.000282512 -0.00125452 -0.000685377 -0.00305168 0.0156112 0.0221306 0.0511133 0.0324123 0.00236114 -0.0150697 -0.00210648 0.00390885 0.0447254 0.067131 -0.00307224 -0.00218096 -0.0018432 0.000148848
internal_weight=11509 11308.5 9866.06 1442.46 563.825 9629.92 7184.56 2445.37 2303.6 6884.15 3782.79 105.088 3677.71 3180.42 878.64 3101.36 150.35 109.803 18.4424 13.8195 2153.26 236.138 2679.55 370.686 23.9805 16.9941 2308.86 2127.31 2096.64 1379.9
internal_count=377945 375217 359649 15568 3623 350797 271413 79384 76726 259930 130532 4762 125770 120501 11945 129398 2772 2147 315 258 73954 8852 94218 12539 770 479 81679 65304 64117 46038
is_linear=0
shrinkage=0.03


Tree=150
num_leaves=31
num_cat=0
split_feature=0 0 20 18 10 20 6 6 6 5 5 22 6 6 6 13 22 18 18 10 3 0 0 15 0 8 7 5 17 20
split_gain=11.8627 21.1005 21.3489 33.5242 30.1881 24.7127 20.0736 17.8559 14.142 39.8568 85.9842 58.9543 34.1363 38.0944 25.3328 27.6641 41.6233 22.3851 21.2107 24.0464 48.3829 23.2921 20.4715 27.7004 30.7604 59.2336 43.3108 42.2576 29.8782 26.9543
threshold=8.3700000000000028 9.1975000000000016 45.869945526123054 7913.5000000000009 76.500000000000014 5.504486322402955 116.40511806838684 268.50296604129261 56.066423013564041 102.58994080996887 103.23119735755576 52219.000000000007 186.6198685303122 205.59615934756204 54.495980883061954 30204.342773437504 28321.000000000004 11.500000000000002 9598.5000000000018 807.50000000000011 0.91597561503675351 57.950500000000012 38.970500000000008 19.500000000000004 39.001500000000007 226.50000000000003 -0.54195148286899941 81.20416666666668 0.030406873673200611 42.32032775878907
decision_type=2 2 2 2 2 2 2 2 2 2 2 2 2 2 2 2 2 2 2 2 2 2 2 2 2 2 2 2 2 2
left_child=6 2 4 -4 5 -2 -1 -8 14 12 11 -11 22 -14 18 17 -17 -16 -3 20 21 -20 -10 28 25 26 -25 -28 -24 -29
right_child=1 8 3 -5 -6 -7 7 -9 9 10 -12 -13 13 -15 15 16 -18 -19 19 -21 -22 -23 23 24 -26 -27 27 29 -30 -31
leaf_value=-0.009826204177235117 0.017467358541195299 0.00081225584510446331 0.1419679983042621 0.01897591956285663 -0.021463531044620187 0.096275697538010657 0.050268450967357853 -0.027470794353618357 -0.016290052420732615 -0.0077667803661637435 -0.00024864215483819227 0.068850303686531986 0.16963164931136782 -0.016199961048788479 0.061352420498403455 0.027106853402539502 0.22543508475580401 0.0032247350825139213 -0.012546617042951532 0.0059985485718012281 0.094854926059335487 0.050062129931641691 0.04731812345113174 -0.030361255359916371 -0.0087443114654530869 -0.01697517169702064 -0.030407695344302012 0.25548731309592471 0.0022470501362787608 0.11043782029437624
leaf_weight=186.09078654483892 20.33163416013122 3645.9486197896767 3.0725828688591701 5.6848920695483685 16.094162417575717 4.3467203862965098 9.4884280324913544 3.6945776059292248 181.25320728099905 13.522205717395989 6566.2347028172808 27.260761549696326 2.0745967114344235 1.9039454974699763 7.8186472058296195 2.6055484088137737 1.5010378714650867 25.117415672400966 13.466061101295059 105.74353121686727 8.9543459773994964 8.8707674937322718 16.677192185306922 2.6268901601433763 536.80600273609161 13.461318769259378 1.5992639379110167 1.4539109268225727 64.178451901301742 5.5715179601684213
leaf_count=2716 240 58836 48 88 240 47 185 93 14304 770 249885 691 37 68 50 216 26 825 273 2306 175 165 248 269 42410 1351 151 43 1007 182
internal_value=-3.59853e-05 9.19248e-05 0.0196299 0.062128 0.0105018 0.0313483 -0.00729193 0.0284818 5.94106e-06 -0.000756338 2.10753e-05 0.0434468 -0.00696265 0.0807013 0.00148951 0.0261781 0.0995997 0.0170236 0.00124776 0.0128348 0.0359366 0.0123176 -0.00738611 -0.00487377 -0.00723774 0.0254874 0.0762894 0.108773 0.0115434 0.140456
internal_weight=11503.5 11304.2 49.53 8.75747 40.7725 24.6784 199.274 13.183 11254.6 7434.62 6607.02 40.783 827.606 3.97854 3820.03 37.0426 4.10659 32.9361 3782.98 137.035 31.2912 22.3368 823.628 642.375 561.519 24.7129 11.2516 8.62469 80.8556 7.02543
internal_count=377945 374951 663 136 527 287 2994 278 374288 311416 251346 1461 60070 105 62872 1117 242 875 61755 2919 613 438 59965 45661 44406 1996 645 376 1255 225
is_linear=0
shrinkage=0.03


Tree=151
num_leaves=31
num_cat=0
split_feature=12 5 10 12 8 22 5 5 5 22 5 17 7 19 7 0 0 8 22 16 0 15 0 0 0 0 0 0 18 21
split_gain=12.008 11.8022 15.7538 18.0567 13.2444 29.743 13.0316 34.3338 72.2931 53.6037 24.2499 23.0117 24.1645 21.1476 27.2993 30.4567 29.9375 26.7903 25.0219 21.3277 19.6234 20.2887 19.2629 24.7657 40.9565 25.2131 52.9219 44.9121 23.629 67.7239
threshold=637.50000000000011 32.515324423541337 1006.5000000000001 160.50000000000003 10.500000000000002 16616.500000000004 73.191791666666674 102.58994080996887 103.23119735755576 52219.000000000007 53.392205882352947 0.30068494379520422 0.56267070325650137 2.5000000000000004 -1.0219452121242616 48.955000000000005 50.005000000000003 235.00000000000003 84129.000000000015 1.5000000000000002 39.001500000000007 38.500000000000007 15.001000000000003 58.955000000000005 57.008500000000005 97.005500000000012 115.02000000000002 96.975000000000009 3267.5000000000005 3790.5000000000005
decision_type=2 2 2 2 2 2 2 2 2 2 2 2 2 2 2 2 2 2 2 2 2 2 2 2 2 2 2 2 2 2
left_child=1 2 4 -4 5 -1 10 -8 9 -9 11 -3 -13 17 -15 -16 18 -12 19 -17 21 -11 -10 24 28 27 -27 -25 -24 -30
right_child=-2 6 3 -5 -6 -7 7 8 22 20 13 12 -14 14 15 16 -18 -19 -20 -21 -22 -23 23 25 -26 26 -28 -29 29 -31
leaf_value=-0.0012060965324856255 -0.020532585897053295 0.0012059016502823192 0.093887815365194416 0.0021107017119310731 -0.015135057019227037 0.11637933481175018 -0.0061415446686286859 -0.0087879888701546706 0.013331161088016696 0.16215794697091146 -0.0069303469280724258 -0.018044794184120808 0.0078457806154250947 0.053665424709597634 0.0013975055136291902 0.020134172551266257 0.014893685068955886 0.040804455120456141 0.14301274634891364 0.11075409272794735 0.049716121810531012 0.052166685278854437 -0.01052107063666302 0.0034360403415366497 -0.018370352935711369 -0.0080904419166450935 0.0011991320824277256 0.029481174916763317 0.030204879711381284 -0.0019528752236107596
leaf_weight=39.299398480216041 25.666819267906249 3009.608183178585 2.8069894928485137 6.1707179283257574 118.51359717175364 2.0363881811499587 883.12341125262901 14.155712275300173 94.753045739023946 3.213576887734237 119.30531508964486 112.06682684388943 45.664259578566998 13.210205797106026 188.38536089309491 9.9699291551951301 158.75231107068248 11.611411014338954 2.6185567392967632 3.05325730331242 22.644909174181521 2.845987725071609 241.80687167134602 811.81027166091371 152.74654057738371 653.72526238672435 3544.6006840862101 64.307383973849937 62.341683996841311 1080.3094878506381
leaf_count=1415 1438 35780 71 217 2379 88 63645 814 2411 60 8460 2793 949 169 2567 239 2459 282 23 33 541 83 8674 37648 12945 30758 97065 2374 1016 60549
internal_value=-3.58061e-05 1.00385e-05 -0.00786336 0.0308059 -0.0100352 0.00458669 0.000127602 -0.000579053 0.000148784 0.038987 0.00159551 0.000620502 -0.0105493 0.00768774 0.0113035 0.00976092 0.0187953 -0.0026966 0.058394 0.0413798 0.0625474 0.110498 -9.94282e-05 -0.000291905 -0.00362786 0.000718658 -0.000247356 0.00534776 -0.00200133 -0.000198386
internal_weight=11501.1 11475.5 168.827 8.97771 159.849 41.3358 11306.6 7632.38 6749.26 42.8602 3674.25 3167.34 157.731 506.906 375.99 362.779 174.394 130.917 15.6417 13.0232 28.7045 6.05956 6706.4 6611.65 1537.2 5074.44 4198.33 876.118 1384.46 1142.65
internal_count=377945 376507 4170 288 3882 1503 372337 318583 254938 1498 53754 39522 3742 14232 5490 5321 2754 8742 295 272 684 143 253440 251029 83184 167845 127823 40022 70239 61565
is_linear=0
shrinkage=0.03


Tree=152
num_leaves=31
num_cat=0
split_feature=14 12 5 10 12 11 21 10 11 12 10 18 18 5 22 0 3 14 22 8 22 5 8 5 8 22 21 5 0 19
split_gain=11.9923 11.547 11.3099 14.6589 15.3938 14.1158 60.0634 51.4288 70.7125 31.0466 22.4552 19.2842 27.8694 26.9344 19.5336 18.2274 20.0297 16.86 16.3042 25.6562 23.7977 21.4201 33.9435 19.9392 33.1681 17.572 18.9781 36.2843 52.4285 15.5538
threshold=29.500000000000004 637.50000000000011 32.515324423541337 1006.5000000000001 160.50000000000003 6.5000000000000009 1657.5000000000002 2.5000000000000004 1.5000000000000002 2.5000000000000004 4.5000000000000009 1702.5000000000002 1416.5000000000002 117.94339047619049 6490.5000000000009 107.95450000000001 0.60355339059327384 3.5000000000000004 12911.000000000002 11.500000000000002 16247.000000000002 285.87276190476194 82.500000000000014 307.94382222222231 14.500000000000002 7431.5000000000009 7325.5000000000009 88.653566176470605 58.930000000000007 9.5000000000000018
decision_type=2 2 2 2 2 2 2 2 2 2 2 2 2 2 2 2 2 2 2 2 2 2 2 2 2 2 2 2 2 2
left_child=1 2 3 -1 -5 7 -7 15 10 29 -9 12 14 -13 -11 16 -4 -17 19 25 -20 -21 23 24 -23 26 -8 28 -28 -10
right_child=-2 -3 5 4 -6 6 18 8 9 11 -12 13 -14 -15 -16 17 -18 -19 20 21 -22 22 -24 -25 -26 -27 27 -29 -30 -31
leaf_value=-0.0098179757814978574 -0.022971440565916077 -0.020298525826915569 0.001810308084041841 0.084740334276214024 0.0020435142085818863 -0.022365986215408102 0.0062511244825851492 0.021441017316085022 -0.013397336769383818 0.010227582685640323 0.048660124875328253 0.090957321033588417 -0.032950380293653672 0.020603585127859751 0.053949045919337718 0.014766455138303908 -0.0063162968395075224 -0.0060373760151820211 0.0098960646316217336 -0.010894866612449797 0.00010779924147538316 0.091662024338840353 0.053392472045462318 -0.020525975590977349 -0.025959815589139699 -0.0049458924942987186 0.015646287327239539 0.0064032772876023618 0.3997471927038056 0.0036653757498499571
leaf_weight=158.55936713912524 20.480543660232797 25.153634316287935 626.78486015275121 3.0132961114868504 6.1822141164448112 109.58286572247744 211.37850508000702 72.810015087947249 69.843526538461447 40.489575253799558 43.619917571544647 7.2800854481756714 10.710875314660369 14.964554708451031 11.899658255279062 121.99842772074044 483.53386850841343 49.199211226776242 229.6837564681191 416.56918188196141 8364.3325611064211 4.3409186780918407 12.322916924254967 22.235738129820675 4.2900937150698155 198.63905337871984 0.65229222271591358 2.4155213315971196 0.62750726100057364 154.32067015208304
leaf_count=3882 980 1437 7240 71 217 5787 6999 446 1161 300 254 74 217 221 112 795 6044 377 9715 29130 289947 47 99 709 120 9326 61 144 41 1992
internal_value=-3.55571e-05 5.37011e-06 4.99653e-05 -0.00768235 0.0291426 0.000164913 -0.0002831 0.00267781 0.0117089 0.00421178 0.0316385 0.0196106 0.0111435 0.0436285 0.0201584 -0.00032385 -0.00172876 0.0087878 -2.74983e-05 -0.00393255 0.000369401 -0.00880983 0.0113006 -0.00550375 0.0331974 0.00148756 0.00742941 0.0748291 0.203977 -0.00165091
internal_weight=11497.9 11477.4 11452.3 167.755 9.19551 11284.5 9577.07 1707.46 425.939 309.509 116.43 85.3447 63.1001 22.2446 52.3892 1281.52 1110.32 171.198 9467.49 873.472 8594.02 459.759 43.1897 30.8668 8.63101 413.713 215.074 3.69532 1.2798 224.164
internal_count=377945 376965 375528 4170 288 371358 352125 19233 4777 4077 700 924 629 295 412 14456 13284 1172 346338 46676 299662 30105 975 876 167 16571 7245 246 102 3153
is_linear=0
shrinkage=0.03


Tree=153
num_leaves=31
num_cat=0
split_feature=6 22 22 5 6 18 22 21 0 0 0 17 0 6 18 18 22 21 18 0 0 22 17 17 18 19 18 6 5 21
split_gain=11.3387 22.7113 21.8661 19.7895 22.3727 29.9273 20.4804 31.1561 36.0704 27.6463 22.4779 20.3121 40.1343 34.914 44.8668 32.0239 27.8639 20.3345 18.7019 18.5829 18.7509 21.1521 28.1463 31.7225 28.4063 20.9077 70.9214 17.4979 25.6016 48.7527
threshold=419.83466928127365 54730.500000000007 55443.500000000007 212.59312500000001 411.85412471456999 8216.5000000000018 310817.50000000006 9581.5000000000018 331.97500000000008 554.32000000000005 1044.9450000000004 0.059044105932116515 440.99500000000006 308.8906580965741 9378.5000000000018 9305.5000000000018 283810.00000000006 8509.5000000000018 9705.5000000000018 473.19000000000005 117.00500000000001 270017.50000000006 0.023258546367287639 0.025003512389957908 9529.5000000000018 8.5000000000000018 8036.5000000000009 370.18231488643784 266.4847519912712 9620.5000000000018
decision_type=2 2 2 2 2 2 2 2 2 2 2 2 2 2 2 2 2 2 2 2 2 2 2 2 2 2 2 2 2 2
left_child=3 -2 -3 4 -1 -6 10 -8 -9 18 11 12 13 14 15 17 -14 -5 -10 20 25 -22 24 -24 -23 26 -4 -15 29 -29
right_child=1 2 19 6 5 -7 7 8 9 -11 -12 -13 16 27 -16 -17 -18 -19 -20 -21 21 22 23 -25 -26 -27 -28 28 -30 -31
leaf_value=-0.00037004923818171725 -0.012884321741566233 0.083257298658846318 0.21180241919433879 0.034461685580522948 -0.03057337112907384 0.16503376853475449 -0.0076269275689789928 -0.0074015615934172885 0.11006397497333649 0.015235137614176192 -0.020657040637999228 0.00095436914691738499 0.021137277733426267 -0.0065900991296476115 -0.023219357370413158 0.1320090526493175 0.087516211587175985 -0.0035019488020038387 0.028028165501472139 -0.01461775608092558 0.0028236596162407334 -0.024269134558729498 0.12237217212102003 0.03388901265323719 0.070018836731432624 -0.0087570178993071554 -0.016736857168876559 0.0067149727479536934 -0.02153668898076817 0.086387553468991934
leaf_weight=9535.7008424318628 182.13578224612866 2.8599087805487207 1.7175566414371122 65.905912821181118 1.2114816717803472 1.6803230671212075 259.1322504056152 23.552618003450334 6.9047956913709658 12.815309502184389 29.598643135046586 463.01492568524554 122.13154924474657 142.75805775146 16.76556090079248 2.7080345898866645 5.9696549773216239 15.72863693255931 3.9214843511581421 61.817886284086853 73.402526906342246 11.906958101317285 4.4539994224905994 20.116509661078453 3.7913759499788275 95.218592629418708 4.2362571842968464 286.02272119082045 27.692480710567906 7.0835072966292492
leaf_count=332707 6317 68 39 1143 86 79 5247 549 88 148 830 11238 1475 3509 378 45 86 372 56 1175 1490 234 65 312 62 2943 189 6295 557 163
internal_value=-3.5023e-05 -0.0046412 0.000730011 0.000157762 -0.000344748 0.0830869 0.00337102 -0.00354388 0.0188752 0.045053 0.00515797 0.00581907 0.00907043 0.00563115 0.0216041 0.030514 0.0242306 0.0271472 0.080349 -0.000123091 0.00404752 0.0124089 0.0298809 0.0499287 -0.00149722 -0.00534681 0.0491922 0.00214724 0.00603543 0.00864042
internal_weight=11492 461.657 279.522 11030.3 9538.59 2.8918 1491.71 306.326 47.1942 23.6416 1185.38 1155.78 692.766 564.665 101.108 84.3426 128.101 81.6345 10.8263 276.662 214.844 113.671 40.2688 24.5705 15.6983 101.172 5.95381 463.557 320.799 293.106
internal_count=377945 12894 6577 365051 332872 165 32179 6088 841 292 26091 25261 14023 12462 1938 1560 1561 1515 144 6509 5334 2163 673 377 296 3171 228 10524 7015 6458
is_linear=0
shrinkage=0.03


Tree=154
num_leaves=31
num_cat=0
split_feature=14 6 14 5 16 0 10 11 0 21 21 0 0 3 10 7 21 21 5 12 6 21 3 12 12 5 5 14 22 0
split_gain=11.519 11.4084 34.3582 28.7019 20.6404 19.2958 18.7138 23.2392 55.8504 62.0512 38.7295 29.2123 23.0867 42.1995 22.2409 21.5861 20.3468 26.7074 28.7156 34.489 23.7578 20.7378 19.7078 34.2317 23.672 18.0544 21.9303 29.5177 26.9484 26.344
threshold=29.500000000000004 45.735444215470999 7.5000000000000009 49.9330424528302 1.0000000180025095e-35 8.3700000000000028 966.50000000000011 42.500000000000007 11.363500000000002 7730.5000000000009 9545.5000000000018 25.754000000000001 30.001500000000004 0.78656609248549303 994.50000000000011 0.30182400839822915 8491.5000000000018 8379.5000000000018 53.392205882352947 67.500000000000014 35.479306995295751 9473.5000000000018 0.78656609248549303 164.50000000000003 59.500000000000007 43.594149572649584 44.439118825100145 5.5000000000000009 248.50000000000003 31.956000000000003
decision_type=2 2 2 2 2 2 2 2 2 2 2 2 2 2 2 2 2 2 2 2 2 2 2 2 2 2 2 2 2 2
left_child=1 5 3 -3 -5 -1 25 10 -9 15 14 -12 -13 -14 16 -10 17 18 -8 -20 -19 -18 24 -24 -11 -7 27 28 29 -27
right_child=-2 2 -4 4 -6 6 7 8 9 22 11 12 13 -15 -16 -17 21 20 19 -21 -22 -23 23 -25 -26 26 -28 -29 -30 -31
leaf_value=-0.0086263529129052309 -0.022751052672822222 -0.015052236390042861 -0.024199982764033495 -0.0017091932943796295 0.00138504697877648 -0.0014467348878933507 -0.00015132421546704058 0.095674312050866045 0.038864890742164385 0.039142503122713078 -0.023245430404746029 0.1119984867352784 -0.011725650503819053 0.090141840567496273 -0.0083179663397486402 0.11098194829123088 -0.0081408432371722975 0.010748389452881894 0.18720935335543409 0.035555705297735642 0.14061160608587517 0.063134794179726228 0.097046439139170659 0.0090276682987745476 -0.015504778629526718 0.069988925876253619 0.0021166785175832123 0.032302263924149713 -0.0023376836596960093 0.0005368129810463106
leaf_weight=163.80134300352074 20.055143127916381 119.46751044155098 55.247716228594072 4072.946750539355 3705.3519143052399 1334.6705924619455 23.876028788276017 8.1501039667054993 8.8165773306973261 8.4543899651616794 5.3621925855986801 4.9224250391125706 7.6650025951676053 7.0046472204849124 133.16193022346124 6.4815726224333039 42.799350751098245 2.0832767835818222 1.6272185104899088 7.9118230785243213 3.2393010873347521 4.0188419278711072 4.7873459756374386 23.483908875379711 45.683566288556904 10.1974965184927 1509.8596262375358 52.256985194981098 87.453553774161264 9.4893132634460908
leaf_count=2405 980 1219 5054 186341 128924 21843 564 73 138 89 70 33 106 55 3626 89 810 88 35 456 46 64 75 449 1060 77 22094 228 779 75
internal_value=-3.47695e-05 4.94867e-06 -0.000624243 -0.000459322 -0.000235189 0.00142764 0.00191873 0.00848863 0.0202249 0.0139314 0.00339007 0.0387987 0.0557796 0.0369153 -0.000649821 0.0694197 0.0112851 0.0273688 0.0174271 0.0614256 0.0897827 -0.00202259 0.00363081 0.0239324 -0.00697085 0.00115428 0.00323394 0.013817 0.00480087 0.0365121
internal_weight=11490.3 11470.3 7953.01 7897.77 7778.3 3517.26 3353.46 349.53 105.857 97.7074 243.672 24.9543 19.5921 14.6696 218.718 15.2981 85.5558 38.7376 33.4151 9.53904 5.32258 46.8182 82.4092 28.2713 54.138 3003.93 1669.26 159.397 107.14 19.6868
internal_count=377945 376965 321538 316484 315265 55427 53022 7926 1973 1900 5953 264 194 161 5689 227 2063 1189 1055 491 134 874 1673 524 1149 45096 23253 1159 931 152
is_linear=0
shrinkage=0.03


Tree=155
num_leaves=31
num_cat=0
split_feature=18 18 8 22 19 14 6 19 10 16 13 19 0 16 18 21 10 15 18 0 19 17 22 14 6 16 6 6 0 12
split_gain=11.3122 17.9132 22.5825 32.717 21.7793 20.9543 18.949 28.0017 23.6305 16.8602 15.5428 15.1716 14.9364 14.3695 18.4644 33.4488 27.9559 23.3057 20.2293 19.595 17.9089 20.8526 26.744 23.2205 19.8304 19.3026 22.6913 20.0984 18.574 17.503
threshold=2.5000000000000004 11.500000000000002 153.50000000000003 51.500000000000007 327.50000000000006 9.5000000000000018 305.38637327838245 44.500000000000007 2.5000000000000004 1.5000000000000002 25.006999969482425 89.500000000000014 222.05500000000004 1.0000000180025095e-35 59.500000000000007 2087.5000000000005 1.5000000000000002 1.5000000000000002 2556.5000000000005 100.02150000000002 211.50000000000003 0.035094002261757858 1117.5000000000002 7.5000000000000009 482.43433105494893 6.5000000000000009 37.67289767544829 478.73612712230863 77.953500000000005 248.50000000000003
decision_type=2 2 2 2 2 2 2 2 2 2 2 2 2 2 2 2 2 2 2 2 2 2 2 2 2 2 2 2 2 2
left_child=12 2 3 -2 6 -6 8 -8 9 10 -4 -10 -1 14 16 -16 19 -18 -17 -3 21 23 -23 29 25 27 -27 -24 -28 -15
right_child=1 13 4 -5 5 -7 7 -9 11 -11 -12 -13 -14 20 15 18 17 -19 -20 -21 -22 22 24 -25 -26 26 28 -29 -30 -31
leaf_value=-0.008997986539692273 0.0061390911071484743 -0.0048194160978321174 -0.0043111340538254037 0.039866281597584513 0.095181554746588987 0.017407450398348213 -0.014222752482002343 0.033627169034922404 0.0065370661171183656 -0.015238110798214027 0.015455078805515995 0.048782004621725793 0.028976181797982007 0.00070854700248607072 -0.012168415533285683 0.0080385383010150233 0.028521038009326444 0.0047234146053033313 -0.0015380465147781983 0.022947567895692505 -0.0044136544988124049 -0.010389175611202884 0.0045976111807444044 -0.028280457885719913 -0.019544643260471291 -0.027740412431593996 0.043381941443947067 0.071390284423953412 -0.0095729915809224277 -0.01021527385888398
leaf_weight=189.11883757822216 80.663873001933098 194.71559376828372 170.13013160787523 38.117569737136364 3.4913466125726691 29.13941727951169 16.549497036263347 32.864928215742111 21.136375278234482 96.535140249878168 45.346679329872131 11.992062250152228 9.80538437142968 2578.6400885935873 260.43266348983161 207.14882441633381 66.268855970352888 83.964013289660215 4764.9638178700116 25.918037556111813 502.32216876139864 109.92641904111952 1704.3579271191265 26.104749283171259 29.476617120555602 6.3861951085273168 31.310729141230695 4.0642623188905409 7.3630513704847536 139.1326837472152
leaf_count=2679 932 2453 1990 235 47 624 130 243 126 1133 228 70 49 98124 8991 2615 447 726 201588 183 8030 855 32732 3391 955 376 284 92 191 7426
internal_value=-3.43322e-05 9.06394e-05 0.00539167 0.0169623 0.00217439 0.0257289 0.00022636 0.0176016 -0.00226129 -0.00481914 -0.000151373 0.0218292 -0.00712616 -0.000178776 -0.00122954 -0.00168802 0.00523907 0.0152207 -0.00113907 -0.0015576 0.000966928 0.00154983 0.00397206 -0.000121159 0.00485748 0.00526769 0.0246489 0.00475651 0.0332999 0.000149317
internal_weight=11487.4 11288.5 545.967 118.781 427.186 32.6308 394.555 49.4144 345.14 312.012 215.477 33.1284 198.924 10742.5 5603.41 5232.55 370.867 150.233 4972.11 220.634 5139.08 4636.76 1892.89 2743.88 1782.96 1753.48 45.06 1708.42 38.6738 2717.77
internal_count=377945 375217 5758 1167 4591 671 3920 373 3547 3351 2218 196 2728 369459 217003 213194 3809 1173 204203 2636 152456 144426 35485 108941 34630 33675 851 32824 475 105550
is_linear=0
shrinkage=0.03


Tree=156
num_leaves=31
num_cat=0
split_feature=13 0 0 5 22 0 6 11 20 1 0 0 6 21 2 17 10 6 2 5 22 22 17 3 3 6 21 3 2 21
split_gain=11.0159 11.7477 31.4091 18.0822 22.4164 19.8901 14.8903 14.1691 14.1261 13.066 28.3869 47.7676 24.4567 24.5001 17.1492 23.0684 17.9926 15.6755 15.0293 17.698 14.1551 22.4952 15.6181 22.2917 13.7153 28.8805 42.422 24.5373 19.7402 18.8966
threshold=43867.025390625007 994.97500000000014 846.33000000000004 131.63977291666669 24751.500000000004 2097.5750000000003 458.29373749271912 40.500000000000007 49.604084014892585 6.3195443581378123 440.99500000000006 455.40500000000003 339.95348486311894 8361.5000000000018 0.25881904510252091 0.025644849054515365 905.50000000000011 458.29373749271912 -0.98296291314453399 134.65166666666667 200032.50000000003 9766.5000000000018 0.027161736041307453 0.60355339059327384 -0.70710678118654757 903.32382870599474 9426.5000000000018 -0.60355339059327384 0.37940952255126054 4297.5000000000009
decision_type=2 2 2 2 2 2 2 2 2 2 2 2 2 2 2 2 2 2 2 2 2 2 2 2 2 2 2 2 2 2
left_child=1 2 9 4 -3 -6 -4 -7 -5 10 24 18 -13 -14 -11 16 -16 -15 19 -12 21 -20 -22 -24 25 28 -27 -26 -1 -30
right_child=-2 3 6 8 5 7 -8 -9 -10 14 11 12 13 17 15 -17 -18 -19 20 -21 22 -23 23 -25 27 26 -28 -29 29 -31
leaf_value=-0.004015704905256076 -0.0055952617485373743 0.10867877367304714 0.018361667844852086 -0.014856860525109058 -0.012258876300184646 0.094066142436293604 -0.032169614419259029 -0.0042980990098274909 0.053062591507800544 -0.011702484337571843 0.12759073209705574 -0.0054353913065375127 -0.0021229973139138018 0.037716934905456828 -0.0075062451434538442 -0.010021962711604711 0.074414587235725652 -0.015884560282866462 0.045039214376135131 0.033893277000272226 0.024734146922744681 0.0057078357466327154 0.021405246147247651 0.1157111357857301 0.017010806962991044 0.0088601918701650632 0.1208263903365559 0.00020979986965777243 0.031184965826489879 0.0010135718954691823
leaf_weight=1406.2438757882919 311.8194931158796 2.1419161497615304 108.25843424256891 114.3148904570844 14.211149791255595 3.3121650815010062 5.5158003177493802 2.1890484318137169 2.8240693798288694 154.60193318198435 2.6063642082735878 171.66209936607629 40.928112644702196 36.378072766587138 3.5822127135470527 14.446421776898204 7.3923961645923555 5.676555309444665 16.68565803556703 5.9702200843021274 22.888671804219488 60.688562026713043 4.2653021204750967 4.7882495638914406 78.93826020648703 12.019260857021438 4.0790921542793503 8777.506935611018 27.762953943107277 57.12089023925364
leaf_count=57818 15509 73 1508 3617 557 81 114 63 92 3897 60 4294 696 392 71 252 146 124 232 108 397 1293 61 64 1408 246 61 282793 236 1682
internal_value=-3.3654e-05 0.000121617 0.000230836 -0.00854564 0.0165058 0.0064904 0.0159119 0.0549249 -0.0132194 6.74003e-05 0.000201799 0.00833808 0.00102872 0.0144007 -0.00794785 0.0148866 0.0476749 0.0304818 0.024126 0.0623673 0.0211258 0.0141896 0.0379274 0.0712818 -9.06724e-05 -0.00273617 0.0372308 0.000359549 -0.00316765 0.0108817
internal_weight=11480.8 11169 11030 138.993 21.8543 19.7124 113.774 5.50121 117.139 10916.2 10736.2 372.538 254.645 82.9827 180.023 25.421 10.9746 42.0546 117.893 8.57658 109.316 77.3742 31.9422 9.05355 10363.7 1507.23 16.0984 8856.45 1491.13 84.8838
internal_count=377945 362436 357953 4483 774 701 1622 144 3709 356331 351965 7721 5506 1212 4366 469 217 516 2215 168 2047 1525 522 125 344244 60043 307 284201 59736 1918
is_linear=0
shrinkage=0.03


Tree=157
num_leaves=31
num_cat=0
split_feature=14 2 22 22 11 6 7 18 7 5 5 5 2 5 7 5 7 7 20 19 19 5 7 13 13 5 18 13 14 6
split_gain=10.9442 11.0826 13.2676 25.7241 40.2825 28.3459 22.4384 21.1812 16.4657 16.0935 26.2295 36.3728 26.4533 15.446 12.7169 12.1478 10.5507 13.002 17.2514 10.2671 20.3928 10.2133 11.8036 10.1746 9.96333 9.70424 14.6636 21.2477 15.6236 12.8399
threshold=29.500000000000004 0.91597561503675362 319418.00000000006 218794.50000000003 39.500000000000007 273.33134179389964 2.4618884110055839 9328.5000000000018 0.66405758680867655 122.42834224728198 116.70992336996339 117.94339047619049 0.98296291314453421 184.63584881756759 -0.62014762291130154 120.55234225571726 -0.35656551596364233 -0.084264997009523501 35.83160591125489 179.50000000000003 144.50000000000003 121.84671232876714 0.14876834103164341 84129.191406250015 6330.0500488281259 32.515324423541337 3931.5000000000005 325.06649780273443 10.500000000000002 45.735444215470999
decision_type=2 2 2 2 2 2 2 2 2 2 2 2 2 2 2 2 2 2 2 2 2 2 2 2 2 2 2 2 2 2
left_child=1 23 3 9 13 8 7 -4 -6 10 14 12 -12 -5 19 -13 -9 18 -18 20 -3 -17 -23 25 -11 26 -1 -28 -29 -27
right_child=-2 2 6 4 5 -7 -8 16 -10 24 11 15 -14 -15 -16 21 17 -19 -20 -21 -22 22 -24 -25 -26 29 27 28 -30 -31
leaf_value=-0.016850659195394808 -0.022473346688343901 0.017330798391748843 -0.011494149906518819 -0.0086419748241898815 0.022165204618104457 0.13071417675729904 0.044693505864271774 -0.0097533235412981239 0.11638454394201975 -0.00081120291966138818 0.18958048333606081 -0.0063737094953449629 0.027584543790439328 0.042764033970370374 0.0023575032767830326 0.091510951394294271 0.015594698086167806 0.010330989710465029 0.10459013459998284 -0.0063382636574051262 0.089214813202910706 -0.031373049496566149 0.072261192957237527 -0.013268001157583486 -0.023323362224931751 0.0015948313370397131 0.067292257180754891 -0.0044487963202036766 0.085622707202549372 -0.00072166123718106002
leaf_weight=77.19965239893645 19.526950581697747 59.29467771621421 129.9144668537192 18.323553618974987 8.4025564258918148 4.5260455426760009 8.242866048589347 10.315179642289875 2.083204021677374 142.30272179679014 2.2994259279221323 7.1524965264834446 1.4984071340877565 7.3789829597808412 230.3052474767901 2.9621226177550852 4.1099888905882844 14.863743914291263 3.748053309507668 14.526698077097533 3.7781710140407077 2.0810257368721072 1.8851468535140155 53.625029996503145 20.205773884430528 3014.2782006463967 4.2171306721866122 66.410517961252481 1.7796443440020073 7541.0746603289153
leaf_count=1749 980 818 1470 337 225 63 62 139 30 2921 86 256 53 100 4831 33 71 124 32 185 31 87 26 2857 840 48168 73 2067 29 309202
internal_value=-3.31991e-05 5.04118e-06 0.00366217 0.00601137 0.0289215 0.0679675 -0.00359708 -0.00603985 0.0408837 0.0041011 0.00794772 0.0432736 0.125666 0.00611626 0.00589651 0.0210509 0.0154086 0.0268315 0.0580429 0.0163998 0.0216368 0.049363 0.017885 -0.000232975 -0.00361029 -0.000167678 -0.00775468 0.00194333 -0.00209809 -6.01435e-05
internal_weight=11478.3 11458.8 700.201 529.006 40.7143 15.0118 171.194 162.951 10.4858 488.292 325.783 17.8786 3.79783 25.7025 307.905 14.0808 33.037 22.7218 7.85804 77.5995 63.0728 6.9283 3.96617 10758.6 162.508 10705 149.607 72.4073 68.1902 10555.4
internal_count=377945 376965 12820 10922 755 318 1898 1836 255 10167 6406 541 139 437 5865 402 366 227 103 1034 849 146 113 364145 3761 361288 3918 2169 2096 357370
is_linear=0
shrinkage=0.03


Tree=158
num_leaves=31
num_cat=0
split_feature=0 0 2 13 7 5 14 19 10 20 2 3 3 10 21 17 10 7 5 5 21 13 0 11 20 7 3 0 0 5
split_gain=10.6112 19.182 22.618 35.4515 16.6694 11.4693 11.6153 16.3185 11.4275 12.9383 11.3315 32.9934 19.4695 16.5867 15.8224 26.1052 28.6291 22.7999 23.1542 52.4383 16.0793 16.2046 23.6748 22.3264 15.6425 23.3685 27.4605 16.2145 28.6018 33.9273
threshold=8.3700000000000028 9.1975000000000016 -0.78656609248549292 26996.423828125004 -0.59348305398109458 32.515324423541337 8.5000000000000018 282.50000000000006 76.500000000000014 45.51850891113282 0.25881904510252091 0.37940952255126048 -0.3794095225512602 1078.5000000000002 9606.5000000000018 0.16674222052097323 800.50000000000011 -0.38709528086755801 117.94339047619049 151.37217225161672 9483.5000000000018 40235.710937500007 10.014000000000001 36.500000000000007 49.485815048217781 -0.69443260442348198 0.1294095225512602 76.986500000000021 97.005500000000012 125.52566995073893
decision_type=2 2 2 2 2 2 2 2 2 2 2 2 2 2 2 2 2 2 2 2 2 2 2 2 2 2 2 2 2 2
left_child=4 2 8 -4 5 -1 7 -7 -2 -10 12 -12 13 -3 20 -16 -17 18 -18 -20 21 24 -23 -24 27 26 -26 -14 29 -29
right_child=1 10 3 -5 -6 6 -8 -9 9 -11 11 -13 14 -15 15 16 17 -19 19 -21 -22 22 23 -25 25 -27 -28 28 -30 -31
leaf_value=-0.031823543561333802 0.070837854202235942 -0.0034851004932223597 -0.0057997648434943688 0.090791029683373325 0.030309159211653107 -0.0046231797445655792 -0.021108542214836965 0.046194256083094846 -0.023861698087242516 0.058979683808280593 0.0057373496666907418 -0.0012493999116723518 -0.0012838052794779838 0.012276860313461976 0.0034455878531138339 0.083748550972178259 0.01688732968920648 -0.0044075477332380548 0.22421947660272432 0.020250366638922289 -0.0083711886008015733 0.09794794028598347 0.041903847866271188 -0.007024122645562546 0.17975372050595381 0.0088531002738631154 0.030042107601990598 0.0035293387524699218 0.00081565298240668697 0.023356598873813479
leaf_weight=17.895428150193766 8.8943212069571 2037.5397430475568 30.583452566061169 3.8503908794373265 10.248888140544294 124.38229043944739 38.21209193719551 5.959693305194377 3.2663590156007549 3.5310649652965367 1078.9187910752371 1394.5727674752707 2684.2167289472418 61.912889043334872 459.58583366451785 7.0585375875234595 8.2028205664828437 18.567508194595575 1.8633834826759983 2.899622580036521 205.60439234180376 1.9806196705903847 8.5697324934881163 408.36691078403965 1.547611828893422 96.190174232702702 3.8351706587709486 240.1929927195888 2392.9863949411083 114.79368457547389
leaf_count=395 85 79018 409 59 185 1499 845 70 61 49 21611 39892 93638 3199 17082 155 211 513 54 126 8612 28 467 20386 47 4331 168 7658 72743 4349
internal_value=-3.26448e-05 8.78193e-05 0.0186048 0.00500101 -0.00694058 -0.00898815 -0.00656371 -0.00229963 0.048457 0.019172 5.16342e-06 0.00179817 -0.000501349 -0.00302028 0.000293123 0.00543561 0.0291345 0.0169095 0.0474362 0.100047 -0.000122881 0.000162014 -0.00552691 -0.00601846 0.000592677 0.0122571 0.0730859 0.000374572 0.00199447 0.00994097
internal_weight=11476.2 11279.5 50.1256 34.4338 196.698 186.45 168.554 130.342 15.6917 6.79742 11229.4 2473.49 8755.91 2099.45 6656.46 498.178 38.5919 31.5333 12.9658 4.76301 6158.28 5952.68 418.917 416.937 5533.76 101.573 5.38278 5432.19 2747.97 354.987
internal_count=377945 374951 663 468 2994 2809 2414 1569 195 110 374288 61503 312785 82217 230568 18141 1059 904 391 180 212427 203815 20881 20853 182934 4546 215 178388 84750 12007
is_linear=0
shrinkage=0.03


Tree=159
num_leaves=31
num_cat=0
split_feature=18 18 8 22 19 6 19 10 14 16 19 1 16 19 22 17 6 10 19 6 19 6 7 17 18 11 7 17 7 18
split_gain=10.7434 16.6665 20.8987 30.1074 20.0409 18.049 26.6786 22.0499 17.4429 16.0095 14.1442 13.9316 13.8825 22.9722 20.2685 28.7954 22.0391 35.5643 18.5301 16.9031 16.8757 19.3948 16.9794 17.8847 17.0194 16.6847 16.6143 17.8481 16.6069 46.7067
threshold=2.5000000000000004 11.500000000000002 153.50000000000003 51.500000000000007 327.50000000000006 305.38637327838245 44.500000000000007 2.5000000000000004 9.5000000000000018 1.5000000000000002 89.500000000000014 5.4074183474217197 1.5000000000000002 323.50000000000006 11659.000000000002 0.021034723147749904 106.98814072156871 840.50000000000011 50.500000000000007 28.811284757941074 1.5000000000000002 40.590768206570367 1.5795154622209822 0.012948452029377224 8657.5000000000018 6.5000000000000009 -0.11031027889952315 0.057169213891029365 -0.71180218417686492 7241.5000000000009
decision_type=2 2 2 2 2 2 2 2 2 2 2 2 2 2 2 2 2 2 2 2 2 2 2 2 2 2 2 2 2 2
left_child=11 2 3 -2 5 7 -7 9 -6 -4 -9 -1 19 14 18 16 17 -16 -14 -3 21 -21 23 -22 -24 26 -17 -28 29 -18
right_child=1 12 4 -5 8 6 -8 10 -10 -11 -12 -13 13 -15 15 25 28 -19 -20 20 22 -23 24 -25 -26 -27 27 -29 -30 -31
leaf_value=-0.0087933840409711063 0.0059032371050150613 0.0055823821634229387 -0.00017013731430227534 0.038123880478910098 0.085169302751504403 -0.01393249740575728 0.032951883385602759 0.0062418682397765548 0.016676354276701243 -0.014931058329536416 0.047044400374237579 0.027710382161171651 -0.013332408594521611 -0.0089450426290848262 0.22185299208562534 0.0040845358963477376 0.29784098162404143 0.026417604674268819 0.0019975103934561428 -0.025033582861954676 -0.006083370937666051 -0.0046417470250823458 0.00019952302287593772 -0.00068413744001387725 0.011122295836826706 0.0061283292242449074 0.087472725502661386 0.01841532871839836 -0.00051423359038908864 -0.0097530030342112169
leaf_weight=187.82338691689074 80.932718597352505 355.78854369535111 215.0590460896492 38.524227026849985 3.7738776691257945 16.433426350355148 32.576568067073822 21.049743145704269 29.538167109712958 95.492651836946607 12.008146364241837 9.9058149196207506 133.68939698440954 172.59772196225822 0.94677694328129103 11.216517925262453 0.63903973950073067 7.2947745916899294 151.25090152211487 47.109718893887475 608.01752388989553 385.30605941172689 340.14214646536857 6009.4491601304617 206.22863038815558 1121.9444404272363 6.848424341529606 6.6284977216273546 1164.8709657724248 1.4578551417216656
leaf_count=2679 932 12556 2218 235 47 130 243 126 624 1133 70 49 2630 3533 42 202 46 423 1429 3320 37077 26617 8294 191575 4941 25257 42 69 51259 147
internal_value=-3.22565e-05 8.92966e-05 0.00520524 0.0162942 0.00209521 0.000199711 0.0172312 -0.00222954 0.0244358 -0.00470903 0.0210632 -0.00696462 -0.000170704 0.00165442 0.00235622 0.00328292 -1.71427e-05 0.0488689 -0.00519504 -0.000808617 -0.00110795 -0.00686334 -0.000760554 -0.00118022 0.00432234 0.0066652 0.0310581 0.0535075 -0.000362394 0.0839879
internal_weight=11474.5 11276.8 545.389 119.457 425.932 392.62 49.01 343.61 33.312 310.552 33.0579 197.729 10731.4 2779.39 2606.79 2321.85 1175.21 8.24155 284.94 7952.04 7596.25 432.416 7163.84 6617.47 546.371 1146.64 24.6934 13.4769 1166.97 2.09689
internal_count=377945 375217 5758 1167 4591 3920 373 3547 671 3351 196 2728 369459 85079 81546 77487 51917 465 4059 284380 271824 29937 241887 228652 13235 25570 313 111 51452 193
is_linear=0
shrinkage=0.03


Tree=160
num_leaves=31
num_cat=0
split_feature=6 22 0 22 5 19 6 22 0 8 8 22 17 17 17 19 0 5 5 5 5 5 22 6 6 0 6 6 0 10
split_gain=10.5612 20.9506 19.9527 26.9108 18.2836 20.0809 19.4971 19.6691 17.4447 19.1597 66.0398 18.4618 24.9217 24.7815 23.2716 15.8727 15.1865 14.9422 26.1459 37.6 25.123 70.0388 47.4925 30.3594 40.2735 27.0894 35.1764 56.1862 32.883 24.9935
threshold=419.83466928127365 54730.500000000007 473.19000000000005 55443.500000000007 212.59312500000001 97.500000000000014 411.85412471456999 41089.000000000007 117.00500000000001 169.50000000000003 142.00000000000003 270017.50000000006 0.023258546367287639 0.025003512389957908 0.01746802777051926 33.500000000000007 207.97500000000002 73.191791666666674 48.186564067272009 47.244698122241168 102.58994080996887 103.23119735755576 52219.000000000007 186.6198685303122 187.77584182440964 24.995000000000001 204.38570124685731 205.59615934756204 26.952000000000002 1082.5000000000002
decision_type=2 2 2 2 2 2 2 2 2 2 2 2 2 2 2 2 2 2 2 2 2 2 2 2 2 2 2 2 2 2
left_child=4 -2 3 -3 6 -6 17 -8 9 10 -5 16 14 -14 -13 -15 -10 18 19 29 23 22 -22 -19 -25 26 -23 -28 -27 -1
right_child=1 2 -4 8 5 -7 7 -9 11 -11 -12 12 13 15 -16 -17 -18 20 -20 -21 21 25 -24 24 -26 28 27 -29 -30 -31
leaf_value=3.7259964765638584e-05 -0.012506995552637505 0.10454584450628829 -0.014476030839559957 -0.017142382780826703 0.0040924491051738182 -0.010967044843314597 0.024726842874885028 0.1883722828005088 0.020016771612197559 -0.0086718549994944834 0.19821556013575356 0.057915658854124627 0.10619302293559173 0.070560843287220232 -0.024003985602385366 0.01393500809593959 -0.0080236496013755664 -0.0063856954040461371 0.0051765214035436003 -0.014534353888214053 -0.008608061406163374 -0.0036662052246793438 0.058105139224864752 0.16814640375074799 -0.017650963621465354 -0.017115455686684929 0.079508221365075168 0.013690764082989641 -0.00086265379143423109 0.02133498451198786
leaf_weight=2598.0221533759031 178.98656271758955 2.4113277606666079 61.397516100201756 4.3864525766111901 1408.6889949375764 84.468777564354241 2.1648793900385495 0.95158442575484503 28.179184482898563 94.809426302672364 1.8104579560458658 4.2754440717399111 4.9608033187687424 6.4694167636334923 11.558469872921703 14.309342067688702 45.373002285370603 873.57804335956462 1031.0785638671368 159.94842056115158 14.04320493317209 80.967419218504801 30.380063015967607 2.0823783539235583 2.11785968253389 114.91962580592372 13.688215924426911 79.297212723176926 4464.8521152153844 50.556032289285213
leaf_count=35859 6317 56 1187 208 30704 1475 133 32 562 2938 25 64 65 67 232 245 928 63859 19762 1609 817 3998 691 27 78 5843 92 2415 196892 765
internal_value=-3.17466e-05 -0.00449076 0.000634602 0.00487978 0.000154087 0.00324053 -0.000330072 0.0746945 0.00376783 -0.00533142 0.0457755 0.0117511 0.0277306 0.0459484 -0.0018842 0.0315653 0.00271915 -0.000354644 0.00109075 -0.00040923 -0.00133242 -0.000478736 0.0370156 -0.00599883 0.074463 -0.000829119 0.010791 0.0233796 -0.00127048 0.000443791
internal_weight=11470.7 458.927 279.941 218.543 11011.8 1493.16 9518.65 3.11646 216.132 101.006 6.19691 115.126 41.5735 25.7396 15.8339 20.7788 73.5522 9515.53 3839.61 2808.53 5675.93 4798.15 44.4233 877.778 4.20024 4753.72 173.953 92.9854 4579.77 2648.58
internal_count=377945 12894 6577 5390 365051 32179 332872 165 5334 3171 233 2163 673 377 296 312 1490 332707 57995 38233 274712 210748 1508 63964 105 209240 6505 2507 202735 36624
is_linear=0
shrinkage=0.03


Tree=161
num_leaves=31
num_cat=0
split_feature=14 12 5 0 18 10 0 21 10 18 20 14 8 19 18 0 5 18 9 22 7 22 22 7 5 19 12 18 12 10
split_gain=10.4473 10.3683 9.98519 13.7622 13.4582 21.7163 15.3954 12.7329 76.9636 38.9279 31.6391 23.5447 36.488 28.0061 25.5335 29.7803 25.2804 26.5891 30.7491 23.0466 85.394 22.415 25.6958 21.5547 20.4086 21.6471 19.7693 35.2024 24.073 18.9964
threshold=29.500000000000004 637.50000000000011 32.515324423541337 8.3700000000000028 3931.5000000000005 89.500000000000014 22.478000000000005 4013.5000000000005 175.50000000000003 6270.5000000000009 23.386793136596683 1.0000000180025095e-35 164.50000000000003 6.5000000000000009 8078.5000000000009 10.014000000000001 65.648387096774201 7826.5000000000009 10.500000000000002 8220.5000000000018 -0.47713000160775582 319418.00000000006 302499.00000000006 -0.37911449253862495 278.92094476190476 5.5000000000000009 106.50000000000001 5844.5000000000009 10.500000000000002 1.5000000000000002
decision_type=2 2 2 2 2 2 2 2 2 2 2 2 2 2 2 2 2 2 2 2 2 2 2 2 2 2 2 2 2 2
left_child=1 2 3 -1 -5 6 -6 8 10 26 21 -11 14 16 15 -13 -14 -18 19 20 -19 22 29 -21 25 -25 28 -28 -9 -4
right_child=-2 -3 7 4 5 -7 -8 9 -10 11 -12 12 13 -15 -16 -17 17 18 -20 23 -22 -23 -24 24 -26 -27 27 -29 -30 -31
leaf_value=-0.031685533024613619 -0.022222185267528009 -0.019717806993726716 -0.001436689939087624 -0.013038752605777526 0.10815342152528055 0.00021014793343520027 0.010438782467680593 -0.0083349716966428337 -0.030295406180939018 -0.0038072070330261612 0.013346294723514699 0.12823444348991536 0.044808780734457314 0.0009558408645146464 0.0029291132908912574 0.013438960421817648 -0.018602669259886698 0.38149981544794243 0.1350931647575988 -0.017781323377643706 -0.014837749514641304 -0.013166759467218018 0.046120510254449562 0.0039996451121995279 0.045721596716730324 -0.018306101438908158 -0.029406785187121049 -0.0065046506141054955 0.0015471818689335593 0.003614978628935785
leaf_weight=18.46506073884666 19.062728721881285 23.937849942594767 1032.9712892267853 75.396790845319629 2.9901572093367568 65.442683308618143 2.8194691464304924 399.66634203167632 66.267460901406594 1004.8951761154458 220.0801631109789 2.0481891678646198 8.3679610900580865 4431.7015398172662 464.14675043523312 290.81904371175915 140.97554638562724 0.65553301712498102 1.4473001891747106 78.686569666024297 1.9289079597219814 90.172678407281637 11.841829093173144 163.55673040961847 8.6256794352084381 51.482114080805331 75.079453674494289 309.01797955017537 498.66411368362606 1906.3522481215186
leaf_count=431 980 1437 12479 1666 52 1972 49 5226 11913 58927 2406 48 137 148929 16925 10367 11044 69 66 7815 188 1186 120 11810 72 3704 16254 14916 11950 24807
internal_value=-3.15547e-05 5.39459e-06 4.67205e-05 -0.00727724 -0.00420391 0.00514482 0.0607315 0.000154123 0.00171167 -0.000499328 0.00236201 0.000423656 0.00117689 0.000227601 0.00730567 0.0142418 -0.00685415 -0.00782052 -0.00285934 -0.0035141 0.0856917 0.00156715 0.00201734 -0.00427662 0.000474424 -0.00134054 -0.00528496 -0.0109813 -0.00284938 0.00183966
internal_weight=11467.6 11448.5 11424.6 165.114 146.649 71.2523 5.80963 11259.5 3327.69 7931.76 3261.42 6649.34 5644.44 4887.43 757.014 292.867 455.726 447.358 306.383 304.936 2.58444 3041.34 2951.17 302.351 223.665 215.039 1282.43 384.097 898.33 2939.32
internal_count=377945 376965 375528 4170 3739 2073 101 371358 52911 318447 40998 270101 211174 183834 27340 10415 34905 34768 23724 23658 257 38592 37406 23401 15586 15514 48346 31170 17176 37286
is_linear=0
shrinkage=0.03


Tree=162
num_leaves=31
num_cat=0
split_feature=0 0 19 8 22 9 11 17 1 0 0 6 18 10 18 17 17 19 6 20 14 16 7 18 6 10 17 11 6 14
split_gain=10.1892 28.3047 15.7199 22.6742 20.1274 14.3379 26.0156 14.326 12.3741 24.4734 41.115 22.1488 19.8115 14.6391 20.358 19.2951 18.2655 29.6608 14.242 12.8022 22.5697 17.2502 12.4929 17.7019 21.4211 22.5884 15.3176 18.0162 11.6622 28.1453
threshold=994.97500000000014 846.33000000000004 8.5000000000000018 69.500000000000014 127762.00000000001 4.5000000000000009 40.500000000000007 0.017252720892429355 6.3195443581378123 440.99500000000006 455.40500000000003 339.95348486311894 8342.5000000000018 840.50000000000011 8468.5000000000018 0.021559521555900577 0.014528424944728615 18.500000000000004 376.01803382610933 41.729801177978523 2.5000000000000004 1.5000000000000002 1.6724176379081359 9756.5000000000018 246.61510741446597 1036.5000000000002 0.027784210629761222 40.500000000000007 56.066423013564041 7.5000000000000009
decision_type=2 2 2 2 2 2 2 2 2 2 2 2 2 2 2 2 2 2 2 2 2 2 2 2 2 2 2 2 2 2
left_child=1 8 3 -3 -4 6 -5 -2 9 28 13 -12 -13 19 -15 16 -16 -18 -14 21 -21 -11 -10 24 -24 26 27 -26 -1 -30
right_child=7 2 4 5 -6 -7 -8 -9 22 10 11 12 18 14 15 -17 17 -19 -20 20 -22 -23 23 -25 25 -27 -28 -29 29 -31
leaf_value=0.0010480267318658152 0.010052086432903373 0.002901702542388764 -0.021167759583239108 0.12880206248947837 0.015170008343780635 0.032017171938854949 0.019888470701179255 -0.012742319435194528 -0.014126079982472799 0.037827149119310649 -0.0053151423878223299 -0.0015564521839791373 0.045161125409882041 -0.0022749127786980505 0.019758035467676412 0.011868041693912442 0.14682373845296781 0.039268672699473643 0.011151674662952653 0.038852971342160772 0.13219035786281791 -0.018061710774814162 -0.011450216846071341 0.08223183024783734 0.010559633493190446 0.11047592420861149 -0.0078578339140050607 0.10698380033929351 -0.0008444778883339054 -0.025590191347820555
leaf_weight=4028.2062217579223 31.570624058367684 17.270594882313162 18.019604427972808 4.4694869327358919 57.478438477264717 17.019648301880807 3.5349842747673392 115.96275739534758 111.37465561996214 21.72747609810904 177.81178296171129 42.139424308435991 20.923138633370399 36.717883698409423 8.8036493686959165 28.142136360518634 3.6685514077544195 6.2204343117773533 23.560754999518394 9.7243385212495905 3.0669859545305362 6.4446005562786004 51.71154664689675 2.3772517237812272 4.6046172035858097 2.4185077408328644 11.904196349671109 2.8071051593869925 6552.9660039769951 41.629231147933751
leaf_count=65809 1015 336 337 74 679 224 52 3811 2125 175 4548 731 199 1036 254 487 67 86 342 163 43 46 1921 66 105 67 292 63 288018 4774
internal_value=-3.14486e-05 7.06695e-05 0.0146998 0.0293422 0.00649704 0.0475903 0.080703 -0.00786455 -8.32029e-05 4.68174e-05 0.00743797 0.000744876 0.0131843 0.0216521 0.0144496 0.0275614 0.0511882 0.0791687 0.0271481 0.036343 0.0612326 0.0250421 -0.00773153 0.00166124 -0.000946613 0.024044 0.0132221 0.0470792 -0.000223808 -0.00100069
internal_weight=11464.3 11316.7 117.793 42.2947 75.498 25.0241 8.00447 147.533 11199 11011.8 388.951 264.435 86.6233 124.516 83.5527 46.8348 18.6926 9.88899 44.4839 40.9634 12.7913 28.1721 187.198 75.8232 73.446 21.7344 19.3159 7.41172 10622.8 6594.6
internal_count=377945 373119 1702 686 1016 350 126 4826 371417 366778 8177 5820 1272 2357 1930 894 407 153 541 427 206 221 4639 2514 2448 527 460 168 358601 292792
is_linear=0
shrinkage=0.03


Tree=163
num_leaves=31
num_cat=0
split_feature=18 18 3 19 8 19 6 19 19 22 22 3 2 17 10 20 19 6 22 22 6 6 6 5 2 5 18 22 6 6
split_gain=10.0271 15.7098 19.9119 23.846 21.9666 21.3674 19.6719 15.5163 16.7525 15.522 15.3014 14.388 12.9435 11.4609 11.9765 16.08 10.9805 20.6708 27.9048 32.3346 65.2376 65.3945 31.4527 28.6113 27.4663 22.0987 50.4806 36.4129 63.985 77.236
threshold=2.5000000000000004 11.500000000000002 0.60355339059327384 270.50000000000006 203.00000000000003 293.50000000000006 313.99849501849479 327.50000000000006 340.50000000000006 4084.5000000000005 51.500000000000007 -0.5 -0.9159756150367534 0.060491044074296958 1.5000000000000002 2.3688944578170781 211.50000000000003 45.735444215470999 12911.000000000002 17876.500000000004 106.98814072156871 97.867515242218602 99.856082522133875 166.96280000000004 0.37940952255126054 140.27371024043455 7934.5000000000009 14504.000000000002 85.790856501755755 91.654153122780272
decision_type=2 2 2 2 2 2 2 2 2 2 2 2 2 2 2 2 2 2 2 2 2 2 2 2 2 2 2 2 2 2
left_child=-1 2 3 4 10 -5 13 -7 -9 12 11 -2 -10 -4 15 -15 17 -3 -19 20 21 25 -23 -24 -22 27 -27 28 -20 -30
right_child=1 16 6 5 -6 7 -8 8 9 -11 -12 -13 -14 14 -16 -17 -18 18 19 -21 24 22 23 -25 -26 26 -28 -29 29 -31
leaf_value=-0.0067521659866152358 -0.013290806403916 0.0025197823172266741 -0.028895670313996445 0.087288673159388611 0.0019238916670134144 -0.022014304042914656 0.024112484646693074 0.085015384193491472 0.056087432864315223 0.079258056502844884 0.03640898807423644 0.021665887472511972 -0.012193546794080311 -0.00019934828846930434 0.011376123958599126 -0.021808670577766243 -0.0039727344634865793 -0.005563019046922176 0.0082088418918123632 -0.00050027722823323812 -0.0061334737449583758 0.10167241502438923 -0.0026769399248341946 0.099430894021363903 0.021203547973819088 -0.007832746590867334 0.087553661837094746 -0.0043146263812664665 0.16840639884318445 -0.021215742855247976
leaf_weight=196.34787494130433 16.172021089121699 2379.3344568177126 16.046966422349215 5.6887410059571293 200.46959871053696 5.4288502540439394 24.05624451674521 4.6642456110566881 3.3883888032287457 3.2317831572145215 32.452263168990612 30.73938556574285 9.5146564971655518 105.7440228164196 43.346499294042587 43.840675592422485 641.30206834711134 926.35055660130456 21.304210736649114 6416.7858130877139 182.29513412166853 13.044846427161248 7.1379029208328557 3.7765281964093447 40.410806820262223 9.1962556419894117 10.925921869464217 59.966043922351673 5.7682948422152531 2.9077637500595301
leaf_count=2728 194 40190 225 69 1916 96 164 45 72 69 221 314 161 1307 279 626 9911 39453 858 264425 8759 232 339 57 1466 181 135 3155 150 148
internal_value=-3.10012e-05 8.6145e-05 0.00505585 0.0100146 0.00721248 0.0345824 -0.00157789 0.0231507 0.0349393 0.0204634 0.0205713 0.00961508 0.0057373 -0.00453521 -0.00250904 -0.00653267 -0.0001664 7.57824e-05 -0.000679437 -1.15558e-05 0.00877937 0.0253168 0.0702315 0.0326536 -0.00117307 0.0155399 0.0439601 0.00918191 0.0361775 0.104855
internal_weight=11461.6 11265.3 544.784 311.75 279.833 31.9167 233.034 26.2279 20.7991 16.1348 79.3637 46.9114 12.903 208.978 192.931 149.585 10720.5 10079.2 7699.87 6773.52 356.734 134.028 23.9593 10.9144 222.706 110.068 20.1222 89.9463 29.9803 8.67606
internal_count=377945 375217 5758 3157 2645 512 2601 443 347 302 729 508 233 2437 2212 1933 369459 359548 319358 279905 15480 5255 628 396 10225 4627 316 4311 1156 298
is_linear=0
shrinkage=0.03


Tree=164
num_leaves=31
num_cat=0
split_feature=0 0 17 0 0 0 0 18 22 5 10 0 17 22 6 13 6 6 12 0 0 0 0 14 0 21 10 18 5 12
split_gain=10.3817 76.2424 28.0655 18.864 46.5222 44.8934 35.0366 23.4199 24.4918 21.3859 21.0148 21.6299 24.2045 22.3107 42.6514 55.3021 18.7811 21.3877 16.9306 16.8993 18.4503 51.9507 43.5731 26.7438 20.0011 17.1893 26.2798 54.4615 17.6322 63.4424
threshold=57.950500000000012 57.008500000000005 0.33095239102840429 97.005500000000012 108.96000000000002 96.975000000000009 107.01950000000001 2210.5000000000005 4801.5000000000009 73.191791666666674 27.500000000000004 106.96000000000002 0.0010554090258665385 71986.000000000015 184.336780497711 23477.335937500004 48.886040805021644 51.678515180282197 206.50000000000003 93.81750000000001 76.986500000000021 77.953500000000005 83.951000000000008 5.5000000000000009 58.930000000000007 8440.5000000000018 1020.5000000000001 9529.5000000000018 237.91486463620984 47.500000000000007
decision_type=2 2 2 2 2 2 2 2 2 2 2 2 2 2 2 2 2 2 2 2 2 2 2 2 2 2 2 2 2 2
left_child=1 2 -1 5 6 19 7 -5 -9 16 -10 12 -12 -13 15 -15 -8 -18 -6 20 24 23 -23 -22 -2 28 -27 -28 -24 -30
right_child=3 -3 -4 4 18 -7 9 8 10 -11 11 13 -14 14 -16 -17 17 -19 -20 -21 21 22 25 -25 -26 26 27 -29 29 -31
leaf_value=0.00015945255959971173 0.025294196668169091 -0.020637622135160086 -0.010831409624723207 -0.012494281418474227 0.0017692065393810953 0.025343759216968617 -0.0037389097645471559 0.036752834481297833 0.080507909391709653 -0.016449497702229501 0.11121669351130906 -0.011261027086482418 -0.0026210784658170496 0.28160677654411093 0.022526258150608262 0.015287312821603415 0.11294898541921049 -0.0069294133715943089 -0.0041341536767712005 -0.024093719781573927 0.017086443341957674 -0.010562073352044031 0.01186321108834227 0.057786792638942076 -0.00051825737346442502 -0.0079826224734460428 0.0068428121812940008 0.1359650121159835 0.21205156485228047 0.015700337347945473
leaf_weight=4398.9452412567334 27.777877181302756 173.18907053128351 219.53430349612609 130.71308000397403 3629.2485081705963 80.128348681610078 11.494660836178811 17.751502900151536 2.9319481663405886 300.51558265497442 1.6904208387713868 6.2044086921960142 301.43385440157726 1.5352337863296255 7.2565731732174754 1.2925638975575564 3.2504839696921399 2.2782610093709081 497.12991286977194 21.460548777133226 153.14136824058369 170.07246764400043 178.46986855496652 16.053241488756612 986.4350561859319 88.83851707354188 16.245010929647837 3.5894751297309986 1.8389139641076306 7.6091670414898545
leaf_count=133041 442 16147 8836 4703 97717 3227 395 389 53 20282 135 450 9943 54 239 55 53 162 20021 568 6382 5877 5237 179 38978 3313 769 35 29 234
internal_value=-3.06578e-05 -0.00109579 -0.000362986 0.000734937 -0.000217789 0.00340805 -0.00689549 -0.00170152 0.00244658 -0.0145965 0.000557334 -0.000176547 -0.00198624 0.0335008 0.0610405 0.159874 0.0181147 0.06355 0.00105799 0.00235652 0.00270052 0.00670695 0.00154364 0.0209481 0.00018871 0.00848535 -0.00101184 0.0302102 0.0139776 0.0539169
internal_weight=11458.1 4791.67 4618.48 6666.39 4914.73 1751.66 788.349 470.81 340.097 317.539 322.345 319.413 303.124 16.2888 10.0844 2.8278 17.0234 5.52874 4126.38 1671.53 1650.07 635.858 466.663 169.195 1014.21 296.591 108.673 19.8345 187.918 9.44808
internal_count=377945 158024 141877 219921 154651 65270 36913 16021 11318 20892 10929 10876 10078 798 348 109 610 215 117738 62043 61475 22055 15494 6561 39420 9617 4117 804 5500 263
is_linear=0
shrinkage=0.03


Tree=165
num_leaves=31
num_cat=0
split_feature=14 12 0 0 2 13 5 5 20 17 12 5 2 0 11 21 12 0 0 17 0 0 0 0 2 17 5 0 12 17
split_gain=10.0313 9.8706 9.68888 17.4778 20.504 37.2308 15.0823 12.7148 14.7305 15.7899 12.2818 11.3084 10.774 10.5368 29.9185 20.7483 16.0072 10.3456 67.815 25.5289 19.5431 39.0932 37.9291 37.246 25.7442 24.3286 20.1 19.7324 18.5865 24.2805
threshold=29.500000000000004 637.50000000000011 8.3700000000000028 9.1975000000000016 -0.78656609248549292 29216.332031250004 65.648387096774201 151.90022267206481 23.386793136596683 0.013115159701555969 133.50000000000003 32.515324423541337 0.91597561503675362 18.981000000000005 42.500000000000007 3556.5000000000005 1.0000000180025095e-35 57.950500000000012 57.008500000000005 0.33095239102840429 97.005500000000012 108.96000000000002 96.975000000000009 107.01950000000001 0.60355339059327384 0.37668919563293463 73.191791666666674 106.96000000000002 141.50000000000003 0.013280450832098724
decision_type=2 2 2 2 2 2 2 2 2 2 2 2 2 2 2 2 2 2 2 2 2 2 2 2 2 2 2 2 2 2
left_child=1 2 6 4 -4 -6 11 8 -8 -10 -11 -1 17 14 15 16 -14 18 19 -5 22 23 -19 24 27 -26 -25 -22 29 -29
right_child=-2 -3 3 12 5 -7 7 -9 9 10 -12 -13 13 -15 -16 -17 -18 20 -20 -21 21 -23 -24 26 25 -27 -28 28 -30 -31
leaf_value=-0.03158079261927299 -0.021998647198127302 -0.019450442013232008 0.045893937586871866 -1.6265188470891425e-05 -0.0060375950497027105 0.094350725904993826 0.015161938809375105 -0.027532498180034001 0.16969490674819915 -0.031802559786388115 0.11173114398968119 -0.0065078927739577047 0.00095442375673993626 0.0024038922534867415 0.07912441555539225 -0.011019996873950664 0.037945625945922809 0.0023864014150217494 -0.020560204125769581 -0.011191990908180457 -0.0049176785755393384 0.00080514596082803883 0.023571226333813384 0.018257854685030224 0.013015258822132832 0.086065070871537239 -0.01682390810242174 0.17304733491340055 0.0068878389671625352 0.031453765634414349
leaf_weight=17.99977237964049 18.677104510832578 23.420934116467834 15.956420298898591 3808.7350507904775 30.850022446596995 3.7265332182869306 8.0640033604577166 3.5414586309343568 1.3414422678761178 1.0954463162925097 1.0515808139462022 160.97703112242743 18.515175525099039 600.24919164599851 5.8953956067562094 28.529472773429006 24.406998966354877 1574.2946738270111 158.56332284852397 193.29624427168164 386.54326710454188 3936.8208386261249 79.923104322282597 15.514727090485392 38.562227123649791 4.5917684331070623 279.41400581714697 1.6157228825613845 10.318511056015266 3.3496293604839593
leaf_count=431 980 1437 189 123504 415 50 95 92 53 43 57 2155 218 11772 58 339 160 59720 15511 8228 13498 113851 3147 571 1074 82 19481 61 541 132
internal_value=-3.06598e-05 5.21432e-06 4.51372e-05 0.000160094 0.0177635 0.00478189 -0.00660077 0.0221979 0.0374429 0.088948 0.038498 -0.00902948 8.04499e-05 0.0037468 0.0141684 0.00880897 0.0219889 -0.000156342 -0.00131842 -0.000556048 0.000607358 -0.000383951 0.00340994 -0.00671075 -0.00123102 0.0207881 -0.0149784 -0.00359575 0.0298372 0.0775282
internal_weight=11455.8 11437.2 11413.7 11219.7 50.533 34.5766 194.071 15.0939 11.5525 3.48847 2.14703 178.977 11169.1 677.596 77.347 71.4516 42.9222 10491.5 4160.59 4002.03 6330.95 4676.73 1654.22 739.91 444.981 43.154 294.929 401.827 15.2839 4.96535
internal_count=377945 376965 375528 372602 654 465 2926 340 248 153 100 2586 371948 12547 775 717 378 359401 147243 131732 212158 149291 62867 35440 15388 1156 20052 14232 734 193
is_linear=0
shrinkage=0.03


Tree=166
num_leaves=31
num_cat=0
split_feature=6 6 0 7 6 21 19 0 0 21 6 17 0 14 6 12 17 8 21 21 17 8 19 21 3 2 21 21 0 3
split_gain=9.89861 19.1299 20.4977 21.5422 21.1465 21.2804 17.7253 14.8776 45.0829 26.047 33.6372 29.3124 17.8221 21.1758 32.6616 17.726 16.9859 34.8142 29.7128 25.3698 15.5957 24.6993 14.5638 19.4768 14.2801 14.2581 14.1169 15.3207 19.1286 13.3872
threshold=419.83466928127365 439.99745254258175 511.97500000000008 -0.25528825560654483 458.29373749271912 3682.5000000000005 35.500000000000007 440.99500000000006 455.40500000000003 8361.5000000000018 411.85412471456999 0.016091410070657734 1723.9500000000003 3.5000000000000004 376.01803382610933 192.50000000000003 0.1482956260442734 276.50000000000006 6410.5000000000009 6329.5000000000009 0.054077638313174255 248.50000000000003 63.500000000000007 8827.5000000000018 -0.98296291314453399 -0.98296291314453399 9483.5000000000018 9052.5000000000018 500.07500000000005 -0.70710678118654757
decision_type=2 2 2 2 2 2 2 2 2 2 2 2 2 2 2 2 2 2 2 2 2 2 2 2 2 2 2 2 2 2
left_child=7 6 3 4 5 -3 -2 29 15 10 16 -11 13 26 22 25 17 20 19 -19 21 -10 23 -15 -5 -9 27 28 -13 -1
right_child=1 2 -4 24 -6 -7 -8 8 9 11 -12 12 -14 14 -16 -17 -18 18 -20 -21 -22 -23 -24 -25 -26 -27 -28 -29 -30 -31
leaf_value=-0.0028263822922624648 -0.019623808342859563 -0.021228249411508724 -0.017309641766956593 0.069745842525381893 -0.013665683455749303 0.042464494918103848 0.02054999805571078 0.067633759090745829 0.022379369106874505 -0.0088005242039054833 0.043567176964031472 0.046354030422653521 -0.023827154531717895 0.098456097049589755 0.00093277193669561581 -0.0035058885727462124 -0.02249169352731395 0.002129620217729548 -0.018502100069568823 0.076079879416287022 0.0044379701110286527 0.1144146466560822 0.10371342690034002 0.01748781203211678 0.0076945814868529319 0.023602304307579515 -0.0023737248295709764 0.025633115072189256 0.00013439448875374746 0.00029104303463132504
leaf_weight=1442.7500610132702 95.72281061054673 7.3237667848588925 57.677261386066675 3.4038883899338535 95.898417611955665 13.284872061107306 11.022603632882236 7.1565267478581509 19.064264827640731 78.649306981824338 12.247574448352678 9.2220174456015211 11.68259795475751 4.0666641462594288 12.712990486994387 21.055660597747192 53.364950174000114 42.586781705147587 126.71971035934985 4.6290592644363633 46.460136512760073 3.0432604914531103 5.6557324305176726 7.8065829463303089 172.17629085085355 88.082546374294907 54.701051644980907 69.538532950915396 63.893935794942081 8811.8236695635132
leaf_count=58852 2653 185 1653 60 4031 368 197 115 355 2470 103 177 351 51 179 616 1318 1303 3560 79 1072 78 49 102 3747 1467 937 1192 1333 289292
internal_value=-3.0361e-05 -0.004359 -0.000966347 0.0022609 -0.00774076 0.0198298 -0.0154754 0.000149332 0.00425052 0.0010641 -0.00515182 0.00708815 0.0123106 0.0141656 0.0375419 0.0214039 -0.00716856 -0.00379657 -0.0109334 0.00937973 0.0143075 0.0350487 0.0640929 0.04522 0.00889754 0.0269109 0.0105835 0.0155519 0.00596402 -0.000147558
internal_weight=11453.4 456.51 349.764 292.087 116.507 20.6086 106.745 10996.9 742.34 626.045 308.116 317.929 239.28 227.598 30.242 116.295 295.868 242.503 173.936 47.2158 68.5677 22.1075 17.529 11.8732 175.58 95.2391 197.356 142.654 73.116 10254.6
internal_count=377945 12894 10044 8391 4584 553 2850 365051 16907 14709 7868 6841 4371 4020 381 2198 7765 6447 4942 1382 1505 433 202 153 3807 1582 3639 2702 1510 348144
is_linear=0
shrinkage=0.03


Tree=167
num_leaves=31
num_cat=0
split_feature=14 6 22 21 21 5 21 21 22 11 6 7 7 5 6 5 13 12 11 6 6 0 22 5 22 0 7 5 6 6
split_gain=9.63515 9.5189 19.2959 17.9417 33.5194 65.4175 41.6146 32.9342 22.5316 16.2007 21.9235 17.7136 16.8258 16.0772 33.0257 23.9712 24.2151 29.1194 43.8328 21.1188 62.7755 50.9239 33.0561 28.1219 41.1157 47.8994 114.832 40.9493 48.8535 41.549
threshold=29.500000000000004 419.83466928127365 54730.500000000007 7375.5000000000009 8033.5000000000009 247.20149662512983 7669.5000000000009 7950.5000000000009 56113.500000000007 33.500000000000007 458.29373749271912 -0.30845048286840943 0.41598053769782811 182.7352221345952 239.13200698181927 194.67837767687723 20167.281250000004 151.50000000000003 36.500000000000007 204.38570124685731 205.59615934756204 97.005500000000012 33030.500000000007 143.45892908382868 104201.50000000001 226.21000000000001 -0.18065704062016871 120.55234225571726 236.82323399048286 235.47257929471041
decision_type=2 2 2 2 2 2 2 2 2 2 2 2 2 2 2 2 2 2 2 2 2 2 2 2 2 2 2 2 2 2
left_child=1 13 -3 -4 5 6 -5 -7 -6 -10 11 -11 -13 14 19 16 17 -15 -19 -1 21 22 -21 27 -25 26 -26 29 -29 -22
right_child=-2 2 3 4 8 7 -8 -9 9 10 -12 12 -14 15 -16 -17 -18 18 -20 20 23 -23 -24 24 25 -27 -28 28 -30 -31
leaf_value=-0.00031429004345851782 -0.021775414871830278 -0.012053346631041783 -0.010067773480775829 0.25411197406664487 0.089540460849413236 0.0050130727203762564 0.05615727485366126 0.082054178676040715 0.058092276298736374 -0.017238540559765099 -0.013573535949584421 0.039199109381861247 0.00081871519339536236 0.012811902820000588 -0.0071361558933757596 0.0011449963155913294 -0.0017519284396893238 0.14705893645490639 0.023952450294571392 -0.031806496796198715 0.015124684792661812 -0.0091621923463758772 0.08366051450915675 0.011368754488297061 0.031307172968073262 -0.020114683755515225 0.32481726225190372 -0.01799200147525511 0.035032001563356986 -0.02138696366986341
leaf_weight=7410.3646405547624 18.30928987567313 175.22903357376345 93.588585983612575 1.784937929362058 2.4535004124045363 29.91326014418155 2.0575031721964478 5.9947622464969745 3.9090158715844145 15.014372923411427 83.569329511374235 21.472937596030533 19.72211435623467 210.93072176212445 614.43301515153144 2130.7423967529321 109.61674714204855 3.6684602657333008 8.9627155293710512 2.5065662520937648 154.84067656937987 10.377766095101832 20.326621551299468 100.22199753206223 3.3920632349327207 2.7144734300673008 1.856119306758045 141.64858342998195 17.579220425570384 34.256208066130057
leaf_count=255917 980 6317 2361 46 49 646 60 109 74 493 2203 298 238 3865 29442 48470 3237 76 248 116 6877 375 409 3951 189 82 83 8592 620 1522
internal_value=-3.0025e-05 4.79854e-06 -0.00424859 0.000644849 0.0060382 0.0304643 0.148114 0.0178749 -0.00060571 -0.00214498 -0.00382955 0.0106573 0.0208245 0.000180967 -0.000436607 0.0023151 0.00979817 0.0154614 0.0597061 8.44537e-05 0.00611818 0.0459405 0.0709849 0.00322111 0.0165818 0.0821955 0.135113 -0.000928519 -0.012138 0.00851035
internal_weight=11451.5 11433.1 454.709 279.48 185.892 39.7505 3.84244 35.908 146.141 143.688 139.779 56.2094 41.1951 10978.4 8514.52 2463.92 333.179 223.562 12.6312 7900.08 489.72 33.211 22.8332 456.509 108.185 7.96266 5.24818 348.325 159.228 189.097
internal_count=377945 376965 12894 6577 4216 861 106 755 3355 3306 3232 1029 536 364071 308175 55896 7426 4189 324 278733 22816 900 525 21916 4305 354 272 17611 9212 8399
is_linear=0
shrinkage=0.03


Tree=168
num_leaves=31
num_cat=0
split_feature=1 1 7 20 18 10 20 5 14 19 18 18 10 11 5 22 8 18 8 16 8 8 22 22 12 22 17 5 8 8
split_gain=9.45218 16.2069 14.7799 14.3107 30.1501 26.4871 19.7958 10.6225 11.0486 14.7442 10.2167 20.4495 42.8804 26.9903 26.4733 21.8721 23.8002 28.7442 22.7984 30.864 26.4501 34.4035 46.2573 22.779 21.0881 20.5139 30.3117 25.1265 22.1723 105.504
threshold=2.2375126349582053 2.3221417159142539 -0.59348305398109458 45.869945526123054 7776.5000000000009 76.500000000000014 5.504486322402955 32.515324423541337 8.5000000000000018 282.50000000000006 2.5000000000000004 24.500000000000004 2.5000000000000004 1.5000000000000002 186.5685638953041 12911.000000000002 7.5000000000000009 8170.5000000000009 164.50000000000003 1.5000000000000002 142.00000000000003 146.50000000000003 29146.500000000004 30424.500000000004 147.50000000000003 17876.500000000004 0.095247998833656325 141.71728040540543 38.500000000000007 43.500000000000007
decision_type=2 2 2 2 2 2 2 2 2 2 2 2 2 2 2 2 2 2 2 2 2 2 2 2 2 2 2 2 2 2
left_child=2 3 7 5 -5 6 -2 -1 9 -9 -3 12 14 -14 -12 16 -13 -18 20 -20 25 22 -22 -21 -24 28 27 -27 -17 -30
right_child=1 10 -4 4 -6 -7 -8 8 -10 -11 11 15 13 -15 -16 18 17 -19 19 23 21 -23 24 -25 -26 26 -28 -29 29 -31
leaf_value=-0.031487181797071551 0.015372241852811509 -0.0069973487634689387 0.027904741849581732 0.12062002889988503 0.011292501417169582 -0.021265798796090658 0.0832640140397779 -0.0044382014090574773 -0.020724460044739101 0.04301027790249308 -0.00017150360378327402 0.0026071277697436611 0.031086320970752375 0.0043933625746604994 0.017007814270774881 0.0011318069829345269 -0.0041659886766554624 -0.018697040246073958 -0.0018250096138385434 0.020095578924879471 -0.020536027365702241 0.0067293226924222361 0.074385377093096353 0.001897148442196952 0.028731974359234927 -0.016123958084146125 0.0032031148827285556 0.0013345814139755514 0.075359070333184591 0.0062982451684195388
leaf_weight=16.568701923592016 20.495645385235552 184.38125704601407 10.570762884803115 3.4669571463018638 6.5770055428147316 15.884360743220894 4.7636581845581523 123.80386141780764 37.182691229041666 6.1887720674276343 740.93302731029689 371.02288027456962 79.809238120913506 59.515779742971063 90.602760074660182 158.68596077035181 821.88857199519407 143.98060203855857 4810.9680631861556 63.666716397739947 10.049299156991763 142.4006102012936 18.706026289146394 2234.1818092594622 17.743928316049278 159.22151210485026 808.06779933650978 138.92915026820265 23.655633975984529 125.69949341774918
leaf_count=395 240 2546 185 44 92 240 47 1499 845 70 8470 13866 461 420 673 6554 29501 12704 168322 2356 456 5112 221 75128 343 10121 26055 5403 600 4976
internal_value=-3.01547e-05 8.31026e-05 -0.00659036 0.0169253 0.04903 0.00908795 0.028176 -0.00857486 -0.00630402 -0.00217924 6.15646e-06 0.000123339 0.00428108 0.0196838 0.00170033 -0.000278357 -0.00385124 -0.00633211 0.000269917 -0.000458877 0.00350157 0.0140453 0.0364501 0.00240137 0.0521612 0.00209326 0.000186641 -0.00798881 0.00894022 0.0172365
internal_weight=11449.6 11255.3 194.315 51.1876 10.044 41.1437 25.2593 183.744 167.175 129.993 11204.1 11019.7 970.861 139.325 831.536 10048.9 1336.89 965.869 8711.98 7108.82 1603.16 188.9 46.4993 2297.85 36.45 1414.26 1106.22 298.151 308.041 149.355
internal_count=377945 374951 2994 663 136 527 287 2809 2414 1569 374288 371742 10024 881 9143 361718 56071 42205 305647 245806 59841 6132 1020 77484 564 53709 41579 15524 12130 5576
is_linear=0
shrinkage=0.03


Tree=169
num_leaves=31
num_cat=0
split_feature=12 0 0 17 0 6 0 0 0 18 10 18 0 3 6 18 0 0 6 22 10 11 19 6 10 0 12 0 0 10
split_gain=9.44083 9.54466 70.3428 25.4664 17.1546 15.5553 17.0163 44.891 29.3808 22.5346 22.0756 32.3147 26.5855 37.3903 24.0109 21.017 27.3319 59.2388 28.8196 20.7349 43.0812 22.6601 21.1601 20.574 30.986 20.1921 32.3862 29.3434 29.0372 28.5663
threshold=637.50000000000011 57.950500000000012 57.008500000000005 0.30068494379520422 58.930000000000007 398.73478829115862 48.955000000000005 46.918000000000013 49.956500000000013 2.5000000000000004 964.50000000000011 6665.5000000000009 46.020000000000003 -0.78656609248549325 395.77295757026781 9682.5000000000018 52.970000000000006 53.952500000000008 44.286291819191334 5291.5000000000009 1.5000000000000002 1.5000000000000002 126.50000000000001 28.811284757941074 1052.5000000000002 20.004500000000004 7.5000000000000009 27.531000000000002 29.995000000000001 175.50000000000003
decision_type=2 2 2 2 2 2 2 2 2 2 2 2 2 2 2 2 2 2 2 2 2 2 2 2 2 2 2 2 2 2
left_child=1 2 3 5 -3 6 7 10 -8 -9 12 23 19 -14 -13 -10 -17 -18 -19 20 -1 22 -22 24 -12 26 -21 -27 -29 -28
right_child=-2 4 -4 -5 -6 -7 8 9 15 -11 11 14 13 -15 -16 16 17 18 -20 25 21 -23 -24 -25 -26 27 29 28 -30 -31
leaf_value=-0.0017635751206097057 -0.019227847167060066 0.024097384928087898 -0.020191701953296816 -0.009887765655131088 0.00064382631713266183 -0.0139955506178128 0.013414071091663329 0.051078759817023811 -0.00067919116542719711 -0.018797829330405639 -0.011927412379953709 0.0097628375426162001 0.11422971097002181 0.014530637954899823 0.12252421067951971 -0.017563958271569174 0.26100318599794775 0.15135389138411384 0.0098616412505454984 -0.0097533298670489169 0.014959162008898047 0.0046606042115735682 0.043178047991865309 -0.012569503444745589 0.20073155466845774 -0.010989824082116614 0.01479252711456875 0.0089969419910521167 -0.0040649176435893332 -0.00028653534804932074
leaf_weight=560.28350437991321 23.007340494776145 28.18708587018773 166.1607970300829 237.609707487165 6623.6946308594197 68.410227387328632 232.29264899366535 4.2795117162168017 469.76567629387137 141.22698062495328 1.5316026711370789 367.98394693201408 3.8227065159007898 29.598677749745548 1.7074236320331682 5.542736350093036 1.2246658583171655 1.608988780528305 6.6514155380427837 158.45941415196285 97.766451912000775 147.44341700989753 31.660354446619749 84.52008785516955 1.0322593809105454 437.47151674784254 192.71756113041192 186.40133402380161 859.30892136576585 273.58836633805186
leaf_count=7157 1438 442 16117 9201 218488 2908 10735 34 16413 8159 107 14432 48 414 21 196 46 29 386 2624 582 1647 243 4958 53 13652 2201 7085 31671 6458
internal_value=-2.98421e-05 8.82865e-06 -0.00101527 -0.000323168 0.00074321 0.000197328 0.000423239 -0.000421499 0.00464148 -0.0167427 0.000269806 0.00641088 -0.000671967 0.0259341 0.0102836 0.00043802 0.0353618 0.0662897 0.037422 -0.000973896 0.00302048 0.0127017 0.0218621 -0.0100298 0.0736931 -0.00256023 0.00196375 -0.00446588 -0.0017366 0.00594543
internal_weight=11445 11422 4770.07 4603.91 6651.88 4366.3 4297.89 3580.8 717.086 145.506 3435.3 456.775 2978.52 33.4214 369.691 484.793 15.0278 9.48507 8.2604 2945.1 837.154 276.87 129.427 87.0839 2.56386 2107.95 624.765 1483.18 1045.71 466.306
internal_count=377945 376507 157577 141460 218930 132259 129351 101546 27805 8193 93353 19571 73782 462 14453 17070 657 461 415 73320 9629 2472 825 5118 160 63691 11283 52408 38756 8659
is_linear=0
shrinkage=0.03


Tree=170
num_leaves=31
num_cat=0
split_feature=14 1 1 5 6 16 5 20 22 17 13 3 1 5 1 21 12 13 14 21 15 20 13 7 16 18 12 21 17 6
split_gain=9.26488 9.24197 25.6452 15.4355 19.999 20.4355 12.8954 10.778 30.391 10.2075 9.71387 12.9463 15.0613 21.8902 23.2559 22.4033 10.549 11.8286 10.451 24.2221 20.0214 19.2247 16.5409 17.6929 15.2582 28.3844 28.1925 21.5007 21.2806 19.3078
threshold=29.500000000000004 6.9037221565529414 6.894112511483347 116.70992336996339 193.28160263649175 1.5000000000000002 237.91486463620984 49.604084014892585 223235.00000000003 0.052360441535711295 43867.025390625007 -0.12940952255126037 3.8067735885375806 56.313792592592598 3.8286740041214666 7862.5000000000009 179.50000000000003 46005.757812500007 3.5000000000000004 38.500000000000007 42.500000000000007 41.729801177978523 36127.685546875007 -0.14185266902461671 1.0000000180025095e-35 35.500000000000007 1.0000000180025095e-35 2087.5000000000005 0.014707427471876146 217.33991745726482
decision_type=2 2 2 2 2 2 2 2 2 2 2 2 2 2 2 2 2 2 2 2 2 2 2 2 2 2 2 2 2 2
left_child=1 2 10 4 -3 -6 9 -5 -9 -4 18 12 -12 15 -15 -14 17 -16 24 -20 -21 -22 -23 -24 25 26 -1 -27 29 -26
right_child=-2 3 6 7 5 -7 -8 8 -10 -11 11 -13 13 14 16 -17 -18 -19 19 20 21 22 23 -25 28 27 -28 -29 -30 -31
leaf_value=0.0020426321146574345 -0.021568784670611598 -0.010196284050702409 -0.010845403223519947 -0.012744393052463908 0.12145912445201887 0.0090729473816674421 0.037441111037501612 -0.031339970332334204 0.084703398730978652 0.043843541928086933 -0.02503453932928355 -0.0088210595615849235 0.10662311025847895 0.10811089785252451 -0.007915821390034869 0.01047904061671583 -0.0031579718389686631 0.1179060775093753 -0.033684280834353632 -0.0019774620917175989 0.026344616851833317 -0.0019419486492012195 0.0018414262866523555 0.065595274665759304 -5.7369646321959e-06 -0.0093691828409012967 0.018342356689038445 -0.00060443631165171569 0.0037103647081558068 -0.013219267357401553
leaf_weight=342.56857472099364 17.94509614771232 7.0249289365019632 12.113421414513143 124.40725262265187 2.8978141658008099 2.9268884076736867 24.718306645750999 4.3499055374413711 3.8104395354166627 4.1150171239860347 11.707191839581354 226.55042493052315 4.1419066481757891 1.8739697509445239 1.2843114864081138 4.6080217021517456 44.359715783735737 1.4115000418387351 20.932611357420683 2312.0450366298901 42.491918735671788 97.323484820313752 8.5139332404360157 7.2569412626326075 880.56809437356424 267.65774458332453 132.41873329877853 4276.9129152034875 2440.5418687264901 112.2083718504291
leaf_count=4308 980 295 150 4165 46 63 165 169 88 56 595 11734 45 37 58 62 2530 70 282 44970 605 1784 159 123 45143 8134 658 185906 59004 5561
internal_value=-2.96962e-05 4.13868e-06 0.00010103 -0.0075106 0.0238834 0.0649855 0.0237998 -0.0105536 0.022846 0.00302198 1.46766e-05 -0.0053485 0.00598955 0.0122865 0.00447108 0.0559902 0.000343665 0.0579633 0.000159736 -0.00154906 -0.00127647 0.00914049 0.00267654 0.0311777 0.000662815 -0.000391318 0.00658673 -0.00112065 0.00220397 -0.00149919
internal_weight=11441.7 11423.7 11278.3 145.417 12.8496 5.8247 40.9467 132.568 8.16035 16.2284 11237.4 295.937 69.3866 57.6794 48.9295 8.74993 47.0555 2.69581 10941.4 2488.56 2467.63 155.586 113.094 15.7709 8452.88 5019.56 474.987 4544.57 3433.32 992.776
internal_count=377945 376965 372139 4826 404 109 371 4422 257 206 371768 15131 3397 2802 2695 107 2658 128 356637 47923 47641 2671 2066 282 308714 199006 4966 194040 109708 50704
is_linear=0
shrinkage=0.03


Tree=171
num_leaves=31
num_cat=0
split_feature=0 6 0 0 12 0 10 3 10 3 3 5 8 12 10 10 6 2 6 13 0 0 0 12 10 0 20 10 20 2
split_gain=9.08371 15.3621 15.2152 31.9214 27.0168 26.8269 20.2341 64.9262 27.8473 18.8907 25.3569 21.0291 20.908 32.0894 19.5422 17.6244 15.1049 14.8354 14.2191 13.8133 13.0145 33.2845 21.314 19.8023 19.5799 23.2687 14.2293 20.8432 24.5625 19.4641
threshold=8.3700000000000028 116.40511806838684 19.582500000000003 26.422000000000004 1.0000000180025095e-35 26.822000000000006 970.50000000000011 -0.12940952255126037 10.500000000000002 -0.3794095225512602 0.1294095225512602 125.30883783783786 10.500000000000002 14.500000000000002 1306.5000000000002 105.50000000000001 209.05820766989311 0.98296291314453421 268.50296604129261 38251.121093750007 29.995000000000001 30.953500000000002 27.531000000000002 224.50000000000003 963.50000000000011 28.464000000000002 48.373052597045906 996.50000000000011 46.094766616821296 -0.78656609248549292
decision_type=2 2 2 2 2 2 2 2 2 2 2 2 2 2 2 2 2 2 2 2 2 2 2 2 2 2 2 2 2 2
left_child=1 -1 4 15 -2 6 8 -8 -5 11 12 -6 13 -11 -12 17 -13 -4 -3 -14 22 -22 -7 24 -24 -26 27 28 29 -27
right_child=2 18 3 5 9 20 7 -9 -10 10 14 16 19 -15 -16 -17 -18 -19 -20 -21 21 -23 23 -25 25 26 -28 -29 -30 -31
leaf_value=-0.0088417816349884402 -0.0061699786225824678 0.041549224625898724 -0.0028175987034453724 0.047526505034468577 -0.010993784011167768 -0.012266111525869377 0.18872265558104356 -0.022108291109463198 -0.0072036815909226415 0.0080862598498203427 0.0049301596527655976 0.065121950509595225 0.021362073949035085 0.1803028335635061 0.064266522371562787 -0.010669180939196133 0.0031083616389632833 0.026408001264122283 -0.027626138474133734 -0.024170388933142155 -0.012996043274199448 0.00016781159291963941 0.0073841498914393915 -0.023962184649845834 -0.028174231387021995 0.1969674077904289 0.079874187232230456 0.0048472856446249574 0.013200222592042208 0.070327120964106427
leaf_weight=179.27892172220163 186.12976108398288 10.409990781918166 366.19666313752532 14.759589049965141 85.185960570815951 50.563568270998076 2.5420824862085283 2.7225022895727298 19.318476577987894 2.0618074396625157 441.95800120662898 5.874161791522055 109.03051154175773 1.8452555057592688 5.0525621948763719 383.80640903266612 8.8770844001555798 16.329102665185928 3.5988460932858279 6.3454751616809508 176.23353778000455 9055.5492613910465 247.74245383311063 15.774848792701958 5.4048777255229643 1.3144234807696191 6.2144110826775423 14.782703495351596 6.6493512182496488 6.4628664706833678
leaf_count=2716 3053 185 5701 145 1789 1624 38 84 428 38 7237 107 1505 89 67 15415 273 121 93 159 7645 318411 8037 993 177 80 248 847 360 280
internal_value=-2.92293e-05 -0.0064776 8.1613e-05 -0.000234426 0.0039349 0.000234701 0.0249568 0.0796945 0.0165006 0.00675797 0.00888012 -0.00526717 0.0211692 0.0894219 0.00560084 -0.00612721 0.0278031 -0.00157003 0.0237782 0.0188579 0.000133244 -8.34847e-05 0.00577072 0.00876733 0.0105565 0.0298059 0.0386524 0.0298823 0.0555352 0.0917303
internal_weight=11438 193.288 11244.7 10392.4 852.361 9626.03 39.3427 5.26458 34.0781 666.231 566.294 99.9372 119.283 3.90706 447.011 766.332 14.7512 382.526 14.0088 115.376 9586.69 9231.78 354.91 304.346 288.571 40.8286 35.4238 29.2093 14.4266 7.77729
internal_count=377945 2994 374951 360634 14317 339397 695 122 573 11264 9095 2169 1791 127 7304 21237 380 5822 278 1664 338702 326056 12646 11022 10029 1992 1815 1567 720 360
is_linear=0
shrinkage=0.03


Tree=172
num_leaves=31
num_cat=0
split_feature=5 5 7 8 19 8 5 5 5 5 14 6 6 6 6 6 10 8 8 6 6 6 8 18 0 18 11 22 3 6
split_gain=9.03702 24.8285 15.7037 23.8144 11.5837 36.2121 13.1346 168.605 12.8117 51.1898 53.1419 18.0437 14.3334 20.4421 29.1909 39.4857 21.6352 12.515 36.7412 23.3885 38.7268 37.9994 42.3746 33.8654 28.4097 25.1356 25.1333 37.9988 22.3857 21.2667
threshold=354.15939723320167 336.90312500000005 -0.2417412884496776 41.500000000000007 1.5000000000000002 11.500000000000002 40.528457893990939 39.77545269792649 86.766208333333353 88.653566176470605 1.0000000180025095e-35 25.887427956214896 170.74345433437125 153.37835757090235 160.54223381001967 157.57941217224715 893.50000000000011 164.50000000000003 135.50000000000003 256.80036933413538 356.7496448533455 157.57941217224715 144.50000000000003 3388.5000000000005 99.485000000000014 7612.5000000000009 11.500000000000002 16913.000000000004 -0.70710678118654757 146.12696179302233
decision_type=2 2 2 2 2 2 2 2 2 2 2 2 2 2 2 2 2 2 2 2 2 2 2 2 2 2 2 2 2 2
left_child=1 4 -3 -4 5 8 7 -7 -1 10 11 -10 13 -11 15 16 -15 18 28 21 -21 23 -23 26 -24 -26 -20 -28 -6 -30
right_child=-2 2 3 -5 17 6 -8 -9 9 12 -12 -13 -14 14 -16 -17 -18 -19 19 20 -22 22 24 -25 25 -27 27 -29 29 -31
leaf_value=-0.0048507540450884491 -0.0082071559116067144 0.00053809025589067266 -0.0098257101955169096 0.05941064424393673 -0.0070251397683589985 -0.026211799027231714 -0.013758998785724988 0.42022823429062534 0.11570169700018268 0.0051887158427473242 0.28117369339128634 -0.015630888581094817 -0.01709569491527373 0.1380501433594771 -0.0039195826410533905 0.23487778510568394 -0.031127285088063419 -0.00031155467274846964 0.024219538168516717 -0.023220389687580049 0.023273765430055854 -0.015456600023528192 0.065483821130078348 0.00050796273342438203 -0.027965295939648818 0.042729372419916548 0.015522603313334649 0.18628763039906268 0.0044681845955600518 -0.00292980718127988
leaf_weight=142.67219528276473 120.32499865221325 14.799309734022243 6.1687549131456789 16.246623357525095 283.77330208290368 6.353194377385079 250.23154239612631 0.86501869489438821 1.826492102351039 179.15447818534449 1.1474789120256899 1.9431321576703338 24.45780472503975 1.1988905444741234 4.0818585285451263 1.458686815574765 1.5728926567826418 8488.0478754455689 32.632883723825216 37.483008611714467 28.294311369536445 11.640986886108292 32.139423102373257 110.54905307013541 6.5792720704339471 14.50736112333834 2.414804558036848 2.280149825848639 1098.3613822488114 513.07745982159395
leaf_count=7565 3597 370 111 141 10887 428 22641 58 49 6765 32 138 1098 32 190 50 75 263339 272 1314 761 569 783 4188 215 385 101 31 31932 19828
internal_value=-2.89304e-05 5.80304e-05 0.0245219 0.0403567 -2.2689e-05 -0.00401938 -0.0126081 0.0272888 0.00213107 0.00672479 0.102417 0.0480036 0.00450452 0.00732259 0.0533137 0.108536 0.0420477 0.000208587 0.00223965 0.0124137 -0.00322079 0.0172477 0.0363911 0.00885031 0.0477306 0.0206718 0.0335568 0.0984563 0.000744464 0.00211269
internal_weight=11436.3 11316 37.2147 22.4154 11278.7 616.964 257.45 7.21821 359.514 216.842 4.9171 3.76962 211.925 187.467 8.31233 4.23047 2.77178 10661.8 2173.73 278.521 65.7773 212.744 64.867 147.877 53.2261 21.0866 37.3278 4.69495 1895.21 1611.44
internal_count=377945 374348 622 252 373726 39121 23127 486 15994 8429 219 187 8210 7112 347 157 107 334605 71266 8619 2075 6544 1952 4592 1383 600 404 132 62647 51760
is_linear=0
shrinkage=0.03


Tree=173
num_leaves=31
num_cat=0
split_feature=5 18 13 3 19 21 11 18 16 13 22 0 0 0 17 16 21 3 0 0 0 22 12 18 12 17 5 6 7 5
split_gain=8.89672 12.9254 14.1538 18.1891 13.6385 11.4946 56.9933 36.4152 22.8813 22.6449 19.6224 19.3219 28.2801 26.0571 21.8507 23.1826 19.9036 28.0291 22.1964 22.7456 31.0718 19.1395 18.3051 34.9461 22.5976 18.2741 18.1956 21.0698 30.1356 17.6826
threshold=32.515324423541337 3931.5000000000005 953.51202392578136 0.37940952255126048 15.500000000000002 4013.5000000000005 22.500000000000004 6270.5000000000009 1.5000000000000002 577.95501708984386 155335.50000000003 19.582500000000003 27.531000000000002 18.194000000000006 0.13987033814191821 2.5000000000000004 3904.5000000000005 -0.60355339059327384 32.363000000000007 171.11500000000004 249.97500000000002 152815.00000000003 106.50000000000001 5844.5000000000009 10.500000000000002 0.00087097179493866872 143.45892908382868 204.38570124685731 -0.49754943841773203 40.451152647975086
decision_type=2 2 2 2 2 2 2 2 2 2 2 2 2 2 2 2 2 2 2 2 2 2 2 2 2 2 2 2 2 2
left_child=1 -1 3 -3 -5 6 9 22 29 10 21 13 -13 14 -11 -16 -14 -18 -19 -20 -21 -2 24 -24 26 -10 27 -7 -29 -9
right_child=5 2 -4 4 -6 7 -8 8 25 11 -12 12 16 -15 15 -17 17 18 19 20 -22 -23 23 -25 -26 -27 -28 28 -30 -31
leaf_value=-0.015207260746586935 0.0012097884679084629 -0.011108703294099003 -0.0049186342371889654 0.094688593890851602 0.023185908022305326 -0.0060991053372217632 -0.028489012897739099 0.0079983358071739948 -0.017841527570466923 -0.0036427245655280709 -0.0094651359419100026 -0.014922437157935351 0.0048939632949436072 0.063643144442950314 0.019412697448383743 0.084602044929438444 0.09001569811878149 0.070409045354639321 -0.00047276800301645675 0.085672193073587935 -0.0026433981032381016 0.052676978461461126 -0.029376591822676264 -0.0062708583189680679 0.0013857700313756546 0.0037557745348596192 -0.019791014970762282 0.094566529784148409 -0.0098672887581170553 -0.0010724994762208589
leaf_weight=83.739619742613286 2312.1238803337328 6.9993101656436947 62.437305724015459 4.0183703973889333 5.9643321260809898 294.2640313054435 55.888926125830039 201.66521546943113 36.008399026468396 34.415961123071611 161.35500550363213 59.540018527535722 585.11831380508374 10.789776858408002 32.151953836902976 5.7944864993914953 5.0571892596781245 6.2129770256578913 42.037595767527819 7.4650718197226507 6.8987493067979813 6.521307758986949 72.95496905548498 306.04654013784602 500.37894329696428 1696.081234971527 93.234652021434158 4.6038239896297455 5.4079265259206277 4728.5740194220562
leaf_count=1881 29945 124 1995 75 101 3543 10413 3068 3614 454 2118 1167 8082 99 354 52 58 59 496 66 53 65 16460 14931 12029 55014 1574 22 114 209919
internal_value=-2.89526e-05 -0.00698416 0.00168627 0.0259704 0.0519681 7.17345e-05 0.00155075 -0.000548875 0.000340609 0.00206331 0.000650587 0.00646764 0.00487019 0.0201523 0.0136675 0.0293672 0.00667544 0.0220789 0.0165919 0.0106635 0.0432554 0.00135454 -0.00518986 -0.0107185 -0.00285619 0.00330679 -0.00819588 -0.00464296 0.0381558 -0.000701468
internal_weight=11433.7 163.159 79.4193 16.982 9.9827 11270.6 3331.37 7939.22 6662.33 3275.48 2480 795.482 712.33 83.1522 72.3624 37.9464 652.79 67.6716 62.6144 56.4014 14.3638 2318.65 1276.89 379.002 897.889 1732.09 397.51 304.276 10.0118 4930.24
internal_count=377945 4176 2295 300 176 373769 53481 320288 271615 43068 32128 10940 9981 959 860 406 8814 732 674 615 119 30010 48673 31391 17282 58628 5253 3679 136 212987
is_linear=0
shrinkage=0.03


Tree=174
num_leaves=31
num_cat=0
split_feature=18 15 10 18 15 10 7 5 5 19 16 6 19 1 1 1 21 15 21 1 1 22 13 1 6 6 18 14 1 1
split_gain=8.8988 13.8439 64.5303 51.0742 39.5363 23.2279 20.5813 19.206 28.1394 22.9396 17.5286 19.8339 18.1356 22.7985 16.936 33.6301 23.0406 22.5035 24.7177 16.4258 16.228 16.7999 16.038 15.948 18.1216 21.6728 25.29 31.4181 15.7098 40.6253
threshold=2.5000000000000004 3.5000000000000004 4.5000000000000009 1702.5000000000002 1.5000000000000002 10.500000000000002 0.77287766240366584 48.186564067272009 47.244698122241168 118.50000000000001 1.5000000000000002 28.811284757941074 315.50000000000006 3.0447366775324571 4.35653571980398 4.3688590705920598 3904.5000000000005 13.500000000000002 3445.5000000000005 3.7110810302705803 4.5108979665760982 186502.00000000003 25.006999969482425 2.3991663829799612 33.95272669108568 32.368564995121005 6138.5000000000009 10.500000000000002 4.4557997260308309 4.4773652227620708
decision_type=2 2 2 2 2 2 2 2 2 2 2 2 2 2 2 2 2 2 2 2 2 2 2 2 2 2 2 2 2 2
left_child=-1 2 7 5 -4 -3 19 8 22 -9 11 -5 13 23 -13 16 -16 20 -19 -6 -17 -22 -2 -12 25 26 27 -25 -20 -30
right_child=1 3 4 10 6 -7 -8 9 -10 -11 12 14 -14 -15 15 17 -18 18 28 -21 21 -23 -24 24 -26 -27 -28 -29 29 -31
leaf_value=-0.0064007352354372099 -0.0033453550481624163 0.0035551104397885513 0.047766264041062372 0.0067503044837004924 0.020046066411265828 -0.01955579087665554 0.051235854294102233 0.0043177222480603817 -0.023168494365229355 0.033777608262991615 -0.0022017575163402795 -0.0027344081295376617 -0.0083328414620894072 0.0020341765648401915 0.082619053983540164 0.035727691964778527 0.013827578614613709 -0.016740561823589694 -0.01196678472596395 -0.014448799583536037 0.0063537986809603609 -0.014599817934276676 0.0056258670158543462 0.011782549441490039 0.01443844019636191 0.10725265089771294 -0.017818358551229142 0.12836593815600905 0.031540841573376527 -0.00067921426283182676
leaf_weight=193.90360205899924 521.28352617938071 50.346689455211163 42.896592877805233 304.44142073090188 24.140561636537313 175.83487615466584 9.1564297303557378 457.78404436632991 51.371737053617835 25.09237265214324 40.461810996057466 3057.5628707750002 138.86395912058651 2162.2482814742252 4.5747252311557522 15.697159310802816 103.98444747552276 88.970386124798097 107.48372613731772 25.597941244021058 445.01878324244171 37.325801607221365 273.41124769300222 4.7503958879970032 95.164670465048403 4.149663671385496 5.9697886416688553 3.7014348800294101 35.649158913409337 2924.1348471667152
leaf_count=2728 7975 801 260 11483 218 8051 59 4343 402 174 625 129398 2658 73954 27 134 4735 3560 4407 267 4731 404 1870 93 1849 40 100 65 1411 111123
internal_value=-2.86887e-05 8.12655e-05 0.00283802 -0.000320942 0.0258588 -0.0144114 0.0099024 0.00107472 -0.00164988 0.00584859 1.17264e-05 -0.000741583 0.00219769 0.00282896 -0.001076 0.000271573 0.0167265 -0.000217259 -0.00115243 0.00229327 0.00570923 0.00473232 -0.000258845 0.0139739 0.0197284 0.0468358 0.0294515 0.0628396 -0.000700279 -0.000291139
internal_weight=11431 11237.1 1430.73 9806.33 101.792 226.182 58.8949 1328.94 846.067 482.876 9580.15 7124.84 2455.31 2316.45 6820.4 3762.84 108.559 3654.28 3156.24 49.7385 498.042 482.345 794.695 154.198 113.736 18.5713 14.4216 8.45183 3067.27 2959.78
internal_count=377945 375217 15568 359649 804 8852 544 14764 10247 4517 350797 271413 79384 76726 259930 130532 4762 125770 120501 485 5269 5135 9845 2772 2147 298 258 158 116941 112534
is_linear=0
shrinkage=0.03


Tree=175
num_leaves=31
num_cat=0
split_feature=12 0 0 17 8 8 2 19 5 6 5 5 8 0 8 22 8 4 19 0 0 0 0 0 0 18 9 5 6 22
split_gain=8.91048 8.78466 67.3778 24.5071 18.1216 26.6985 32.697 22.1437 36.1962 18.3988 26.4735 36.6437 57.0149 44.5771 17.5323 49.0134 49.2082 16.174 16.9656 15.9779 15.2182 16.3944 41.3258 37.7308 32.3109 22.1867 31.3317 19.5295 17.4306 17.3826
threshold=637.50000000000011 57.950500000000012 57.008500000000005 0.33095239102840429 421.50000000000006 363.50000000000006 0.25881904510252091 7.5000000000000009 218.67191445969021 246.61510741446597 188.85556295955885 194.67837767687723 278.50000000000006 30.822000000000003 31.500000000000004 19247.000000000004 26.500000000000004 1.0000000180025095e-35 97.500000000000014 58.930000000000007 58.955000000000005 97.005500000000012 108.96000000000002 96.975000000000009 107.01950000000001 2210.5000000000005 7.5000000000000009 73.191791666666674 793.34761010126829 71986.000000000015
decision_type=2 2 2 2 2 2 2 2 2 2 2 2 2 2 2 2 2 2 2 2 2 2 2 2 2 2 2 2 2 2
left_child=1 2 3 4 5 9 -7 8 -6 10 -1 12 13 -12 15 -11 -17 -9 -19 -3 -21 23 24 -22 25 28 29 -26 -23 -27
right_child=-2 19 -4 -5 7 6 -8 17 -10 14 11 -13 -14 -15 -16 16 -18 18 -20 20 21 22 -24 -25 27 26 -28 -29 -30 -31
leaf_value=0.0023876713853496498 -0.01891372731386522 0.023129042217266749 -0.019953522062611646 -0.010226606101444021 -0.013856907374590395 0.0061726028695813047 0.042474836815298352 0.0015059439073250036 0.13850144940050862 -0.005780623917614045 0.25246417893405787 0.0062526840789143348 -0.032589180036507875 0.071402247582131637 -0.014276101045512702 0.040501206949493197 0.34007892259066547 3.0856466870802805e-05 -0.0068584074474332445 -0.02015280337586076 0.0022384161369024096 -0.013370669044577182 0.0010313876300581811 0.022911451195074602 0.016798730385051655 0.013073541535465572 -0.0044983860610964049 -0.015924886317014761 0.090459917242377383 0.10959871805799891
leaf_weight=1088.8766142460518 22.440732554299757 28.495267211226746 162.61602236598264 213.5872177114943 146.71813249029219 69.505635158857331 32.899007090600207 1607.1306563628605 1.4169266570825119 8.2977708611870167 2.1066007399931577 12.627176034497095 2.3171205837279558 2.9201573026366532 93.677960176719353 1.2663395786657923 0.80854578223079432 734.14120193815324 572.65902141085826 31.600156312342733 1614.1228882891592 126.91862689296249 4116.5033865277655 83.570372554473579 17.398408961482346 123.48493610951118 214.64840980560984 290.06704626791179 1.4720129189081479 1.7022481616586436
leaf_count=37140 1438 442 16117 8821 15419 1789 468 40848 69 514 60 545 57 114 5111 86 42 21769 8608 2424 58948 4633 117113 3217 608 4830 6379 20197 70 69
internal_value=-2.83231e-05 8.84096e-06 -0.000975995 -0.000303793 0.000180376 0.00312553 0.0178352 -0.00108471 -0.0123996 0.00188359 0.00301544 0.0372433 0.090529 0.147281 -0.0101784 0.0268293 0.157241 -0.000509493 -0.00298812 0.000712826 0.000616359 0.000715952 -0.000165519 0.00325606 -0.00651736 -0.00155577 0.00245818 -0.0140732 -0.0121802 0.0143861
internal_weight=11426 11403.6 4753.57 4590.96 4377.37 1315.3 102.405 3062.07 148.135 1212.9 1108.85 19.9711 7.34388 5.02676 104.051 10.3727 2.07489 2913.93 1306.8 6649.98 6621.49 6589.89 4892.2 1697.69 775.692 468.226 339.836 307.465 128.391 125.187
internal_count=377945 376507 157577 141460 132639 45926 2257 86713 15488 43669 37916 776 231 174 5753 642 128 71225 30377 218930 218488 216064 153899 62165 36786 15981 11278 20805 4703 4899
is_linear=0
shrinkage=0.03


Tree=176
num_leaves=31
num_cat=0
split_feature=14 2 3 3 0 18 8 8 0 7 20 6 6 2 16 17 5 15 17 18 7 18 5 8 8 8 17 18 18 5
split_gain=8.82226 9.00477 35.1325 19.2058 17.478 14.2652 14.233 24.1436 22.5669 19.3652 15.0141 50.7324 17.2255 17.3244 17.2072 16.7959 19.1631 20.2242 18.0433 15.6827 17.2448 13.7913 29.5884 15.4413 32.018 25.768 22.7639 15.5243 15.2637 21.5809
threshold=29.500000000000004 0.25881904510252091 1.0000000180025095e-35 -0.3794095225512602 14.932500000000003 8.5000000000000018 421.50000000000006 365.00000000000006 31.421000000000003 -0.56244857709081897 45.301012039184577 32.698846596449734 273.33134179389964 0.78656609248549325 11.500000000000002 0.017252720892429355 253.46117030533148 40.500000000000007 0.035727310925722129 9529.5000000000018 0.8765019940522335 4038.5000000000005 46.544581362612618 73.500000000000014 148.50000000000003 121.00000000000001 0.07588831335306169 5802.5000000000009 8199.0000000000018 43.594149572649584
decision_type=2 2 2 2 2 2 2 2 2 2 2 2 2 2 2 2 2 2 2 2 2 2 2 2 2 2 2 2 2 2
left_child=1 3 21 4 5 -1 7 -4 9 -9 12 -12 14 -14 -8 -15 17 -17 -19 -13 -21 -3 28 -24 25 -25 -27 -26 29 -23
right_child=-2 2 6 -5 -6 -7 10 8 -10 -11 11 19 13 15 -16 16 -18 18 -20 20 -22 22 23 24 27 26 -28 -29 -30 -31
leaf_value=0.01157069420231677 -0.021308569826734423 0.014388141282314993 0.001692893905963943 0.00033242276203224397 -0.0023971130181258283 -0.022050445659705025 -0.0052243153390022631 0.031827808617588431 0.0088517456750224315 0.10515407134062087 0.13597440202400402 0.0011664163085191074 -0.0034886999840577269 -0.029195830346971798 0.029755940705655619 0.015015606516768067 -0.0071852369984606304 0.034070060253007177 0.10441805480116437 0.016381160100064435 0.11657420888359515 -0.012744612949432538 -0.013890015778245345 0.0065070839308959622 -0.025903596724708409 0.082619069742726786 0.0077947813918699625 0.0022549887870112694 0.038313159515139819 0.043405536256507428
leaf_weight=13.605521105229853 17.506728967651725 202.72854280634783 637.25827993440907 6762.6333606628468 2023.391874248744 68.749359290231951 957.94061287678778 10.688001046422867 28.192275133915246 4.6525361547246566 2.8149709999561301 61.700694896280766 124.12332458002493 7.9903582930564871 12.825757768237962 62.794223191798665 24.720985310617834 13.418032682966443 4.3436037250794461 4.8806307232007375 2.2628700956702232 17.047590095549825 52.042445953004062 18.741338326362893 19.24034641077742 11.07070126803592 5.4661594945937386 209.37901854375377 31.800681292079389 9.6462319102138263
leaf_count=197 980 1800 18518 232059 81042 1415 23597 130 640 66 28 2565 2728 165 280 1054 440 248 80 173 20 156 1637 533 447 146 78 6463 202 58
internal_value=-2.83672e-05 4.2947e-06 0.00158003 -0.000446618 -0.00294852 -0.016496 -0.00033512 0.0031695 0.024785 0.0540665 -0.00219939 0.0111427 -0.00299074 0.00425315 -0.00476216 0.012737 0.0159197 0.0230101 0.0512736 0.00603844 0.0481196 0.00808576 0.00467348 0.0010448 0.00399005 0.0305914 0.0578864 -0.000114806 0.0242727 0.00754613
internal_weight=11423.7 11406.2 2537.77 8868.38 2105.75 82.3549 1960.61 680.791 43.5328 15.3405 1279.82 71.6592 1208.16 237.391 970.766 113.267 105.277 80.5559 17.7616 68.8442 7.1435 577.163 374.435 315.94 263.898 35.2782 16.5369 228.619 58.4945 26.6938
internal_count=377945 376965 62252 314713 82654 1612 50732 19354 836 196 31378 2786 28592 4715 23877 1987 1822 1382 328 2758 193 11520 9720 9304 7667 757 224 6910 416 214
is_linear=0
shrinkage=0.03


Tree=177
num_leaves=31
num_cat=0
split_feature=7 7 3 10 19 18 17 10 18 18 3 5 14 19 17 1 1 17 16 18 10 12 1 17 9 19 13 9 3 5
split_gain=8.65611 21.8334 12.9496 11.9857 11.6253 15.0713 13.4972 25.7454 13.3153 18.4925 23.4805 12.7287 11.9061 59.9548 15.6426 18.1004 20.6667 15.4426 16.1037 16.6912 22.3328 15.3954 15.2586 15.0113 20.9368 20.8095 25.8793 20.0666 22.3743 19.5203
threshold=-1.0219452121242616 -0.93525243556754167 -0.78656609248549325 1403.5000000000002 1.5000000000000002 8657.5000000000018 0.0036734319292008881 729.50000000000011 8825.5000000000018 8775.5000000000018 -0.60355339059327384 354.15939723320167 3.5000000000000004 32.500000000000007 0.0092706354334950464 3.7368955074401455 3.8908402253256194 0.014707427471876146 1.5000000000000002 35.500000000000007 1.5000000000000002 1.5000000000000002 1.9716474512955606 0.14280788600444796 25.500000000000004 138.50000000000003 19607.467773437504 24.500000000000004 0.91597561503675351 160.33497863387981
decision_type=2 2 2 2 2 2 2 2 2 2 2 2 2 2 2 2 2 2 2 2 2 2 2 2 2 2 2 2 2 2
left_child=2 -2 -1 -4 5 -3 7 -6 9 -9 -11 12 17 -14 15 -15 -17 22 19 20 -19 -22 -8 24 27 29 -27 -20 -29 -26
right_child=1 4 3 -5 6 -7 11 8 -10 10 -12 -13 13 14 -16 16 -18 18 23 -21 21 -23 -24 -25 25 26 -28 28 -30 -31
leaf_value=-0.017812988105989892 -0.012760929917599277 -0.0012532074106920211 0.0075145838165052159 0.081588211383867959 0.05716003347118493 -0.012374120545222906 0.07774226738071098 -0.0066008272065306824 -0.023532485925933648 0.25386502342485184 0.029127358632319165 -0.013375972846905461 -0.020421642814480393 -0.026818427972675293 -0.0006032049509135071 0.12556217223960339 0.019649246203934208 0.0022935836695046749 0.011062246429394833 0.00042343308694825846 0.0068696563262090008 0.026658030850697279 -0.0020316940078560007 -0.002091093898376379 -0.0063135962098497464 0.0071133967235038056 0.087557929431957879 0.071152425285758047 -0.02179407041777006 0.0066496496893081944
leaf_weight=18.786129238083959 122.05192531400826 413.27803048223723 191.83826378639787 1.9863321906886984 5.0286753226537249 149.29641146119684 2.161347192246466 69.505147356190719 52.715920683927834 0.52782606892287764 2.0183479110710314 60.522543530561961 140.41343751153909 7.4212566986680022 2323.8510158150457 1.7287164218723763 40.600396015681326 385.82074330560863 336.59959907154553 4921.9677067343146 74.967758875340223 67.01557432115078 1358.4991384643363 207.81152781960554 173.93641269044019 9.7108456231653673 5.7187170274555674 9.8575560539029521 3.0527648031711569 262.04937895294279
leaf_count=720 2910 23898 6226 42 120 11637 33 7262 5216 56 209 1996 9796 322 38470 88 1372 3913 9445 170525 531 345 69047 2272 6075 91 40 221 81 4986
internal_value=-2.79638e-05 -0.000141716 0.0059687 0.0082737 -2.78549e-06 -0.00420448 0.000221832 -0.00939246 -0.0120748 -0.00369189 0.0757158 0.000341895 0.000422242 -0.00137367 -0.000246864 0.0163979 0.0239747 0.000999663 0.0016116 0.000967112 0.00603712 0.0162097 -0.00190498 0.00509352 0.00695767 0.00268969 0.0369289 0.01247 0.0491744 0.00147797
internal_weight=11420.7 11208.1 212.611 193.825 11086.1 562.574 10523.5 129.796 124.767 72.0513 2.54617 10393.7 10333.2 2514.01 2373.6 49.7504 42.3291 7819.17 6458.51 5449.77 527.804 141.983 1360.66 1008.74 800.925 451.415 15.4296 349.51 12.9103 435.986
internal_count=377945 370957 6988 6268 368047 35535 332512 12863 12743 7527 265 319649 317653 50048 40252 1782 1460 267605 198525 175314 4789 876 69080 23211 20939 11192 131 9747 302 11061
is_linear=0
shrinkage=0.03


Tree=178
num_leaves=31
num_cat=0
split_feature=0 0 19 8 19 5 19 5 9 11 0 0 0 6 18 13 6 18 18 17 20 18 21 6 11 18 13 18 17 0
split_gain=8.64137 24.3744 14.4372 19.9619 17.3312 14.3954 19.2269 19.3639 11.8016 21.7716 11.6334 20.7719 34.6004 20.2918 17.5196 14.1029 12.5801 11.7406 14.9914 17.2784 11.9087 11.6257 23.7712 16.2445 12.6054 16.0906 11.5963 20.8625 13.9006 14.2092
threshold=994.97500000000014 846.33000000000004 8.5000000000000018 69.500000000000014 16.500000000000004 116.70992336996339 2.5000000000000004 115.16799944736117 4.5000000000000009 40.500000000000007 554.32000000000005 440.99500000000006 455.40500000000003 339.95348486311894 8342.5000000000018 22389.249023437504 458.29373749271912 9705.5000000000018 9477.5000000000018 0.021034723147749904 47.810043334960945 8199.0000000000018 6444.5000000000009 230.5035400017513 42.500000000000007 9572.5000000000018 19294.788085937504 9756.5000000000018 0.027161736041307453 664.47500000000014
decision_type=2 2 2 2 2 2 2 2 2 2 2 2 2 2 2 2 2 2 2 2 2 2 2 2 2 2 2 2 2 2
left_child=1 10 3 -3 -4 6 -2 -8 9 -5 11 -1 15 -14 -15 21 17 18 19 -16 -21 22 23 -13 25 -23 27 28 29 -12
right_child=5 2 4 8 -6 -7 7 -9 -10 -11 26 12 13 14 16 -17 -18 -19 -20 20 -22 24 -24 -25 -26 -27 -28 -29 -30 -31
leaf_value=-0.00020367125255540687 0.1214124957274578 0.002629791483940074 -0.020611233907358108 0.11556718646121879 0.013533005358349106 -0.010319939122881283 -0.022798696557306718 0.056371012846772671 0.030115708734819772 0.017918597752245642 -0.0082946459784943929 0.0053105270421556269 -0.00523154536910167 -0.0015255255107682101 -0.021321932046635576 0.0080602197829855345 -0.016071202713461054 -0.012665408012208732 0.077178010707041084 0.05089935218740365 -0.00066473627991432401 0.062853179374873877 -0.017738396936899856 0.052233969486923347 0.0031314763748911466 0.0098815366419105558 -0.012580053376096455 0.089368612838963774 -0.012260395956288422 0.040433504806409948
leaf_weight=10576.941406070488 1.5628108801320184 17.231195598142222 17.327868128893897 4.7804399495944399 58.71522808028385 131.12798179895617 6.8609953736886364 4.6750779608264565 17.03849254688248 3.604335144162178 9.7906609615311044 11.399957664776595 176.72521338332444 41.997476230608299 5.2577784322202232 54.66467826673761 5.7597584538161746 4.7894014064222565 6.8589157592505208 17.501582155004147 5.2372581306844941 20.879902435466651 12.193420761264859 15.902801634278147 6.4270046893507233 6.8553988132625809 127.60613772994839 2.4452739879488936 33.633198119699955 11.971136450534685
leaf_count=358601 40 336 323 74 693 4422 284 80 224 52 229 137 4549 731 74 1327 131 52 61 156 67 289 276 128 94 106 3415 43 694 257
internal_value=-2.76272e-05 6.57229e-05 0.0135886 0.0275584 0.00575259 -0.00732437 0.0226631 0.00928541 0.0444543 0.0735913 -7.81726e-05 4.77957e-05 0.00682509 0.000616177 0.0124401 0.0196049 0.0253578 0.0313768 0.0374285 0.0276902 0.039023 0.0281726 0.0170881 0.0326416 0.0409878 0.0497601 -0.00752936 0.00361339 -0.000172062 0.0185106
internal_weight=11417.8 11273.5 118.698 42.6545 76.0431 144.227 13.0989 11.5361 25.4233 8.38478 11154.8 10969.4 392.451 264.127 87.4022 128.323 45.4047 39.6449 34.8555 27.9966 22.7388 73.6585 39.4962 27.3028 34.1623 27.7353 185.446 57.8403 55.395 21.7618
internal_count=377945 373119 1702 686 1016 4826 404 364 350 126 371417 366779 8178 5821 1272 2357 541 410 358 297 223 1030 541 265 489 395 4638 1223 1180 486
is_linear=0
shrinkage=0.03


Tree=179
num_leaves=31
num_cat=0
split_feature=12 18 18 8 22 19 6 19 14 0 0 0 0 17 0 11 20 0 0 6 18 11 21 18 22 22 16 17 21 0
split_gain=8.54711 8.51179 12.7043 17.7299 25.4031 18.1005 15.5859 25.0432 13.9834 12.6854 12.498 45.9201 34.9278 21.0815 17.8131 18.0145 17.1803 16.532 51.9268 22.3553 24.3544 28.7602 19.4729 24.198 18.8004 18.2862 26.1031 17.2919 34.3547 16.3647
threshold=637.50000000000011 2.5000000000000004 11.500000000000002 153.50000000000003 51.500000000000007 327.50000000000006 305.38637327838245 44.500000000000007 9.5000000000000018 222.05500000000004 48.955000000000005 46.918000000000013 49.956500000000013 0.33095239102840429 46.020000000000003 38.500000000000007 2.1240514516830449 57.950500000000012 57.008500000000005 218.08213639348148 9682.5000000000018 41.500000000000007 2726.5000000000005 3828.5000000000005 218794.50000000003 52219.000000000007 2.5000000000000004 0.0085725104436278361 9802.5000000000018 97.005500000000012
decision_type=2 2 2 2 2 2 2 2 2 2 2 2 2 2 2 2 2 2 2 2 2 2 2 2 2 2 2 2 2 2
left_child=1 9 3 4 -3 6 -5 -8 -7 -1 11 13 -12 14 -4 -16 -14 18 19 20 25 27 -21 24 -24 26 -18 28 -22 -19
right_child=-2 2 10 5 -6 8 7 -9 -10 -11 12 -13 16 -15 15 -17 17 29 -20 22 21 -23 23 -25 -26 -27 -28 -29 -30 -31
leaf_value=-0.0080356577347723331 -0.01868589009131948 0.0052024307512480127 -0.00063463828613143113 -0.0023981188353039413 0.034656326414199266 0.074423106417636054 -0.014264735594383472 0.031472528672147775 0.015522189340969522 0.026721357306867293 0.011771347113581453 -0.018321445457195541 0.016211722253931912 -0.012861338691831573 0.034918219316494997 -0.014639228902756674 0.0063613156199688239 0.0031009805487691748 -0.019511072546291884 -0.027083152909973714 0.18613819116777791 0.11765496776412893 0.0090335073442470611 -0.012496417220509351 0.072940112918896099 -0.0041800685784365143 0.050085605573227179 -0.007016662229411906 -0.030881390057654026 -0.00036976042376956014
leaf_weight=182.90514263883233 22.052515728631988 81.231764670461416 3013.1179207994137 340.2375516789034 39.009544629603624 4.1257063932716838 16.351396311074495 31.589472252875566 30.041840924881399 9.9655405431985837 242.64471644489095 142.15283525420818 59.776578290387988 127.14971127547324 24.242628011852503 9.0719608450308424 155.24823181738611 1648.040625672671 157.18081618926954 40.932767126709223 1.3834561929106697 3.5329870115965596 29.606177606619895 73.589461113791913 4.8171432083472601 167.17329166852869 13.344466433278283 7.0105040525086224 1.2493538623675702 4736.9347254291642
leaf_count=2679 1438 932 89531 3547 235 47 130 243 624 49 11436 8705 561 5644 309 227 6756 63910 16087 1916 75 123 854 2983 78 5367 418 302 59 152680
internal_value=-2.71693e-05 8.94479e-06 0.000116544 0.0045945 0.0147581 0.00170094 -0.00014163 0.0158727 0.0226344 -0.00623978 -0.000111419 -0.00164015 0.000578929 -0.000892951 -0.000393423 0.0214231 0.000196415 6.04301e-05 -0.00447828 0.000267502 0.0044207 0.0444294 -0.0094624 -0.0027848 0.0179765 0.00285065 0.00982219 0.017602 0.0831554 0.00052608
internal_weight=11415.7 11393.7 11200.8 542.587 120.241 422.346 388.178 47.9409 34.1675 192.871 10658.2 3315.74 7342.47 3173.58 3046.43 33.3146 7099.82 7040.04 655.069 497.888 348.942 13.1763 148.946 108.013 34.4233 335.766 168.593 9.64331 2.63281 6384.98
internal_count=377945 376507 373779 5758 1167 4591 3920 373 671 2728 368021 104416 263605 95711 90067 536 252169 251608 35018 18931 13100 559 5831 3915 932 12541 7174 436 134 216590
is_linear=0
shrinkage=0.03


Tree=180
num_leaves=31
num_cat=0
split_feature=14 6 6 0 7 6 21 5 14 6 21 0 0 5 6 5 8 21 6 21 21 7 5 5 3 21 20 8 4 9
split_gain=8.44601 8.49704 18.5687 19.2159 18.8767 19.3751 18.3307 14.9595 17.9127 17.5419 20.1674 15.5069 23.214 15.2952 20.1707 25.0645 27.24 36.6728 21.6217 22.6518 32.7409 25.8245 21.6159 21.836 27.8956 18.9747 27.2812 24.2204 18.1731 16.9302
threshold=29.500000000000004 419.83466928127365 439.99745254258175 511.97500000000008 -0.25528825560654483 458.29373749271912 3682.5000000000005 212.59312500000001 4.5000000000000009 411.85412471456999 8228.5000000000018 994.97500000000014 985.45000000000016 222.0776315028902 376.33416770468688 230.25137254901964 129.00000000000003 4459.5000000000009 81.920328540975518 2410.5000000000005 1925.5000000000002 -0.49072386876968382 285.87276190476194 354.15939723320167 0.98296291314453421 6550.5000000000009 45.410339355468757 29.500000000000004 1.0000000180025095e-35 13.500000000000002
decision_type=2 2 2 2 2 2 2 2 2 2 2 2 2 2 2 2 2 2 2 2 2 2 2 2 2 2 2 2 2 2
left_child=1 7 -3 4 5 6 -4 9 11 -1 -11 12 13 -9 18 16 17 -16 28 20 -20 -22 29 25 -25 -24 27 -27 -15 -21
right_child=-2 2 3 -5 -6 -7 -8 8 -10 10 -12 -13 -14 14 15 -17 -18 -19 19 22 21 -23 23 24 -26 26 -28 -29 -30 -31
leaf_value=-0.00029422909427609308 -0.021065898166186297 -0.015111014245773605 -0.020558437638583449 -0.016825381663931067 0.0085540525338552997 -0.013014048813096956 0.038928046476664806 0.013342025722582831 -0.0052887654069445882 -0.030564446591129162 0.12455783545356754 -0.013693586093458724 0.033870902176569011 0.0052748288372628733 -0.0080059510784820809 0.0082187235992749776 0.012682590549757419 0.15187848800495587 -0.0004805154966566192 -0.011399816178483912 -0.013904344478309264 0.045199210208229409 -0.0075392766545680431 -0.025235428842134307 0.08460449182366038 0.089507610767150664 0.0082891154910475235 0.028058511640017107 0.037781711717575307 -0.00061727881439697441
leaf_weight=9447.5885765136918 17.147129895165563 104.57165074604563 7.0179276989074451 55.683370278449729 176.49517855630256 92.634927949984558 13.888648313470183 147.80001686618198 204.5150645126123 1.1744423548225307 2.1085241176187992 41.857283769641072 24.356250671669841 42.466724188067019 1.9279512742068599 240.68773733382113 7.5149503170978278 3.908962331013754 71.880327173043042 234.3061259748647 8.3607817128067818 32.581728321267292 22.000656234333292 22.978700687759559 2.2881437609903506 8.6048294277861732 37.181835032068193 17.540754624642432 24.355241570388898 297.41386068752035
leaf_count=331727 980 2850 185 1653 3807 4031 368 3465 5351 86 79 1129 157 579 30 4605 181 114 1292 6659 226 304 415 535 45 148 546 153 289 5956
internal_value=-2.69067e-05 4.75073e-06 -0.00403406 -0.000683559 0.00241547 -0.00712669 0.0189596 0.000170907 0.0029599 -0.000270136 0.0690647 0.00426763 0.00486996 0.00429278 0.00304977 0.0104382 0.050447 0.0990681 0.000766268 -0.000681129 0.0117164 0.0331298 -0.00285876 0.00920848 -0.0152884 0.0164624 0.0248008 0.0482822 0.0171229 -0.00536868
internal_weight=11412.8 11395.7 450.292 345.72 290.037 113.542 20.9066 10945.4 1494.53 9450.87 3.28297 1290.01 1248.16 1223.8 1076 254.04 13.3519 5.83691 821.96 755.138 112.823 40.9425 642.315 110.595 25.2668 85.3281 63.3274 26.1456 66.822 531.72
internal_count=377945 376965 12894 10044 8391 4584 553 364071 32179 331892 165 26828 25699 25542 22077 4930 325 144 17147 16279 1822 530 14457 1842 580 1262 847 301 868 12615
is_linear=0
shrinkage=0.03


Tree=181
num_leaves=31
num_cat=0
split_feature=5 1 21 10 14 8 8 10 18 2 6 6 14 5 12 16 18 18 18 1 9 9 1 18 19 17 15 17 14 7
split_gain=8.23215 12.5645 12.0463 19.2719 11.5453 11.7882 32.1183 15.2991 13.093 21.7266 21.6617 10.4726 30.0786 25.9256 15.4341 15.2559 14.7022 12.8152 13.468 24.3408 12.3524 43.367 33.2254 38.5861 32.5256 23.8648 21.9553 16.1552 16.5485 15.7433
threshold=32.515324423541337 2.2375126349582053 4013.5000000000005 89.500000000000014 10.500000000000002 10.500000000000002 9.5000000000000018 1064.5000000000002 8525.5000000000018 -0.5 7.5953464069489929 45.735444215470999 7.5000000000000009 49.9330424528302 248.50000000000003 1.0000000180025095e-35 9598.5000000000018 9546.5000000000018 9529.5000000000018 4.4557997260308309 25.500000000000004 23.500000000000004 3.4178905911709725 8450.5000000000018 25.500000000000004 0.011112194508314134 42.500000000000007 0.0065504785161465415 3.5000000000000004 0.1747042691448972
decision_type=2 2 2 2 2 2 2 2 2 2 2 2 2 2 2 2 2 2 2 2 2 2 2 2 2 2 2 2 2 2
left_child=1 -1 -3 -4 5 6 8 -7 -5 -10 -11 16 13 -13 15 -15 17 18 -2 -20 21 27 23 -23 -22 -25 -24 -17 -29 -28
right_child=11 2 3 4 -6 7 -8 -9 9 10 -12 12 -14 14 -16 20 -18 -19 19 -21 24 22 26 25 -26 -27 29 28 -30 -31
leaf_value=-0.031333949379153986 0.0011583471642604268 -0.012345856133697467 0.058266040669652568 -0.010684617376703745 0.070798707009174927 -0.013932214307502152 0.19108096804335115 0.04694715726672672 -0.016121713775771308 0.024133745594573312 0.21200587053572467 -0.014428778244974936 -0.023478766174925347 -0.0012019608789873867 -0.007221967546227304 -0.0070364909014024582 0.011729929942912809 -0.01940495835016896 -0.0060485093628368375 0.093045940133500801 -0.014196135195428212 0.031359418366041204 0.0090322931765950184 0.065623616369058543 0.00095495581340921591 0.20490017571684463 0.068838489916723047 0.0035369249961339894 -0.021179660520055144 0.0028765779508449019
leaf_weight=16.767532457364723 3206.7606609119102 74.204243642278016 5.6187389381229869 8.8931049616075999 2.0287357522174707 44.841979775344953 0.94584700465202409 4.0506839882582417 2.097094492521137 1.0974404495209467 1.1120376004837451 116.43677504826337 51.060289521468803 3912.3684188484913 269.29696779232472 157.28675331908744 121.20215266477317 27.233394748531282 5.0390104171819967 4.0032016206532717 137.73717296228278 10.209831348853184 83.931945912307128 2.1498465780168763 1719.1892433143221 2.283144474029541 10.434074134100227 1382.6562048572814 24.817006860277615 4.7340173237025729
leaf_count=431 49262 1685 91 528 30 997 40 70 163 76 65 1219 5054 179090 15888 14253 2310 537 79 43 6073 226 2743 66 48224 70 321 46397 1810 104
internal_value=-2.66364e-05 -0.00674838 -0.00390319 0.00495974 0.00035657 -0.00191044 0.0222084 -0.00888845 0.0101075 0.0530434 0.11869 6.9962e-05 -0.000527964 -0.000378367 -0.000166372 8.87434e-05 0.00147129 0.00108789 0.00126144 0.037823 0.00151706 0.00338221 0.0212677 0.063449 -0.000168874 0.137356 0.0150351 0.0020821 0.00310111 0.0482515
internal_weight=11410.5 161.657 144.89 70.6857 65.0669 63.0382 14.1455 48.8927 13.1997 4.30657 2.20948 11248.8 7884.59 7833.53 7717.09 7447.8 3364.24 3243.04 3215.8 9.04221 3535.43 1678.5 113.743 14.6428 1856.93 4.43299 99.1 1564.76 1407.47 15.1681
internal_count=377945 4176 3745 2060 1969 1939 872 1067 832 304 141 373769 321538 316484 315265 299377 52231 49921 49384 122 120287 65990 3530 362 54297 136 3168 62460 48207 425
is_linear=0
shrinkage=0.03


Tree=182
num_leaves=31
num_cat=0
split_feature=14 2 3 3 0 10 18 21 5 10 6 6 9 10 5 21 10 18 5 0 10 5 17 22 19 8 5 6 2 22
split_gain=8.12728 8.4569 33.0819 18.0674 16.7181 15.1982 13.6654 13.4043 30.2187 20.1366 17.8992 21.6395 41.107 25.3913 18.7262 18.1783 17.2356 16.9016 26.737 15.4121 15.6394 13.7232 13.382 17.8955 45.018 13.377 17.0056 18.5212 13.1183 17.6918
threshold=29.500000000000004 0.25881904510252091 1.0000000180025095e-35 -0.3794095225512602 14.932500000000003 1078.5000000000002 8.5000000000000018 4013.5000000000005 46.544581362612618 794.50000000000011 186.49048777273472 212.15513054520147 1.5000000000000002 807.50000000000011 252.49307733619767 7121.5000000000009 129.50000000000003 3500.5000000000005 99.848031862745117 140.23450000000003 948.50000000000011 269.61174278352206 0.02265445422381163 218794.50000000003 29.500000000000004 66.500000000000014 294.99536176470593 510.29402058301724 1.0000000180025095e-35 34649.000000000007
decision_type=2 2 2 2 2 2 2 2 2 2 2 2 2 2 2 2 2 2 2 2 2 2 2 2 2 2 2 2 2 2
left_child=1 3 7 4 6 25 -1 16 -9 -10 -11 12 -12 -13 -15 -14 17 -3 -19 -16 21 -21 23 -17 -25 -6 28 -28 -27 -30
right_child=-2 2 -4 -5 5 -7 -8 8 9 10 11 13 15 14 19 22 -18 18 -20 20 -22 -23 -24 24 -26 26 27 -29 29 -31
leaf_value=0.011143127176517845 -0.02085069524418735 0.012500736336930026 -0.0003296587800027245 0.00032194059651603166 -0.0080168511020089223 0.012353644599868057 -0.021766542009476163 0.023972869078318183 -0.018824200665074019 -0.0043051143054709008 0.11032115192651555 0.072286626985215388 -0.023469175679357236 -0.0088763904966404246 -0.018859857585203327 -0.022717141445373033 -0.031757181020580998 0.0026661848599873719 0.067386415512200884 0.078996054640471533 -0.0031737945368566956 0.020105322159317131 0.063944108497861279 0.14015914110342928 0.012837420722162972 -0.0029822786115158376 0.025517202251616244 -0.023229258497642704 -0.015850145670476549 0.012310097560520289
leaf_weight=13.656270172446964 16.84253440471366 169.80020013824105 1957.8332831632579 6758.6261798921041 359.62820023449603 61.521699454286136 67.411258054780774 60.324807983823121 40.948432292789221 131.27682173415087 4.8887381511740378 4.562174951657652 7.6357128079980603 66.517917935736477 6.8816412338055697 7.1101316511631039 7.1114301593042901 10.048855755478145 13.412591278553007 7.4742479082196969 7.2479567769914857 6.802458681166172 7.2358533581718794 2.9766791397705701 15.585533914156256 1419.4426484063733 37.360270996112376 8.6366117186844331 24.789939249283634 105.66020463663153
leaf_count=197 980 1246 50732 232059 16750 3175 1415 429 714 5052 76 87 261 1845 170 232 378 67 83 58 76 59 132 91 464 54900 570 295 1034 4318
internal_value=-2.64439e-05 4.34266e-06 0.00153194 -0.000433007 -0.00286492 -0.00232805 -0.0162227 0.00783938 0.00451034 0.000808326 0.00371902 0.0109878 0.0281424 0.00315376 -0.000168846 0.0182333 0.0141107 0.0157985 0.0396659 0.0202213 0.0327159 0.0509362 0.0279096 0.0177531 0.033255 -0.00278995 -0.00161208 0.0163643 -0.00214557 0.0069587
internal_weight=11409.3 11392.4 2535.68 8856.73 2098.11 2017.04 81.0675 577.842 377.469 317.144 276.196 144.919 45.4326 99.4864 94.9242 40.5439 200.373 193.262 23.4614 28.4063 21.5247 14.2767 32.9082 25.6723 18.5622 1955.52 1595.89 45.9969 1549.89 130.45
internal_count=377945 376965 62252 314713 82654 81042 1612 11520 9746 9317 8603 3551 1256 2295 2208 1180 1774 1396 150 363 193 117 919 787 555 77867 61117 865 60252 5352
is_linear=0
shrinkage=0.03


Tree=183
num_leaves=31
num_cat=0
split_feature=12 11 11 16 12 21 11 12 3 21 11 21 18 1 21 17 1 8 8 12 18 12 19 6 14 8 18 6 6 6
split_gain=8.08077 8.22463 25.4041 24.4718 21.2656 18.1727 39.6687 21.1841 29.2772 18.7547 36.8173 22.7649 28.7045 28.1345 42.0642 17.669 20.1064 17.2443 23.1891 15.8969 43.1565 25.648 17.9373 16.0933 15.8777 33.3266 24.4724 21.9511 35.8732 35.7658
threshold=637.50000000000011 1.0000000180025095e-35 1.5000000000000002 1.0000000180025095e-35 1.0000000180025095e-35 2087.5000000000005 8.5000000000000018 2.5000000000000004 0.25881904510252057 3790.5000000000005 22.500000000000004 6527.5000000000009 6481.5000000000009 3.3831691584084775 6598.5000000000009 0.19051782041788104 4.533029415793675 68.500000000000014 78.500000000000014 105.50000000000001 5844.5000000000009 7.5000000000000009 14.500000000000002 186.6198685303122 1.0000000180025095e-35 164.50000000000003 8078.5000000000009 212.22418771571071 186.6198685303122 193.28160263649175
decision_type=2 2 2 2 2 2 2 2 2 2 2 2 2 2 2 2 2 2 2 2 2 2 2 2 2 2 2 2 2 2
left_child=1 -1 3 4 -3 6 7 17 -9 10 -7 19 13 -13 -15 -5 -17 -4 -19 21 -21 22 -11 -22 -14 26 27 28 -26 -30
right_child=-2 2 5 15 -6 9 -8 8 -10 11 -12 12 24 14 -16 16 -18 18 -20 20 23 -23 -24 -25 25 -27 -28 -29 29 -31
leaf_value=-0.0035870204671533739 -0.018381250180181715 0.0037084643250904752 -0.017659293892926618 0.0040793177867018268 0.019729701590300852 0.0046046532831562808 -0.018669685337645642 -0.0056171799536861656 0.023195239408866253 0.00083955007344949518 -0.02732130420064972 -0.011413724058124774 -0.0031925606551547617 0.011880867459516465 0.14099570814177759 -0.017395968455211682 0.017073439360530716 0.062584834878429349 -0.0025296592251088114 -0.029351165745007214 -0.0096534052623958779 0.0010673181245158575 -0.01417009386897693 0.0011816961453151784 0.015150598382454099 5.6327634827052184e-05 0.0027592187345088942 0.00085887195137336972 0.11465485136551797 0.029430715462252992
leaf_weight=545.12717238347977 21.54561826097779 141.52808223478496 73.398868504911661 379.35584096051753 157.58908201381564 1130.9571489887312 148.68881146423519 60.322353597730398 66.988130655139685 110.81681648129597 33.471361512667499 5.4354130923748007 964.12589631066658 4.6551447371020895 4.4339493103325367 75.308720083907247 19.091337699443102 5.0047058230265966 299.10311151482165 71.287293042172678 253.5494643622078 920.94061213510577 202.7807277366519 240.29982222011313 171.08497298555449 4730.0076016571838 469.67585331341252 79.724318222608417 6.6174330753274271 13.418646261096001
leaf_count=8530 1438 1736 1502 3603 823 14403 9895 997 826 1574 4911 70 57089 78 49 605 109 60 4243 16684 13961 18807 2448 9725 6670 177287 17117 2301 130 274
internal_value=-2.61195e-05 8.61743e-06 0.000189442 0.00543095 0.0121492 -0.000212972 -0.00505059 -0.00103922 0.00954332 0.000122874 0.00368695 -0.000380239 0.000452295 0.0425788 0.0748672 0.00118922 -0.0104249 -0.00460808 -0.00145807 -0.00336365 -0.00753096 -0.00145597 -0.0088661 -0.0043812 0.000357205 0.000982816 0.00690067 0.0140824 0.0195985 0.0575782
internal_weight=11406.3 11384.8 10839.7 772.873 299.117 10066.8 653.506 504.817 127.31 9413.28 1164.43 8248.85 6449.18 14.5245 9.08909 473.756 94.4001 377.507 304.108 1799.67 565.137 1234.54 313.598 493.849 6434.65 5470.53 740.521 270.845 191.121 20.0361
internal_count=377945 376507 367977 6876 2559 361101 17523 7628 1823 343578 19314 324264 261065 197 127 4317 714 5805 4303 63199 40370 22829 4022 23686 260868 203779 26492 9375 7074 404
is_linear=0
shrinkage=0.03


Tree=184
num_leaves=31
num_cat=0
split_feature=0 0 2 13 6 6 6 6 5 14 19 10 20 13 19 17 18 18 10 6 11 22 8 18 8 16 8 8 22 22
split_gain=7.97953 15.0654 17.4167 30.0725 13.7037 12.5628 11.9446 14.7363 10.4325 10.189 13.8647 9.34565 10.7753 9.22351 9.10695 8.95933 8.7738 15.9766 36.5912 27.2533 24.2633 19.3885 21.9458 26.3627 19.6583 25.9241 21.2987 27.7053 38.0747 20.7141
threshold=8.3700000000000028 9.1975000000000016 -0.78656609248549292 29216.332031250004 116.40511806838684 268.50296604129261 230.5035400017513 165.63193349465601 32.515324423541337 8.5000000000000018 282.50000000000006 76.500000000000014 45.51850891113282 150.01750183105472 80.500000000000014 0.1482956260442734 2.5000000000000004 24.500000000000004 2.5000000000000004 305.38637327838245 1.5000000000000002 12911.000000000002 7.5000000000000009 8170.5000000000009 164.50000000000003 1.5000000000000002 142.00000000000003 146.50000000000003 28729.000000000004 30424.500000000004
decision_type=2 2 2 2 2 2 2 2 2 2 2 2 2 2 2 2 2 2 2 2 2 2 2 2 2 2 2 2 2 2
left_child=4 2 11 13 8 6 7 -6 -1 10 -10 -2 -13 14 -4 -11 -3 18 19 -18 -20 22 -19 -24 26 -26 -23 28 -28 -27
right_child=1 16 3 -5 5 -7 -8 -9 9 15 -12 12 -14 -15 -16 -17 17 21 20 -21 -22 24 23 -25 25 29 27 -29 -30 -31
leaf_value=-0.031257335939952509 0.061468152051346162 -0.0065464641441623662 0.032072320146711797 0.079826631310398438 0.058472655202213196 -0.027435893525949807 0.088902963621030173 -0.024403727966006501 -0.0043296114796326623 -0.024323640989804086 0.041287041586685273 -0.023985502145278559 0.049753650755391093 -0.02320795765819833 -0.013246005920743893 0.034455012418374037 -0.00026387145583212871 0.0025594908808282842 0.029109350931903553 0.019025956193092438 0.0036937090472458885 0.0019892669010440366 -0.0039875327498545511 -0.018171046885408972 -0.0016703738176252242 0.018946207080205453 -0.022804690148759209 0.0060317630218518301 0.045085951135259095 0.0017200131423561963
leaf_weight=16.308259261539206 9.3308822289109248 181.10267414618284 8.1000049635767954 4.17126934044063 4.003104764968155 3.4668854074552646 3.0137739758938551 3.7303040907718241 117.92341494560242 33.202099032234401 6.317903045564889 3.2935400132555506 3.8900437955744565 14.668095061788334 7.8668812103569499 2.5103422419633707 757.27405645977706 370.53195642272476 78.136201754212379 72.203123103827238 59.585510155186057 1414.2129042989109 811.40383912855759 137.99983476800844 4778.7231058707694 64.637020286405459 9.1693578918930125 144.55302091047633 39.29745274130255 2240.7475587449735
leaf_count=431 85 2546 77 50 61 93 28 96 1374 781 70 61 49 220 121 60 8596 13866 461 547 420 53709 29501 12704 168322 2356 421 5112 599 75128
internal_value=-2.59604e-05 7.74899e-05 0.0162944 0.00425622 -0.00611476 0.0222213 0.03824 0.0184962 -0.00839982 -0.00606936 -0.00200992 0.0416664 0.0159456 -0.00603347 0.00974399 -0.0201919 2.91132e-06 0.000110951 0.00379291 0.00141524 0.0181132 -0.000244766 -0.00363255 -0.00604917 0.000269729 -0.000409863 0.00326512 0.012613 0.0322418 0.00220299
internal_weight=11401.4 11210.9 51.3207 34.8063 190.476 14.2141 10.7472 7.73341 176.262 159.954 124.241 16.5145 7.18358 30.635 15.9669 35.7124 11159.6 10978.5 967.199 829.477 137.722 10011.3 1319.94 949.404 8691.34 7084.11 1607.23 193.02 48.4668 2305.38
internal_count=377945 374951 663 468 2994 278 185 157 2716 2285 1444 195 110 418 198 841 374288 371742 10024 9143 881 361718 56071 42205 305647 245806 59841 6132 1020 77484
is_linear=0
shrinkage=0.03


Tree=185
num_leaves=31
num_cat=0
split_feature=7 7 3 10 20 17 6 22 7 17 0 7 8 7 6 18 18 10 17 16 0 6 14 11 8 8 6 6 7 5
split_gain=8.12889 20.407 12.0031 10.6223 9.86144 9.75245 14.5464 12.1318 20.9273 11.9595 17.8241 33.5065 87.5059 28.3401 17.1093 34.5988 21.196 15.8248 14.6681 22.7259 17.1761 15.2807 13.3208 19.8559 18.6222 93.6782 123.907 52.4963 43.1479 44.7287
threshold=-1.0219452121242616 -0.93525243556754167 -0.78656609248549325 1403.5000000000002 1.2953775525093081 0.0051559682469815024 31.512232314755057 97193.000000000015 0.12907477142393911 0.0078833047300577181 33.705500000000008 -0.45111206049498981 280.50000000000006 -0.45346262407583998 74.836329596854554 8421.5000000000018 8489.5000000000018 902.50000000000011 0.014899400528520347 3.5000000000000004 6.1825000000000001 194.05378671365227 3.5000000000000004 42.500000000000007 39.500000000000007 43.500000000000007 123.84270730160451 121.04925689156671 -0.50417298911499808 133.55539883913767
decision_type=2 2 2 2 2 2 2 2 2 2 2 2 2 2 2 2 2 2 2 2 2 2 2 2 2 2 2 2 2 2
left_child=2 -2 -1 4 -4 6 -3 -8 -9 10 -7 12 -12 -14 15 -13 -16 -15 19 20 -11 -21 24 -24 -20 26 27 28 -26 -30
right_child=1 5 3 -5 -6 9 7 8 -10 18 11 14 13 17 16 -17 -18 -19 22 21 -22 -23 23 -25 25 -27 -28 -29 29 -31
leaf_value=-0.017427194454862613 -0.012426483953850173 0.01276359542111586 -0.023386765319522034 0.075370197087641796 0.00873955844730657 -0.0147990181691085 -0.0097149851614178571 -0.00089998090332089843 0.17457484470184206 0.080402293308174347 0.36563424801732203 0.2584449627034201 0.012094013281613825 0.043316176558928852 -0.012916519218794994 0.007917552832576405 0.0088722896586674871 0.17331086585466801 -0.0024717952917767804 0.010274482461853481 -0.0054015732911441641 -0.008608454011578958 -0.0023158086706292001 0.0087382639968430192 0.10813483264656985 0.0012188592885641852 -0.0052468307243787576 0.19605590840172232 0.026510299013599432 0.12180207923071595
leaf_weight=18.334160748403519 120.28102923196275 32.331310484791175 9.021688833832739 2.0815589525736859 183.65045926591847 34.095503529300913 206.32994087552652 2.0275589646771546 0.87594056129455555 2.1043510455638161 0.75729095004498681 0.72669536899775211 11.278473350219427 1.6150409919209789 48.660562711535022 1.5636686421930788 230.60703792050481 1.7626435528509317 1152.4012129848124 159.09761330753099 945.39068190369289 50.912392370402813 2223.524724191986 156.54376045730896 11.273992444854228 5708.9434601921821 43.329101700568572 2.5826966108288607 29.847083353437483 5.2065304475836447
leaf_count=720 2910 1234 187 42 6039 2318 18948 141 33 30 72 53 894 57 2887 137 10176 70 48814 6276 48483 1844 43382 2262 408 176661 1753 39 1016 59
internal_value=-2.55404e-05 -0.000136131 0.00577889 0.00796351 0.00723527 -2.51526e-06 -0.00596418 -0.00885805 0.052038 0.000130556 0.00574456 0.00810319 0.0511719 0.0349235 0.00574545 0.0874058 0.00507573 0.111154 -4.66037e-05 -0.00323198 -0.00521101 0.00569672 0.000348428 -0.00158875 0.00101148 0.00170344 0.0316952 0.0644217 0.0570833 0.040664
internal_weight=11397.2 11184.1 213.088 194.754 192.672 11063.8 241.565 209.233 2.9035 10822.2 331.067 296.971 15.4134 14.6562 281.558 2.29036 279.268 3.37768 10491.2 1157.51 947.495 210.01 9333.65 2380.07 6953.58 5801.18 92.2394 48.9103 46.3276 35.0536
internal_count=377945 370957 6988 6268 6226 368047 20356 19122 174 347691 16664 14346 1093 1021 13253 190 13063 127 331027 56633 48513 8120 274394 45644 228750 179936 3275 1522 1483 1075
is_linear=0
shrinkage=0.03


Tree=186
num_leaves=31
num_cat=0
split_feature=6 6 0 0 19 22 5 22 21 0 18 22 17 20 17 0 0 17 10 0 10 6 18 17 6 22 17 9 19 20
split_gain=8.03408 17.7368 18.3516 17.4598 16.5648 16.3149 14.2598 19.2425 26.6688 27.988 22.6482 19.1266 60.2123 36.5958 28.3124 37.1997 49.274 31.5854 16.9263 16.7972 15.8045 15.5273 16.4199 15.3149 14.51 14.3026 17.6273 29.1362 37.4536 37.3594
threshold=419.83466928127365 439.99745254258175 511.97500000000008 87.960000000000022 35.500000000000007 195307.50000000003 212.59312500000001 310817.50000000006 9581.5000000000018 331.97500000000008 9627.5000000000018 218794.50000000003 0.034494198858737952 46.169708251953132 0.025003512389957908 430.00500000000005 50.005000000000003 0.025644849054515365 943.50000000000011 1044.9450000000004 858.50000000000011 411.85412471456999 8216.5000000000018 0.018287776038050655 376.33416770468688 195307.50000000003 0.026510807685554031 27.500000000000004 20.500000000000004 48.141714096069343
decision_type=2 2 2 2 2 2 2 2 2 2 2 2 2 2 2 2 2 2 2 2 2 2 2 2 2 2 2 2 2 2
left_child=6 4 3 -3 -2 -5 21 11 -9 -10 -11 19 14 20 23 16 18 -17 -16 25 -14 24 -23 -13 -1 26 -8 28 -28 -30
right_child=1 2 -4 5 -6 -7 7 8 9 10 -12 12 13 -15 15 17 -18 -19 -20 -21 -22 22 -24 -25 -26 -27 27 -29 29 -31
leaf_value=-0.00023710011985839409 -0.019051011223090726 -0.01014574371583348 -0.016605684292000329 0.0010461237020188928 0.019639395406748378 0.018816684019568305 0.013494720290474065 -0.0076664623397370811 -0.0071782185140635878 0.092680374893481868 0.023556816026100814 0.03187907573231552 0.10795786429013428 0.14433416043185635 0.050903776601564532 0.15136933904067801 -0.0071175154738101236 0.042767502126352532 0.15202204368834951 -0.020945236034901941 -0.020445825326390697 -0.030548768037451622 0.10830454914122191 -0.0135720053242656 -0.017336502407207754 -0.013187655378805122 0.0027903653067440585 -0.01663393481018853 0.021846257840278067 0.11532790118304333
leaf_weight=9404.747087736614 92.117446750635281 75.099607234937139 54.891792829963379 147.34013659425545 11.166410888545213 67.935715339379385 169.88171573006548 258.66506598039996 23.340331818908453 5.4266677889972952 19.946067357435822 7.9635683503001919 1.2892089490778729 5.0622678245417774 5.0147956181317559 3.2055269610136738 28.812624789774418 9.7142882132902724 2.1195683472324163 24.933735419181176 2.6078459620475769 1.1376734853256487 2.3491944475099444 41.145203344523907 44.876073711784557 42.000033882330172 731.06569186446723 63.529435098404065 44.880259203724563 4.2083791736513367
leaf_count=330811 2653 3252 1653 4003 197 1136 2693 5247 549 73 219 157 50 89 113 35 678 176 49 740 86 86 79 647 1896 870 16551 2358 736 63
internal_value=-2.56344e-05 -0.00396081 -0.000697999 0.00230915 -0.014868 0.00665407 0.000135595 0.00285833 -0.00383169 0.0165309 0.0383408 0.0045901 0.016693 0.0911362 0.00988554 0.0260523 0.0103602 0.0697126 0.0809453 0.00339231 0.0220322 -0.000294949 0.0630004 -0.00620157 -0.000318305 0.00396719 0.00467805 0.00290275 0.00449366 0.0298605
internal_weight=11396.5 448.551 345.267 290.375 103.284 215.276 10947.9 1494.81 307.378 48.7131 25.3727 1187.43 106.935 8.95932 97.9756 48.8668 35.947 12.9198 7.13436 1080.5 3.89705 9453.11 3.48687 49.1088 9449.62 1055.57 1013.57 843.684 780.154 49.0886
internal_count=377945 12894 10044 8391 2850 5139 365051 32179 6088 841 292 26091 2080 225 1855 1051 840 211 162 24011 136 332872 165 804 332707 23271 22401 19708 17350 799
is_linear=0
shrinkage=0.03


Tree=187
num_leaves=31
num_cat=0
split_feature=13 14 19 1 19 8 8 8 22 5 5 1 21 17 9 22 2 16 1 18 22 10 22 18 1 1 17 15 18 18
split_gain=8.04022 9.02106 55.0127 16.9138 14.9367 27.8552 19.375 56.7425 28.6927 22.0889 49.4953 99.8816 24.1742 40.4142 40.5046 81.8325 40.2604 31.9257 29.9155 33.6913 24.5177 35.331 34.3674 24.4947 33.3325 47.3118 28.7422 28.6502 26.7133 23.3316
threshold=43867.025390625007 3.5000000000000004 32.500000000000007 2.2375126349582053 10.500000000000002 35.500000000000007 236.50000000000003 235.00000000000003 36280.500000000007 111.65656626313991 110.99731862745101 3.4788063567079961 6825.5000000000009 0.0096451560966670531 8.5000000000000018 58838.000000000007 -0.78656609248549292 1.5000000000000002 5.7616109941835454 9086.5000000000018 38044.500000000007 1068.5000000000002 34649.000000000007 9369.5000000000018 4.0074695302771746 3.9111225951759701 0.019963018596172336 37.500000000000007 9448.5000000000018 8775.5000000000018
decision_type=2 2 2 2 2 2 2 2 2 2 2 2 2 2 2 2 2 2 2 2 2 2 2 2 2 2 2 2 2 2
left_child=1 4 -3 -4 6 -6 7 -1 -9 10 12 -12 -8 20 17 16 -16 18 -15 -20 21 -14 29 26 25 -25 -17 -28 -26 -23
right_child=-2 2 3 -5 5 -7 9 8 -10 -11 11 -13 13 14 15 23 -18 -19 19 -21 -22 22 -24 24 28 -27 27 -29 -30 -31
leaf_value=0.00020170381858963715 -0.0048561747249882756 -0.020122521182305807 -0.013451222120926743 7.4139450504369408e-05 0.10818485405896017 0.0017000640316192364 -0.012439445150330346 0.024426494442784573 0.099092340844966056 -0.0083831045325625519 0.34501524288452595 0.033828742389487562 0.0041834058679593167 -0.0061520322985354715 0.23514485453833867 -0.0077776195027275926 0.076677555728588934 0.048194132995640224 -0.0011064833768105529 0.097980343273406323 -0.012368173682708893 -0.013083543251052087 0.25908290886113949 0.07013846364636428 0.13621501922281862 0.32197310450480682 0.080592430838280646 0.014148245332823314 -0.011656004191279205 0.19615349632418733
leaf_weight=2878.7695638292935 301.88640237832442 134.76343361742329 86.355073722312227 2286.2674630795373 2.2120034955441943 4528.3865540769184 133.27755851659458 13.325294586131351 7.1000803038477889 551.07161459606141 1.0379820861853648 8.7846589467953873 58.969683157512918 127.09733917098492 2.2328349705785513 30.205478935036808 4.0786545146256676 12.532404313329605 7.0307241454720479 5.5077203642576933 174.36587099358439 1.7414223295636473 0.93287061620503653 2.3816163158044206 1.4366431776434181 0.93497905414551485 8.450721262488516 18.909836057107896 4.6856257072649896 0.66195521596819151
leaf_count=117676 15509 9567 1500 38421 32 117479 10810 290 70 30134 70 460 5840 10158 58 1812 120 684 288 126 15057 191 91 140 69 36 243 738 213 63
internal_value=-2.55522e-05 0.000105903 -0.00147718 -0.000418136 0.000568207 0.00175205 -0.000754319 0.000555227 0.0503811 -0.00403767 -8.12538e-05 0.0667126 -0.00118313 0.00206299 0.0111518 0.0294698 0.132739 0.00232605 -0.00179064 0.0424191 -0.00659623 0.00955681 0.104534 0.0197424 0.0645372 0.141133 0.0123976 0.0346705 0.0230432 0.044546
internal_weight=11395.4 11093.5 2507.39 2372.62 8586.12 4530.6 4055.52 2899.19 20.4254 1156.33 605.257 9.82264 595.434 462.156 225.485 73.3164 6.31149 152.168 139.636 12.5384 236.672 62.3059 3.33625 67.0049 9.43886 3.3166 57.566 27.3606 6.12227 2.40338
internal_count=377945 362436 49488 39921 312948 117511 195437 118036 360 77401 47267 530 46737 35927 14685 3429 178 11256 10572 414 21242 6185 345 3251 458 176 2793 981 282 254
is_linear=0
shrinkage=0.03


Tree=188
num_leaves=31
num_cat=0
split_feature=2 4 20 10 6 10 20 16 19 9 0 10 6 11 18 20 7 22 10 17 22 19 21 7 20 22 11 9 9 18
split_gain=7.68815 28.6254 10.6168 23.9924 22.627 35.7669 14.8397 12.383 11.3685 20.3105 18.9574 26.3535 20.5138 15.9973 45.9532 37.9243 29.996 24.1503 34.2425 23.0044 20.0618 16.4115 14.6339 12.5875 12.1249 11.7073 11.6095 18.6465 17.8959 20.7287
threshold=0.25881904510252091 1.0000000180025095e-35 45.336566925048835 1034.5000000000002 47.631254523543411 1006.5000000000001 45.900062561035163 11.500000000000002 52.500000000000007 49.500000000000007 159.07300000000001 939.50000000000011 28.811284757941074 15.500000000000002 6630.5000000000009 22.423241615295414 0.39753625267533632 8056.5000000000009 2.5000000000000004 0.1482956260442734 616646.50000000012 64.500000000000014 9718.5000000000018 1.0440892749388937 39.281576156616218 109797.00000000001 41.500000000000007 11.500000000000002 32.500000000000007 7871.5000000000009
decision_type=2 2 2 2 2 2 2 2 2 2 2 2 2 2 2 2 2 2 2 2 2 2 2 2 2 2 2 2 2 2
left_child=-1 -2 7 4 5 6 -4 8 9 24 12 25 -11 17 15 -15 19 18 -10 -17 -18 -21 -16 -24 -3 -12 -26 -28 29 -29
right_child=1 2 3 -5 -6 -7 -8 -9 13 10 11 -13 -14 14 22 16 20 -19 -20 21 -22 -23 23 -25 26 -27 27 28 -30 -31
leaf_value=-0.00044318567569072919 0.0061316457471917839 0.0014465855443029083 0.048399947775099032 -0.016092900314578853 0.0064423526231698848 0.091436995353795042 -0.011388358332679725 0.031032487948194767 -0.0078331985577936841 0.067248261408852747 0.050263564867210356 0.077618524685907131 0.0036019560904825198 -0.0041939928848162174 -0.010581002804848428 0.0080513979954769423 0.018360811089350393 -0.019450157773575696 0.028199910985840307 0.11145878237143989 0.10541781524938171 0.032045429313281526 0.018448548633760047 -0.037434745683512204 -0.0091140544047442068 -0.005860574094274003 -0.008815907911293672 -0.0029690932091819135 -0.014158512235100519 0.052449446898607949
leaf_weight=8855.2587907543639 798.65614523761906 522.86836658173706 6.4941259683109847 27.337453977204859 59.370829289313406 8.2727821609005314 8.7978685363195819 10.566970166284589 165.99510040972382 4.7295121699571601 4.8756512312684235 8.4395775371231121 125.42640663415659 34.666882643010467 174.47617168352008 24.869808604475111 3.3900154628790906 128.61467561963946 27.69609466008842 3.7593647530302388 8.0147006371989828 6.2125145369209349 28.433018348179758 4.1580836512148371 249.44109888898674 10.655159855028613 46.255216946359724 9.4180754295084643 10.094430882483719 17.109876830130816
leaf_count=315436 15484 13389 104 1225 2894 96 159 176 2084 50 42 196 2166 411 2720 484 69 1731 194 27 102 108 418 37 13685 216 2862 393 348 639
internal_value=-2.59069e-05 0.00142938 -0.000728405 0.00828044 0.0163144 0.0411869 0.0140022 -0.00133781 -0.00154901 0.000405436 0.0104299 0.0349469 0.00591469 -0.00478134 0.00035709 0.019528 0.0373103 -0.00937253 -0.00268079 0.0234872 0.0795404 0.061984 -0.00713412 0.0113188 -0.00140122 0.0117587 -0.00588195 0.00384587 0.0198381 0.0327745
internal_weight=11394.4 2539.1 1740.44 110.273 82.9356 23.5648 15.292 1630.17 1619.6 1009.31 154.126 23.9704 130.156 610.286 287.981 80.9133 46.2464 322.306 193.691 34.8417 11.4047 9.97188 207.067 32.5911 855.187 15.5308 332.319 82.8776 36.6224 26.528
internal_count=377945 62509 47025 4478 3253 359 263 42547 42371 33986 2670 454 2216 8385 4376 1201 790 4009 2278 619 171 135 3175 455 31316 258 17927 4242 1380 1032
is_linear=0
shrinkage=0.03


Tree=189
num_leaves=31
num_cat=0
split_feature=14 0 6 14 5 5 5 5 22 6 12 6 3 0 0 8 6 21 21 9 22 5 6 6 17 17 17 10 22 5
split_gain=7.79176 15.5321 8.6266 28.2478 24.5411 14.5072 28.6381 58.9309 35.9799 27.6385 20.4555 18.4277 16.533 17.6769 28.7541 26.7499 25.0884 24.3917 19.0903 18.5229 18.3408 16.2903 24.1474 39.3674 114.084 45.9085 228.884 33.5014 26.4131 79.8352
threshold=24.500000000000004 125.07000000000001 45.735444215470999 7.5000000000000009 49.9330424528302 73.191791666666674 102.58994080996887 103.23119735755576 52219.000000000007 186.6198685303122 168.50000000000003 81.920328540975518 -0.5 49.030500000000011 50.005000000000003 22.500000000000004 50.364798007644957 9707.5000000000018 4013.5000000000005 1.5000000000000002 709.00000000000011 95.284335535976524 118.22878041510707 114.94684273338176 0.12001243606209756 0.018487672321498397 0.020569769665598873 744.50000000000011 64149.000000000007 92.912905863988058
decision_type=2 2 2 2 2 2 2 2 2 2 2 2 2 2 2 2 2 2 2 2 2 2 2 2 2 2 2 2 2 2
left_child=2 -2 -1 4 -4 11 9 8 -8 21 -11 12 -6 -14 18 16 -16 -17 -15 -18 -21 22 23 28 25 27 -27 -25 -7 -30
right_child=1 -3 3 -5 5 6 7 -9 -10 10 -12 -13 13 14 15 17 19 -19 -20 20 -22 -23 -24 24 -26 26 -28 -29 29 -31
leaf_value=0.0012831952986760715 -0.013353339709892588 0.06234928072013559 -0.014122981179484895 -0.023134491350339525 -0.0079253554083828937 -0.0040162454661136051 -0.0075633160344587185 -6.2095895225710099e-05 0.050801739512972365 0.0061756319551689309 0.13549403289682416 -0.023418880034298355 0.0035882950954783089 0.030183596875934297 -0.011935956285302331 0.0066241535707817307 0.025892793038803617 0.076046598053921569 0.11828538140428604 0.052544685526569969 0.16360650534183585 -0.01110055346305714 -0.017372474031861776 0.20898671931668092 0.26764143619565495 0.47647619623312543 0.0041127367712575644 -0.015276574449337265 -0.027862347055127742 0.091861118020515539
leaf_weight=3455.938291186234 62.349807301303372 2.5385294889565548 115.08918030932546 49.376730596763082 56.622994879609905 290.63316845579538 13.373260131687855 6503.8139151537325 32.872098294086754 2.2668682802468529 2.1402027311269194 18.863642365671694 179.68195082154125 4.8948916504159552 3.4360727744642636 105.34859160822816 3.1510885134339315 4.7607992519624522 4.0408617211505771 2.3016470521688461 3.1970946628134698 352.95285810157657 77.877413860522211 0.62307788175531698 1.8001487411092956 1.1239366382360447 5.1696817791089416 15.842533405637367 10.095810176804664 9.9562718784436566
leaf_count=54286 2057 64 1219 5054 1648 21951 792 246302 691 58 47 816 3166 74 127 1877 214 86 60 18 89 28229 6299 31 61 66 400 1400 491 272
internal_value=-2.56385e-05 -0.0103917 3.37439e-05 -0.000514834 -0.000372045 -0.000166697 -0.000465694 0.000177854 0.0339237 -0.00593665 0.0689764 0.00549941 0.00698403 0.00970018 0.018075 0.0142761 0.0566431 0.00962577 0.0700243 0.0838855 0.117119 -0.00636761 -0.002324 0.00117176 0.0377363 0.0195519 0.0884691 -0.00679019 -0.00171863 0.0315828
internal_weight=11392.1 64.8883 11327.2 7871.31 7821.93 7706.84 7320.54 6550.06 46.2454 770.482 4.40707 386.3 367.436 310.813 131.131 122.195 12.0859 110.109 8.93575 8.64983 5.49874 766.075 413.122 335.245 24.5594 22.7592 6.29362 16.4656 310.685 20.0521
internal_count=377945 2121 375824 321538 316484 315265 307090 247785 1483 59305 105 8175 7359 5711 2545 2411 448 1963 134 321 107 59200 30971 24672 1958 1897 466 1431 22714 763
is_linear=0
shrinkage=0.03


Tree=190
num_leaves=31
num_cat=0
split_feature=12 17 6 5 18 13 14 8 9 18 21 11 18 13 14 17 18 0 0 0 17 21 3 9 17 0 3 22 3 0
split_gain=7.66963 9.22937 19.3058 7.6138 12.0432 12.4526 10.6645 11.1161 19.4135 14.9488 9.35442 51.2719 32.4408 20.6892 18.6383 28.7491 18.6436 17.7484 26.4639 22.4679 19.5968 18.0841 23.591 34.8057 22.9339 21.4154 19.8466 17.6284 16.8924 24.8926
threshold=627.50000000000011 0.0092706354334950464 199.67316557609226 32.515324423541337 3931.5000000000005 325.06649780273443 10.500000000000002 10.500000000000002 1.5000000000000002 6525.5000000000009 4013.5000000000005 22.500000000000004 6270.5000000000009 577.95501708984386 1.0000000180025095e-35 0.20891214162111285 9756.5000000000018 19.582500000000003 27.531000000000002 18.194000000000006 0.13987033814191821 3904.5000000000005 0.37940952255126048 23.500000000000004 0.14280788600444796 51.00650000000001 0.78656609248549303 155335.50000000003 0.60355339059327384 205.97500000000002
decision_type=2 2 2 2 2 2 2 2 2 2 2 2 2 2 2 2 2 2 2 2 2 2 2 2 2 2 2 2 2 2
left_child=3 2 -2 4 -1 -6 7 8 -7 -10 11 13 -12 27 -14 -16 -17 19 -19 20 -15 -20 23 25 26 -23 -24 28 -5 -30
right_child=1 -3 -4 10 5 6 -8 -9 9 -11 12 -13 14 17 15 16 -18 18 21 -21 -22 22 24 -25 -26 -27 -28 -29 29 -31
leaf_value=-0.01461391658909811 -0.0060035223820938798 -0.024161948194047777 0.15633301687874865 0.0033284130745748911 0.046170798535299137 0.0027348586474138961 0.064333668163430488 -0.0098147960793532486 0.01261361936211006 0.14603693273750756 -0.0048681490468573362 -0.028273630772628771 -0.0034191475016515922 -0.0034973395553021167 0.00063904810904210469 0.010433951419034198 0.058216469860636895 -0.014753726429067852 0.0045892030908553892 0.058527249254000026 0.027655690873537989 0.11764109664822399 -0.015156418195464594 0.00051885362708099249 -0.021905644108901189 0.045686336391333286 0.042407436175443167 -0.0091060417384068604 -0.0033162050027670071 0.015088028399504211
leaf_weight=81.007734741084278 3.6834186762571361 21.977980617899448 0.80307075986638654 1376.7531392897945 5.3210385534912339 13.430038437247278 2.1593082523904732 54.989480948308483 1.3650276302359992 1.6932460693642495 1261.0636655582348 51.451278097811155 988.076001862064 34.237631081603467 5439.5778691314626 190.24669857416302 7.6444153739139429 58.545390145387501 586.21760457963683 11.28334419056773 38.731000679545105 5.4944438897073331 7.8805435039103058 11.045130014419554 15.878815030679105 11.543914653360842 17.059981629252434 159.14340882655233 860.49375608493574 71.649263806641102
leaf_count=1881 357 1334 65 17722 82 853 30 1216 40 67 48673 10413 58879 454 206922 3973 92 1167 8082 99 406 67 100 122 164 131 148 2118 11802 486
internal_value=-2.6037e-05 -0.0161574 0.0230543 1.15298e-05 -0.00648722 0.00185042 -0.00135218 -0.00333652 0.0182689 0.0864849 0.000104316 0.00144088 -0.000457892 0.00190899 0.000381528 0.00104767 0.0122798 0.00610837 0.00457105 0.0191304 0.0130384 0.00629803 0.0208365 0.0419999 0.00627628 0.0688899 0.0242188 0.000551332 0.00121698 -0.00190156
internal_weight=11390.4 26.4645 4.48649 11364 159.966 78.9581 73.6371 71.4778 16.4883 3.05827 11204 3317.41 7886.61 3265.96 6625.54 5637.47 197.891 797.918 713.666 84.252 72.9686 655.12 68.9028 28.0835 40.8193 17.0384 24.9405 2468.04 2308.9 932.143
internal_count=377945 1756 422 376189 4169 2288 2206 2176 960 107 372020 53481 318539 43068 269866 210987 4065 10940 9981 959 860 8814 732 320 412 198 248 32128 30010 12288
is_linear=0
shrinkage=0.03


Tree=191
num_leaves=31
num_cat=0
split_feature=5 5 17 8 22 21 5 15 5 12 2 6 6 6 5 9 22 22 21 7 0 21 21 21 22 16 6 21 21 12
split_gain=7.62164 22.7666 19.0767 10.068 10.9979 20.935 9.97298 20.1574 16.3596 21.1003 20.5486 13.8 12.6311 22.0472 17.8096 48.999 22.6294 42.6195 34.6818 15.6655 20.8635 14.9864 39.2676 27.7793 30.772 25.2631 24.7455 16.7859 17.8779 21.6243
threshold=354.15939723320167 336.90312500000005 0.19605058431625369 6.5000000000000009 6865.5000000000009 6298.5000000000009 315.04861216391322 4.5000000000000009 294.99536176470593 2.5000000000000004 -0.9159756150367534 458.29373749271912 419.83466928127365 478.73612712230863 285.87276190476194 6.5000000000000009 22840.500000000004 15474.500000000002 7459.5000000000009 0.11441699381078958 87.960000000000022 7094.5000000000009 7991.5000000000009 9149.5000000000018 55443.500000000007 1.5000000000000002 497.30960222108229 9392.5000000000018 9620.5000000000018 167.50000000000003
decision_type=2 2 2 2 2 2 2 2 2 2 2 2 2 2 2 2 2 2 2 2 2 2 2 2 2 2 2 2 2 2
left_child=1 6 -3 4 5 -2 8 -8 12 -10 -11 -12 14 -14 -1 16 17 18 -16 20 -15 -22 25 -24 -25 26 -23 -26 29 -29
right_child=3 2 -4 -5 -6 -7 7 -9 9 10 11 -13 13 19 15 -17 -18 -19 -20 -21 21 22 23 24 27 -27 -28 28 -30 -31
leaf_value=-1.5846422677448049e-05 0.0079874405031390254 0.0394899829124708 -0.0054800284981232931 -0.014317138532944643 -0.0078780918228580649 0.098718924217360365 0.041594083726208674 -0.020781999436277974 -0.024829631395196942 -0.0076085089904416193 0.020953199312714322 -0.026253667193418189 -0.015447718075370844 -0.011775648091489736 -0.011387989210979898 -0.034973208824423299 0.012205533478129737 0.14578959805635919 0.098940240319683723 -0.018993524039911232 -0.00080577087656562491 0.11628121625846143 -0.020682411189419658 0.13463581076873055 -0.031620690346188335 0.11967210307994945 0.0090704494789860517 0.10712041035885865 -0.011077811933731587 0.00058065137522555208
leaf_weight=10697.381147796405 13.446647229371594 23.911736279493198 13.163610017742029 74.323320676456206 26.792457382194698 2.758235457353293 5.2490227054804555 41.746362749603577 14.836348470766096 34.831947446451522 112.30832870246377 5.8643070090329266 130.00610228616279 40.688049698364921 6.2290740495082009 10.428791705518959 12.918617527233435 4.3257740412373087 4.3586125914007425 27.865144488401711 34.610643089283258 2.6382833858951908 16.601462666876614 2.3344352338463095 4.4297566562891033 5.1023234464228144 7.2955113742500544 4.436208510771392 4.3404676243662834 2.794780071824789
leaf_count=361207 263 339 283 2588 671 75 38 1176 190 612 1684 279 3708 1623 111 178 158 61 53 704 780 75 452 85 105 61 170 59 93 64
internal_value=-2.57924e-05 5.33909e-05 0.0235234 -0.00763273 0.00392166 0.0234309 -2.40692e-05 -0.0138151 3.38672e-05 0.00932942 0.0126417 0.0186106 -0.000107725 -0.00636213 5.72293e-05 0.0204885 0.0412703 0.0664472 0.0340306 0.00135111 0.00587652 0.0143679 0.0248769 0.00743097 0.0328854 0.0654133 0.0375442 0.0180409 0.0370522 0.0659427
internal_weight=11388 11270.7 37.0753 117.321 42.9973 16.2049 11233.6 46.9954 11186.6 167.841 153.005 118.173 11018.8 283.143 10735.6 38.2609 27.8321 14.9135 10.5877 153.137 125.272 84.5839 49.9732 34.9371 18.3356 15.0361 9.93379 16.0012 11.5715 7.23099
internal_count=377945 374348 622 3597 1009 338 373726 1214 372512 2765 2575 1963 369747 7979 361768 561 383 225 164 4271 3567 1944 1164 858 406 306 245 321 216 123
is_linear=0
shrinkage=0.03


Tree=192
num_leaves=31
num_cat=0
split_feature=13 3 0 6 10 0 17 21 0 0 19 12 12 17 5 0 10 0 0 5 22 0 19 8 22 1 0 0 0 2
split_gain=7.38536 9.8926 13.2641 21.0733 29.0539 19.6282 13.602 9.79409 23.0428 15.728 9.88903 9.43209 8.74424 15.5061 16.5446 33.7501 13.4321 8.18521 21.7924 15.1461 15.8717 16.5727 12.5418 16.5718 16.4874 11.3228 19.9841 33.6022 20.6523 14.3009
threshold=43867.025390625007 -0.12940952255126037 44.005000000000003 75.924074654135566 1072.5000000000002 45.001500000000007 0.16002207249403003 8736.5000000000018 1223.9800000000002 10.014000000000001 49.500000000000007 206.50000000000003 246.50000000000003 0.02977753430604935 109.18593115334453 160.52500000000003 1026.5000000000002 994.97500000000014 846.33000000000004 131.63977291666669 24751.500000000004 2097.5750000000003 8.5000000000000018 69.500000000000014 127762.00000000001 6.3195443581378123 440.99500000000006 455.40500000000003 553.97500000000014 0.25881904510252091
decision_type=2 2 2 2 2 2 2 2 2 2 2 2 2 2 2 2 2 2 2 2 2 2 2 2 2 2 2 2 2 2
left_child=17 2 -2 4 -4 -5 -6 9 10 -3 -9 -12 13 14 15 -7 -16 18 25 20 -19 -22 23 -20 -24 26 -1 -28 -29 -27
right_child=1 7 3 5 6 12 -8 8 -10 -11 11 -13 -14 -15 16 -17 -18 19 22 -21 21 -23 24 -25 -26 29 27 28 -30 -31
leaf_value=-7.387135021336979e-05 -0.024705950781520599 0.060026369386350434 0.0019454276798971085 0.091297899619934383 0.046224191793395576 0.0070420915147420314 0.13651188987003152 -0.009690008540468786 0.095018258604133113 -0.012763320670579139 0.071510067521476164 0.0083668672106290212 -0.011520972126313906 -0.020526480906595961 0.0030259139491190679 0.29970422685398856 0.11208378965447754 0.085592122529586617 0.0032424348896623397 -0.011908814437806756 -0.011816314380648379 0.048160502009240179 -0.020374295541815291 0.041825640221824036 0.013369254319849786 -0.011066346718806797 0.019633432831225206 -0.0047098640645875647 0.014298711186418664 0.012996546257163536
leaf_weight=10283.136475927779 11.26898010575678 2.7163497325964263 6.6604497509542835 2.0925578675232819 2.9044193788431585 0.80228735343552926 3.1094161714427173 41.284361683763564 2.3226367002353063 162.29296348185744 2.4134616833180216 18.070698503404856 31.013959904084913 5.6973755974322557 5.2814328735694289 0.6355868186801672 1.2586456686258314 2.5527864829637137 16.767234456958249 109.71630846650805 13.873510641744362 5.9138601408340028 16.837383524980396 24.892888931557536 57.662997388513759 149.85888669313863 125.5352384026628 182.14440463995561 71.686999019933864 26.099935884587467
leaf_count=344244 598 38 240 35 75 87 60 2196 49 9327 36 378 1762 306 234 35 53 73 323 3709 557 144 320 323 656 3897 2215 3748 1758 469
internal_value=-2.55962e-05 -0.00467159 0.00513614 0.0107922 0.0451058 0.0014959 0.0929069 -0.00769931 0.00225349 -0.0115651 -0.00123467 0.0158065 -0.00270904 0.0172753 0.0442711 0.136408 0.0240142 0.000100049 0.000189548 -0.00732423 0.0151914 0.00610898 0.0131145 0.0262968 0.00574308 5.10251e-05 0.000175589 0.00693747 0.000658533 -0.0074971
internal_weight=11386.5 299.826 70.7251 59.4561 12.6743 46.7818 6.01384 229.1 64.0912 165.009 61.7685 20.4842 44.6893 13.6753 7.97795 1.43787 6.54008 11086.7 10954.6 132.056 22.3402 19.7874 116.161 41.6601 74.5004 10838.5 10662.5 379.367 253.831 175.959
internal_count=377945 15509 3485 2887 375 2512 135 12024 2659 9365 2610 414 2477 715 409 122 287 362436 357953 4483 774 701 1622 646 976 356331 351965 7721 5506 4366
is_linear=0
shrinkage=0.03


Tree=193
num_leaves=31
num_cat=0
split_feature=14 2 3 3 0 18 13 11 2 5 20 6 11 7 6 6 2 13 0 18 11 11 19 18 6 13 8 5 18 11
split_gain=7.57086 7.47522 29.5087 16.8168 15.8535 13.0064 12.6814 19.9335 13.0998 16.1044 28.5586 21.4789 19.5615 35.7468 56.2882 14.0999 13.9912 16.797 27.0988 26.7434 20.5404 28.5613 18.947 17.3139 38.2497 36.2319 19.7031 28.2308 17.2069 34.4001
threshold=29.500000000000004 0.25881904510252091 1.0000000180025095e-35 -0.3794095225512602 14.932500000000003 8.5000000000000018 40235.710937500007 36.500000000000007 -1.0000000180025095e-35 243.67727272727276 47.483234405517585 458.29373749271912 40.500000000000007 0.053723100764598401 376.01803382610933 398.73478829115862 -0.37940952255126065 286.17199707031256 19.582500000000003 1805.5000000000002 39.500000000000007 13.500000000000002 9.5000000000000018 9613.5000000000018 51.678515180282197 22004.169921875004 75.500000000000014 147.32879210220676 4204.5000000000009 37.500000000000007
decision_type=2 2 2 2 2 2 2 2 2 2 2 2 2 2 2 2 2 2 2 2 2 2 2 2 2 2 2 2 2 2
left_child=1 3 -3 4 5 -1 8 -8 15 -10 -11 12 -12 14 -14 16 -5 -18 20 22 21 -19 -20 -21 25 -25 27 -26 -23 -30
right_child=-2 2 -4 6 -6 -7 7 -9 9 10 11 -13 13 -15 -16 -17 17 18 19 23 -22 28 -24 24 26 -27 -28 -29 29 -31
leaf_value=0.010754483502614416 -0.02046906557715766 0.0073829381078718455 -0.00032393060238122042 0.0010566053489667198 -0.0022406516699278135 -0.021425761896513972 0.040182038298033511 -0.0055277475608075484 -0.0031333121227305632 0.00091612513280436066 0.017245750492850598 -0.019387858412722812 0.02889863407670085 0.030462562159726776 0.23277552523705403 -0.005621252624607817 -0.0055510112515628797 -0.026813359626381632 -0.010844335008679177 0.0028546422400130217 -0.00081865294720290813 0.08316288290491354 0.060087796080485298 0.1069689591928417 -0.030495436316672495 -0.0051910765525754396 -0.001761042674797055 0.12151504154559833 -0.018525225117747821 0.077990189396144535
leaf_weight=13.646559944376348 16.279579918598756 579.93739543948323 1952.5547586386092 4090.2881427294342 2008.4427586520324 65.841053875978105 8.7614702959544939 429.56580682750791 1165.6638073151698 100.45207136915997 9.2440479868091696 5.019887692295014 2.2916819620877487 6.6372476052492857 2.6032580593600869 247.76084110105876 101.51046239817515 4.3072227984666851 4.5509007140062776 469.89416192832869 12.891329831676556 11.815615994622933 13.276858025928957 7.6962429340928775 1.7658477337099601 3.908561039250344 31.876533215865493 2.9141285717487335 6.1683474725577963 7.2066681929863989
leaf_count=197 980 11520 50732 135563 81042 1415 468 21377 41401 2334 203 173 51 88 61 7105 1483 56 175 18827 272 128 217 113 140 68 1369 86 164 137
internal_value=-2.52727e-05 4.00263e-06 0.00144093 -0.000407837 -0.0027607 -0.015901 0.000320167 -0.00461408 0.000662941 -0.002031 0.00814674 0.0363033 0.0497592 0.0758216 0.137326 0.00135653 0.00171897 0.00570442 0.00768021 0.0058537 0.0307709 0.0445764 0.0419809 0.00461046 0.0217414 0.0691928 0.006678 0.0641585 0.056783 0.0334788
internal_weight=11384.8 11368.5 2532.49 8836 2087.93 79.4876 6748.07 438.327 6309.74 1291.91 126.248 25.7961 20.7762 11.5322 4.89494 5017.83 4770.07 679.783 578.272 535.883 42.3892 29.4979 17.8278 518.055 48.1613 11.6048 36.5565 4.67998 25.1906 13.375
internal_count=377945 376965 62252 314713 82654 1612 232059 21845 210214 44311 2910 576 403 200 112 165903 158798 23235 21752 20995 757 485 392 20603 1776 181 1595 226 429 301
is_linear=0
shrinkage=0.03


Tree=194
num_leaves=31
num_cat=0
split_feature=7 7 3 19 18 17 5 20 0 0 18 11 14 5 7 0 3 5 19 19 0 0 19 5 10 17 18 17 18 22
split_gain=7.4208 19.1084 11.2564 10.1784 13.8485 12.0339 10.562 9.73099 10.0846 17.5938 17.0614 17.8954 10.5967 9.70279 21.2907 19.2224 20.0081 18.8807 28.5419 27.0007 23.1802 35.8365 16.3205 16.0412 48.784 15.4947 22.3088 11.7569 10.8159 10.593
threshold=-1.0219452121242616 -0.93525243556754167 -0.78656609248549325 1.5000000000000002 8657.5000000000018 0.0007405448122881354 354.15939723320167 1.2953775525093081 20.004500000000004 18.981000000000005 8.5000000000000018 42.500000000000007 3.5000000000000004 294.99536176470593 -0.04948102752040031 311.97500000000008 -0.78656609248549325 266.4847519912712 6.5000000000000009 5.5000000000000009 201.97000000000003 99.485000000000014 35.500000000000007 285.87276190476194 915.50000000000011 0.046528028324246413 9670.5000000000018 0.078964129090309157 8794.5000000000018 146929.50000000003
decision_type=2 2 2 2 2 2 2 2 2 2 2 2 2 2 2 2 2 2 2 2 2 2 2 2 2 2 2 2 2 2
left_child=2 -2 -1 4 -3 -5 13 -4 9 10 -9 12 -12 17 25 -16 -17 -7 19 23 21 -21 -20 -19 -25 -15 29 -23 -22 -27
right_child=1 3 7 5 -6 6 -8 8 -10 -11 11 -13 -14 14 15 16 -18 18 22 20 28 27 -24 24 -26 26 -28 -29 -30 -31
leaf_value=-0.017171197677519269 -0.01209918092385635 -0.0011381851319375365 -0.023146609133139144 -0.01942512344455323 -0.011913757306872261 0.00039399430514998378 -0.012503099454452818 0.063664093700419061 0.0037236146360288868 0.078051005835407139 0.010297820232474851 0.066071236651640622 -0.02662469276996425 -0.027735772227903657 0.060181221331445649 0.046611937934506673 0.0070535891745902215 -0.016702345319070919 -0.018264877325297503 -0.031074064549289581 -0.022002218279641349 0.14313420609561972 0.019288190041306885 -0.020986722428865522 0.10478638136344336 -0.0044886723583917798 0.085754810345169144 0.064828637017770807 0.032002148564526649 0.032324268588880496
leaf_weight=18.038844667957164 118.7892548161326 409.72127200721297 8.8499769624322635 28.025761160533875 145.44555033929646 9982.2961489354493 58.03574864170514 5.7492697499692431 118.17663532379083 4.1483998277690253 46.282506528776139 4.6428286484442642 8.2414313997141999 18.963744062930346 8.185552961425854 13.286115774419157 85.948047716636211 32.649612464127131 143.66952841938473 2.3169914274476486 5.7124755962286136 3.5680451961234212 11.229774937033651 7.8085096214199421 4.3061181419761851 66.518304673838429 2.7938638515770426 3.3418856484349817 8.028729582205413 7.8669233918189994
leaf_count=720 2910 23898 187 2752 11637 318642 1996 52 4842 101 882 96 108 460 85 123 1061 924 3626 115 87 61 197 144 90 1818 67 61 58 145
internal_value=-2.50955e-05 -0.000131159 0.00550693 -2.49768e-06 -0.00396123 0.000206921 0.000259489 0.00759314 0.00904606 0.0181533 0.0143256 0.00953138 0.00471689 0.000330651 0.00681597 0.0159947 0.0123499 0.000201285 -0.00843937 0.00780473 0.0342479 0.071027 -0.0155424 -0.00576303 0.0237191 -0.00343939 0.00253049 0.105263 0.00955152 -0.000595365
internal_weight=11382.6 11168.5 214.13 11049.7 555.167 10494.6 10466.5 196.091 187.241 69.0644 64.916 59.1668 54.5239 10408.5 203.563 107.42 99.2342 10204.9 222.632 67.7324 22.9681 9.22692 154.899 44.7642 12.1146 96.1428 77.1791 6.90993 13.7412 74.3852
internal_count=377945 370957 6988 368047 35535 332512 329760 6268 6081 1239 1138 1086 990 327764 3759 1269 1184 324005 5363 1540 382 237 3823 1158 234 2490 2030 122 145 1963
is_linear=0
shrinkage=0.03


Tree=195
num_leaves=31
num_cat=0
split_feature=14 5 0 2 21 13 6 14 5 5 5 5 6 6 6 12 5 6 6 17 17 17 11 17 5 5 5 17 2 3
split_gain=7.26362 7.29689 11.7413 11.511 10.7879 15.9453 10.2593 27.0056 23.3855 13.5707 26.8602 53.7782 29.8209 24.7775 17.4802 16.3663 15.4768 23.1569 35.0474 87.2308 81.1157 71.7314 20.2202 19.2642 33.0079 58.7767 24.4532 55.005 42.8902 36.0916
threshold=29.500000000000004 32.515324423541337 8.3700000000000028 0.98296291314453421 4013.5000000000005 325.06649780273443 45.735444215470999 7.5000000000000009 49.9330424528302 73.191791666666674 102.58994080996887 103.23119735755576 146.5934760236874 186.6198685303122 81.920328540975518 168.50000000000003 95.284335535976524 118.22878041510707 114.94684273338176 0.018487672321498397 0.020569769665598873 0.12001243606209756 6.5000000000000009 0.053066924214363105 92.912905863988058 93.12200900900902 94.145520833333336 0.020391566678881649 -0.9159756150367534 0.91597561503675351
decision_type=2 2 2 2 2 2 2 2 2 2 2 2 2 2 2 2 2 2 2 2 2 2 2 2 2 2 2 2 2 2
left_child=1 2 -1 4 -4 -6 -3 8 -8 14 13 12 -12 16 -10 -15 17 18 23 -20 -21 -22 -19 24 -11 -26 -27 28 -28 -30
right_child=-2 6 3 -5 5 -7 7 -9 9 10 11 -13 -14 15 -16 -17 -18 22 19 20 21 -23 -24 -25 25 26 27 -29 29 -31
leaf_value=-0.031053323444500253 -0.020236564987345988 0.0014855859179460575 -0.013417230584414472 0.043606000711624675 0.056742146233708046 -0.00063707514008970413 -0.013849807034778344 -0.022874973287331388 0.0067379073364426311 -0.0032573919700930754 -0.0024616310181708526 -6.0976389167030273e-05 0.048350962845501728 0.0058080874448726326 -0.023171476761931192 0.11823587241897582 -0.010844896581071142 0.06298820845768778 -0.0066627130777260702 0.29148307181166211 0.0039899911442364691 0.20673791924447313 -0.020103881764674307 -0.009648128823988909 0.099637868474836355 -0.0066801839540901265 0.27645646328418488 -0.0042350983397015946 0.016457073933785048 0.19752016517615525
leaf_weight=15.642401315970345 15.979977700859306 3345.7790265257936 70.809777682181448 4.4878166252747169 4.6786894015967837 63.749445580877364 113.9674141171854 48.241127328248695 368.89356825558934 117.02248166059144 15.346715011633931 6497.7687487315852 32.215956076513976 2.2839318830519906 18.466593441204168 2.3793140684720129 348.50042738066986 2.733337713405489 16.362283149501312 1.7671129889786223 5.1872937048319727 2.2524556647986174 73.850738385808654 144.36555296927691 8.1571227642707509 25.238348744343966 1.1690514157526193 9.0780130981001985 3.1718327847775063 1.4409137142356483
leaf_count=431 980 51251 1661 56 67 1961 1219 5054 7359 10138 774 246302 709 58 816 47 28229 35 1431 66 400 61 6264 9059 131 2366 68 618 239 95
internal_value=-2.47837e-05 3.63545e-06 -0.00637052 -0.00368417 -0.00520839 0.00328616 9.42896e-05 -0.000497956 -0.000359766 -0.000160039 -0.000449995 0.000171677 0.0319556 -0.0057693 0.00531204 0.0631718 -0.00619214 -0.00225455 0.00114585 0.0349027 0.108772 0.0653739 -0.0171383 -0.00164166 0.00535176 0.0262296 0.0112962 0.0418279 0.114151 0.0730169
internal_weight=11381 11365 159.368 143.726 139.238 68.4281 11205.6 7859.86 7811.62 7697.65 7310.29 6545.33 47.5627 764.96 387.36 4.66325 760.297 411.797 335.212 25.5691 9.20686 7.43975 76.5841 309.643 165.278 48.2553 40.0982 14.8598 5.7818 4.61275
internal_count=377945 376965 4176 3745 3689 2028 372789 321538 316484 315265 307090 247785 1483 59305 8175 105 59200 30971 24672 1958 527 461 6299 22714 13655 3517 3386 1020 402 334
is_linear=0
shrinkage=0.03


Tree=196
num_leaves=31
num_cat=0
split_feature=18 11 21 10 11 10 12 18 18 13 6 18 16 13 17 3 6 16 6 6 6 8 7 7 17 10 2 6 12 17
split_gain=7.19215 11.7175 49.7367 35.6163 54.4234 26.4876 25.3879 16.9951 24.5484 16.869 14.8765 30.3089 16.7849 18.6224 14.7293 18.934 17.9257 14.3712 14.681 14.3717 13.1393 20.8122 39.3345 90.6563 15.7352 15.6236 14.4171 12.8672 12.7651 12.3986
threshold=2.5000000000000004 6.5000000000000009 1657.5000000000002 2.5000000000000004 1.5000000000000002 4.5000000000000009 2.5000000000000004 1702.5000000000002 1416.5000000000002 286.17199707031256 305.38637327838245 15.500000000000002 1.5000000000000002 98.730998992919936 0.078964129090309157 0.25881904510252057 185.01971730504098 1.5000000000000002 28.811284757941074 32.331647912063382 27.269993932543432 9.5000000000000018 0.63674774050180838 -0.19821249661238985 0.17649959772825244 944.50000000000011 0.98296291314453421 204.38570124685731 613.50000000000011 0.015466537792235615
decision_type=2 2 2 2 2 2 2 2 2 2 2 2 2 2 2 2 2 2 2 2 2 2 2 2 2 2 2 2 2 2
left_child=-1 3 -3 10 5 -5 -6 8 14 -9 12 -12 13 -2 16 -16 -8 18 20 -20 26 22 23 -22 -23 -26 -4 -11 29 -21
right_child=1 2 17 4 6 -7 7 9 -10 27 11 -13 -14 -15 15 -17 -18 -19 19 28 21 24 -24 -25 25 -27 -28 -29 -30 -31
leaf_value=-0.005814716238800346 -0.00023402790040594299 -0.021256063184132597 0.0024192695565327296 0.01676517308030705 -0.0020721684375753046 0.046573151337262475 0.092780907660868522 -0.017962748042608868 -0.032862469687759695 0.069199518182066544 0.022394614708583761 -0.015652223618857906 -0.0072489224793496551 0.01803170164131453 -0.016614160381302381 0.025007018505732941 0.021044957566408 0.0018823753549701723 -0.012452681625410937 -0.0041037559730628202 0.051745212802398514 -0.032809440693439169 -0.017512006262007926 0.45913921781945183 0.011800706127864633 0.065664003354728662 0.065293845585724028 0.018265749944387098 -0.028942895042381924 -0.00032838744140026885
leaf_weight=189.87893970869482 674.92254425957799 101.02731360367034 260.87301714811474 76.882991032674909 225.55029393639416 41.211535096168518 4.4746986757963887 3.8933831760659841 10.54744602460414 12.169529192149641 64.57450507581234 26.609240115620196 305.70827993936837 54.274475838989019 16.857657700777054 23.619130641222 10.471704589202998 2454.9058144195005 98.408915381180122 906.27354472398292 1.8195648775435982 5.4884966569952658 1.9713280857540665 0.67358455155044739 24.810858719516549 6.0231889495626083 3.3240690072998396 7.0498998425900927 14.581058572046457 5750.0251195267774
leaf_count=2728 8038 5831 10471 485 3263 260 42 81 225 119 490 324 4035 289 144 140 110 79650 2716 55119 136 219 81 43 331 122 75 98 990 201290
internal_value=-2.49904e-05 7.32618e-05 -0.000317329 0.00248629 0.0098015 0.0271673 0.00328344 0.0168433 0.00908732 0.038981 -0.000324768 0.0112918 -0.00134828 0.0011255 0.0170707 0.00767275 0.0425215 -9.53385e-05 -0.000781643 -0.00107173 0.00565696 0.0215049 0.0826303 0.161813 0.0139918 0.0223225 0.00321034 0.0505164 -0.000903836 -0.000842414
internal_weight=11378.9 11189 9630.21 1558.82 432.728 118.095 314.634 89.0834 65.9706 23.1128 1126.09 91.1837 1034.91 729.197 55.4232 40.4768 14.9464 9529.18 7074.27 6769.29 304.984 40.787 4.46448 2.49315 36.3225 30.834 264.197 19.2194 6670.88 6656.3
internal_count=377945 375217 357074 18143 4967 745 4222 959 661 298 13176 814 12362 8327 436 284 152 351243 271593 260115 11478 932 260 179 672 453 10546 217 257399 256409
is_linear=0
shrinkage=0.03


Tree=197
num_leaves=31
num_cat=0
split_feature=0 0 17 0 21 17 0 0 0 0 0 18 9 5 5 17 20 0 14 0 6 6 10 16 2 21 10 10 6 5
split_gain=7.1725 61.4532 22.7861 14.6034 14.6438 16.1144 14.4253 14.7578 37.4236 34.4691 31.4062 20.4988 28.8499 18.5252 16.6682 26.9474 45.8631 16.5995 16.582 16.0995 15.9747 16.8478 15.9508 20.9449 20.8056 18.5688 17.9175 23.2354 15.7936 15.5837
threshold=57.950500000000012 57.008500000000005 0.30068494379520422 58.930000000000007 9413.5000000000018 0.13794241100549701 58.955000000000005 97.005500000000012 108.96000000000002 96.975000000000009 107.01950000000001 2210.5000000000005 7.5000000000000009 73.191791666666674 132.71733081781107 0.0055953201372176417 46.222816467285163 106.96000000000002 1.5000000000000002 93.81750000000001 48.886040805021644 51.678515180282197 888.50000000000011 10.500000000000002 0.60355339059327384 9742.5000000000018 122.50000000000001 93.500000000000014 793.34761010126829 118.29433513621795
decision_type=2 2 2 2 2 2 2 2 2 2 2 2 2 2 2 2 2 2 2 2 2 2 2 2 2 2 2 2 2 2
left_child=1 2 -1 4 5 -2 -5 9 10 19 11 28 22 20 -15 16 -16 -14 -19 -8 -12 -22 24 -24 25 -13 27 -26 -9 -10
right_child=3 -3 -4 6 -6 -7 7 8 29 -11 13 12 17 14 15 -17 -18 18 -20 -21 21 -23 23 -25 26 -27 -28 -29 -30 -31
leaf_value=0.00020284023521579338 -0.015535239318364029 -0.019461859147225521 -0.009444428794285524 -0.019924688995335612 0.077045112689703737 0.033488969089132951 0.0023815272899403634 -0.012981666697769999 0.0041397412953673249 0.021581415211044244 -0.0043823011923382251 0.011715937662487899 -0.0062757647277434936 -0.021604330331786104 -0.03026662258035185 -0.0081776800274589462 0.37640689962949275 -0.0076934760212164143 0.066184012544495616 -0.023962206819961727 0.096198023098258478 -0.0073757525744221637 -0.0082647697395400749 0.1400933356328613 0.031662412923921558 0.10521402165133799 -0.005946453658398838 0.11941270402098257 0.082837671103480628 -0.00014539144869347938
leaf_weight=4338.6523611004231 10.145383038558071 155.54688624117989 232.13482384139206 30.922029968700372 3.7700283629819742 14.892169217113404 1596.7029163487023 123.76720557059161 1013.2170507301344 85.506056676385924 11.663895540172236 77.578725955681875 202.29097534739412 170.8391209342517 0.57225109660066553 113.102960343007 0.4426336067263037 5.1415964243933541 5.8403143603354692 21.155124944169074 3.6432972541078916 2.3094495309051126 31.877907050540671 0.88008608249947329 5.8955379314720613 1.960001831408589 3.4952560309320679 5.0353144481778145 1.5677785603329528 3102.9919252224499
leaf_count=132661 256 16147 9216 2428 41 145 58605 4633 36480 3227 395 2239 6019 13731 74 6415 62 200 177 568 53 162 2251 81 63 84 157 47 70 81258
internal_value=-2.47248e-05 -0.000918166 -0.000287112 0.000610535 0.0219239 0.013624 0.000517765 0.000613723 -0.000224835 0.00301815 -0.00630473 -0.00141247 0.00241053 -0.0138286 -0.0156743 -0.00679674 0.147101 -0.00432569 0.0315955 0.00203706 0.0160263 0.0560152 0.0137475 -0.00427894 0.0200319 0.0140199 0.0531788 0.0720847 -0.0117831 0.000909407
internal_weight=11373.5 4726.33 4570.79 6647.21 28.8076 25.0376 6618.4 6587.48 4884.11 1703.36 767.904 465.331 339.996 302.574 284.957 114.118 1.01488 213.273 10.9819 1617.86 17.6166 5.95275 126.723 32.758 93.9648 79.5387 14.4261 10.9309 125.335 4116.21
internal_count=377945 158024 141877 219921 442 401 219479 217051 154651 62400 36913 16021 11318 20892 20282 6551 136 6396 377 59173 610 215 4922 2332 2590 2323 267 110 4703 117738
is_linear=0
shrinkage=0.03


Tree=198
num_leaves=31
num_cat=0
split_feature=14 0 2 3 18 2 22 7 21 21 14 19 3 22 6 0 11 0 19 0 6 5 5 6 5 11 12 6 16 8
split_gain=7.04092 14.2557 11.2374 11.2798 9.32458 7.89875 16.3139 28.0717 16.4016 14.4593 14.2999 20.539 13.5133 13.2436 45.2115 30.8739 17.18 14.8589 13.6435 13.2026 12.9289 12.5885 24.0485 26.4454 24.23 17.5337 19.1893 18.339 19.0052 14.5806
threshold=24.500000000000004 77.036500000000004 1.0000000180025095e-35 -1.0000000180025095e-35 4038.5000000000005 0.78656609248549325 319418.00000000006 2.4618884110055839 9756.5000000000018 9813.5000000000018 7.5000000000000009 184.50000000000003 -0.3794095225512602 223235.00000000003 273.33134179389964 107.95450000000001 39.500000000000007 57.008500000000005 38.500000000000007 424.0800000000001 384.5429111756327 122.43615616098316 116.70992336996339 194.05378671365227 117.94339047619049 16.500000000000004 1.5000000000000002 305.38637327838245 1.5000000000000002 144.50000000000003
decision_type=2 2 2 2 2 2 2 2 2 2 2 2 2 2 2 2 2 2 2 2 2 2 2 2 2 2 2 2 2 2
left_child=5 -2 3 -3 -5 -1 13 8 10 -10 19 -12 -13 21 18 16 17 -16 -15 -8 -17 22 -7 24 -24 26 -23 28 -28 -26
right_child=1 2 -4 4 -6 6 7 -9 9 -11 11 12 -14 14 15 20 -18 -19 -20 -21 -22 25 23 -25 29 -27 27 -29 -30 -31
leaf_value=-0.0002407333263240558 -0.015650930266887905 -0.0046544329145976702 -0.02245032073997761 0.12903388375240821 0.033555706748672254 0.0043554184985636086 -0.014255678037735912 0.039370864171435337 0.053900906417061578 0.00081115015731328247 0.029229753300821795 0.04137421103846093 -0.01080450987890386 0.014098301468083741 0.0043501140327112256 0.054307779452263713 0.14038087796022558 0.10546271871725556 -0.018820697137249428 0.024838757224950211 -0.010256328586287359 -0.0052429813678926849 0.10214888822535274 -0.0087467037197361073 -0.023816650492686608 -0.0083074047784184816 0.016408118163037933 0.036118086520455374 -0.035797981480694747 0.044948479752025365
leaf_weight=10116.743813255336 54.898847513832152 2.1763156834058464 2.9318773283157498 1.8488844218663856 1.8335183653980491 515.91535578831099 172.59930846747011 12.918615136295555 7.3213536040857461 12.500075561925767 19.866396559169516 4.8932184725999823 51.286434603855014 28.289430250413716 2.442519142758103 5.3436891648452711 4.1074191874358803 2.8161684770602733 18.902383654145524 8.141220120713113 5.84432961512357 60.970988584682345 5.7367808709386763 10.489055486163123 3.4895311444997796 161.95153920701705 25.213128156960011 28.559813806787133 8.355655422434209 13.554757116595283
leaf_count=351619 1898 55 66 38 64 10754 2331 100 88 148 202 26 590 794 47 77 58 61 295 99 60 605 192 415 148 6133 236 259 68 419
internal_value=-2.46533e-05 -0.00997144 0.025498 0.0494928 0.081494 3.13682e-05 0.0023417 -0.00385422 -0.00587299 0.0204207 -0.00790261 0.00301157 -0.00625977 0.00433052 0.0170869 0.0542223 0.0944073 0.0584986 0.000912804 -0.0124947 0.0205812 0.00329462 0.00594962 0.0306707 0.0488196 -0.00182057 0.00671359 0.0184474 0.00341342 0.03087
internal_weight=11371.9 63.6894 8.7906 5.85872 3.6824 11308.3 1191.51 289.527 276.608 19.8214 256.787 76.046 56.1797 901.983 67.7459 20.5541 9.36611 5.25869 47.1918 180.741 11.188 834.237 549.185 33.2701 22.7811 285.051 123.1 62.1286 33.5688 17.0443
internal_count=377945 2121 223 157 102 375824 24205 3584 3484 236 3248 818 616 20621 1392 303 166 108 1089 2430 137 19229 11928 1174 759 7301 1168 563 304 567
is_linear=0
shrinkage=0.03


Tree=199
num_leaves=31
num_cat=0
split_feature=10 15 10 10 19 12 16 6 21 15 12 3 21 10 21 18 7 8 8 3 22 12 13 18 12 19 16 0 3 0
split_gain=6.94667 22.5933 78.7684 22.011 21.1475 19.5271 19.0364 18.8362 16.0726 36.4195 18.5981 25.4967 17.5921 49.3928 19.7436 25.4458 29.1091 16.4262 21.1026 15.5072 21.9128 15.1586 15.1384 33.4898 22.152 16.4906 14.4126 14.9805 29.0676 26.0947
threshold=1.0000000180025095e-35 1.5000000000000002 4.5000000000000009 1.5000000000000002 126.50000000000001 1.5000000000000002 1.5000000000000002 313.99849501849479 2087.5000000000005 8.5000000000000018 2.5000000000000004 0.25881904510252057 3790.5000000000005 175.50000000000003 6527.5000000000009 6481.5000000000009 0.51255139944192885 68.500000000000014 78.500000000000014 -0.98296291314453399 51292.500000000007 2.5000000000000004 17576.393554687504 5844.5000000000009 7.5000000000000009 14.500000000000002 1.5000000000000002 12.129000000000001 -0.12940952255126037 26.422000000000004
decision_type=2 2 2 2 2 2 2 2 2 2 2 2 2 2 2 2 2 2 2 2 2 2 2 2 2 2 2 2 2 2
left_child=-1 2 3 7 6 -6 -5 21 9 10 17 -12 13 19 22 16 -16 -3 -19 20 -10 -2 24 -24 25 -14 27 28 -17 -29
right_child=1 8 -4 4 5 -7 -8 -9 12 -11 11 -13 14 -15 15 26 -18 18 -20 -21 -22 -23 23 -25 -26 -27 -28 29 -30 -31
leaf_value=-0.0033440356900111363 -0.00049722189556357529 -0.0172763486334712 0.045721217289315927 0.011691411102030438 0.0037351319087689343 0.040621042658466673 -0.010952075231276314 0.017425391120568422 0.0033243250540564416 -0.018157789138085252 -0.0054416193884083957 0.021421437715996805 0.00067575617658917797 -0.0303588413540541 0.012148662797472195 -0.019857888385967446 0.10326387222020428 0.058946801790470155 -0.0023615995369204619 0.0041921557593624145 0.068615161663153776 -0.017488925161980483 -0.02916565144035781 -0.0048124801595355038 0.00056852936443708448 -0.013750428027179549 0.0026510309304460613 -0.008840025099189866 0.019607888476418367 -0.00019153462420091926
leaf_weight=540.35435697715729 405.63280736654997 71.862989434041083 40.687074959278107 119.83950213901699 20.642600618302822 34.513304382562637 46.334530528634787 47.199967278167605 10.666609491221609 143.29122462845407 59.673345393501222 68.07608340587467 111.04649026226252 37.473884197999723 10.604072312824426 21.479947539046407 4.4926062934100619 5.1403464982286087 296.96145994449034 1109.9309496777132 8.169684821739791 53.48299565166235 58.156227961881086 402.92805598396808 1016.2240805723704 199.31441708048806 1688.4180660198908 338.58506944682449 77.027417426463217 4322.3274697486777
leaf_count=8530 4297 1502 260 747 298 217 293 361 151 9895 997 826 1574 5916 158 490 39 60 4243 13131 116 403 13963 19516 25698 2448 56616 11823 1226 192151
internal_value=-2.43445e-05 0.000141286 0.00509987 0.00282848 0.0107202 0.0268162 0.0053777 -0.000621296 -0.000237356 -0.00481874 -0.00100906 0.00887337 7.64451e-05 0.00352531 -0.00041106 0.000360768 0.0392636 -0.00438498 -0.00131842 0.00465023 0.0316423 -0.00247661 -0.00320144 -0.00788413 -0.00157386 -0.00858877 0.000269683 -0.000575107 0.0110022 -0.000819791
internal_weight=11370.5 10830.2 768.333 727.646 221.33 55.1559 166.174 506.316 10061.9 645.005 501.714 127.749 9416.85 1166.24 8250.6 6462.93 15.0967 373.965 302.102 1128.77 18.8363 459.116 1787.67 461.084 1326.58 310.361 6447.84 4759.42 98.5074 4660.91
internal_count=377945 369415 6876 6616 1555 515 1040 5061 362539 17523 7628 1823 345016 19314 325702 262503 197 5805 4303 13398 267 4700 63199 33479 29720 4022 262306 205690 1716 203974
is_linear=0
shrinkage=0.03


Tree=200
num_leaves=31
num_cat=0
split_feature=0 0 2 13 5 9 14 19 13 21 10 22 22 10 21 10 21 19 0 0 0 0 13 18 21 20 22 20 11 18
split_gain=6.90358 14.1798 15.841 26.49 11.7635 15.91 10.2006 12.5531 9.12723 8.78798 16.5395 9.45229 11.0711 9.20742 11.6573 8.44498 10.3481 8.42974 8.38571 8.24077 28.9955 24.7105 21.7128 18.2997 17.9973 22.6507 16.8804 15.801 26.1516 20.7275
threshold=8.3700000000000028 9.1975000000000016 -0.78656609248549292 29216.332031250004 32.515324423541337 2.5000000000000004 8.5000000000000018 282.50000000000006 150.01750183105472 8402.5000000000018 825.50000000000011 223235.00000000003 408.50000000000006 972.50000000000011 9211.5000000000018 76.500000000000014 9149.5000000000018 94.500000000000014 4.8040000000000012 19.582500000000003 26.422000000000004 26.822000000000006 1.0000000180025095e-35 19.500000000000004 8997.5000000000018 47.192319869995124 7757.5000000000009 36.634653091430671 42.500000000000007 7934.5000000000009
decision_type=2 2 2 2 2 2 2 2 2 2 2 2 2 2 2 2 2 2 2 2 2 2 2 2 2 2 2 2 2 2
left_child=4 2 15 8 -1 -6 7 9 17 11 -11 12 -7 14 -12 -2 -17 -4 -14 22 23 24 -3 -21 25 26 -22 28 -24 -29
right_child=1 19 3 -5 5 6 -8 -9 -10 10 13 -13 18 -15 -16 16 -18 -19 -20 20 21 -23 27 -25 -26 -27 -28 29 -30 -31
leaf_value=-0.031014175067973038 0.058474353343034489 -0.0065281938184985726 0.029507070578781939 0.072821471937743201 0.048447046683972053 -0.021390519852159191 -0.019680487019445064 0.039446868388704176 -0.022994076648246795 0.071382216865694598 0.048884829515790852 -0.023230726173713922 -0.018372404498362121 -0.033913522770212944 -0.0062589952048809549 -0.018045079428423264 0.053862177806946174 -0.014528452733215319 0.010250475958413829 0.0029309526391760941 0.046702593969315316 0.00011945586666772871 0.0082226687503129409 -0.0083795927655603616 -0.034160248666350174 0.10326082917621304 0.0027877870818517766 -0.011838401434077276 0.060836419682411318 0.0061049868356008148
leaf_weight=15.221518554724751 9.4550707675516623 171.2784777591005 8.815389512106778 4.4240569304674855 5.147669566795229 19.821052744984627 34.315101144136861 6.4635469354689112 14.464450687635688 3.6995581584051278 5.4372248137369779 25.02439384511672 11.487493244465439 4.7941204551607361 9.4411211386322957 3.8703020329121491 3.3691000705584884 7.0345612317323676 46.506355727789924 164.89334487728775 14.564758951542901 9537.2822598739294 364.47503136529122 587.20764467108529 4.2852733004838219 3.5103862541727713 17.158439296996221 89.793213685043156 8.7055003968998772 163.33294554566965
leaf_count=431 85 2865 84 50 105 207 845 70 220 44 74 298 139 66 122 74 36 114 593 1927 149 338702 4410 19310 76 96 374 2775 94 3510
internal_value=-2.40907e-05 7.16342e-05 0.0157874 0.00424557 -0.00573508 -0.00349974 -0.00510106 -0.00133023 -0.00576233 -0.00341851 0.0131868 -0.00719237 -0.00203461 0.00224275 0.0138931 0.039804 0.0154194 0.00996312 0.00458082 -1.01284e-06 -0.000227888 0.00021755 0.00293707 -0.00589983 0.023891 0.0309515 0.02295 0.00552558 0.00945003 -0.000260197
internal_weight=11365.3 11177.9 51.4329 34.7385 187.359 172.138 166.99 132.675 30.3144 126.211 23.372 102.839 77.8149 19.6725 14.8783 16.6945 7.2394 15.85 57.9938 11126.5 10328.9 9576.8 797.585 752.101 39.5189 35.2336 31.7232 626.307 373.181 253.126
internal_count=377945 374951 663 468 2994 2563 2458 1613 418 1543 306 1237 939 262 196 195 110 198 732 374288 360634 339397 13654 21237 695 619 523 10789 4504 6285
is_linear=0
shrinkage=0.03


Tree=201
num_leaves=31
num_cat=0
split_feature=7 7 3 19 8 5 8 5 8 5 8 5 6 6 6 6 0 10 7 8 3 10 6 20 12 7 6 7 12 0
split_gain=6.88705 18.183 10.5007 9.48796 19.0815 24.0753 22.0721 17.9597 17.9441 27.655 141.217 14.2209 39.6432 13.282 58.6993 138.731 12.1164 12.1472 12.6742 11.1694 12.4392 25.5105 52.3137 28.7313 70.5607 11.8161 21.8072 31.2432 16.6893 10.6302
threshold=-1.0219452121242616 -0.93525243556754167 -0.78656609248549325 1.5000000000000002 10.500000000000002 291.33348056365406 92.500000000000014 296.05762780748671 23.500000000000004 40.528457893990939 25.500000000000004 98.988167025862083 186.6198685303122 41.806815589529982 45.735444215470999 44.286291819191334 61.960000000000008 4.5000000000000009 0.66405758680867655 5.5000000000000009 -0.60355339059327384 897.50000000000011 28.811284757941074 41.576198577880866 59.500000000000007 0.25126018849447601 28.811284757941074 0.60170735893185434 129.50000000000003 15.755500000000001
decision_type=2 2 2 2 2 2 2 2 2 2 2 2 2 2 2 2 2 2 2 2 2 2 2 2 2 2 2 2 2 2
left_child=2 -2 -1 4 16 8 7 -7 -6 10 -10 12 13 -11 15 -15 29 18 -18 -19 21 -21 -23 24 -24 -22 27 -27 -29 -3
right_child=1 3 -4 -5 5 6 -8 -9 9 11 -12 -13 -14 14 -16 -17 17 19 -20 20 25 22 23 -25 -26 26 -28 28 -30 -31
leaf_value=-0.016840439576452648 -0.011869717373274503 0.026071628571794032 0.0072899525323133095 0.00020080559418665471 -0.023788061016866612 0.088286786247475837 0.052199654356155811 -0.011602832037436303 0.43422919702478935 -0.028665239710076517 -0.030418521799950821 -0.018106124781626796 0.10248768833449728 -0.0090520523539233989 -0.0032270856307603651 0.52147523166599674 0.054198094715415437 -0.0018683204285967927 0.00021530746873192776 -0.0018935001320422957 -0.0096970066650294614 0.29484594666654329 -0.030929443473018937 -0.010281772128129609 0.3560440263392789 0.19545159940176274 0.0092333014225525079 0.123802446072387 -0.031001201381173172 -0.011871418880089711
leaf_weight=17.689000037033111 117.41161131300032 7.3154772268608204 196.84987244370859 10479.063783797727 85.691890258109197 1.7809454044327164 9.9739545220509189 17.919578311964869 0.77214347478002254 15.508431990747338 2.4776736730709672 71.309047917136922 3.2856855513527981 1.386208278127014 54.707102241110988 0.65238108672201622 8.936575844883917 127.34335865592584 6.9650049433112136 5.8245547404512745 21.56024508702103 0.91826858650892962 0.93513315008021869 2.9172116559930146 0.77597239753231406 1.4502754199784273 26.630497195990756 0.9661296354606751 1.7844946144614366 72.546384814544581
leaf_count=720 2910 303 6268 332512 7568 12 51 569 20 1404 225 6481 55 117 6378 63 90 4206 75 232 1142 54 51 168 56 64 1138 38 119 4856
internal_value=-2.37241e-05 -0.000126177 0.00530037 -1.18557e-06 -0.00383342 -0.00962991 0.0158369 -0.00257272 -0.0128349 -0.00658176 0.0799799 -0.0084974 0.000573174 -0.00406129 0.0026629 0.160725 0.00153056 0.00536006 0.0305533 0.00326378 0.0135133 0.0419555 0.088002 0.0469637 0.14456 0.00734018 0.0192542 0.082779 0.0233721 -0.00839577
internal_weight=11363.3 11148.8 214.539 11031.4 552.335 265.465 29.6745 19.7005 235.791 150.099 3.24982 146.849 75.5398 72.2541 56.7457 2.03859 286.87 207.008 15.9016 191.106 63.7628 11.3711 5.54659 4.62832 1.71111 52.3916 30.8314 4.2009 2.75062 79.8619
internal_count=377945 370957 6988 368047 35535 22943 632 581 22311 14743 245 14498 8017 7962 6558 180 12592 7433 165 7268 3062 561 329 275 107 2501 1359 221 157 5159
is_linear=0
shrinkage=0.03


Tree=202
num_leaves=31
num_cat=0
split_feature=0 0 17 2 17 19 3 6 6 17 6 7 0 14 19 18 7 2 3 14 3 0 14 14 3 21 21 18 6 18
split_gain=6.84835 20.3867 12.1651 14.0349 12.3057 14.1094 17.9137 10.2364 11.2743 10.6643 8.4004 7.70041 25.7989 9.12387 7.8503 11.6289 27.5556 7.84639 25.5212 16.2021 15.0991 14.3049 13.7112 18.5801 47.2839 20.7005 13.0407 13.1569 16.5883 13.7932
threshold=994.97500000000014 985.45000000000016 0.017252720892429355 0.78656609248549325 0.014899400528520347 65.500000000000014 0.78656609248549303 350.29581435217352 314.63076465601802 0.042568812146782882 314.63076465601802 4.5894545898243573 215.97500000000002 24.500000000000004 239.50000000000003 11.500000000000002 0.024214345190803621 0.25881904510252091 1.0000000180025095e-35 18.500000000000004 -0.3794095225512602 14.932500000000003 16.500000000000004 22.500000000000004 0.1294095225512602 9779.5000000000018 4013.5000000000005 3500.5000000000005 42.680705077250359 3622.5000000000005
decision_type=2 2 2 2 2 2 2 2 2 2 2 2 2 2 2 2 2 2 2 2 2 2 2 2 2 2 2 2 2 2
left_child=1 11 3 4 -2 6 10 8 9 -3 -6 13 -13 17 -15 16 -16 20 19 26 21 -1 -22 25 -25 -24 27 -19 -29 -30
right_child=2 7 -4 -5 5 -7 -8 -9 -10 -11 -12 12 -14 14 15 -17 -18 18 -20 -21 22 -23 23 24 -26 -27 -28 28 29 -31
leaf_value=-0.015392057388085353 -0.0083115192403936406 -0.011604065356433262 -0.011392391482147164 0.08026831494519647 0.054140171057006567 -0.035249385311903886 0.12999596106328937 0.033974448136961828 -0.036503279381689416 0.044001154571292792 -0.030998871825289431 0.095208290566652976 0.0057613390490134989 -0.032517117443952817 -0.018992879612553241 -0.012553785409518542 0.092893548281027361 0.0096883863214101053 -0.00016758422924933319 0.04603709324471169 0.00042995899077074299 -0.0021934333914499821 -0.020862525269057391 0.1178123251945055 -0.014134471708236016 0.043702395809358488 0.0030650115444032888 0.0019014309388243685 0.081206712908538675 0.024573801301497809
leaf_weight=76.827252558781765 20.839385329978548 5.7637179042212683 108.4460833624471 2.3509916146285823 2.7990570140536857 1.9935484398156402 2.0254093080293387 23.721980602713302 4.6210746709257355 6.7272289521060884 1.6624885108321903 3.2114342630375168 30.129421150078997 12.725690182764081 4.8707728106528503 41.615092491731048 3.3391816560178995 169.20857186126523 1914.9053361049155 9.4464196097105724 6494.6111810505972 1942.6908449392067 72.09990846645087 3.4093133341521016 8.6357393902726454 4.7645381167531005 363.71899456810206 9.5571451671421546 7.5460939034819585 7.946332048624754
leaf_count=1571 718 103 3811 46 98 36 63 161 39 68 54 36 696 878 155 1013 66 1541 50017 77 225282 79390 1872 78 228 93 9590 63 40 62
internal_value=-2.40292e-05 5.82692e-05 -0.00661538 0.00974185 0.00408674 0.0345534 0.0560049 0.0212171 0.00353196 0.0183431 0.0224151 -1.9003e-05 0.014377 -6.20581e-05 -0.0114875 -0.00611637 0.026514 2.41157e-06 0.00148827 0.00707634 -0.000426319 -0.00269554 0.000269772 -0.0114315 0.0232126 -0.0168604 0.00641675 0.0126924 0.0329841 0.0521587
internal_weight=11362.2 11222.1 140.117 31.6709 29.3199 8.4805 6.48695 40.834 17.112 12.4909 4.46155 11181.3 33.3409 11147.9 62.5507 49.825 8.20995 11085.4 2482.33 567.424 8603.04 2019.52 6583.52 88.9095 12.0451 76.8644 557.977 194.258 25.0496 15.4924
internal_count=377945 373119 4826 1015 969 251 215 371 210 171 152 372748 732 372016 2112 1234 221 369904 61390 11373 308514 80961 227553 2271 306 1965 11296 1706 165 102
is_linear=0
shrinkage=0.03


Tree=203
num_leaves=31
num_cat=0
split_feature=12 19 18 19 19 6 5 5 2 18 5 21 12 21 16 11 0 0 21 0 22 7 0 18 18 2 18 2 0 3
split_gain=6.87609 6.95555 23.4476 30.7396 22.0211 45.6994 27.5367 41.8645 20.8283 20.3203 19.7171 17.2757 14.1219 36.1384 33.5672 17.3272 13.8541 23.4488 13.6282 13.3454 16.8773 13.2755 17.5061 15.7817 21.1858 20.727 14.1718 12.5791 17.9473 20.0664
threshold=637.50000000000011 93.500000000000014 9471.5000000000018 142.50000000000003 81.500000000000014 32.698846596449734 43.594149572649584 44.439118825100145 -0.70710678118654735 9477.5000000000018 48.186564067272009 7351.5000000000009 1.0000000180025095e-35 3682.5000000000005 4.5000000000000009 15.500000000000002 70.111000000000018 85.125000000000014 9730.5000000000018 56.525500000000008 4801.5000000000009 -0.19821249661238985 26.422000000000004 7018.0000000000009 6420.5000000000009 0.12940952255126045 7954.5000000000009 1.0000000180025095e-35 55.018000000000008 -0.3794095225512602
decision_type=2 2 2 2 2 2 2 2 2 2 2 2 2 2 2 2 2 2 2 2 2 2 2 2 2 2 2 2 2 2
left_child=1 4 3 -3 -1 8 -7 -8 -6 -4 12 -9 -5 14 -14 16 -15 -18 -13 -16 -21 22 -17 24 25 -24 -25 -23 29 -29
right_child=-2 2 9 10 5 6 7 11 -10 -11 -12 18 13 15 19 21 17 -19 -20 20 -22 27 23 26 -26 -27 -28 28 -30 -31
leaf_value=7.0830846191532654e-05 -0.017504931660027562 -0.0089537415657784565 0.053438964203446744 -0.0072681984746115367 0.092566403446699391 -0.01842324581418248 0.033446884872181587 0.0088074626583087758 0.027259117704813922 0.0073028827243540231 0.022675558424909207 -0.016763700784496256 0.018598778697894017 -0.016782896478223175 -0.019309702096990553 0.00051352914540186176 0.04006078225173227 -0.015281545015576612 0.033528565693671165 -0.028434569397705126 0.054653524584523258 -0.010272905181258658 -0.0055661823555436295 -0.025075227516968085 0.092328335604793171 0.060225539474341727 0.017919661196503924 0.045218949358787869 0.017790639950935074 -0.020288022041225512
leaf_weight=9385.5372675479739 20.214633443392813 494.77925994270481 9.2823811061680299 225.41324447374791 7.6115240538492825 37.267561624757946 50.519126996397972 117.72309469617903 10.401006071362643 115.51048494223505 33.726240668445826 48.353638410568237 158.88318670657463 108.1487175822258 35.202502142405137 177.61719939834438 11.405978713184597 17.404990829527378 5.3898264765739432 3.6728560365736467 5.4875840577296913 142.96314023179002 9.8439992256462627 9.1937085948884469 5.1747107729315749 7.6654287702403954 27.653164241462946 4.8893792293965808 42.670183401554823 30.225424723001197
leaf_count=350525 1438 5823 66 5137 79 412 223 1252 120 1175 239 481 1704 1737 719 2702 120 207 34 35 109 2063 192 116 53 88 288 30 413 365
internal_value=-2.36907e-05 7.47234e-06 -0.00177613 -0.00278207 0.000316985 0.00864939 0.00543903 0.0094451 0.0548559 0.0107346 0.000106213 0.00237346 -0.000637478 0.00123528 0.0121565 -0.00249621 -0.0118582 0.00662794 -0.01172 -0.0109161 0.0213396 0.000304016 0.00523237 0.0193115 0.0389979 0.0232367 0.00719195 -0.00499048 0.00471824 -0.0111668
internal_weight=11359.8 11339.6 1676.81 1552.02 9662.8 277.266 259.253 221.986 18.0125 124.793 1057.24 171.467 1023.52 798.102 203.246 594.856 136.96 28.811 53.7435 44.3629 9.16044 457.896 237.148 59.531 22.6841 17.5094 36.8469 220.748 77.785 35.1148
internal_count=377945 376507 23381 22140 353126 2601 2402 1990 199 1241 16317 1767 16078 10941 2567 8374 2064 327 515 863 144 6310 3439 737 333 280 404 2871 808 395
is_linear=0
shrinkage=0.03


Tree=204
num_leaves=31
num_cat=0
split_feature=18 0 18 3 19 8 19 6 19 0 14 13 16 22 3 17 3 6 19 14 2 16 0 0 0 10 0 3 18 0
split_gain=6.63859 11.3931 10.6772 17.0003 20.9048 18.0472 17.8899 15.1998 13.3288 13.0651 12.6244 13.8462 12.4018 11.9875 12.6835 11.078 12.5849 13.2433 12.5818 13.5303 16.5331 12.4681 10.4824 43.9932 32.0334 24.0349 27.4991 29.5151 25.2841 24.3999
threshold=2.5000000000000004 222.05500000000004 11.500000000000002 0.60355339059327384 270.50000000000006 203.00000000000003 293.50000000000006 313.99849501849479 327.50000000000006 138.02750000000003 10.500000000000002 25.006999969482425 1.5000000000000002 51.500000000000007 -0.5 0.039224632084369666 0.25881904510252057 313.99849501849479 116.50000000000001 3.5000000000000004 -0.70710678118654735 3.5000000000000004 48.955000000000005 46.918000000000013 49.030500000000011 964.50000000000011 46.020000000000003 -0.78656609248549325 6270.5000000000009 19.582500000000003
decision_type=2 2 2 2 2 2 2 2 2 2 2 2 2 2 2 2 2 2 2 2 2 2 2 2 2 2 2 2 2 2
left_child=1 -1 3 4 5 13 -6 12 -8 15 -10 -12 -5 14 -2 16 17 -7 19 20 -17 -20 23 25 -24 26 29 -28 -27 -4
right_child=2 -3 22 7 6 9 8 -9 10 -11 11 -13 -14 -15 -16 18 -18 -19 21 -21 -22 -23 24 -25 -26 28 27 -29 -30 -31
leaf_value=-0.0073609647054072745 -0.013496254438459278 0.025440951753984545 0.0022110489666116763 0.00057333486045500488 0.077933433816910619 -0.02473307314805508 -0.021844417350627473 0.02076468836237506 0.078507634193968098 -0.025239470468623213 -0.0024263911357065835 0.051633425711156353 -0.015101567960305234 0.031961932405161049 0.019476893677172979 0.02046732333360551 0.051876608731503279 0.026177175022937715 0.01798041938137487 -0.018805385253991239 -0.012064876210849626 -0.02284501660342201 0.0119425891210836 -0.018047045457962718 0.00015026363635376914 -0.011600395552134433 0.10134763867549995 0.014776430630452041 0.0081511549722405995 -0.0041132315365409351
leaf_weight=178.32730968762189 15.834530085325239 10.067882202565668 777.93821976752952 136.31448204442859 6.0571577884256831 7.1878565549850526 5.2842858787626055 23.626055046916008 4.1264210306108025 15.50379157066345 10.195700264535846 7.3294064961373797 68.133003565482795 32.978088397532701 31.160938048735261 27.09152103587985 8.256854981184004 12.765953503549097 45.725718982517719 42.715553317219019 29.227464590221643 7.8950046980753532 213.53777677658945 139.22699753625784 7123.1262542704935 67.926967960549518 4.0924451602622893 26.465955586521886 412.82397880009376 1866.0478694078047
leaf_count=2679 194 49 12822 1509 69 121 96 164 37 97 238 72 928 221 314 214 89 108 573 356 213 145 10753 8717 254011 4663 48 407 16636 61402
internal_value=-2.34236e-05 -0.00560802 7.07791e-05 0.00419639 0.008778 0.00608328 0.0313486 -0.00201765 0.0208728 0.0011907 0.0312984 0.0201827 -0.00465039 0.0180967 0.00836701 0.00345629 0.0207275 0.00783804 0.000264575 -0.0060728 0.00358432 0.0119694 -0.000137772 -0.00154354 0.000493486 -0.000815322 -0.00192541 0.0263702 0.00536039 -0.00225244
internal_weight=11357 188.395 11168.6 537.41 309.336 276.343 32.993 228.074 26.9358 196.37 21.6515 17.5251 204.447 79.9736 46.9955 180.866 28.2107 19.9538 152.655 99.0345 56.319 53.6207 10631.2 3294.52 7336.66 3155.3 2674.54 30.5584 480.751 2643.99
internal_count=377945 2728 375217 5758 3157 2645 512 2601 443 1916 347 310 2437 729 508 1819 318 229 1501 783 427 718 369459 104695 264764 95978 74679 455 21299 74224
is_linear=0
shrinkage=0.03


Tree=205
num_leaves=31
num_cat=0
split_feature=5 5 7 8 5 20 5 13 2 11 6 6 6 5 9 22 18 0 7 0 18 18 18 22 3 21 22 2 18 18
split_gain=6.75916 20.5641 14.3082 20.5484 9.65723 18.6339 14.4888 19.071 20.2623 13.9564 12.3854 11.1778 20.4339 15.2875 43.2707 19.0298 33.3001 20.1493 14.7014 19.2339 13.6317 34.9064 27.7457 24.0264 26.5225 23.6328 13.5165 14.9407 13.1654 21.7073
threshold=354.15939723320167 336.90312500000005 -0.2417412884496776 41.500000000000007 315.04861216391322 8.1307477951049822 294.99536176470593 423.25399780273443 -0.9159756150367534 13.500000000000002 458.29373749271912 419.83466928127365 478.73612712230863 285.87276190476194 6.5000000000000009 22840.500000000004 6553.5000000000009 207.97500000000002 0.11441699381078958 87.960000000000022 7072.5000000000009 7954.5000000000009 9068.5000000000018 55443.500000000007 -0.60355339059327384 7845.5000000000009 332800.00000000006 -0.5 7584.5000000000009 7461.5000000000009
decision_type=2 2 2 2 2 2 2 2 2 2 2 2 2 2 2 2 2 2 2 2 2 2 2 2 2 2 2 2 2 2
left_child=1 4 -3 -4 6 -6 11 -8 -9 -10 -11 13 26 -1 15 16 17 -15 19 -14 -21 25 -23 -24 -25 28 -13 -28 29 -22
right_child=-2 2 3 -5 5 -7 7 8 9 10 -12 12 18 14 -16 -17 -18 -19 -20 20 21 22 23 24 -26 -27 27 -29 -30 -31
leaf_value=-1.3881930119648956e-05 -0.0072465437252391234 -0.00025400903235833143 -0.00941910073277657 0.05542032317047732 0.029841309431073684 -0.022032136702975092 -0.019950667916432231 -0.0083484090724064829 0.05370119025440695 0.017412345834330129 -0.03098015294348606 -0.01773665347001066 -0.011470262125868848 0.074747791453245158 -0.034805850509201562 0.010541793564041762 0.10190693955894879 -0.024193458019445717 -0.018641950362348839 -0.00081644159349530433 0.02352919751837336 -0.023572870468260329 0.10455770012099981 0.066811351896984866 -0.012223246251780936 0.11827826133640705 -0.019150008324509294 0.056077133770105175 -0.021177309620395872 0.12708719550270772
leaf_weight=10669.758439089521 115.40048813715111 15.03325586253777 6.056560731027278 16.072027135640383 7.424397248774766 38.819584172801115 18.527375522069633 33.251319609349594 9.1808339734561724 102.54970956442412 4.9915874699363476 117.01825727743562 40.055041531915776 3.0672765900380936 10.042553596198557 12.973562005441634 8.1348341563716513 4.6772302449680865 27.191319105448201 34.597588372649625 5.9286648565903288 15.207136237528173 3.2705034706741598 5.9039041418582228 10.83362252358347 4.5579403191804877 4.6305291019380093 4.8804476791992766 2.6496074721217147 2.6297737061977386
leaf_count=361207 3597 370 111 141 74 1140 264 591 84 1560 266 3540 1623 70 178 158 95 60 704 780 127 425 103 85 249 71 90 78 60 44
internal_value=-2.3074e-05 5.10895e-05 0.0223307 0.0376739 -2.28167e-05 -0.0137039 3.38919e-05 0.00876425 0.0123116 0.0181972 0.0151662 -9.99879e-05 -0.0060242 5.45557e-05 0.0188283 0.0374962 0.0595182 0.014993 0.00135854 0.00568731 0.0137179 0.0235814 0.00697161 0.030187 0.015655 0.0606813 -0.0149413 0.0194519 0.0372586 0.0553497
internal_weight=11355.3 11239.9 37.1618 22.1286 11202.8 46.244 11156.5 168.501 149.973 116.722 107.541 10988 279.354 10708.7 38.8955 28.8529 15.8793 7.74451 152.825 125.634 85.5787 50.9812 35.2152 20.008 16.7375 15.766 126.529 9.51098 11.208 8.55844
internal_count=377945 374348 622 252 373726 1214 372512 2765 2501 1910 1826 369747 7979 361768 561 383 225 130 4271 3567 1944 1164 862 437 334 302 3708 168 231 171
is_linear=0
shrinkage=0.03


Tree=206
num_leaves=31
num_cat=0
split_feature=12 19 18 19 19 6 5 5 5 18 10 2 13 3 20 0 12 12 0 15 12 21 16 15 0 0 21 13 10 0
split_gain=6.60573 6.58898 21.8631 28.8673 20.86 41.0602 25.9285 39.7197 18.3164 18.2261 17.9161 17.4868 13.5134 15.6401 16.6011 14.1514 15.9204 13.5115 15.3926 14.5959 13.3261 33.335 30.732 16.4263 13.2295 21.5912 13.1873 12.7812 12.729 13.9246
threshold=637.50000000000011 93.500000000000014 9471.5000000000018 142.50000000000003 81.500000000000014 32.698846596449734 43.594149572649584 44.439118825100145 48.186564067272009 9477.5000000000018 889.50000000000011 -0.70710678118654735 20167.281250000004 0.78656609248549303 45.336566925048835 115.02000000000002 142.50000000000003 13.500000000000002 198.08900000000003 12.500000000000002 1.0000000180025095e-35 3682.5000000000005 4.5000000000000009 15.500000000000002 70.111000000000018 85.125000000000014 7043.5000000000009 472.73699951171881 2.5000000000000004 57.950500000000012
decision_type=2 2 2 2 2 2 2 2 2 2 2 2 2 2 2 2 2 2 2 2 2 2 2 2 2 2 2 2 2 2
left_child=1 4 3 -3 -1 11 27 -8 20 -4 17 -6 13 -11 -15 16 -14 18 -9 -19 -5 22 -22 24 -23 -26 -12 -7 -24 -30
right_child=-2 2 9 8 5 6 7 10 -10 12 26 -13 15 14 -16 -17 -18 19 -20 -21 21 23 28 -25 25 -27 -28 -29 29 -31
leaf_value=6.8750516536029299e-05 -0.017288941356496699 -0.0087144939229281213 0.050107365513333356 -0.0071011934031507207 0.084703652343700225 -0.03259053511790011 0.032584677670955006 -0.0036269309232869972 0.021695273494292622 0.0073720766701598668 0.018103179027477385 0.026053384118107942 0.043049327772638646 0.010072488750136379 0.069708977667668787 0.033619522369513183 -0.015685807308680928 0.066321223651312905 0.032484872868757793 0.015405487493443022 0.017689664247865167 -0.016486666945845586 -0.02264518247490872 0.00029308188813131588 0.037792090379588222 -0.015002110304835925 -0.019921842649542134 0.0034297098430519611 -0.0064408583804746221 0.056803356740457452
leaf_weight=9382.9911767296726 19.907365469727665 491.43337066564709 9.56481935828924 223.98651350755244 8.0615083114244062 21.898214420303702 50.446327358484268 69.714954555034637 34.163921162486076 44.279970588162541 10.22396150883287 10.579511965624986 4.6021890975534907 8.0135554503649491 8.8301800899207574 7.8181132338941088 42.587374050170183 6.0389424804598084 12.532994424924253 31.490379644557834 160.83567938092165 106.51176068559289 28.264247711747885 457.66543525725137 11.721709087491037 17.205084862187505 41.637532198801637 14.897293180692939 11.305610351730136 4.3343776236288241
leaf_count=350525 1438 5823 66 5137 79 190 223 633 239 395 211 120 48 97 75 92 468 40 96 339 1704 1737 418 6310 120 207 448 222 356 89
internal_value=-2.28586e-05 7.46907e-06 -0.00173066 -0.00270805 0.000308499 0.00841438 0.0053179 0.00918244 8.71959e-05 0.0103019 0.00230429 0.0514173 0.00702342 0.0167316 0.0413364 -0.00376411 -0.00995763 0.00868208 0.00187581 0.0235985 -0.000635249 0.00118 0.011617 -0.00242287 -0.0116005 0.00639114 -0.0124256 -0.0180071 -0.010629 0.0110863
internal_weight=11353.5 11333.6 1673.12 1547.43 9660.51 277.522 258.881 222.085 1055.99 125.696 171.639 18.641 116.131 61.1237 16.8437 55.0077 47.1896 119.777 82.2479 37.5293 1021.83 797.844 204.74 593.104 135.439 28.9268 51.8615 36.7955 43.9042 15.64
internal_count=377945 376507 23381 22140 353126 2601 2402 1990 16317 1241 1767 199 1175 567 172 608 516 1108 729 379 16078 10941 2567 8374 2064 327 659 412 863 445
is_linear=0
shrinkage=0.03


Tree=207
num_leaves=31
num_cat=0
split_feature=14 6 14 5 6 6 17 5 10 0 0 3 6 5 5 5 5 5 21 21 10 14 2 0 0 11 8 0 6 20
split_gain=6.49971 6.64551 25.6371 21.7346 12.9655 18.2787 24.4502 25.512 21.7627 20.8229 18.305 19.9912 15.1115 14.0058 138.937 71.8918 13.8528 41.873 38.7284 31.9125 16.909 13.8068 15.4927 15.3678 30.0604 46.0997 22.2129 22.1993 38.8555 15.204
threshold=29.500000000000004 45.735444215470999 7.5000000000000009 49.9330424528302 38.091680187016983 39.08864296050232 0.19605058431625369 44.702982061688324 93.500000000000014 100.02150000000002 88.50500000000001 -0.70710678118654757 38.528743113503623 94.820059978189761 95.284335535976524 194.67837767687723 70.876373460516803 65.648387096774201 7351.5000000000009 3790.5000000000005 946.50000000000011 2.5000000000000004 0.78656609248549325 14.932500000000003 15.001000000000003 17.500000000000004 274.50000000000006 30.001500000000004 35.891312365081312 2.7584748268127446
decision_type=2 2 2 2 2 2 2 2 2 2 2 2 2 2 2 2 2 2 2 2 2 2 2 2 2 2 2 2 2 2
left_child=1 4 3 -3 21 6 10 -8 -9 12 11 -6 -10 16 -15 -16 17 -7 19 -19 -21 22 23 -1 25 -25 -26 -28 29 -29
right_child=-2 2 -4 -5 5 13 7 8 9 -11 -12 -13 -14 14 15 -17 -18 18 -20 20 -22 -23 -24 24 26 -27 27 28 -30 -31
leaf_value=-0.011610910647536722 -0.019676616671557859 -0.013456522016666172 -0.02258871518920157 -0.00015666397115937739 -0.022137199027797157 0.0013057624288919485 -0.017984910223800037 -0.014002176038275615 0.039301680565922495 -0.031193085408681463 -0.011597643891401515 0.020672452724401821 0.12782811549052073 0.33844991325363954 -0.021791577772653701 0.19606392853140575 -0.020813863884145582 0.010311627748044469 -0.020190296241600798 0.23027144549504716 0.10247068633147119 -0.0028586792590446753 0.012059408773336883 0.192461371889105 -0.0011815267361705807 -0.01562113921817389 -0.0035671747636383034 0.063012479403662933 -0.0064616379797238725 0.026380069280266323
leaf_weight=82.636303292354569 15.12352243310306 112.2012748606503 46.927195675612893 7682.58685884648 10.404050213983281 1202.2328957037535 44.702113943174481 6.7363020423799744 3.6409045804757607 1.8730799946933983 20.538520211121067 174.12342949793674 3.3159272777847946 1.2120042657479633 11.928779428359119 1.5391845474950958 24.944044292671606 1.7663625648710857 2.8979283790104091 1.8274954154621812 1.900890495162457 1052.340868500527 123.41627002693713 1.8695999281480902 560.82261490286328 1.9657225785776971 55.560077871195972 12.560323731973766 33.148136756848544 54.191800501430407
leaf_count=1669 980 1219 5054 315265 122 10330 358 73 96 91 250 1210 99 20 648 24 1396 30 200 71 44 17154 1739 39 18058 135 634 128 272 537
internal_value=-2.25581e-05 3.66314e-06 -0.000481202 -0.000348107 0.00109183 0.00317982 0.0103315 -0.00646693 0.0266097 0.0575923 0.0152685 0.0182588 0.0814972 0.00166206 0.0307926 0.00310601 0.00131596 0.00177193 0.068549 0.11535 0.165113 -0.00050761 0.00216374 0.000642371 0.00204848 0.0858126 0.00159997 0.0116342 0.0200885 0.033273
internal_weight=11350.9 11335.8 7841.72 7794.79 3494.1 1515.58 265.334 60.2683 15.5662 8.82991 205.066 184.527 6.95683 1250.25 14.68 13.468 1235.57 1210.63 8.39268 5.49475 3.72839 1978.51 926.171 802.755 720.118 3.83532 716.283 155.46 99.9003 66.7521
internal_count=377945 376965 321538 316484 55427 15062 2299 717 359 286 1582 1332 195 12763 692 672 12071 10675 345 145 115 40365 23211 21472 19803 174 19629 1571 937 665
is_linear=0
shrinkage=0.03


Tree=208
num_leaves=31
num_cat=0
split_feature=5 21 10 11 14 10 2 6 21 10 18 18 20 2 5 6 7 19 11 4 19 7 7 2 13 6 19 10 1 1
split_gain=6.51454 11.3295 14.2919 12.5518 10.7507 11.3846 11.1735 8.68748 8.5474 64.9194 27.5395 48.4537 24.6944 23.2492 22.7919 32.9991 28.0335 26.6622 18.0882 18.7021 17.6455 16.1715 15.5984 15.3376 25.7318 18.6715 17.9868 17.1013 18.3655 17.0398
threshold=32.515324423541337 4013.5000000000005 96.500000000000014 12.500000000000002 10.500000000000002 1006.5000000000001 0.37940952255126054 24.391272642694137 4013.5000000000005 175.50000000000003 5844.5000000000009 4515.5000000000009 23.386793136596683 -0.70710678118654735 143.45892908382868 192.86223179510634 -0.50417298911499808 33.500000000000007 15.500000000000002 1.0000000180025095e-35 167.50000000000003 -0.29992135579092399 -0.32391893439923364 -0.70710678118654735 1317.0109863281252 41.11984530448624 150.50000000000003 117.50000000000001 4.3571765565680689 3.0801882457095502
decision_type=2 2 2 2 2 2 2 2 2 2 2 2 2 2 2 2 2 2 2 2 2 2 2 2 2 2 2 2 2 2
left_child=1 7 3 -3 5 -4 -7 -1 9 12 11 14 -2 21 15 18 -17 -18 19 22 -15 -14 -10 -20 25 27 -27 29 -29 -25
right_child=8 2 4 -5 -6 6 -8 -9 10 -11 -12 -13 13 20 -16 16 17 -19 23 -21 -22 -23 -24 24 -26 26 -28 28 -30 -31
leaf_value=-0.00051549208911962411 0.0011862908067534885 -0.013524746932135193 -0.010409542151937842 0.057903215474678166 0.062288063437915334 0.0012420944336691741 0.068578334434371765 -0.021260031868519626 -0.0098261585933874865 -0.030274983562993088 0.00015303485184427245 -0.025034713672776397 0.013793592631023508 0.017559566847539922 -0.012443150030826768 0.075849597820570019 -0.022995236686199353 0.051721906950351948 -0.0052384101552710918 -0.014082883971350822 0.056738130794576215 -0.0078764256545526198 0.0077387834564286292 0.015749142689010478 0.045399890449655554 0.0097000872272976976 0.049871856962241931 0.0051349684288934773 0.071947604575401308 -0.021077310880497788
leaf_weight=27.932620485313237 3018.8628274654038 3.2476879954338056 55.277690977556631 6.957768302410841 2.2005000528879455 6.358620038488878 3.4057866334915161 51.978603880852461 79.829975850880146 57.425803100923076 7011.1855933410116 100.97312590200454 60.618931541685015 90.953107443638146 175.76995724253356 8.9415666572749632 9.5940490029752272 7.7870509661734095 88.957969009876251 149.05875464715064 11.674094459041951 63.419689222238958 105.81378149800003 15.298470247536896 16.860083796083927 39.534474732354283 13.441938146948813 17.012465257197622 4.7328942306339732 43.352185551077127
leaf_count=762 38961 60 1779 115 29 242 50 1139 1085 12111 289426 20850 793 864 2956 73 177 120 1043 1822 131 621 1104 186 179 412 95 219 41 500
internal_value=-2.26131e-05 -0.00608418 0.00209255 0.0351727 -0.00292805 -0.00513443 0.0247287 -0.0140089 6.26192e-05 0.00134388 -0.000473876 -0.00548596 0.00190334 0.0114534 -0.00294222 -0.00015993 0.0326851 0.0104794 -0.00166643 -0.00616885 0.0220162 0.00271393 0.000185559 0.00463388 0.0104796 0.00606521 0.019893 -0.00304655 0.0196768 -0.0114715
internal_weight=11348.5 157.359 77.4481 10.2055 67.2426 65.0421 9.76441 79.9112 11191.1 3302.95 7888.14 876.959 3245.53 226.666 775.986 600.216 26.3227 17.3811 573.893 334.703 102.627 124.039 185.644 239.19 150.233 133.372 52.9764 80.396 21.7454 58.6507
internal_count=377945 4176 2275 175 2100 2071 292 1901 373769 53481 320288 30862 41370 2409 10012 7056 370 297 6686 4011 995 1414 2189 2675 1632 1453 507 946 260 686
is_linear=0
shrinkage=0.03


Tree=209
num_leaves=31
num_cat=0
split_feature=7 7 3 20 1 1 8 11 12 11 17 16 3 17 17 5 8 8 8 6 5 5 6 5 6 5 5 14 8 6
split_gain=6.46721 17.3999 9.82064 8.91546 9.12803 15.6996 13.1485 12.4769 12.382 13.2362 11.9363 17.1543 8.15865 11.4865 11.1813 10.4812 7.93364 22.5749 82.912 80.1607 50.4081 62.5802 54.3052 42.257 38.8249 76.4477 38.6854 21.0525 20.9679 32.7821
threshold=-1.0219452121242616 -0.97486432839908876 -0.78656609248549325 1.2953775525093081 3.0447366775324571 2.9947817205753364 23.500000000000004 42.500000000000007 2.5000000000000004 10.500000000000002 0.33589744567871099 1.0000000180025095e-35 0.37940952255126048 0.097721043974161162 0.17649959772825244 53.392205882352947 27.500000000000004 43.500000000000007 40.500000000000007 139.19207546651518 65.648387096774201 75.125986379928335 85.790856501755755 40.528457893990939 87.140974633868225 116.70992336996339 39.77545269792649 1.0000000180025095e-35 68.500000000000014 73.708244266358932
decision_type=2 2 2 2 2 2 2 2 2 2 2 2 2 2 2 2 2 2 2 2 2 2 2 2 2 2 2 2 2 2
left_child=2 -2 -1 -4 5 7 8 12 -6 -10 11 -11 13 -5 -14 -15 -3 18 23 20 -20 -22 -23 26 -24 -26 -18 -27 29 -19
right_child=1 16 3 4 6 -7 -8 -9 9 10 -12 -13 14 15 -16 -17 17 28 19 -21 21 22 24 -25 25 27 -28 -29 -30 -31
leaf_value=-0.016511753525972769 -0.017174196441337369 -0.0026154302625828233 -0.02279857937600616 0.077487575293280098 -0.015614571245147041 0.072161745091699023 -0.024350005702037478 0.059206663058732394 0.045161191804593256 0.0094308101718132836 -0.020732338395485238 0.090125638532099525 -0.016257420206337692 0.0025188049318793696 0.017563572752734888 0.04822866958009156 0.026937155279319863 0.0027529957309157913 0.01477360744105371 -0.0047915439322000087 0.20796586389439101 -0.0045092390285617198 0.16370469627541798 -0.0032325714286313262 -0.031333926306918829 0.17028797099961016 0.15528659220408889 0.082777120301041521 0.00023925537093159678 -0.014423353132810538
leaf_weight=17.350767537136562 53.596367623773403 980.84609095519409 8.6265000747516734 3.0151688843034234 18.161978976801038 4.3516510140616438 13.670276376185937 4.9336903356015673 9.4389744605869037 63.898165693273768 11.458523320965467 2.4623249594587824 18.044146807398647 16.342935103923086 17.168010940775275 6.2380344271659842 12.734419718384741 180.99781968595926 15.013750812737269 27.327316486276686 3.1713451198302236 7.0781279562506851 5.0885010319761959 239.96252433175687 4.8192574749700752 3.6853556085843575 2.5340731409378341 7.5279533395078033 9363.0790530692902 223.48066149989609
leaf_count=720 1448 40712 187 106 329 101 892 96 131 2723 683 84 316 229 297 94 300 4151 366 1157 70 294 105 11774 293 119 32 82 299181 10873
internal_value=-2.24811e-05 -0.000122061 0.0051291 0.00702731 0.00838732 0.0169768 0.00333176 0.0133239 0.00692138 0.011612 0.00754273 0.012425 0.00960124 0.0224899 0.000232316 0.0151462 -3.95564e-05 0.000210682 0.00794072 0.0359672 0.0599802 0.0816159 0.0674063 -0.000153427 0.0915067 0.0685921 0.048239 0.111538 -4.96426e-05 -0.0067372
internal_weight=11346.1 11130.9 215.161 197.81 189.184 70.0936 119.09 65.742 105.42 87.258 77.819 66.3605 60.8083 25.5961 35.2122 22.581 11077.3 10096.5 328.943 73.7116 46.3843 31.3705 28.1992 255.231 21.1211 16.0326 15.2685 11.2133 9767.56 404.478
internal_count=377945 370957 6988 6268 6081 1239 4842 1138 3950 3621 3490 2807 1042 429 613 323 369509 328797 14592 2486 1329 963 893 12106 599 494 332 201 314205 15024
is_linear=0
shrinkage=0.03


Tree=210
num_leaves=31
num_cat=0
split_feature=13 3 0 6 10 0 17 21 0 0 19 14 12 14 11 18 17 12 11 0 17 13 10 14 19 0 21 19 8 8
split_gain=6.39419 9.30201 12.6076 18.8265 24.4506 17.2608 10.4983 9.14503 20.4592 13.3723 9.02797 8.76062 8.42828 10.6048 13.7072 22.4478 8.21504 8.83981 8.10304 14.0709 22.2998 9.80712 9.3881 7.93692 50.1326 14.3854 13.0403 12.9075 24.3473 17.9955
threshold=43867.025390625007 -0.12940952255126037 44.005000000000003 75.924074654135566 1072.5000000000002 45.001500000000007 0.16002207249403003 8736.5000000000018 1223.9800000000002 10.014000000000001 49.500000000000007 3.5000000000000004 177.50000000000003 3.5000000000000004 42.500000000000007 8505.5000000000018 0.0081183910369873064 209.50000000000003 38.500000000000007 76.986500000000021 0.0046898815780878076 50551.685546875007 1078.5000000000002 3.5000000000000004 32.500000000000007 8.3700000000000028 2228.5000000000005 10.500000000000002 35.500000000000007 236.50000000000003
decision_type=2 2 2 2 2 2 2 2 2 2 2 2 2 2 2 2 2 2 2 2 2 2 2 2 2 2 2 2 2 2
left_child=23 2 -2 4 11 -5 -6 9 10 -3 -9 -4 -7 -14 15 -15 -12 -18 19 -11 -21 22 -22 27 26 -26 -25 29 -29 -1
right_child=1 7 3 5 6 12 -8 8 -10 18 16 -13 13 14 -16 -17 17 -19 -20 20 21 -23 -24 24 25 -27 -28 28 -30 -31
leaf_value=0.00055589715417326223 -0.024453735791090881 0.053284765252717296 -0.016524395838377236 0.083349183495403364 0.043348574102323713 0.050154951991576255 0.12034931746760925 -0.0093613772442995725 0.086855741226245925 -0.024253383442202205 0.066382689303418355 0.065987563099322313 -0.0099248901787652253 -0.030775815230071363 -0.031157630107966534 0.18424516105369859 0.053960648534221056 -0.0014746031443668534 -0.015931780449776823 0.15616846510647922 -0.0021207072476318953 0.090605582694371953 0.079692799522110655 -0.030083292779151925 -0.012656089044113453 4.8649461501158951e-05 -0.010943756990731683 0.098044281093416299 0.0015753644721901434 -0.0038858928511963692
leaf_weight=2885.8418636664283 10.947411182802169 2.8469584321137509 5.1368683459004369 2.2161564060952506 2.9981233971193433 2.5818274309858671 3.4015768254175782 40.659148295409977 2.4731762735173097 13.066964476834981 2.4649129593744901 1.4951766864396629 38.684016208280809 0.71920872014015857 1.1821204824373124 1.1135234907269476 3.1245385389775064 15.101462743245063 123.39465860696509 0.9636261507403131 18.461355425650261 1.2350486104842264 1.354969510808586 58.384335492737591 83.14740207628347 2271.2447865229333 70.99741369811818 2.3558287043124428 4530.0357050827006 1147.2426605582004
leaf_count=118036 598 38 219 35 75 106 60 2196 49 1055 86 21 2180 119 38 34 40 288 7007 93 1027 84 61 3181 1500 38421 6386 32 117479 77401
internal_value=-2.25179e-05 -0.00437675 0.00513484 0.0105762 0.0424441 0.00164456 0.0842761 -0.00735409 0.0022585 -0.011157 -0.00115183 0.0020777 -0.00244459 -0.00570134 0.0484916 0.0998657 0.0149805 0.00802883 -0.0123147 0.000407685 0.0150452 0.00858531 0.00347341 9.39796e-05 -0.00139916 -0.000400029 -0.0195806 0.000526953 0.00162551 -0.000707605
internal_weight=11344.9 295.623 70.476 59.5286 13.0317 46.4969 6.3997 225.147 63.8232 161.324 61.3501 6.63205 44.2807 41.6989 3.01485 1.83273 20.6909 18.226 158.477 35.082 22.015 21.0514 19.8163 11049.2 2483.77 2354.39 129.382 8565.48 4532.39 4033.08
internal_count=377945 15509 3485 2887 375 2512 135 12024 2659 9365 2610 240 2477 2371 191 153 414 328 9327 2320 1265 1172 1088 362436 49488 39921 9567 312948 117511 195437
is_linear=0
shrinkage=0.03


Tree=211
num_leaves=31
num_cat=0
split_feature=1 1 6 1 18 6 18 6 12 18 17 19 20 18 1 1 1 6 18 12 2 17 1 13 18 2 18 18 9 8
split_gain=6.49014 19.1107 12.429 25.7982 15.8148 11.6282 26.0562 47.827 12.0932 10.514 12.0611 13.3436 16.8511 11.4678 10.4648 17.4077 29.0113 18.6814 15.4758 15.0065 12.8578 17.5328 13.7224 11.7113 11.4987 11.0701 10.7379 28.3792 25.2226 26.8699
threshold=6.9037221565529414 6.7420902274222216 147.64676250357326 6.7856780323177981 8357.5000000000018 286.19406183984853 9052.5000000000018 276.70098360140219 5.5000000000000009 8505.5000000000018 0.016091410070657734 62.500000000000007 48.106592178344734 9529.5000000000018 6.3195443581378123 6.0912985697325359 6.1233805558879633 339.95348486311894 8342.5000000000018 192.50000000000003 0.25881904510252091 0.025644849054515365 6.478471238275989 38545.677734375007 8505.5000000000018 -0.98296291314453399 8845.5000000000018 8808.5000000000018 1.5000000000000002 30.500000000000004
decision_type=2 2 2 2 2 2 2 2 2 2 2 2 2 2 2 2 2 2 2 2 2 2 2 2 2 2 2 2 2 2
left_child=1 14 3 -3 -4 6 -2 -8 -7 -6 -11 12 13 -12 15 26 19 -18 23 25 -16 22 -22 -19 -20 -17 27 -1 -28 -30
right_child=5 2 4 -5 9 8 7 -9 -10 10 11 -13 -14 -15 20 16 17 18 24 -21 21 -23 -24 -25 -26 -27 28 -29 29 -31
leaf_value=0.0001873569519806892 -0.010422608318391089 0.13840618418407841 -0.00644843036321278 0.0098392903250860819 0.053915420951129098 0.034997112233911803 0.010714088943491715 0.13601568886936416 -0.016344677411603382 -0.023493345952009824 0.030317605545732602 0.049138080488032629 -0.019550566389618905 -0.0067143214918743126 -0.010485376578001974 0.056559482598498946 -0.0051740543310622019 -0.0059465866113822532 0.068879331938741489 -0.0037243809087989348 -0.013921524692709415 -0.010296621599266255 0.058135358733727091 0.054467320281377254 0.018827855709826643 0.019801323167568229 -0.011343322873371857 0.020613600659383568 0.018940377375279944 -0.0014904389010420259
leaf_weight=8006.7474959771498 37.634203771012835 2.114926485810428 36.771957822842523 4.1826396577525884 6.5261219171807161 4.3589555993676177 15.60668465588242 3.3258326668292275 78.257153692073189 6.9204672658815971 30.619525486603379 10.47854347527027 11.772132283076642 9.9788683932274562 155.73642833100166 7.9633223917335263 175.20001448877156 38.548952144570649 4.5919008497148743 23.974381323205307 3.2542042843997505 14.337195335188879 8.8401954486034793 3.1217131302691987 41.158861488103867 99.591811541467905 231.73518900992349 61.687736933352426 59.539657112210989 2148.9797056857497
leaf_count=253490 1374 60 744 94 71 32 524 46 2850 147 275 57 144 110 4170 119 4548 653 49 659 69 252 148 78 492 1579 17881 2878 2553 81799
internal_value=-2.22629e-05 5.77155e-05 0.0119975 0.0530162 0.00971282 -0.00646062 0.0040188 0.0327255 -0.0136358 0.017502 0.014096 0.018235 0.0120518 0.0212154 -7.08535e-05 4.82942e-05 0.00623792 0.00047796 0.0118051 0.0177387 -0.0072019 0.0121445 0.0387472 -0.00142074 0.0238514 0.0225229 -0.000183861 0.000343527 -0.00192761 -0.000939643
internal_weight=11343.6 11204.4 119.365 6.29757 113.068 139.183 56.5667 18.9325 82.6161 76.2957 69.7695 62.8491 52.3705 40.5984 11085 10902.8 394.151 262.621 87.4214 131.53 182.168 26.4316 12.0944 41.6707 45.7508 107.555 10508.7 8068.44 2440.25 2208.52
internal_count=377945 373119 1702 154 1548 4826 1944 570 2882 804 733 586 529 385 371417 366778 8177 5820 1272 2357 4639 469 217 731 541 1698 358601 256368 102233 84352
is_linear=0
shrinkage=0.03


Tree=212
num_leaves=31
num_cat=0
split_feature=5 5 17 17 0 5 11 5 13 2 11 6 6 19 3 21 5 9 22 21 0 6 19 5 7 2 20 6 3 13
split_gain=6.30947 19.5197 16.485 9.17756 22.4516 9.06375 17.6513 13.5482 17.8567 18.7789 12.54 11.6463 10.5085 21.01 23.7669 27.4534 13.8944 39.902 16.3832 27.0826 17.9573 12.0044 48.5528 30.1209 15.0019 13.4646 13.4414 13.4216 12.661 13.7598
threshold=354.15939723320167 336.90312500000005 0.19605058431625369 0.14280788600444796 213.02000000000001 315.04861216391322 4.5000000000000009 294.99536176470593 423.25399780273443 -0.9159756150367534 13.500000000000002 458.29373749271912 419.83466928127365 35.500000000000007 -0.60355339059327384 9368.5000000000018 285.87276190476194 6.5000000000000009 22840.500000000004 6550.5000000000009 207.97500000000002 395.77295757026781 20.500000000000004 243.67727272727276 -0.44838648089206806 -0.37940952255126065 27.981707572937015 411.85412471456999 -0.3794095225512602 14923.751953125002
decision_type=2 2 2 2 2 2 2 2 2 2 2 2 2 2 2 2 2 2 2 2 2 2 2 2 2 2 2 2 2 2
left_child=1 5 3 4 -3 7 -7 12 -9 -10 -11 -12 16 -14 15 -15 21 18 19 20 -18 -1 27 -24 -25 26 -26 -23 29 -29
right_child=-2 2 -4 -5 -6 6 -8 8 9 10 11 -13 13 14 -16 -17 17 -19 -20 -21 -22 22 23 24 25 -27 -28 28 -30 -31
leaf_value=-0.00011298749269846293 -0.0070306859456791071 -0.027436017498382207 -0.0053927491468393641 0.079865062469219872 0.046335250048147827 0.03794516115704806 -0.020212864257196955 -0.019570823679576192 -0.0081433369016196099 0.050644041308076294 0.016699733515757615 -0.030952240891811714 -0.012626097099773826 0.0039164997352868942 -0.0028839437221322675 0.070257990125967604 0.068426479564079115 -0.03459941730199869 0.010004994301104292 0.091356400573097546 -0.023766685100362221 -0.013744123749060821 -0.012321020264832278 0.093896464905119381 -0.014601509380842606 0.06750589849725662 0.044420588596286559 0.013065708920518001 0.0031766918434310916 0.13159749323702954
leaf_weight=10556.96309139824 114.43643138278276 4.8891876824200216 13.027228587307034 3.7155981573741874 15.432707554660736 5.3201236482709637 40.086816517519765 18.241952190641314 33.003121500136331 9.4296762733720225 103.44705514307134 4.8316381425829595 166.01322802889626 13.624359912122602 88.304043515119702 9.5483947806060296 3.2518866008613321 9.8016226601321232 12.968871905934064 8.7323022745549661 4.5787490424700081 48.273871455690823 8.8587121739983541 5.8098583696410087 5.5658219289034632 9.8387450911104661 9.2336715850979072 1.883311601355673 10.813840187503953 1.6568751989398149
leaf_count=358522 3597 129 283 74 136 38 1176 264 591 84 1560 266 5701 270 1898 110 70 178 158 95 60 1600 210 91 63 105 137 57 356 66
internal_value=-2.20495e-05 4.93884e-05 0.0217844 0.0365132 0.0285868 -2.26041e-05 -0.0133988 3.18945e-05 0.00846257 0.0118557 0.017463 0.0145734 -9.7882e-05 -0.00586166 0.00421206 0.0312527 5.16185e-05 0.0178491 0.0352569 0.0550292 0.0145191 -1.40579e-05 0.0102317 0.0363664 0.0505317 0.040306 0.0222234 -0.00617109 0.0192977 0.0685409
internal_weight=11341.6 11227.1 37.0647 24.0375 20.3219 11190.1 45.4069 11144.7 168.953 150.711 117.708 108.279 10975.7 277.49 111.477 23.1728 10698.2 39.3334 29.5318 16.5629 7.83064 10658.9 101.935 39.3068 30.4481 24.6382 14.7995 62.6279 14.354 3.54019
internal_count=377945 374348 622 339 265 373726 1214 372512 2765 2501 1910 1826 369747 7979 2278 380 361768 561 383 225 130 361207 2685 606 396 305 200 2079 479 123
is_linear=0
shrinkage=0.03


Tree=213
num_leaves=31
num_cat=0
split_feature=18 1 18 8 19 14 8 12 19 1 6 16 5 2 8 1 1 6 16 17 1 1 1 10 1 18 1 2 20 12
split_gain=6.26605 10.608 10.2043 14.6643 17.3259 19.7882 14.1418 13.826 13.6991 14.3205 15.8954 13.5972 11.8831 11.1754 17.7198 10.6085 16.2208 13.46 12.6094 11.8117 9.93004 42.2488 29.7909 22.6567 25.3054 23.3147 23.0787 22.8139 47.1066 18.895
threshold=2.5000000000000004 5.4074183474217197 11.500000000000002 153.50000000000003 173.50000000000003 6.5000000000000009 151.50000000000003 1.0000000180025095e-35 20.500000000000004 4.9504215377434564 243.57592140117114 4.5000000000000009 197.75478362771744 -0.70710678118654735 445.00000000000006 4.610008451486677 5.2604441444591661 15.046468505751454 1.0000000180025095e-35 0.28653530776500707 3.9111225951759701 3.8694909937256878 3.9126326336305111 964.50000000000011 3.8505729526502157 6270.5000000000009 3.0244411503249085 0.78656609248549325 36.237342834472663 7.5000000000000009
decision_type=2 2 2 2 2 2 2 2 2 2 2 2 2 2 2 2 2 2 2 2 2 2 2 2 2 2 2 2 2 2
left_child=1 -1 3 6 5 8 15 -6 -5 10 13 -9 -12 14 -10 17 19 -2 -19 -17 21 23 -22 24 26 27 29 -25 -29 -4
right_child=2 -3 20 4 7 -7 -8 11 9 -11 12 -13 -14 -15 -16 16 -18 18 -20 -21 22 -23 -24 25 -26 -27 -28 28 -30 -31
leaf_value=-0.0071773323229333136 -0.035012370729629747 0.024372554238491512 -0.003557474211952431 -0.013879728989008893 0.0019304607148894924 -0.01965931323671392 0.059259096390596996 0.031564872446837616 0.04433708690505004 -0.027711402742882429 0.035084317090869975 -0.0081438047934208214 -0.012630497756918956 -0.0026360999806439773 0.0043692678881141157 0.019149627035172305 -0.00053434246340978693 0.016497708622578239 -0.010798699636074795 0.066784138338322946 0.011464352780657796 -0.017819092292252904 0.00014684463274596598 -0.017879995052567491 0.025063971547498516 0.0078363334009369616 -0.0040108762807714781 -0.03337744763807849 0.10922618247315435 0.0059775793358714411
leaf_weight=176.92403190582991 6.7996525913476935 10.141109801828859 312.83284087060019 45.210053946822882 57.43393240403384 48.895911857485771 5.7444621212780467 38.994939774274826 13.005089137703179 11.89783391356468 24.851538021117452 9.6895722709596139 5.7924053631722918 117.32185266539454 42.968290330842137 9.135338652879005 12.504706576466559 55.665239093825221 20.968067590147257 9.6170640587806684 215.67198067926802 136.91147168376483 7114.4483953652089 58.478172320872545 31.012428246787749 415.2534466390498 1857.9684416311793 4.3399955488275719 4.0120497799944133 465.16929422726389
leaf_count=2679 131 49 4253 471 1363 581 28 330 95 61 215 138 48 919 370 68 62 645 158 75 10753 8717 254011 4343 455 16636 61402 146 174 8569
internal_value=-2.1813e-05 -0.00546696 6.95198e-05 0.00410621 0.00143772 -0.00214444 0.013325 0.0119002 0.00113621 0.00428151 0.00614798 0.0236617 0.0260651 0.00262601 0.0136556 0.0110243 0.0259309 0.00543969 0.00902899 0.0435787 -0.000134479 -0.00150485 0.000479836 -0.000795556 -0.00187744 0.00518963 -0.00219441 -0.0112558 0.0351247 0.00214356
internal_weight=11339.7 187.065 11152.6 536.496 416.061 309.943 120.435 106.118 261.047 215.837 203.939 48.6845 30.6439 173.295 55.9734 114.69 31.2571 83.433 76.6333 18.7524 10616.1 3285.98 7330.12 3149.07 2666.98 482.084 2635.97 66.8302 8.35205 778.002
internal_count=377945 2728 375217 5758 4591 2760 1167 1831 2179 1708 1647 468 263 1384 465 1139 205 934 803 143 369459 104695 264764 95978 74679 21299 74224 4663 320 12822
is_linear=0
shrinkage=0.03


Tree=214
num_leaves=31
num_cat=0
split_feature=13 6 11 0 0 0 17 6 21 18 0 0 18 6 10 11 18 7 0 6 0 6 11 6 21 8 8 6 21 0
split_gain=6.26817 9.20415 26.0309 8.91916 6.74148 58.241 21.2598 15.794 25.0082 29.5547 24.3597 27.8442 21.091 18.2158 18.0272 26.7046 24.6694 23.5686 19.3069 18.147 28.5131 36.0993 18.143 17.9726 26.444 17.6229 20.5153 15.4475 16.5217 17.3178
threshold=58570.998046875007 395.77295757026781 42.500000000000007 15.950500000000002 57.950500000000012 57.008500000000005 0.30068494379520422 239.13200698181927 56.500000000000007 2556.5000000000005 48.955000000000005 46.918000000000013 2.5000000000000004 354.38733713668074 964.50000000000011 41.500000000000007 6665.5000000000009 -0.52243589686302783 46.020000000000003 217.1762877487574 29.001000000000001 222.34582029645728 39.500000000000007 236.82323399048286 4377.5000000000009 30.500000000000004 23.500000000000004 194.320360819797 7325.5000000000009 27.531000000000002
decision_type=2 2 2 2 2 2 2 2 2 2 2 2 2 2 2 2 2 2 2 2 2 2 2 2 2 2 2 2 2 2
left_child=4 3 -3 -2 5 6 7 10 13 -10 11 14 -13 -9 15 18 25 -18 23 27 21 22 -21 -1 -25 26 -16 28 29 -19
right_child=1 2 -4 -5 -6 -7 -8 8 9 -11 -12 12 -14 -15 16 -17 17 19 -20 20 -22 -23 -24 24 -26 -27 -28 -29 -30 -31
leaf_value=9.4017702245282234e-05 0.033282653497328521 0.099389202871799934 -0.023757473450809447 -0.014032979779603426 0.00065546600686931258 -0.019142096260106614 -0.0091325836923213163 0.027069506514102958 -0.023772391967227351 -0.0033576805750669229 0.0067639454644428543 0.051841892665106346 -0.016607555734189632 -0.021935168074144362 0.0083302824651254985 -0.010336667514899707 0.001400369110464889 0.093999514400096101 0.023448663402985535 0.24361146559081817 0.014510789981895044 -0.010335576899151561 0.099190557307698268 0.16066255285271466 -0.0026106803759297524 -0.011842443954438515 0.19604810135585249 -0.021433663481513831 0.013711123754197889 0.026750640169600191
leaf_weight=2418.9344872208312 3.7845674995332947 2.5904735093936315 3.8272834573872387 68.188557115383446 6588.0409775659791 151.32270452915691 228.76427024975419 34.512714570388198 75.313557419169229 418.3562001575483 551.69203461753204 4.1978169288486233 116.12156580446754 8.510104848071931 1.5500855206046247 223.14406244305428 155.15124897425994 4.6808442971669164 32.56508019240573 1.5207875110208973 6.6478680581785738 1.48415399948135 1.6134522110223768 1.5508342778775834 2.1039534388110042 72.060013585258275 0.7915378261823206 9.8808334153145534 136.02358647761866 13.068082026671616
leaf_count=55788 62 35 148 4004 217089 16034 9169 369 3151 17363 21517 33 7169 109 182 8476 6501 107 392 48 436 98 85 29 90 4278 62 603 4019 499
internal_value=-2.15353e-05 -0.00847534 0.0259496 -0.011545 3.73212e-05 -0.000834414 -0.000221533 0.000253486 -0.00456037 -0.00647212 0.000941558 -6.12747e-05 -0.0142194 0.0173762 0.000491313 -0.000400205 0.00639468 0.00991225 0.000502901 0.0174622 0.0542901 0.11155 0.169266 0.000194458 0.066671 -0.00921048 0.0717844 0.0149269 0.0172632 0.0444859
internal_weight=11338 78.3909 6.41776 71.9731 11259.6 4671.56 4520.24 4291.47 536.693 493.67 3754.78 3203.09 120.319 43.0228 3082.77 2678.3 404.472 330.071 2455.15 174.92 11.2663 4.61839 3.13424 2422.59 3.65479 74.4016 2.34162 163.653 153.773 17.7489
internal_count=377945 4249 183 4066 373696 156607 140573 131404 20992 20514 110412 88895 7202 478 81693 64775 16918 12396 56299 5895 667 231 133 55907 119 4522 244 5228 4625 606
is_linear=0
shrinkage=0.03


Tree=215
num_leaves=31
num_cat=0
split_feature=14 2 19 10 18 7 19 19 20 1 1 20 6 5 5 6 17 1 17 18 1 13 19 7 20 6 1 7 10 11
split_gain=6.18183 6.20994 9.3445 14.2797 14.1071 12.1691 15.267 13.6113 13.3372 17.0166 14.6009 23.1414 12.9603 16.9507 20.8888 25.2584 29.787 15.0287 13.0652 11.7574 11.3985 11.0119 12.6071 21.1813 16.4756 13.2753 12.4447 11.4338 10.367 10.3061
threshold=29.500000000000004 0.91597561503675362 184.50000000000003 1014.5000000000001 24.500000000000004 -0.62689268582869562 134.50000000000003 90.500000000000014 6.3534555435180673 3.3831691584084775 3.4788063567079961 37.968696594238288 265.28800986046684 122.43615616098316 116.13580725462306 168.25340072953037 0.02265445422381163 5.3034317576385419 0.070872936397790923 7954.5000000000009 4.7001166591618073 150.01750183105472 20.500000000000004 -0.30247972535999196 36.237342834472663 313.99849501849479 3.9126326336305111 -0.19188060153440836 117.50000000000001 36.500000000000007
decision_type=2 2 2 2 2 2 2 2 2 2 2 2 2 2 2 2 2 2 2 2 2 2 2 2 2 2 2 2 2 2
left_child=1 -1 5 4 -4 6 7 -3 -7 28 11 19 13 14 20 16 -16 21 -18 -11 -12 -14 26 24 -24 -25 -23 -27 -10 -21
right_child=-2 2 3 -5 -6 8 -8 -9 9 10 12 -13 17 -15 15 -17 18 -19 -20 29 -22 22 23 25 -26 27 -28 -29 -30 -31
leaf_value=-0.00017642076591082114 -0.019400155840105373 0.013951875636348188 0.0076865710126835692 0.042888931645452488 -0.016895644861164696 -0.0063369193702602113 0.046591661791591923 -0.02383321810909007 0.0082339199756917992 -0.0076165981826851574 -0.001685366596058131 0.098458151781314271 0.085009132117009903 -0.010207609896041196 0.18584964437125664 0.0085910196026018053 -0.0044764914888138661 0.0005638245220493034 0.086533650882825594 0.079559736297235437 0.016978814326449022 0.072630932828772865 -0.0083388529026936688 0.10796014883519452 0.065073066775877583 0.084030438145521885 -0.0067230789299980911 0.018051623882162346 -0.027949368813994062 0.017386377121454154
leaf_weight=10621.952376215486 14.796022117836399 73.850755814928561 31.914464758709073 5.1346998158842316 61.495530909858644 122.12198788393289 11.386033548973499 9.708212845027445 10.694835392758248 9.3742749550147035 110.63081620377488 3.7118165306746951 2.7123830933123818 73.744095473783091 1.7981331339105988 11.453850798076017 2.5627347447443753 35.308321150718257 3.1827280595898628 3.6220350842922908 40.131810080492869 2.0135913128033307 11.084869293728845 3.9553022505715481 3.6597821169998488 3.807842706795781 15.243235945934428 6.2336687454953781 21.359908135375008 7.1095156781375408
leaf_count=364145 980 1149 383 35 595 954 91 79 96 212 2907 37 25 2425 66 386 75 432 77 37 1026 78 242 70 65 81 455 67 530 145
internal_value=-2.15033e-05 3.82375e-06 0.00274278 -0.00581941 -0.00849688 0.00414796 0.0140026 0.00956185 0.00229709 0.00504726 0.0069563 0.029635 0.0053071 0.00180165 0.0070185 0.0366641 0.0792889 0.0154666 0.045939 0.0169293 0.00328289 0.026269 0.0228053 0.0349751 0.00988278 0.0614081 0.00253624 0.0430715 -0.0158771 0.0383707
internal_weight=11335.8 11321 699.007 98.5447 93.41 600.463 94.945 83.559 505.518 383.396 351.341 23.8176 327.523 243.504 169.76 18.9974 7.5436 84.019 5.74546 20.1058 150.763 48.7107 45.9983 28.7415 14.7447 13.9968 17.2568 10.0415 32.0547 10.7316
internal_count=377945 376965 12820 1013 978 11807 1319 1228 10488 9534 8908 431 8477 6962 4537 604 218 1515 152 394 3933 1083 1058 525 307 218 533 148 626 182
is_linear=0
shrinkage=0.03


Tree=216
num_leaves=31
num_cat=0
split_feature=1 1 5 9 5 5 22 19 13 21 22 13 11 3 10 17 1 1 8 1 14 14 19 19 17 3 3 8 5 17
split_gain=6.14763 17.8744 11.6344 16.4598 16.3204 11.1951 8.82745 10.5872 7.93529 23.8748 7.0961 6.63359 20.7993 13.0652 16.323 25.66 22.5148 23.649 16.8692 13.0401 12.3544 26.2878 12.3394 19.1962 10.1218 9.80102 8.4641 16.1403 19.492 17.1879
threshold=6.9037221565529414 6.894112511483347 116.70992336996339 1.5000000000000002 115.16799944736117 237.91486463620984 244953.00000000003 17.500000000000004 50551.685546875007 8908.5000000000018 46397.000000000007 40235.710937500007 36.500000000000007 -0.12940952255126037 1072.5000000000002 0.037023050710558898 3.5265810642065936 4.22094774053308 11.500000000000002 4.1897456428538744 3.5000000000000004 4.5000000000000009 5.5000000000000009 8.5000000000000018 0.018487672321498397 0.1294095225512602 -0.5 64.500000000000014 260.33945970149256 0.025644849054515365
decision_type=2 2 2 2 2 2 2 2 2 2 2 2 2 2 2 2 2 2 2 2 2 2 2 2 2 2 2 2 2 2
left_child=1 11 3 -2 -5 6 7 10 -4 -10 -3 26 22 14 20 -16 -17 19 -19 -18 -14 24 -13 -24 -22 -25 27 -1 -29 -30
right_child=2 5 8 4 -6 -7 -8 -9 9 -11 -12 12 13 -15 15 16 17 18 -20 -21 21 -23 23 25 -26 -27 -28 28 29 -31
leaf_value=-0.0069083049494639741 0.10683681376368789 0.027988926383279822 -0.010595302430257504 -0.022847086981143294 0.04804559135471273 0.033011907684935629 -0.033375032648467647 0.057428719098707059 -0.030949144913969273 0.11485303066849824 -0.028163809058756428 -0.013019235768395502 -0.0085530669950066203 -0.0071423440313425311 -0.0076095523836808253 -0.034108371491982689 0.05447763786521477 0.10921796474734834 -0.010978986528027104 0.11899331172077768 0.14029345023634257 -0.015735583696988679 0.15607505105587449 0.009019870093666978 0.044510647847813486 0.085482972356321754 0.00057826865990739159 -0.0012096651312171473 0.024090950638480022 0.0026474770079383666
leaf_weight=405.8985277779866 1.7166432766243804 3.5619641141966003 120.38861350750085 6.8302880804985744 5.1084766164422035 24.020896714646369 4.7876113737002006 3.6474828752689055 2.351437560748308 1.7728338772431014 4.695389773696661 3.2247196926036841 63.214673353242688 364.70853127073497 16.798792865127325 3.0433405931107727 7.1780794267542678 1.2812202312052239 5.8450212040916085 4.643777072429657 1.7510584886185805 5.261882007936947 1.4310129723744447 4.4301568765658885 2.2934667755616829 2.2878810772672296 8409.9543876659591 1705.1287443069741 51.71234286762774 96.270353649160825
leaf_count=17985 35 59 4294 289 80 165 46 36 102 26 65 222 3542 18706 904 72 161 57 256 26 66 238 92 187 72 61 262579 64695 813 2014
internal_value=-2.12251e-05 5.63838e-05 -0.0063106 0.0199766 0.00748717 0.019898 0.00102676 0.0148617 -0.00919353 0.0317245 -0.00394128 -1.6025e-05 -0.00343862 -0.00439658 0.00459986 0.0203079 0.0416335 0.0537987 0.0106311 0.0798202 -0.0038021 0.0284693 0.0366542 0.0563108 0.0859794 0.03506 0.00014033 -0.00149005 -0.000303253 0.0101409
internal_weight=11335.2 11197.1 138.168 13.6554 11.9388 40.7133 16.6924 11.9048 124.513 4.12427 8.25735 11156.4 487.394 476.02 111.311 38.7902 21.9914 18.9481 7.12624 11.8219 72.5211 9.30641 11.3738 8.14905 4.04453 6.71804 10669 2259.01 1853.11 147.983
internal_count=377945 373119 4826 404 369 371 206 160 4422 128 124 372748 24662 24100 5394 1476 572 500 313 187 3918 376 562 340 138 248 348086 85507 67522 2827
is_linear=0
shrinkage=0.03


Tree=217
num_leaves=31
num_cat=0
split_feature=7 7 3 20 18 14 22 8 6 8 5 22 12 10 20 4 17 13 20 22 7 17 6 11 17 16 6 8 21 21
split_gain=6.11082 16.6096 9.16316 8.4333 7.47136 7.91314 12.4318 10.0339 9.43652 14.7919 11.3509 7.84977 9.1125 14.1777 11.75 15.1924 7.33971 14.1189 15.467 12.0393 20.8406 11.309 14.1379 14.0477 13.1058 18.1507 18.4405 13.0088 85.5164 18.9272
threshold=-1.0219452121242616 -0.93525243556754167 -0.78656609248549325 1.2953775525093081 5.5000000000000009 3.5000000000000004 23497.500000000004 365.00000000000006 40.199496587417464 29.500000000000004 53.392205882352947 13965.500000000002 2.5000000000000004 83.500000000000014 14.191533088684084 1.0000000180025095e-35 0.0051559682469815024 1317.0109863281252 22.423241615295414 97193.000000000015 0.16015077138552916 0.0078833047300577181 212.22418771571071 42.500000000000007 0.015466537792235615 3.5000000000000004 194.05378671365227 280.50000000000006 8099.5000000000009 8569.5000000000018
decision_type=2 2 2 2 2 2 2 2 2 2 2 2 2 2 2 2 2 2 2 2 2 2 2 2 2 2 2 2 2 2
left_child=2 -2 -1 -4 -5 6 7 11 10 -10 -8 12 -6 14 -14 -16 17 18 -3 -19 -21 22 23 27 25 -23 -27 28 -18 -29
right_child=1 16 3 4 5 -7 8 -9 9 -11 -12 -13 13 -15 15 -17 21 19 -20 20 -22 24 -24 -25 -26 26 -28 29 -30 -31
leaf_value=-0.016159094264245253 -0.011442577999766534 0.0039124910737353691 -0.022532958161143646 0.059327544492193497 -0.0081859785629228438 -0.020562638067331794 0.020761634151514663 0.055116763875588622 0.086678313140160307 -0.015017539673258763 0.066033880233777181 -0.018064212259229596 0.014008628620615263 0.0045601288890250394 0.091911978219703025 0.010936139443527403 0.33475436170046469 -0.0094069585220459516 0.059866137045488092 -0.0007737953939631609 0.17448525378097221 -0.0046668696702357867 -0.023969891829997106 -0.0061235951993463154 0.00033225089157020533 0.0098249757038061745 -0.0096268428383160607 -0.0070629128432882641 -0.018312009492137047 0.013276862748621984
leaf_weight=16.993644714006223 115.3512943929527 33.136694380547851 8.4490091083571297 2.5280710626393548 30.638572455383837 8.6817716830410046 14.02395081846044 3.5256890365853897 1.5309010008350004 8.0876364952418935 7.7327207289636126 13.301800872664897 13.073031798936428 78.208283907035366 5.1429732944816333 3.5073075173422694 0.82004385767504517 193.43089436844457 5.1352552706375709 2.0190037027932699 0.87542276456952084 1014.4879562702263 13.976075919810681 60.717296380316839 9194.3597218606737 167.22438058524858 59.458445710130036 51.667194767505862 2.4987400649115443 202.76819282025099
leaf_count=720 2910 613 187 18 526 114 177 31 93 240 88 676 189 3794 88 47 47 19454 119 143 27 52105 1216 3008 270250 6530 2142 3082 274 9037
internal_value=-2.09654e-05 -0.000117933 0.00498347 0.00679411 0.00809836 0.00740747 0.00876579 0.00511585 0.0259129 0.00116853 0.0368522 0.00389054 0.00612717 0.0105155 0.0319561 0.0590798 7.94523e-07 -0.00524872 0.0114202 -0.00849819 0.0522335 0.000115163 0.00556222 0.00685824 -5.83651e-05 -0.00295197 0.0047228 0.00991627 0.0689277 0.00914654
internal_weight=11333.4 11117.9 215.425 198.432 189.983 187.455 178.773 147.398 31.3752 9.61854 21.7567 143.872 130.57 99.9316 21.7233 8.65028 11002.6 234.597 38.2719 196.325 2.89443 10768 332.448 318.471 10435.5 1241.17 226.683 257.754 3.31878 254.435
internal_count=377945 370957 6988 6268 6081 6063 5949 5351 598 333 265 5320 4644 4118 324 135 368047 20356 732 19624 170 347691 16664 15448 331027 60777 8672 12440 321 12119
is_linear=0
shrinkage=0.03


Tree=218
num_leaves=31
num_cat=0
split_feature=14 19 1 21 17 1 1 16 17 11 19 7 12 21 10 18 1 3 6 20 14 8 19 19 17 11 8 6 1 6
split_gain=5.99318 46.9634 14.8804 13.4542 12.9635 16.2242 17.1461 12.5337 31.8583 12.3422 17.5376 12.8467 12.0939 12.0455 34.0443 19.7559 16.6899 29.2633 16.2036 16.3445 14.8289 25.6154 19.3817 24.1962 29.7346 25.0606 22.9522 36.688 20.1593 20.1879
threshold=3.5000000000000004 32.500000000000007 2.2375126349582053 2228.5000000000005 0.0092706354334950464 3.7368955074401455 3.8908402253256194 3.5000000000000004 0.0088914628140628355 42.500000000000007 39.500000000000007 -0.90364907511445425 16.500000000000004 4013.5000000000005 175.50000000000003 6525.5000000000009 2.574823497845439 1.0000000180025095e-35 190.97803365601996 46.86499214172364 1.0000000180025095e-35 103.50000000000001 6.5000000000000009 8.5000000000000018 0.00087097179493866872 43.500000000000007 498.00000000000006 102.86882723050222 6.3683329626963125 531.64956783867865
decision_type=2 2 2 2 2 2 2 2 2 2 2 2 2 2 2 2 2 2 2 2 2 2 2 2 2 2 2 2 2 2
left_child=13 3 -3 -2 5 -4 -7 -8 -9 11 -11 -6 -5 14 -1 -15 17 -17 -19 -20 -18 -22 28 24 -24 -26 27 -25 29 -23
right_child=1 2 4 12 9 6 7 8 -10 10 -12 -13 -14 15 -16 16 20 18 19 -21 21 22 23 26 25 -27 -28 -29 -30 -31
leaf_value=0.0026676616244946656 -0.029878108695334211 -0.01277352492588201 -0.02668153637243784 0.013201885095360461 0.0275082098224687 0.10935188024390176 -0.001835361519873179 0.022736285841120283 0.16344665780939091 0.070376830100871285 0.0061506355366653075 -0.0010625016869940753 -0.016768984822274423 -0.0039786067201060355 -0.030274616218019228 -0.018638455956050515 -0.0031919243250266007 0.020832878232404761 0.14088698708765901 0.0098796462101069394 0.0073193962839555047 -0.0067179321100550877 -0.017024128517239421 0.0039210201476738609 0.013420330677514841 -0.01389540498568197 0.0010725840813234728 -0.015106080216165755 0.022279152890180402 0.063297596170511491
leaf_weight=2212.7481227139942 56.784062422462739 83.872212654561736 7.21177047304809 15.422575721051542 14.26132597029209 1.9277992546558369 17.192949648946524 23.282879329286519 1.5441941805183876 3.9203880690038195 159.55611738562584 2079.881736190524 56.543429769924842 1094.7569172993535 28.599379215855151 18.30443998426199 936.73473707889207 54.06401696568355 2.0865883501246567 1.4545572474598882 505.47188703203574 530.43260352499783 38.345217065187171 160.52689731726423 315.84453375404701 33.427053115330637 2639.9441240392625 211.20401548687369 23.298545700497925 3.7324188100174061
leaf_count=28007 3181 1528 321 316 98 88 581 729 62 61 2447 34996 6321 48292 5701 521 56810 852 70 53 18130 38986 4136 1627 16360 1984 96959 7945 674 109
internal_value=-2.07941e-05 -0.00131047 -0.000360709 -0.0189605 9.0218e-05 0.0150234 0.0218671 0.0178535 0.0314882 -0.000248181 0.00769087 -0.000867932 -0.0103461 0.000348267 0.00224732 -0.00029963 0.00043602 0.0144051 0.0249049 0.0870745 0.000239614 0.000959981 0.000147571 0.000997851 0.00805296 0.0108061 8.98259e-05 -0.00688949 -0.00503725 -0.00622871
internal_weight=11332.4 2521.4 2392.65 128.75 2308.78 51.1596 43.9478 42.02 24.8271 2257.62 163.477 2094.14 71.966 8810.98 2241.35 6569.63 5474.87 75.9096 57.6052 3.54115 5398.96 4462.23 3956.76 3399.29 387.617 349.272 3011.68 371.731 557.464 534.165
internal_count=377945 50729 40911 9818 39383 1781 1460 1372 791 37602 2508 35094 6637 327216 33708 293508 245216 1496 975 123 243720 186910 168780 129011 22480 18344 106531 9572 39769 39095
is_linear=0
shrinkage=0.03


Tree=219
num_leaves=31
num_cat=0
split_feature=22 1 8 7 7 19 8 8 12 6 8 17 6 20 20 18 17 17 8 6 11 13 20 18 1 8 8 1 1 1
split_gain=6.1234 12.0286 9.17499 8.22416 16.0859 9.13507 18.4296 17.5136 12.7388 27.4038 23.0737 27.6792 17.2843 12.7464 18.5075 12.4362 11.55 10.5239 9.88584 19.425 15.9224 13.5027 27.2934 9.29149 13.6553 9.42417 11.4874 8.5086 32.4503 10.8302
threshold=14.500000000000002 5.0171142464838869 9.5000000000000018 -1.0219452121242616 -0.97486432839908876 1.5000000000000002 10.500000000000002 23.500000000000004 216.50000000000003 63.970462775587819 33.500000000000007 0.07588831335306169 186.6198685303122 49.373533248901374 48.466081619262702 8640.5000000000018 0.0007405448122881354 0.02471006661653519 92.500000000000014 286.19406183984853 35.500000000000007 16512.925781250004 39.281576156616218 7871.5000000000009 5.4248839338193919 14.500000000000002 12.500000000000002 2.818726188134383 2.7683609374101485 4.142499591495505
decision_type=2 2 2 2 2 2 2 2 2 2 2 2 2 2 2 2 2 2 2 2 2 2 2 2 2 2 2 2 2 2
left_child=1 -1 -3 -2 -5 6 27 23 18 10 11 -10 -11 14 -14 -12 -7 -17 -9 20 21 22 -20 24 -8 26 -26 28 -6 -29
right_child=3 2 -4 4 5 16 7 8 9 12 15 -13 13 -15 -16 17 -18 -19 19 -21 -22 -23 -24 -25 25 -27 -28 29 -30 -31
leaf_value=-0.013339234170031944 0.0060032242561705506 0.034662080598573834 -0.0089014734678976269 -0.01683041775022651 -0.0022123973948820356 -0.019616589141798667 -0.021088699812594414 -0.011891124147899041 0.29194965282109464 -0.024312626867146709 -0.015001262301155222 0.058342278334619406 0.024790058766113666 -0.022968174715624564 0.16733262031638033 0.21450759705925149 0.00025310293491584581 0.0237295119014631 0.0118530441582153 0.046638127176672532 -0.011208111452894161 -0.030270679845912276 0.22144947337999057 -0.029885937913415993 -0.0055374079800054217 -0.017105133034412152 0.06083411274267915 -0.010007209801460845 0.15095090758417068 0.0042834447327345345
leaf_weight=71.282781566493213 204.44300825719256 9.3657108098268527 8.1265710666775686 51.292961965780705 5.1457811780273905 26.396009115036577 36.806607751408592 99.819083052338101 0.83732797671109693 9.9516566785750893 1.9541307896142828 1.0036196638830004 2.3269899997394528 1.7907770841848103 1.2656806074082849 0.49012227402999975 10433.389452882169 0.55481751030310988 1.3568671243265269 8.2692800918593985 31.325981252710335 1.0805898247053844 0.95109731261618424 43.863206048263237 4.253648483194409 5.9385617857333264 5.2356915479758754 62.99523383018095 1.6422745112795381 196.9384557219455
leaf_count=1338 6737 56 57 1431 213 2751 3368 9086 74 1232 217 85 129 115 41 53 330097 56 73 45 3647 149 87 4123 121 264 104 4763 66 7367
internal_value=-2.07993e-05 -0.00786889 0.0144233 4.11787e-05 -6.926e-05 8.99981e-06 -0.00384949 -0.00954833 -0.00355888 0.0187553 0.0809908 0.164595 -0.00088724 0.0424161 0.0750071 0.0296712 0.00020296 0.113213 -0.00671142 0.00531715 -0.00452584 0.0572494 0.0982264 -0.0197062 -0.0111579 0.0125341 0.0310827 0.00168598 0.0348433 0.000820088
internal_weight=11330.1 88.7751 17.4923 11241.3 11036.9 10985.6 525.797 259.076 162.978 20.1751 4.84002 1.84095 15.3351 5.38345 3.59267 2.99907 10459.8 1.04494 142.803 42.9838 34.7145 3.38855 2.30796 96.0977 52.2345 15.4279 9.48934 266.722 6.78806 259.934
internal_count=377945 1451 113 376494 369757 368326 35478 23069 15089 2002 485 159 1517 285 170 326 332848 109 13087 4001 3956 309 160 7980 3857 489 225 12409 279 12130
is_linear=0
shrinkage=0.03


Tree=220
num_leaves=31
num_cat=0
split_feature=13 3 1 6 11 17 1 21 20 8 22 13 21 2 6 21 1 1 19 11 1 17 13 12 9 12 17 1 1 17
split_gain=5.92322 8.07699 11.6849 15.8118 21.1769 12.8256 12.0217 10.0865 8.78671 13.7496 23.0564 32.4092 9.27339 10.4051 12.8616 8.38048 14.9034 11.6942 8.27925 7.7413 13.248 17.8972 8.50409 8.01347 8.55637 7.03642 6.58367 6.55276 16.8556 11.8519
threshold=43867.025390625007 -0.12940952255126037 3.8067735885375806 75.924074654135566 41.500000000000007 0.21437478065490725 3.8286740041214666 7862.5000000000009 49.986598968505866 423.50000000000006 68236.000000000015 46005.757812500007 7652.5000000000009 -0.70710678118654735 236.82323399048286 8736.5000000000018 7.1106797961816541 2.3991663829799612 49.500000000000007 38.500000000000007 4.35653571980398 0.0046898815780878076 50551.685546875007 272.50000000000006 24.500000000000004 206.50000000000003 0.0081183910369873064 6.9037221565529414 6.7420902274222216 0.017252720892429355
decision_type=2 2 2 2 2 2 2 2 2 2 2 2 2 2 2 2 2 2 2 2 2 2 2 2 2 2 2 2 2 2
left_child=27 2 -2 4 -4 7 -5 -6 9 -8 11 -11 -12 14 -14 17 18 -3 -17 20 -19 -22 23 -23 -25 -20 -27 28 -1 -29
right_child=1 15 3 6 5 -7 8 -9 -10 10 12 -13 13 -15 -16 16 -18 19 25 -21 21 22 -24 24 -26 26 -28 29 -30 -31
leaf_value=4.7555332964430497e-05 -0.024282435511552996 0.04850365367526404 -0.034287720771049343 0.065112360513100723 0.078260079424891604 0.11606700269448705 -0.024758566916800478 0.010797915593091192 -0.012050021571505018 0.31211788951183772 -0.030871243556933031 0.032451676555861009 0.012780664420901257 -0.016870790276863008 0.1198242410056506 -0.0090069162276228062 0.069194795850011134 -0.02398644970737383 0.060282878126031586 -0.015496299189448937 0.13218836191465982 -0.0020077985545594937 0.081720896526232059 0.0059872279415745166 0.15129810917855271 0.05293731741815829 0.00055036344897835742 0.0098457068324369745 0.011497535615531166 -0.011689359544560496
leaf_weight=10790.956115164037 10.709613365819676 2.9410396511666468 2.866360453888773 2.5211416701786211 3.4409419568255526 2.5619127317331722 4.9930511817801717 4.745486709754914 28.660254509653896 0.61280083702877231 2.5779017651220766 0.95274675963446498 2.0656202351674411 2.1244276720099178 1.9771914407610891 40.013683565892279 2.8486584117636076 12.628438654472118 2.6179222343489554 120.09855698386673 1.1048828554339731 18.345674038399018 1.3316695205867279 0.81975085381418356 0.65698837651871145 2.5003974242135909 15.81565269641578 30.028543055988848 116.96584105072543 98.274268472567201
leaf_count=356331 598 38 115 35 31 68 369 161 1494 66 208 117 93 84 46 2196 49 1055 36 7007 93 974 84 82 32 82 296 939 1622 3544
internal_value=-2.06303e-05 -0.00423402 0.004587 0.00973145 0.0381648 0.0574864 0.0014038 0.0391538 -0.0022496 0.0161042 0.0358925 0.141921 0.0169113 0.0368844 0.0651318 -0.0070511 0.00212547 -0.0107581 -0.00100931 -0.0118826 0.000557255 0.0144819 0.00833409 0.00340396 0.0706348 0.0142775 0.00770192 9.10525e-05 0.000170334 -0.0066492
internal_weight=11328.8 292.533 70.8095 60.0998 13.6147 10.7483 46.4851 8.18643 43.964 15.3037 10.3107 1.56555 8.74514 6.16724 4.04281 221.723 63.7963 157.927 60.9477 154.986 34.8874 22.259 21.1541 19.8224 1.47674 20.934 18.3161 11036.2 10907.9 128.303
internal_count=377945 15509 3485 2887 375 260 2512 192 2477 983 614 183 431 223 139 12024 2659 9365 2610 9327 2320 1265 1172 1088 114 414 378 362436 357953 4483
is_linear=0
shrinkage=0.03


Tree=221
num_leaves=31
num_cat=0
split_feature=5 8 18 21 6 15 18 12 18 18 5 7 18 6 6 15 17 6 6 18 2 15 3 22 22 22 6 6 6 7
split_gain=6.02612 11.4769 17.7235 24.0369 26.0439 8.00093 46.4051 26.9835 19.2838 19.4777 18.1786 14.0709 12.9188 11.0075 13.4947 24.0124 14.7373 14.7298 16.6115 19.5741 15.6603 14.6782 13.1778 10.3594 19.2985 18.0179 26.0542 85.934 29.9559 26.4958
threshold=32.515324423541337 10.500000000000002 8320.5000000000018 9186.5000000000018 11.605316014385219 6.5000000000000009 1630.5000000000002 2.5000000000000004 1702.5000000000002 1416.5000000000002 117.94339047619049 -0.091443601890957613 153.50000000000003 376.01803382610933 313.99849501849479 1.0000000180025095e-35 0.041888354346156127 65.988602859113982 41.451537298864054 24.500000000000004 0.91597561503675362 2.5000000000000004 0.1294095225512602 12911.000000000002 7431.5000000000009 16247.000000000002 106.98814072156871 85.790856501755755 87.140974633868225 -0.58665548099111453
decision_type=2 2 2 2 2 2 2 2 2 2 2 2 2 2 2 2 2 2 2 2 2 2 2 2 2 2 2 2 2 2
left_child=1 2 -1 4 -4 7 -7 11 9 12 -10 13 -9 14 17 -16 -17 18 22 -20 21 -21 -2 24 -8 26 27 -25 29 -29
right_child=5 -3 3 -5 -6 6 23 8 10 -11 -12 -13 -14 -15 15 16 -18 -19 19 20 -22 -23 -24 25 -26 -27 -28 28 -30 -31
leaf_value=-0.00072725200660542103 0.003649803743958826 -0.010738351954062286 0.052179809690890061 0.0024038501729535793 0.24395121242872428 -0.020597899374780449 0.0020764229641125217 0.0081118724617535391 0.073112433179472733 -0.032806751448525857 0.017602459117718013 0.0043044144054373021 0.036559453472856697 -0.015479794550371866 -0.021628794748568263 0.034799092011128671 -0.0099455715147076847 -0.011925548965351298 0.0017206462855700812 0.024842685794619335 0.063564607055917113 -0.026811049959959296 -0.0066025534932627429 0.0012600350641447686 -0.0071200482639368233 2.176856763792961e-05 -0.0010952230782918424 0.17817557655453997 0.044881740680686677 0.055917024597070916
leaf_weight=34.726587516255677 169.80041512381285 114.98741075000726 1.8122874302789562 3.6046854723244905 0.9830952095799147 100.06540936703095 355.56314418057445 215.45611991826445 8.091420905664565 9.9758488899096829 15.443943377584217 510.97105923108757 15.393770662136374 50.882471814751625 13.079901115968822 31.096051681786776 8.4183493442833406 116.86729967501014 131.96020804345608 30.933235134929419 7.7214894481003276 5.894745420664548 336.32063661143184 77.003801089478657 486.15203376475256 8317.1296561139752 122.56629303575028 3.1789047385100275 28.372502829763107 3.2026545896660528
leaf_count=1241 2223 2536 128 208 63 5800 17102 1409 74 217 221 4952 160 783 162 319 113 2453 1011 277 43 85 5088 3199 29879 291657 5518 42 918 64
internal_value=-2.03737e-05 -0.00587374 0.0077274 0.0536021 0.119623 6.14227e-05 -0.000276147 0.00197086 0.0107682 0.00823527 0.0366867 0.000326048 0.0100088 -0.00192521 -0.0011158 0.0136039 0.0252665 -0.00208412 -0.000399259 0.00752531 0.0247193 0.0165749 -0.00316295 -5.96594e-05 -0.00323521 0.000252909 0.00845702 0.0189331 0.0580909 0.116819
internal_weight=11327.7 156.114 41.1267 6.40007 2.79538 11171.5 9493.23 1678.31 264.361 240.826 23.5354 1413.95 230.85 902.975 852.092 52.5943 39.5144 799.498 682.631 176.51 44.5495 36.828 506.121 9393.17 841.715 8551.45 234.324 111.758 34.7541 6.38156
internal_count=377945 4176 1640 399 191 373769 354179 19590 2081 1786 295 17509 1569 12557 11774 594 432 11180 8727 1416 405 362 7311 348379 46981 301398 9741 4223 1024 106
is_linear=0
shrinkage=0.03


Tree=222
num_leaves=31
num_cat=0
split_feature=14 5 5 17 19 1 2 8 8 10 11 8 20 20 19 5 10 5 12 2 5 19 5 17 19 8 10 19 12 10
split_gain=5.92961 5.93269 17.6106 15.5187 9.81182 9.58666 15.84 13.1574 8.97022 10.4657 20.7819 34.562 10.0926 17.6724 8.68359 8.66595 17.7938 12.3572 17.8267 15.8282 10.4305 33.2908 27.2697 28.3118 13.9145 10.7501 23.3984 17.8109 28.5744 15.875
threshold=29.500000000000004 354.15939723320167 336.90312500000005 0.33095239102840429 5.5000000000000009 5.3660694642324787 -1.0000000180025095e-35 41.500000000000007 6.5000000000000009 958.50000000000011 40.500000000000007 4.5000000000000009 49.185827255249031 49.604084014892585 2.5000000000000004 315.04861216391322 39.500000000000007 294.99536176470593 2.5000000000000004 -0.9159756150367534 266.4847519912712 6.5000000000000009 285.87276190476194 0.03738765791058541 35.500000000000007 21.500000000000004 915.50000000000011 5.5000000000000009 102.50000000000001 956.50000000000011
decision_type=2 2 2 2 2 2 2 2 2 2 2 2 2 2 2 2 2 2 2 2 2 2 2 2 2 2 2 2 2 2
left_child=1 2 15 4 5 6 -4 -7 9 10 -3 -12 14 -14 -10 17 -17 20 -19 -20 -1 22 23 -22 -23 26 -24 -27 -29 -28
right_child=-2 8 3 -5 -6 7 -8 -9 12 -11 11 -13 13 -15 -16 16 -18 18 19 -21 21 24 25 -25 -26 27 29 28 -30 -31
leaf_value=7.1825258278110363e-05 -0.019168997927671048 -0.00033144466717886025 -0.025571325034383068 -0.023641757961308428 -0.0098187431651720544 0.0048807180945314513 0.077542274403022707 0.061183904015466813 -0.029783967480425645 -0.025052293545778155 0.012047970795396046 0.1554424469863932 0.10549766027630081 -0.019351753812600785 -0.0075691186962094483 0.025092395960269437 -0.022551198814364799 -0.024168796385928865 -0.007092876478217435 0.016099909518776993 0.05797806610856731 -0.017574946005163489 0.0007028508923002198 -0.011553456053990151 0.016512018109062183 -0.0299085576780725 0.12647264351775389 0.10116950847036274 0.0037237430802307355 0.045318912124728265
leaf_weight=10706.123507447832 14.535463286447337 26.824667888693511 4.5551496930420399 5.9526232713833442 4.8801977830007663 5.0055060894228527 1.9000936620868802 14.722323230002075 25.926663855789229 8.8155919885029999 4.7362532815895966 2.2227392964996397 1.7240413581021119 2.5000771437771618 40.690940008615144 8.7818340733647329 35.880740900756791 14.122391866985707 33.878681257541757 121.31733588938368 5.8829745159018776 137.91760964563582 5.4593307112809262 50.618509987019934 11.691548836417494 5.5522998929955074 3.7565719522535783 3.9682681544218221 8.5295838832389546 5.1346058531198651
leaf_count=362810 980 557 141 153 83 80 48 117 986 277 117 58 48 102 1452 94 1120 190 612 1963 123 3627 103 1515 197 125 39 43 107 78
internal_value=-2.02327e-05 4.37906e-06 7.35453e-05 0.0207319 0.0292351 0.0365143 0.00478005 0.0468982 -0.00682173 0.00405708 0.011653 0.0578489 -0.0133635 0.0316046 -0.0162148 5.01661e-06 -0.0131832 5.80149e-05 0.00810059 0.011037 -6.64074e-05 -0.0062713 0.00826829 -0.00431378 -0.0149111 0.0302094 0.0495896 0.0148015 0.0346643 0.0796068
internal_weight=11323.6 11309.1 11195.6 37.0159 31.0633 26.1831 6.45524 19.7278 113.441 42.5993 33.7837 6.95899 70.8417 4.22412 66.6176 11158.6 44.6626 11114 169.318 155.196 10944.6 238.511 88.9021 56.5015 149.609 32.4007 14.3505 18.0502 12.4979 8.89118
internal_count=377945 376965 373368 622 469 386 189 197 3597 1009 732 175 2588 150 2438 372746 1214 371532 2765 2575 368767 5957 2133 1638 3824 495 220 275 150 117
is_linear=0
shrinkage=0.03


Tree=223
num_leaves=31
num_cat=0
split_feature=18 14 19 7 11 18 10 11 10 12 5 5 19 18 5 0 5 8 17 18 5 7 19 16 19 0 19 18 17 14
split_gain=5.77102 10.2949 13.2571 10.2869 9.53095 43.4853 31.4364 47.3476 24.3972 20.9516 14.08 20.8101 13.9885 14.102 16.3012 19.3719 14.501 17.5069 13.8494 12.6896 12.5971 13.2283 12.4658 12.3013 14.3694 20.143 13.6876 20.5615 13.4716 16.2553
threshold=2.5000000000000004 12.500000000000002 17.500000000000004 -0.40987726345000025 6.5000000000000009 1630.5000000000002 2.5000000000000004 1.5000000000000002 4.5000000000000009 2.5000000000000004 48.186564067272009 47.244698122241168 118.50000000000001 15.500000000000002 70.876373460516803 445.13000000000005 186.5685638953041 157.50000000000003 0.13794241100549701 24.500000000000004 143.43089336954299 -0.5009555501903894 9.5000000000000018 1.5000000000000002 315.50000000000006 20.004500000000004 85.500000000000014 9471.5000000000018 0.1482956260442734 4.5000000000000009
decision_type=2 2 2 2 2 2 2 2 2 2 2 2 2 2 2 2 2 2 2 2 2 2 2 2 2 2 2 2 2 2
left_child=1 2 -1 -4 6 -6 10 8 -8 22 11 -2 13 16 19 -16 17 -12 20 -15 -11 -22 -9 26 25 28 -7 -28 -25 -30
right_child=4 -3 3 -5 5 23 7 9 -10 18 12 -13 -14 14 15 -17 -18 -19 -20 -21 21 -23 -24 24 -26 -27 27 -29 29 -31
leaf_value=-0.013013387196042912 -0.0016279822997000159 -0.025376249323919138 -0.0073544275220561155 0.0124311428104644 -0.020099032660579538 -0.00027996090696400699 0.015611462091851356 -0.012580781736853531 0.044608752073346344 0.039262222484824104 0.013605306418516167 -0.023040401435262311 0.027228396342280105 -0.0054001234665926687 -0.016296850402653617 0.051058070359471776 0.0179753675655723 -0.0066131831623699134 0.0019390587334419799 0.021634306066090406 0.053867827556704953 -0.0024028251713179246 0.0028410863667872894 0.0076872925181522851 -0.0077474695849325112 0.0015546582579156639 -0.00677813696971923 0.0083136811821050184 0.01192131593955203 0.051676605096715143
leaf_weight=67.438653749413788 669.15755243040621 20.395606783218682 40.212216187268496 57.419970190152526 98.661156619724352 6347.4207059051259 76.447537451051176 67.768525986932218 39.661589417606592 27.752410249784589 67.643856750801206 43.505151012912393 22.193351104855537 33.927936784923077 80.909394158050418 4.0346838161349288 76.990725785493851 89.596039741300046 39.314021542668343 28.968181792646646 4.7385559035465148 18.20607053861022 155.21589235402644 117.52781336312182 135.44136329833418 2161.653707180114 597.27812701580115 94.040535095147789 22.641264730831608 15.658079032320527
leaf_count=1117 8930 519 495 597 5831 263668 485 1200 260 278 643 367 155 237 1179 20 589 804 364 252 69 248 2063 2283 2670 74088 7181 853 288 212
internal_value=-1.99812e-05 -0.0052684 -0.00278394 0.00428197 6.74267e-05 -0.000284953 0.0022533 0.00915505 0.0255166 0.00308555 -0.000398236 -0.00293512 0.00407395 0.00272898 -0.00452565 -0.0130976 0.00730791 0.00208472 0.0153022 0.00705117 0.0256648 0.00921827 -0.00184587 -7.8995e-05 0.0017505 0.0023056 -0.000716554 -0.00472519 0.0127227 0.0281746
internal_weight=11321.8 185.466 165.071 97.6322 11136.4 9590.32 1546.03 429.105 116.109 312.995 1116.93 712.663 404.264 382.071 147.84 84.9441 234.231 157.24 90.0111 62.8961 50.697 22.9446 222.984 9491.66 2452.92 2317.48 7038.74 691.319 155.827 38.2993
internal_count=377945 2728 2209 1092 375217 357074 18143 4967 745 4222 13176 9297 3879 3724 1688 1199 2036 1447 959 489 595 317 3263 351243 79541 76871 271702 8034 2783 500
is_linear=0
shrinkage=0.03


Tree=224
num_leaves=31
num_cat=0
split_feature=0 0 0 0 0 0 14 9 18 0 0 3 0 15 10 15 2 22 10 10 15 18 8 6 7 0 22 0 18 2
split_gain=5.72961 66.1456 22.074 32.2523 34.4192 30.5911 21.4445 18.6487 24.4476 17.957 20.7942 16.7627 16.6014 16.2909 34.2057 18.9741 31.9027 31.6176 16.0578 18.1751 19.2765 23.2381 19.6161 18.5254 15.2341 14.9799 17.0145 20.5481 21.931 22.4399
threshold=76.986500000000021 77.953500000000005 83.951000000000008 97.005500000000012 108.96000000000002 107.01950000000001 5.5000000000000009 7.5000000000000009 2210.5000000000005 96.975000000000009 93.81750000000001 0.60355339059327384 106.96000000000002 15.500000000000002 129.50000000000003 19.500000000000004 0.37940952255126054 353756.50000000006 1082.5000000000002 1108.5000000000002 42.500000000000007 8775.5000000000018 30.500000000000004 97.867515242218602 -0.080764602597342208 99.485000000000014 71986.000000000015 100.02150000000002 9529.5000000000018 0.60355339059327384
decision_type=2 2 2 2 2 2 2 2 2 2 2 2 2 2 2 2 2 2 2 2 2 2 2 2 2 2 2 2 2 2
left_child=11 6 -3 9 5 7 -2 8 -5 10 -4 18 -9 -13 15 16 24 -17 -1 20 22 -22 -20 -23 -15 -10 27 28 29 -27
right_child=1 2 3 4 -6 -7 -8 12 25 -11 -12 13 -14 14 -16 17 -18 -19 19 -21 21 23 -24 -25 -26 26 -28 -29 -30 -31
leaf_value=0.00036180326646872827 0.01544359512553584 -0.01061045218625099 0.0072533926270969282 -0.012760581347201077 0.00082609502443054591 -0.013614450859721775 0.051223830540404393 -0.0073683304111688249 -0.021913236110325224 0.020610547629319794 -0.023767408342465216 -0.0058645802138723169 0.02970655547414363 0.0056390886003067891 -0.0022516002902955453 0.012530657220784232 0.027645996676364842 0.1050333366382122 0.11525411515012268 0.0024055960968810282 0.072713960694756302 0.074662562575877708 -0.011015038209982224 -0.024866066001394804 -0.022348056506806453 0.012831239949196721 0.11086696491419397 -0.0075191899633181196 0.11512132306073894 0.05466357527781749
leaf_weight=3202.9251739986357 157.20330258598551 168.50289508630522 300.41693112091161 43.971458476269618 4107.9756893275771 298.14520401740447 16.674532200675458 279.27224343596026 10.091409162152557 86.99146263464354 20.794342812616378 872.58768751006573 11.310186666203661 67.608809469267726 1378.4801451903768 9.4582035951316339 53.072946470230818 5.1288776025176039 1.2277889794204373 51.501171901007183 13.156805987935515 2.4807998035103074 11.282075724448076 5.2344970414415002 23.619329854846001 72.145435080397874 1.6832262659445394 28.140946390572935 2.2154443273320785 13.738602254306896
leaf_count=108184 6382 5877 9617 1754 117738 20892 179 8968 705 3227 568 12795 377 968 70290 112 570 47 91 2755 308 91 606 360 267 1918 59 1950 71 219
internal_value=-1.96633e-05 0.000660056 7.84364e-05 0.000419756 -0.000259361 -0.00612099 0.0188748 -0.00129114 0.00653855 0.00851968 0.00524519 -0.000690019 -0.00592528 -0.00259061 -0.000732359 0.0124483 0.00915212 0.045055 0.000703113 0.0135819 0.0308244 0.0484736 0.00137773 0.00713667 -0.0016069 0.0131675 0.0161696 0.0147983 0.021927 0.019523
internal_weight=11317 5619.27 5445.4 5276.89 4868.69 760.714 173.878 462.569 171.987 408.203 321.211 5697.76 290.582 2409.96 1537.37 158.888 144.301 14.5871 3287.81 84.8831 33.382 20.8721 12.5099 7.7153 91.2281 128.015 117.924 116.24 88.0995 85.884
internal_count=377945 180501 173940 168063 154651 36913 6561 16021 6676 13412 10185 197444 9345 85049 72254 1964 1805 159 112395 4211 1456 759 697 451 1235 4922 4217 4158 2208 2137
is_linear=0
shrinkage=0.03


Tree=225
num_leaves=31
num_cat=0
split_feature=5 1 19 22 2 8 22 9 2 12 22 21 11 21 11 5 6 7 22 11 20 2 22 8 7 22 1 5 7 6
split_gain=5.73911 11.0606 10.3206 15.522 16.2397 8.56702 16.503 18.4807 8.80245 14.9998 20.2383 8.11668 44.5087 24.741 45.5176 21.7544 29.7358 25.974 25.8714 16.6103 16.115 26.1166 23.9009 20.9122 16.8376 16.0303 15.4521 21.1337 24.7049 17.4933
threshold=32.515324423541337 2.2375126349582053 15.500000000000002 61303.500000000007 0.98296291314453421 10.500000000000002 8056.5000000000009 1.5000000000000002 -0.5 77.500000000000014 9186.5000000000018 4013.5000000000005 22.500000000000004 5865.5000000000009 32.500000000000007 143.45892908382868 192.86223179510634 -0.50417298911499808 149725.00000000003 15.500000000000002 22.423241615295414 -0.70710678118654735 319418.00000000006 4.5000000000000009 -0.103780182008466 302499.00000000006 5.602284844973167 232.71941860465122 -0.033929745928271034 224.76270155977605
decision_type=2 2 2 2 2 2 2 2 2 2 2 2 2 2 2 2 2 2 2 2 2 2 2 2 2 2 2 2 2 2
left_child=1 -1 3 4 5 6 -3 8 -8 -10 -11 12 20 14 15 16 19 -18 -19 -13 22 24 25 -23 -22 26 -2 29 -29 -28
right_child=11 2 -4 -5 -6 -7 7 -9 9 10 -12 13 -14 -15 -16 -17 17 18 -20 -21 21 23 -24 -25 -26 -27 27 28 -30 -31
leaf_value=-0.030765601670377375 0.00067391455977441992 -0.0027310174724071087 -0.010365667594176588 0.082294464366944126 0.089565043742234854 -0.015917179170263477 -0.021314510515660221 0.10263199020146278 -0.03087211503037347 0.20789144385590508 0.0039424131399612202 -0.0059035624658205412 -0.028016954028049604 0.00012959454516967556 -0.024870390317089618 -0.012183926775069765 0.071586922252884586 -0.023148207036766122 0.04963069626901552 0.0044453105509303691 0.0080329179795371949 0.081959870007491623 -0.015828935707683536 0.01565451671455587 -0.011426736287521369 0.037374419605814987 0.0046454022232508014 0.03125761602872705 -0.012024139001317061 0.024733027485277018
leaf_weight=14.425418260274453 2617.2669331860961 28.784953591180965 79.081930267624557 2.3098597377538672 1.8900053501129139 19.601508040213957 3.2073254860006273 3.1287156781181693 1.2086866730824097 0.88098376151174285 0.87067197449505329 334.04212858527899 45.921582471055444 7000.6077343339566 94.69420457049273 173.79692238196731 9.1950526870787161 9.805999072268607 7.9678559675812712 239.77594407089055 99.34709089784883 4.4188815080560735 73.682757342234254 137.19824421487283 67.009942850214429 11.151495689526199 75.070259774103761 14.574120406061409 63.947018846869469 81.242219692561775
leaf_count=431 35926 1028 1491 23 28 695 214 84 57 63 62 4042 10413 289369 20862 2965 73 184 118 2675 1751 95 1034 1898 854 111 447 86 430 436
internal_value=-1.96963e-05 -0.00574541 -0.003185 0.00599141 0.00303286 0.000197591 0.00849231 0.0432438 0.0131175 0.0504221 0.106517 6.00225e-05 0.00131113 -0.000463136 -0.00523661 -0.00283634 -0.000132252 0.030654 0.00947791 -0.00157918 0.00172618 0.00825487 0.00104157 0.0177234 0.000194414 0.00147571 0.00133535 0.00870719 -0.00399072 0.0150858
internal_weight=11316.1 155.39 140.965 61.8827 59.5729 57.6828 38.0813 9.29638 6.16767 2.96034 1.75166 11160.7 3290.83 7869.89 869.278 774.584 600.787 26.9689 17.7739 573.818 3244.91 307.974 2936.93 141.617 166.357 2863.25 2852.1 234.834 78.5211 156.312
internal_count=377945 4176 3745 2254 2231 2203 1508 480 396 182 125 373769 53481 320288 30919 10057 7092 375 302 6717 43068 4598 38470 1993 2605 37436 37325 1399 516 883
is_linear=0
shrinkage=0.03


Tree=226
num_leaves=31
num_cat=0
split_feature=13 3 0 6 11 0 17 21 20 8 5 5 10 21 0 0 11 0 13 16 6 9 14 9 17 13 5 0 17 6
split_gain=5.73405 7.37951 11.1593 13.941 18.7708 10.9509 9.93852 8.39014 8.22189 12.502 17.9183 19.7508 12.7441 7.9889 13.3314 10.8952 7.4971 12.5367 14.7635 13.1803 22.1479 7.44355 7.08168 33.563 13.4639 14.0445 12.4283 10.5596 10.142 26.6355
threshold=43867.025390625007 -0.12940952255126037 44.005000000000003 75.924074654135566 41.500000000000007 45.001500000000007 0.21437478065490725 7862.5000000000009 49.986598968505866 423.50000000000006 109.18593115334453 104.9172309375529 1028.5000000000002 8736.5000000000018 1223.9800000000002 10.014000000000001 38.500000000000007 76.986500000000021 50551.685546875007 2.5000000000000004 217.1762877487574 49.500000000000007 3.5000000000000004 37.500000000000007 0.0092706354334950464 38251.121093750007 36.021426401869171 43.995000000000012 0.014707427471876146 217.33991745726482
decision_type=2 2 2 2 2 2 2 2 2 2 2 2 2 2 2 2 2 2 2 2 2 2 2 2 2 2 2 2 2 2
left_child=22 2 -2 4 -4 -5 7 -6 9 -7 11 -11 -12 15 21 -3 17 -17 19 -19 -21 -15 28 -24 25 27 -26 -25 29 -1
right_child=1 13 3 5 6 8 -8 -9 -10 10 12 -13 -14 14 -16 16 -18 18 -20 20 -22 -23 23 24 26 -27 -28 -29 -30 -31
leaf_value=-0.00030355137697971209 -0.024214182842361542 0.046037970543347059 -0.034186495632280448 0.061139553621529591 0.071060032365995285 -0.024579777851620761 0.10162392306535355 0.010410190115137942 -0.011847458334679463 0.038029139148965684 -0.0015283226170376347 0.25926665853430975 0.082415554403226454 -0.0086959680286560898 0.063915694135781173 -0.023774603935555475 -0.015253088528322674 -0.0056246207402269989 0.10253988582700647 -0.0075611916724996854 0.12277509649434094 0.013299901926567687 -0.018742703279655396 -0.025860203169631103 -0.015187304244394876 0.077966115910111933 -0.00060088511584858344 0.017174610659233161 0.00099296405273414348 -0.012751902319705114
leaf_weight=1418.2492828853428 10.568523876834659 3.0040306800510725 2.7875524447299531 2.5990102221257976 3.5965216513723117 4.8648829440353412 2.8117543496191493 4.782701485324651 28.370531769935042 0.87650065601337768 7.0825849313987401 0.62010248051956296 2.1133961649611592 39.498161249095574 2.9884812440723172 12.307800644659435 118.37675007444341 16.234258489217616 1.5721587017178524 2.6007578540593377 2.1380088597070426 21.32072605099529 95.706803864566609 5.9750166470184913 53.815357531188056 3.0293701859191051 2275.8116827533231 36.351456021890044 6959.8012525881641 173.63561666256282
leaf_count=76624 598 38 115 35 31 369 68 161 1494 99 405 32 78 2195 49 1055 7007 924 90 180 71 415 7624 258 1141 108 39209 1148 226772 9552
internal_value=-1.96248e-05 -0.00417546 0.00422879 0.00919693 0.0354689 0.00130381 0.0528193 0.0364423 -0.00223638 0.0152903 0.0334303 0.129697 0.0177634 -0.00689007 0.00205462 -0.0105432 -0.0116524 0.000577103 0.0138711 0.00722442 0.0512432 -0.000985075 9.01363e-05 -0.00132458 -0.000622664 0.0155657 -0.000937837 0.0110996 0.000498865 -0.00166136
internal_weight=11313.5 291.115 71.0741 60.5055 13.9785 46.527 11.191 8.37922 43.928 15.5575 10.6926 1.4966 9.19598 220.041 63.8074 156.234 153.23 34.853 22.5452 20.973 4.73877 60.8189 11022.4 2470.69 2374.98 45.3558 2329.63 42.3265 8551.69 1591.88
internal_count=377945 15509 3485 2887 375 2512 260 192 2477 983 614 131 483 12024 2659 9365 9327 2320 1265 1175 251 2610 362436 49488 41864 1514 40350 1406 312948 86176
is_linear=0
shrinkage=0.03


Tree=227
num_leaves=31
num_cat=0
split_feature=0 0 5 9 6 19 20 18 6 10 5 17 13 6 6 12 9 2 19 6 11 5 5 18 6 6 6 6 18 6
split_gain=5.70497 15.7949 10.6692 13.0605 17.8838 15.6893 11.7052 17.0509 18.5698 17.0888 10.6259 8.28161 7.25384 6.01483 31.27 12.6649 15.088 12.6991 11.5179 19.5468 12.1387 15.6581 19.8178 21.387 20.6235 19.37 21.5855 33.5902 82.7332 22.3734
threshold=994.97500000000014 985.45000000000016 131.63977291666669 3.5000000000000004 197.45496249585423 34.500000000000007 48.618627548217781 8761.5000000000018 376.33416770468688 964.50000000000011 237.91486463620984 0.052360441535711295 249.27099609375003 28.811284757941074 32.331647912063382 4.5000000000000009 49.500000000000007 -0.37940952255126065 1.5000000000000002 40.590768206570367 32.500000000000007 78.439708624708643 247.20149662512983 8565.5000000000018 290.37149697713068 54.495980883061954 44.286291819191334 45.735444215470999 7871.5000000000009 48.886040805021644
decision_type=2 2 2 2 2 2 2 2 2 2 2 2 2 2 2 2 2 2 2 2 2 2 2 2 2 2 2 2 2 2
left_child=1 13 3 4 -2 -5 12 -8 9 -9 11 -3 -4 15 -15 -1 -17 -18 19 -16 -21 25 -23 24 -24 26 -22 28 -28 -29
right_child=2 10 6 5 -6 -7 7 8 -10 -11 -12 -13 -14 14 18 16 17 -19 -20 20 21 22 23 -25 -26 -27 27 29 -30 -31
leaf_value=-0.0044127508085241886 -0.00074081364025893929 -0.012285990359531436 0.039046832292052809 -0.013438874785196403 0.12971912390253093 0.0450385947538205 -0.021580673875036028 0.013331828987894286 -0.031178342838906452 0.11630653441807198 0.031559035590405272 0.035182738875744982 -0.015021501203896323 -0.012793828886890618 -0.026658759595046034 0.0052984271573757171 0.0020104290237588224 0.059936233636644416 0.00025352063246224569 0.0074758782218785321 -0.012906949833268556 -0.013122953493138627 0.029311690867371468 -0.019055447255250511 -0.01761150893830166 -0.0070913271208610231 0.39260225896125511 -0.030331044981316675 -0.030462536681451262 0.071065045213069777
leaf_weight=129.82764326035976 1.9344222457148164 12.32742110732943 2.2866774573922148 15.185971469385551 1.8502001753076909 5.6713342228904358 6.3454854879528275 2.5601341836154443 2.156972243450582 3.3461155286058784 23.903584654210135 4.5209237886592737 95.462450587074272 173.29654544475488 34.019228649092838 292.14750271255616 5.6494650589302173 8.5782575234770757 10117.23995377525 79.739942204672843 5.1478017112240186 193.10240848106332 33.751812244881876 21.032306991517544 11.236568575841373 19.382209170842543 0.85056741908192524 2.8610506667755526 0.81428089737892151 6.2087685839505866
leaf_count=2229 64 150 19 651 51 85 261 60 76 66 165 56 3493 4169 2440 11707 63 66 325021 1958 498 19135 604 769 675 2386 50 311 61 606
internal_value=-1.94364e-05 5.51014e-05 -0.00610868 0.0117653 0.0630375 0.0024618 -0.0100357 0.0152072 0.044158 0.0716709 0.018698 0.000451315 -0.0137567 -1.31285e-05 -0.000153918 0.00343999 0.00676761 0.0369354 5.41937e-05 -0.00488677 -0.00290705 -0.00571945 -0.00827184 0.00591708 0.0175919 0.0130354 0.0375971 0.0618163 0.18568 0.0390799
internal_weight=11312.4 11175.6 136.8 24.6419 3.78462 20.8573 112.158 14.4087 8.06322 5.90625 40.7519 16.8483 97.7491 11134.9 10698.7 436.203 306.375 14.2277 10525.4 408.147 374.128 294.388 259.123 66.0207 44.9884 35.2647 15.8825 10.7347 1.66485 9.06982
internal_count=377945 373119 4826 851 115 736 3975 463 202 126 371 206 3512 372748 358683 14065 11836 129 354514 29493 27053 25095 21183 2048 1279 3912 1526 1028 111 917
is_linear=0
shrinkage=0.03


Tree=228
num_leaves=31
num_cat=0
split_feature=14 6 14 0 0 7 0 0 21 18 21 15 20 15 0 0 13 7 0 6 6 15 17 3 0 0 6 0 13 0
split_gain=5.61878 5.93494 23.3638 16.322 34.4759 34.1113 20.0253 30.7066 25.9399 27.6155 32.969 24.4943 21.45 19.9806 17.9647 30.3204 20.9699 20.7759 18.6357 26.5162 20.1036 19.4212 25.7313 26.0758 17.1705 34.2403 37.9182 29.6671 28.7123 20.9809
threshold=29.500000000000004 45.735444215470999 7.5000000000000009 48.955000000000005 49.956500000000013 -0.43302806889842244 58.955000000000005 57.008500000000005 2726.5000000000005 3622.5000000000005 3331.5000000000005 47.500000000000007 12.256349563598635 6.5000000000000009 36.95600000000001 35.945000000000007 249.27099609375003 -0.58154249019503357 39.001500000000007 106.98814072156871 85.790856501755755 35.500000000000007 0.011293407063931228 -1.0000000180025095e-35 97.005500000000012 108.96000000000002 51.678515180282197 96.975000000000009 11856.486816406252 107.01950000000001
decision_type=2 2 2 2 2 2 2 2 2 2 2 2 2 2 2 2 2 2 2 2 2 2 2 2 2 2 2 2 2 2
left_child=1 -1 3 5 -5 14 7 8 -6 10 13 -11 -12 -10 15 -3 -17 -16 19 20 -19 22 23 -20 27 26 28 -8 -26 -28
right_child=-2 2 -4 4 6 -7 24 -9 9 11 12 -13 -14 -15 17 16 -18 18 21 -21 -22 -23 -24 -25 25 -27 29 -29 -30 -31
leaf_value=0.0010336377396199541 -0.018880296307636869 -0.0010025972320387617 -0.022080722039442349 0.01195990857974041 -0.014582116146540959 -0.011574910713501411 0.0023649745708114209 -0.016452875784487456 0.10064089078547528 -0.0014089733508089687 0.10093748112391834 0.12854756642504975 0.03330705059747633 -0.009856745249231226 -0.010532752620290447 0.084420124584758963 -0.024912008640423321 -0.015622619029188149 0.18807345370267672 0.016658669002182193 0.092512093093204684 -0.0044329750742106832 0.014966441095493818 0.011847435788069927 -0.0026884667832787045 0.00069825329113463086 -0.0033599872318942139 0.020816068813862297 0.069607383877751755 -0.014483290746670178
leaf_weight=3485.7311796987196 14.197595894453114 849.50179486069828 44.704857416567393 221.44444428686984 94.031063438626006 335.94997552596033 1042.2521333682816 163.57097594055813 1.5809847824275518 235.49699507013429 5.2631512023508575 1.3125776080414642 21.310015069320798 21.524548450252041 46.839084723615088 1.6189480340108264 63.757876457297243 1.9390923886094222 1.6406227493425833 55.451162874000147 7.6589956758543849 71.842918791924603 27.621343921869993 1.400994421448561 9.7141768331639486 3763.6544491992099 359.6841837214306 84.810217594029382 10.06841467716731 265.09720936545637
leaf_count=55427 980 39288 5054 10530 3529 18398 50028 17303 26 11430 53 52 309 875 3491 12 5044 162 66 3223 313 4927 832 75 205 110639 13230 3005 340 19099
internal_value=-1.94028e-05 4.30192e-06 -0.000455064 -0.000330577 0.00033265 -0.00318261 -9.08791e-05 -0.0055827 -0.000910018 0.00357743 0.0239131 -0.000688656 0.0467021 -0.002296 -0.000685971 -0.00251768 -0.0222046 0.00713044 0.0120681 0.0246275 0.0706657 0.00409802 0.024086 0.106902 0.000448939 -0.000395922 -0.00678489 0.0037534 0.0341067 -0.00807965
internal_weight=11310.7 11296.5 7810.74 7766.04 6300.82 1465.22 6079.37 544.09 380.519 286.488 49.6787 236.81 26.5732 23.1055 1129.27 914.879 65.3768 214.394 167.555 65.0493 9.59809 102.506 30.663 3.04162 5535.28 4408.22 644.564 1127.06 19.7826 624.781
internal_count=377945 376965 321538 316484 240653 75831 230123 33577 16274 12745 1263 11482 362 901 57433 44344 5056 13089 9598 3698 475 5900 973 141 196546 143513 32874 53033 545 32329
is_linear=0
shrinkage=0.03


Tree=229
num_leaves=31
num_cat=0
split_feature=5 5 10 10 8 3 8 10 11 8 20 20 19 5 10 5 12 2 5 19 5 0 19 18 19 8 19 8 8 5
split_gain=5.64048 16.2197 10.9385 15.1765 14.8278 12.0275 8.51618 9.86814 18.446 27.2084 9.51509 14.8552 8.53414 8.33503 16.8155 11.3563 16.7653 14.7409 9.81426 31.3405 25.1621 15.9952 13.8708 14.0061 13.1645 10.9804 9.52099 29.6462 16.4788 21.1528
threshold=354.15939723320167 336.90312500000005 819.50000000000011 915.50000000000011 82.500000000000014 0.1294095225512602 6.5000000000000009 958.50000000000011 40.500000000000007 4.5000000000000009 49.185827255249031 49.604084014892585 2.5000000000000004 315.04861216391322 39.500000000000007 294.99536176470593 2.5000000000000004 -0.9159756150367534 266.4847519912712 6.5000000000000009 285.87276190476194 294.77500000000003 5.5000000000000009 8288.5000000000018 35.500000000000007 3.5000000000000004 1.5000000000000002 11.500000000000002 23.500000000000004 40.528457893990939
decision_type=2 2 2 2 2 2 2 2 2 2 2 2 2 2 2 2 2 2 2 2 2 2 2 2 2 2 2 2 2 2
left_child=1 13 -3 5 -5 -4 7 8 -2 -10 12 -12 -8 15 -15 18 -17 -18 26 20 21 22 25 -24 -21 -20 27 -1 -29 -30
right_child=6 2 3 4 -6 -7 10 -9 9 -11 11 -13 -14 14 -16 16 17 -19 19 24 -22 -23 23 -25 -26 -27 -28 28 29 -31
leaf_value=0.0020630092763673216 -0.0004088534287625607 -0.0030021540013903409 0.025609438179133404 -0.023184862914971679 0.039797544079812057 0.088663389827255509 -0.029649461817753724 -0.024849973589093209 0.011483525989626965 0.13345817292614173 0.093264378031646486 -0.018978941612347179 -0.0074231140144407574 0.023932415263066713 -0.022328309790942143 -0.023863296577665859 -0.0070316571460261636 0.01537115670041371 0.045796410560574992 -0.017263365801334862 0.028808450895724258 -0.021853528486700215 0.012338848657576798 0.096366443883863964 0.015719917521849536 -0.010088323906731948 0.00025489280771493308 -0.023535876471934312 0.059036066869569213 -0.0083149294835012585
leaf_weight=319.66164238622878 26.808357744477689 12.414858667529186 5.3122521662153321 6.3196929155383241 7.1935513676144183 5.5852055847644806 25.268315408728085 8.6043876984622312 4.7910238674376151 2.5072542519774288 1.8833427135832597 2.4309958678204566 40.415581666515209 8.8485187720507366 35.218664800282568 13.885533506516365 33.710549634008203 122.46125213027699 3.7733007031492951 135.65202680503717 32.796310930512846 25.44881901354529 4.4607932671206063 2.9766320651397109 11.841448976658283 19.605008995742537 10163.399651367101 75.821018222020939 4.3214820071589193 145.5188597664237
leaf_count=15255 557 222 72 162 78 88 986 277 117 58 48 102 1452 94 1120 190 612 1963 58 3627 495 507 117 57 197 899 325838 7410 328 14959
internal_value=-1.9555e-05 4.76672e-05 0.0199248 0.031585 0.0103428 0.0579261 -0.00669722 0.0038597 0.0111026 0.0533868 -0.0131388 0.0300188 -0.0159735 -1.79264e-05 -0.0130393 3.36975e-05 0.00772666 0.0105354 -8.58285e-05 -0.00613005 0.00792239 -0.00425199 0.010284 0.0459687 -0.0146153 -0.00106843 4.76875e-05 -0.00381408 -0.0121393 -0.00637249
internal_weight=11308.9 11196.2 36.8256 24.4107 13.5132 10.8975 112.709 42.711 34.1066 7.29828 69.9982 4.31434 65.6839 11159.4 44.0672 11115.3 170.057 156.172 10945.3 236.554 89.0609 56.2646 30.8157 7.43743 147.493 23.3783 10708.7 545.323 225.661 149.84
internal_count=377945 374348 622 400 240 160 3597 1009 732 175 2588 150 2438 373726 1214 372512 2765 2575 369747 5957 2133 1638 1131 174 3824 957 363790 37952 22697 15287
is_linear=0
shrinkage=0.03


Tree=230
num_leaves=31
num_cat=0
split_feature=2 3 9 11 3 8 8 5 19 22 6 2 20 6 5 19 22 19 18 17 17 5 13 7 7 19 2 6 5 6
split_gain=5.55839 26.84 22.4571 20.6441 14.4973 13.8584 20.663 22.1974 29.0518 47.0949 17.0518 18.3437 17.7966 37.1324 16.0116 16.5976 22.3868 26.7311 21.9162 16.9804 24.3643 16.2728 15.3206 13.2667 15.3174 27.8326 14.3428 18.6716 13.9071 17.6002
threshold=0.25881904510252091 -0.3794095225512602 30.500000000000004 6.5000000000000009 -0.3794095225512602 421.50000000000006 365.00000000000006 114.71628142373923 22.500000000000004 49303.000000000007 273.33134179389964 0.78656609248549325 45.336566925048835 32.698846596449734 253.46117030533148 52.500000000000007 223235.00000000003 33.500000000000007 7095.5000000000009 0.038476960733532913 0.049730988219380386 228.35071838634605 19294.788085937504 -0.5677534280419595 -0.51844282447611778 373.50000000000006 1.0000000180025095e-35 347.91188691694418 101.21233109812631 144.52116561148964
decision_type=2 2 2 2 2 2 2 2 2 2 2 2 2 2 2 2 2 2 2 2 2 2 2 2 2 2 2 2 2 2
left_child=4 2 3 -2 23 6 -3 8 9 -8 12 -12 -7 -14 15 16 19 -18 -19 -13 21 -21 -15 -1 25 28 -26 -28 -25 -30
right_child=1 5 -4 -5 -6 10 7 -9 -10 -11 11 14 13 22 -16 -17 17 18 -20 20 -22 -23 -24 24 26 -27 27 -29 29 -31
leaf_value=-0.0088118398757872189 0.02856544476166608 0.0018596911533037685 0.017240336585781117 -0.0001026595370388315 0.00029961784695038446 -0.0044512546144583852 0.020773992256791107 -0.011360180556705103 0.023817317368011875 0.21128487596209411 -0.0029179648182136196 0.0015409500309604535 0.11110344312547542 0.02739220016202764 -0.007107121548026527 0.0028667403992797785 0.11494842571892816 0.073983633386862507 -0.003010976546178182 0.035597510654703186 -0.0059887637218052278 0.10565633709707085 -0.0058780938939249983 -0.012183609218999223 -0.0030694237311715009 0.14670157721902088 0.0015648951288198803 0.02907212851400616 0.057341959957508536 0.0097474903777874638
leaf_weight=267.22346084436867 25.101319868117571 690.96543857187498 155.39378976658918 227.49484953097999 6716.5269506483455 1049.7024239917519 2.685303525067865 12.909544024150817 30.156965059228241 2.0665511046536267 137.96200505539309 28.236547957872972 3.263543300330638 20.153198680141941 29.128603920806199 40.550558132701553 4.9570720102638033 6.3073887673672271 7.0421063955873251 7.5816877349279839 7.2393546756356946 4.9203040848951787 32.618039150722325 20.68556729122065 1574.4390325063141 1.3419102877378453 115.52019064046908 27.494977413676679 8.150470045860855 49.229702829034068
leaf_count=11217 190 19362 2141 6719 232659 25515 99 534 207 40 3123 494 27 724 500 649 53 99 109 116 170 52 1586 1033 62049 28 5358 517 545 2030
internal_value=-1.93544e-05 0.00122067 0.00826667 0.00274619 -0.000376145 -0.000136316 0.00317955 0.0222513 0.034681 0.103626 -0.0019119 0.00478894 -0.00357191 0.0129009 0.0126091 0.0179848 0.0272334 0.0554581 0.0333675 0.016464 0.0378088 0.06317 0.00682775 -0.00257507 -0.00164756 0.011234 -0.00224315 0.00685322 0.00890538 0.016508
internal_weight=11307 2526.44 407.99 252.596 8780.61 2118.45 738.784 47.8184 34.9088 4.75185 1379.66 273.926 1105.74 56.0348 135.964 106.835 66.2845 18.3066 13.3495 47.9779 19.7413 12.502 52.7712 2064.09 1796.86 79.4077 1717.45 143.015 78.0657 57.3802
internal_count=377945 62509 9050 6909 315436 53459 20242 880 346 139 33217 5365 27852 2337 2242 1742 1093 261 208 832 338 168 2310 82777 71560 3636 67924 5875 3608 2575
is_linear=0
shrinkage=0.03


Tree=231
num_leaves=31
num_cat=0
split_feature=22 0 8 15 21 12 16 19 22 14 19 16 19 19 15 19 7 21 12 4 5 12 21 22 0 0 22 0 0 3
split_gain=5.47368 11.2167 8.34507 7.73245 41.3038 23.3754 28.417 17.8238 15.2187 12.3427 13.5407 11.2329 13.7655 18.8175 19.1787 19.0671 19.1466 22.3537 18.5862 24.9274 38.7994 16.026 15.0703 14.5268 13.0926 14.7015 20.4688 17.9797 17.1082 16.1262
threshold=14.500000000000002 149.97500000000002 9.5000000000000018 6.5000000000000009 1657.5000000000002 2.5000000000000004 2.5000000000000004 179.50000000000003 12316.000000000002 11.500000000000002 146.50000000000003 1.5000000000000002 315.50000000000006 138.50000000000003 15.500000000000002 97.500000000000014 -0.66250020832377243 2726.5000000000005 21.500000000000004 1.0000000180025095e-35 39.771702697926493 11.500000000000002 9462.5000000000018 11659.000000000002 40.008500000000005 55.95900000000001 588699.00000000012 57.950500000000012 55.018000000000008 -0.60355339059327384
decision_type=2 2 2 2 2 2 2 2 2 2 2 2 2 2 2 2 2 2 2 2 2 2 2 2 2 2 2 2 2 2
left_child=1 -1 -3 5 -5 9 7 -7 -8 -2 -11 -6 13 15 -15 16 17 -13 19 -16 -21 -22 -17 -18 -25 26 28 -27 29 -26
right_child=3 2 -4 4 11 6 8 -9 -10 10 -12 12 -14 14 18 22 23 -19 -20 20 21 -23 -24 24 25 27 -28 -29 -30 -31
leaf_value=-0.012894341987183533 0.0013946124386304769 0.032919937933065774 -0.0085521041149610871 -0.020230655573064565 -0.00070262286655738853 0.015403151823356371 -0.0040571808023476741 0.049102341999317678 0.031339186707487039 -0.029414903785327042 -0.003997791774118473 0.10922343109395509 -0.0076575449950480601 -0.0065982613984553861 0.0075384471350965028 -0.017588250711454836 -0.015787815341579838 0.014599937563889224 0.0094892312618501673 0.13233831781248226 0.0024088330403706001 0.058817216699728211 0.016467454038334391 -0.0039274020724726364 0.028580321923240785 -0.018375779942238889 0.039452746026323926 0.002282740191374583 0.071814852444880867 0.002830805194489579
leaf_weight=69.794433619827032 1213.1322202272713 9.5275053083896655 8.0617775321006757 92.553714303241577 7028.9722825869103 127.86545132286847 110.20029299333692 15.879804274067281 12.135998079553245 21.881191665306687 136.80023463629186 2.3317361157387486 135.05700809787959 47.066198674961925 19.82308102119714 75.07894569565542 43.370861801900901 61.793188685784116 135.43667840247508 4.5101791396737125 8.051432322245093 10.372896156739442 13.852211346849797 304.69867764675291 24.994763949071057 39.025625355890952 19.37660931237042 1333.8158617641311 3.62194997339975 176.19099770707544
leaf_count=1338 13657 56 57 5831 271593 1057 843 93 129 311 3330 53 2699 565 208 1115 1392 1311 2053 57 94 122 155 13031 1073 3320 371 44369 97 7565
internal_value=-1.92804e-05 -0.00749858 0.0139119 3.89809e-05 -0.000286694 0.00194384 0.0100815 0.019126 -0.000545792 0.000365441 -0.00750266 -9.21332e-05 0.00165331 0.00219454 0.0104343 0.0013099 0.00191157 0.0180407 0.0149331 0.0321768 0.0534727 0.0341668 -0.0122836 0.00137984 0.00177136 0.00285864 0.00998148 0.00169548 0.00719324 0.00602985
internal_weight=11305.3 87.3837 17.5893 11217.9 9579.99 1637.9 266.082 143.745 122.336 1371.81 158.681 9487.44 2458.47 2323.41 225.26 2098.15 2009.22 64.1249 178.194 42.7576 22.9345 18.4243 88.9312 1945.1 1901.72 1597.03 224.184 1372.84 204.808 201.186
internal_count=377945 1451 113 376494 357074 19420 2122 1150 972 17298 3641 351243 79650 76951 3099 73852 72582 1364 2534 481 273 216 1270 71218 69826 56795 9106 47689 8735 8638
is_linear=0
shrinkage=0.03


Tree=232
num_leaves=31
num_cat=0
split_feature=13 11 19 10 17 21 0 0 5 20 10 19 22 22 22 22 21 0 0 0 0 0 2 17 10 6 10 5 22 0
split_gain=5.48273 7.05357 9.56846 9.22632 9.08328 7.11145 5.77022 14.8246 11.8664 12.4558 11.3922 10.6571 14.7753 14.1421 11.2012 10.643 17.0196 10.6307 16.1337 28.3537 18.9749 13.1102 12.0116 16.0153 12.3484 11.8458 18.6934 27.5495 15.9695 11.3417
threshold=43867.025390625007 36.500000000000007 21.500000000000004 910.50000000000011 0.025003512389957908 9530.5000000000018 994.97500000000014 846.33000000000004 131.63977291666669 49.604084014892585 972.50000000000011 8.5000000000000018 36280.500000000007 127762.00000000001 7431.5000000000009 36706.500000000007 7885.5000000000009 554.32000000000005 440.99500000000006 455.40500000000003 553.97500000000014 500.07500000000005 0.25881904510252091 0.025644849054515365 905.50000000000011 354.38733713668074 1074.5000000000002 143.43089336954299 121561.00000000001 524.97000000000014
decision_type=2 2 2 2 2 2 2 2 2 2 2 2 2 2 2 2 2 2 2 2 2 2 2 2 2 2 2 2 2 2
left_child=6 2 4 -3 -2 -5 7 17 10 -10 15 12 14 -13 -9 -8 -17 18 -1 -20 21 -21 -19 24 -24 26 -22 -28 -27 -23
right_child=1 3 -4 5 -6 -7 8 11 9 -11 -12 13 -14 -15 -16 16 -18 22 19 20 25 29 23 -25 -26 28 27 -29 -30 -31
leaf_value=-5.9237431856771571e-05 0.13463840226426341 -0.02332230662008478 -0.032326055920604606 -0.0037718831287925757 0.022499310713346512 0.032514188740113359 0.07565634539514407 0.052962784478274391 -0.012407157080396261 0.050843471032552635 -0.025529026379679361 -0.020365203607239288 0.037509896891130906 0.010938827359746814 -0.010341702454580375 0.064600358590614831 -0.0063773892865544848 -0.010689726051292845 0.017683354330732075 0.0013204692491433085 0.00066466759838830654 -0.026354498880255334 -0.0092328595175179308 -0.010543992593236594 0.055676058796517484 -0.0095294790699265528 0.15573846929331087 -0.014794270981665688 0.048316676136949704 -0.001247838010103937
leaf_weight=10213.964145931241 1.0852830703370271 21.976296041626483 1.2707587257027624 258.60272548138164 1.6211700574494896 4.9540637386962763 3.0451656798832181 3.0762496802490231 100.32670589373447 2.8826162395998827 5.2947507374919942 16.667472865898162 25.049165906384587 58.84144693124108 13.802562120370565 4.2716325235087416 10.549864225089548 146.74685882194899 128.75101654231548 114.3169904933311 47.69180206162855 37.37423098878935 3.7863818900659707 14.266398314153774 8.6957885031588358 5.9627464034128961 1.7643438919913017 1.6498546069487927 15.35869093518704 28.574340916937217
leaf_count=344244 47 1177 34 14101 74 76 82 72 3617 92 199 320 287 656 287 144 349 3896 2215 2001 1367 1026 71 252 146 116 63 37 176 721
internal_value=-1.91347e-05 -0.00409437 0.0355821 -0.00464703 0.0674669 -0.00308982 8.79981e-05 0.000161985 -0.00628565 -0.0106406 0.0131203 0.0107632 0.0228911 0.00402893 0.00119586 0.024574 0.0140788 4.63764e-05 0.000166992 0.00622475 0.000386409 -0.00482446 -0.00731962 0.0111693 0.0359864 0.0133558 0.00551925 0.0733314 0.0321394 -0.0154762
internal_weight=11302.2 289.51 3.97721 285.533 2.70645 263.557 11012.7 10886.3 126.371 103.209 23.1614 117.437 41.928 75.5089 16.8788 17.8667 14.8215 10768.9 10595.4 381.444 252.693 180.266 173.495 26.7486 12.4822 72.4274 51.106 3.4142 21.3214 65.9486
internal_count=377945 15509 155 15354 121 14177 362436 357953 4483 3709 774 1622 646 976 359 575 493 356331 351966 7722 5507 3748 4365 469 217 1759 1467 100 292 1747
is_linear=0
shrinkage=0.03


Tree=233
num_leaves=31
num_cat=0
split_feature=1 1 2 13 5 9 13 10 18 21 20 10 21 22 13 4 18 18 2 22 22 10 7 12 21 16 21 10 8 18
split_gain=5.42827 12.8517 14.2118 23.9166 10.8545 14.2315 8.88594 7.88694 11.5994 26.4729 10.9917 7.49426 10.3054 7.20848 11.1198 26.8021 7.5561 10.9731 15.4086 7.40622 9.50077 11.538 7.76943 6.40002 62.4237 12.168 16.4135 15.0519 13.8845 29.648
threshold=2.2375126349582053 2.3221417159142539 -0.78656609248549292 29216.332031250004 32.515324423541337 2.5000000000000004 150.01750183105472 972.50000000000011 8342.5000000000018 9211.5000000000018 46.807233810424812 76.500000000000014 9186.5000000000018 223235.00000000003 1121.2965087890627 1.0000000180025095e-35 4436.5000000000009 7164.5000000000009 0.12940952255126045 408.50000000000006 8364.5000000000018 2.5000000000000004 -1.0219452121242616 77.500000000000014 5822.5000000000009 1.5000000000000002 6056.5000000000009 729.50000000000011 168.50000000000003 5959.5000000000009
decision_type=2 2 2 2 2 2 2 2 2 2 2 2 2 2 2 2 2 2 2 2 2 2 2 2 2 2 2 2 2 2
left_child=4 2 11 6 -1 -6 -4 8 13 10 -10 -2 -13 14 19 -16 -15 18 -18 -7 21 22 -21 -3 -25 27 -27 -26 29 -29
right_child=1 23 3 -5 5 7 -8 -9 9 -11 -12 12 -14 16 15 -17 17 -19 -20 20 -22 -23 -24 24 25 26 -28 28 -30 -31
leaf_value=-0.030618930378260745 0.055098350122030397 0.00079049217530096781 0.0097561369376969326 0.067463237861072778 0.04546123952033608 -0.021101779278354431 -0.02291781972693414 -0.028453036749285489 0.098551008032546905 -0.0036480409258985999 0.025320132472370426 -0.018300190147633479 0.053151722126648537 -0.033198912242365389 -0.020996684755806024 0.079176715161215008 -0.013075820411886411 -0.029539015421691184 0.073752404688543577 0.02296775352803004 -0.018727958449460579 0.033672394786838505 -0.010101115559223999 -0.030111471653774903 0.021348792636943212 -0.018292017441842588 0.0022192094334100767 0.039084026300826955 -0.0025114139089997154 0.00064542221652455066
leaf_weight=13.909371140645815 9.5526011995971221 4999.9239208068466 15.775203760713341 4.6339651495218268 5.2731740854214868 21.48282918613404 14.264923623995854 11.602013234281911 3.8523888005875078 18.56028441619128 3.5395257258787751 3.929013848421163 3.3791057085618377 16.267932910472158 4.8988240342587215 4.7199013368226588 4.6270848069107142 7.5206977818161249 3.0531807634979486 8.5250490549951703 18.655020906589925 10.857649938203393 25.583385054953403 64.082760111661628 26.480390428332612 35.862039595842361 1679.7010687114671 18.306008835090324 2901.4450766742229 1340.4763807973359
leaf_count=431 85 96161 198 50 105 250 220 207 57 264 44 75 35 273 108 72 99 105 50 91 326 77 435 20056 1089 2057 57960 1203 123112 72650
internal_value=-1.89237e-05 6.54155e-05 0.015012 0.00402625 -0.0051448 -0.00304841 -0.00575949 -0.00461059 -0.00279243 0.0154734 0.0634853 0.0376043 0.0147375 -0.00654894 -0.00241617 0.0281583 -0.0189888 -0.00378118 0.0214415 -0.00587179 -0.000729112 0.00673805 -0.00183589 -4.1898e-06 -0.000659171 -0.000344726 0.00179044 -0.00119923 -0.00133938 0.00116328
internal_weight=11300.7 11117.8 51.5348 34.6741 182.928 169.019 30.0401 163.746 152.144 25.9522 7.39191 16.8607 7.30812 126.192 94.7227 9.61873 31.4689 15.201 7.68027 85.1039 63.6211 44.9661 34.1084 11066.3 6066.35 6002.27 1715.56 4286.71 4260.23 1358.78
internal_count=377945 374951 663 468 2994 2563 418 2458 2251 365 101 195 110 1886 1359 180 527 254 149 1179 929 603 526 374288 278127 258071 60017 198054 196965 73853
is_linear=0
shrinkage=0.03


Tree=234
num_leaves=31
num_cat=0
split_feature=14 19 11 1 17 11 20 13 2 16 19 21 11 21 5 6 6 22 22 21 17 21 11 8 5 6 2 6 6 5
split_gain=5.3625 42.2121 15.5055 13.1677 12.4611 11.2465 13.0583 14.0437 19.0724 12.1156 10.9771 10.6311 30.6109 17.2859 17.4609 21.77 39.8034 20.5674 27.6893 22.1416 20.3049 19.5676 25.3503 19.4971 23.3518 18.4108 34.0154 39.6121 17.1053 16.6531
threshold=3.5000000000000004 29.500000000000004 42.500000000000007 2.2375126349582053 0.0088914628140628355 42.500000000000007 41.729801177978523 24731.797851562504 0.12940952255126045 3.5000000000000004 282.50000000000006 4013.5000000000005 21.500000000000004 6505.5000000000009 73.191791666666674 204.38570124685731 205.59615934756204 36706.500000000007 20754.500000000004 4211.5000000000009 0.021034723147749904 5865.5000000000009 38.500000000000007 46.500000000000007 57.055685679062044 239.13200698181927 1.0000000180025095e-35 226.85784074097134 29.949630748416354 67.660186274509826
decision_type=2 2 2 2 2 2 2 2 2 2 2 2 2 2 2 2 2 2 2 2 2 2 2 2 2 2 2 2 2 2
left_child=10 2 4 -3 -2 -5 9 -8 -9 -7 11 12 -1 14 17 -16 20 18 29 -20 -17 -18 25 24 -21 26 -23 -28 -19 -13
right_child=1 3 -4 5 -6 6 7 8 -10 -11 -12 13 -14 -15 15 16 21 28 19 23 -22 22 -24 -25 -26 -27 27 -29 -30 -31
leaf_value=0.0024835294442946397 0.077305106436732676 -0.012272565369733791 0.03878391332130178 -0.00062764704174394668 -0.023875861115680335 0.015649524623447444 -0.012744387296580412 0.0056882131728391641 0.067498410640306386 0.064388886436507753 0.037486489323843471 -0.0044598617272539028 -0.028889481926832373 0.00035586319515624218 -0.011447131116802201 0.083590842385191072 -0.011558066509927216 0.024011910023736174 -0.0063532242377621964 -0.0093981262480483125 -0.011646518581063414 0.023832987508927005 -0.0062142224149221706 0.074181120843202913 0.084597696741550196 0.0095773361256332994 0.044322209961352589 0.25701846346282764 -0.0050358801558659854 0.042729007219327521
leaf_weight=2208.0960887806723 1.1082487567327906 81.896545038092881 3.8378228863002724 2151.4159928823938 94.989549759309739 38.903173838509247 38.324132599169388 87.526769058313221 4.7360263569280496 5.2042030273005357 7.1501500569283953 52.793853720533662 28.349610979668796 5518.1123939605895 380.43416932225227 7.4100923377554846 125.50616678479128 19.753526033833623 8.3829077184200269 7.5011480853427219 2.7671627911040559 12.342828340828417 90.924560206243768 13.561457833740858 3.483372560935095 54.609179538441822 1.8893864648416632 1.3519141473807392 238.92585158976726 7.7141480174614108
leaf_count=28568 49 1529 172 37676 8382 502 704 1575 78 62 60 2633 5115 247468 27086 40 5691 289 88 130 142 635 3804 233 61 2072 76 46 2344 635
internal_value=-1.87576e-05 -0.00124238 -0.0203475 -0.00044949 -0.022709 -3.32286e-05 0.00728722 0.00252037 0.00886105 0.0214003 0.000330321 0.000300075 0.00208584 -0.000309896 -0.00387887 -0.00669625 -0.00060667 0.00153988 0.0136038 0.0357417 0.0576961 -0.00267685 0.00424137 0.0501179 0.0204095 0.017785 0.0465458 0.133036 -0.0028177 0.00155623
internal_weight=11299 2507.94 99.9356 2408.01 96.0978 2326.11 174.694 130.587 92.2628 44.1074 8791.06 8783.91 2236.45 6547.46 1029.35 677.235 296.801 352.116 93.4369 32.9289 10.1773 286.624 161.118 24.546 10.9845 70.1933 15.5841 3.2413 258.679 60.508
internal_count=377945 50729 8603 42126 8431 40597 2921 2357 1653 564 327216 327156 33683 293473 46005 39592 12506 6413 3780 512 182 12324 6633 424 191 2829 757 122 2633 3268
is_linear=0
shrinkage=0.03


Tree=235
num_leaves=31
num_cat=0
split_feature=22 0 8 7 7 15 10 21 15 16 12 21 10 8 3 0 7 22 8 7 0 7 13 10 10 21 10 20 3 22
split_gain=5.31682 10.5702 7.71444 7.42335 15.2283 8.07307 50.2517 31.6812 28.7785 19.3759 27.4346 23.8971 19.2828 19.4965 22.2273 25.9183 22.1542 65.2324 20.7917 16.7447 16.6692 16.1682 13.3152 13.2423 12.9269 12.7062 40.6725 20.1026 16.5601 17.5512
threshold=14.500000000000002 149.97500000000002 9.5000000000000018 -1.0219452121242616 -0.97486432839908876 3.5000000000000004 4.5000000000000009 2087.5000000000005 1.5000000000000002 1.5000000000000002 1.5000000000000002 187.50000000000003 52.500000000000007 108.50000000000001 0.91597561503675351 42.547500000000007 -0.40987726345000025 60480.500000000007 216.50000000000003 0.77287766240366584 39.898000000000003 -0.044515000074908613 200.04399871826175 1.5000000000000002 4.5000000000000009 3790.5000000000005 175.50000000000003 19.770366668701175 -0.98296291314453399 51292.500000000007
decision_type=2 2 2 2 2 2 2 2 2 2 2 2 2 2 2 2 2 2 2 2 2 2 2 2 2 2 2 2 2 2
left_child=1 -1 -3 -2 -5 6 9 12 -8 10 -6 23 13 -7 18 -16 17 -17 -15 20 -10 -18 -23 -12 -20 26 28 -27 29 -9
right_child=3 2 -4 4 5 7 8 25 19 -11 11 -13 -14 14 15 16 21 -19 24 -21 -22 22 -24 -25 -26 27 -28 -29 -30 -31
leaf_value=-0.012697359475569809 0.0056924842455777789 0.031345814204464702 -0.0084330013535225019 -0.016539084914075592 0.0011186154504794284 -0.018967561433837831 0.043553949849996464 0.0052106413049947667 0.020853364162327435 -0.0046447327949000472 -0.010849725611163662 0.052130948532142674 -0.030001221576417641 0.022064733700108422 -0.031820343603998172 -0.011166944184324117 -0.0094030876363581685 0.29033243052095248 0.055479936609565801 0.046247509675799645 -0.01494632620676143 0.015016115658912497 0.070154026440871931 0.016802854377479009 -0.011489815480034273 -0.0069463961676482803 -0.030338579614918943 -6.0784327553801817e-05 0.0034749425775949818 0.063653010966368467
leaf_weight=69.244497498497367 205.17359020293225 9.6616759151220339 8.0382694154977781 50.280536703998223 811.83725530002266 84.878728088922799 37.776300858706236 10.08802842628211 22.677662606351078 429.45902477297932 19.297964673489332 14.95839377120137 36.821321856696159 20.404796719551086 6.7818029671907416 1.5283563574776082 8.1945758489891922 1.1185115324333308 2.642048990353941 9.3992751054465753 24.194482056424022 7.8949531912803614 7.8721482623368502 81.029894262552261 142.78581208223477 401.64172179996967 32.02607386483578 7647.9273827068391 1082.72774433624 8.5398287829011661
leaf_count=1338 6737 56 57 1431 9411 2385 254 140 206 5464 89 97 6880 399 207 73 253 39 37 59 261 104 58 400 3563 5692 5698 313837 12606 114
internal_value=-1.87499e-05 -0.00740882 0.0132806 3.85675e-05 -6.68444e-05 8.76226e-06 0.00209333 -0.000309417 0.0232997 0.000623156 0.00306333 0.0167579 -0.00957478 -0.00692739 -0.00179769 0.0205339 0.0338776 0.11624 -0.00629415 0.00970262 0.00237427 0.0247796 0.0425452 0.0114839 -0.0102731 1.43859e-05 0.00298835 -0.000404349 0.00395746 0.0320032
internal_weight=11296.9 86.9444 17.6999 11210 11004.8 10954.5 1450.63 9503.87 94.0477 1356.58 927.124 115.286 320.923 284.102 199.223 33.3903 26.6085 2.64687 165.833 56.2714 46.8721 23.9617 15.7671 100.328 145.428 9182.95 1133.38 8049.57 1101.36 18.6279
internal_count=377945 1451 113 376494 369757 368326 16241 352085 780 15461 9997 586 13998 7118 4733 734 527 112 3999 526 467 415 162 489 3600 338087 18558 319529 12860 254
is_linear=0
shrinkage=0.03


Tree=236
num_leaves=31
num_cat=0
split_feature=14 19 9 5 5 22 12 5 5 17 5 5 5 1 5 22 1 10 1 1 1 10 18 5 1 18 17 18 5 22
split_gain=5.29804 5.43222 15.3032 27.3705 39.2609 28.5168 26.4505 25.8549 31.3375 23.2371 51.5491 21.0496 34.5246 21.3368 29.425 20.7635 16.5187 15.9372 31.2967 37.6017 71.059 39.6686 23.4585 18.5126 18.1479 22.6983 17.2198 15.8732 18.1495 15.1669
threshold=29.500000000000004 6.5000000000000009 7.5000000000000009 94.145520833333336 92.912905863988058 69181.500000000015 112.50000000000001 122.43615616098316 104.9172309375529 0.1482956260442734 57.055685679062044 193.3356445868946 235.61610498644089 3.8180309057609358 212.59312500000001 62354.000000000007 5.4248839338193919 923.50000000000011 5.3660694642324787 4.0944278886117624 4.533029415793675 953.50000000000011 9657.5000000000018 110.99731862745101 4.0164731027272298 9204.5000000000018 0.013115159701555969 2556.5000000000005 307.94382222222231 56113.500000000007
decision_type=2 2 2 2 2 2 2 2 2 2 2 2 2 2 2 2 2 2 2 2 2 2 2 2 2 2 2 2 2 2
left_child=1 29 3 4 9 11 -6 8 16 -3 -11 15 13 14 -13 -5 -7 22 19 23 -21 -22 -10 -19 25 -25 -24 28 -14 -1
right_child=-2 2 -4 5 6 7 -8 -9 17 10 -12 12 27 -15 -16 -17 -18 18 -20 20 21 -23 26 24 -26 -27 -28 -29 -30 -31
leaf_value=-0.00086851986927889832 -0.018554329309045652 -0.023837036409284581 5.6661498660850261e-05 0.00097468165033168447 0.14730553370163532 -0.020860210757964143 0.045397280868927858 -3.465256087415307e-05 0.0036217019271326365 0.00048476010271422643 0.098078225323431176 0.023174733847633116 -0.032332446122234626 0.023882643281595714 0.18704913830500425 -0.016468516471927888 0.058214289555393608 -0.030522101615625616 -0.022583603489654963 0.26605758964731219 0.19502262245565036 0.026393643310872343 0.0089612464890688852 0.052339648293108818 -0.030637406331899996 0.2369430073571156 0.097842344813892035 -0.014828181830399781 0.040776223085401395 -0.019359190245304147
leaf_weight=2790.9809588348726 13.861371670267543 10.911362135200759 7922.2606554959202 187.83505790133495 3.4139752509072405 12.319408018607644 6.9762752987444401 42.274932321161032 13.804342626128348 16.58593741175719 6.8964263303205362 2.2072677219985049 4.1933850685600182 43.248749349615537 1.7824996274430303 91.255438440013677 2.946259267628192 2.7436315589584437 3.0208067223429671 2.3235717136412841 1.7232080586254594 4.626025197096169 3.0198637424036843 1.8077594628557569 1.1071633012033997 0.89684989489614952 5.5991241559386253 40.121930312248878 11.268678254447876 40.503261321689934
leaf_count=144764 980 526 202493 13015 42 854 135 1224 610 247 88 94 73 1115 61 6762 69 191 76 95 66 172 148 108 66 51 143 1020 116 2541
internal_value=-1.86199e-05 4.16032e-06 0.000385343 0.005346 0.0277764 0.0032538 0.0788818 0.0176714 0.0310526 0.0123376 0.0291465 -0.00045383 0.0111497 0.0300065 0.0963885 -0.0047288 -0.00559891 0.0448091 0.0656256 0.0831236 0.124108 0.0721602 0.0278678 0.028901 0.0716725 0.113554 0.0667008 -0.00487593 0.0209488 -0.00113302
internal_weight=11292.5 11278.7 8447.17 524.91 44.784 480.126 10.3903 98.2129 55.938 34.3937 23.4824 381.913 102.823 47.2385 3.98977 279.09 15.2657 40.6723 18.249 15.2282 8.6728 6.34923 22.4233 6.5554 3.81177 2.70461 8.61899 55.584 15.4621 2831.48
internal_count=377945 376965 229660 27167 1038 26129 177 3873 2649 861 335 22256 2479 1270 155 19777 923 1726 825 749 333 238 901 416 225 159 291 1209 189 147305
is_linear=0
shrinkage=0.03


Tree=237
num_leaves=31
num_cat=0
split_feature=12 1 1 1 1 1 1 14 5 10 5 12 12 9 18 5 5 3 10 10 11 10 20 9 19 1 1 13 20 22
split_gain=5.25459 5.44516 60.8912 21.0871 28.0375 30.3446 28.5654 19.4387 18.7155 46.7988 38.4424 21.6779 36.8253 17.517 22.5942 17.1224 16.5371 16.2957 18.8146 16.185 15.7776 30.2183 16.7212 20.7151 22.8557 22.3706 15.3693 15.0187 25.6754 23.4192
threshold=637.50000000000011 4.35653571980398 4.3688590705920598 4.4420746196097438 4.5850235979700589 4.7001166591618073 4.6823117500873144 5.5000000000000009 144.11955427251735 39.500000000000007 151.37217225161672 151.50000000000003 184.50000000000003 7.5000000000000009 2210.5000000000005 73.191791666666674 132.71733081781107 0.60355339059327384 1082.5000000000002 902.50000000000011 15.500000000000002 129.50000000000003 23.386793136596683 35.500000000000007 42.500000000000007 3.1087037432383124 4.6817607838599331 1553.9505004882815 21.425053596496586 155335.50000000003
decision_type=2 2 2 2 2 2 2 2 2 2 2 2 2 2 2 2 2 2 2 2 2 2 2 2 2 2 2 2 2 2
left_child=1 17 7 -4 8 6 13 -3 -5 -10 11 -11 19 14 -6 -8 -17 18 27 -13 -19 22 -22 -24 -25 -26 -15 28 29 -1
right_child=-2 2 3 4 5 -7 15 -9 9 10 -12 12 -14 26 -16 16 -18 20 -20 -21 21 -23 23 24 25 -27 -28 -29 -30 -31
leaf_value=0.0025409044113156665 -0.01607318051287604 0.014771571068570116 -0.010391433042085655 0.0044253608783779994 -0.012346160701711063 0.00081689455007128017 0.015426359878492652 0.048514781734794885 0.16458873273449917 0.014252141662458126 0.010358836090594634 0.12042478849128957 0.020703840358437749 -0.0070513728971732925 0.01276301210674474 -0.021089573873669037 -0.0060217744665493995 -0.0057578038689231736 0.015212724608824056 0.25588040490420566 0.0045012844560825809 -0.0021388196296496737 -0.0047785617327639768 0.087102398160752895 0.059234867691655001 0.0084085596816713213 0.028221168935600182 -0.0015192868307274308 0.011602704663570206 -0.0093466020270034176
leaf_weight=1050.8095559732756 18.318597419420257 159.14884007559158 166.88817066664342 315.91136273357552 43.020202303654514 4094.7319789682515 17.745729653164744 17.007132454542443 1.9611291615292419 3.2313091938849521 85.375245508737862 1.9066873437259348 2.3292657197453082 275.68094647192629 128.87189205922186 161.88515976339113 110.16519958688878 867.63656879356131 78.778229005169123 1.360265916213393 104.74717731354758 1372.2464939960046 15.498006923124192 6.5939093306660643 11.962268088012932 22.364880269393325 11.585121179232372 1731.1949525473756 239.0273727721069 173.82634768914431
leaf_count=15654 1438 6356 5852 10432 1754 117115 608 179 25 142 2527 50 121 8951 4899 13670 6525 12795 3632 59 1379 70290 184 44 108 249 377 86469 3751 2310
internal_value=-1.88563e-05 7.2308e-06 0.000671005 0.000107116 0.00044048 -0.000198627 -0.00575075 0.0180293 0.00795278 0.0195408 0.0165212 0.0761205 0.111844 -0.00109619 0.00647883 -0.0131255 -0.014988 -0.000647668 0.000729139 0.176825 -0.00252483 -0.000695549 0.0115931 0.0247598 0.0359469 0.0261204 -0.00562887 0.000372005 0.00260899 0.000853577
internal_weight=11291.8 11273.5 5598.81 5422.65 5255.76 4843.69 748.954 176.156 412.075 96.1639 94.2028 8.82753 5.59622 459.158 171.892 289.796 272.05 5674.69 3273.64 3.26695 2401.05 1533.41 161.166 56.4191 40.9211 34.3271 287.266 3194.86 1463.66 1224.64
internal_count=377945 376507 179642 173107 167255 153899 36784 6535 13356 2924 2899 372 230 15981 6653 20803 20195 196865 111816 109 85049 72254 1964 585 401 357 9328 108184 21715 17964
is_linear=0
shrinkage=0.03


Tree=238
num_leaves=31
num_cat=0
split_feature=5 5 17 0 8 8 5 10 5 12 6 2 17 0 0 0 18 15 17 22 22 12 5 8 5 8 0 5 0 18
split_gain=5.26237 15.1632 14.0197 8.74946 10.6713 10.6311 8.07459 15.4925 10.649 16.0045 15.0203 11.7411 9.25264 20.1113 20.238 9.1699 31.5852 17.6154 16.5311 12.1689 11.9197 12.2311 9.13595 23.5007 28.6235 17.0254 15.7119 11.3647 13.9341 14.6851
threshold=354.15939723320167 336.90312500000005 0.33095239102840429 278.97000000000008 33.500000000000007 41.500000000000007 315.04861216391322 39.500000000000007 294.99536176470593 2.5000000000000004 458.29373749271912 -0.9159756150367534 0.045483278110623367 280.00500000000005 317.50500000000005 96.975000000000009 7954.5000000000009 16.500000000000004 0.068183466792106642 7049.5000000000009 223235.00000000003 150.50000000000003 266.4847519912712 17.500000000000004 291.33348056365406 16.500000000000004 70.111000000000018 291.33348056365406 201.97000000000003 3723.5000000000005
decision_type=2 2 2 2 2 2 2 2 2 2 2 2 2 2 2 2 2 2 2 2 2 2 2 2 2 2 2 2 2 2
left_child=1 6 3 4 -3 -5 8 -8 22 -10 11 -11 13 -13 -15 16 17 -14 20 -20 21 -17 -1 24 25 -24 -25 28 29 -28
right_child=-2 2 -4 5 -6 -7 7 -9 9 10 -12 12 15 14 -16 18 -18 -19 19 -21 -22 -23 23 26 -26 -27 27 -29 -30 -31
leaf_value=4.5155874219411838e-05 -0.0064979927105370087 0.065716729631505294 -0.023410783068090222 0.0024429206386311509 -0.0092791310353716443 0.05190359654767001 0.022212421373078738 -0.022071138021017619 -0.023641193636387378 -0.0042257704918971196 -0.028127281682238579 -0.02552421721511388 0.083033175728266323 0.066856218950272397 0.0061507009654866891 0.064296661862025678 0.12330746716993807 -0.031483915676774471 0.040819738667273876 -0.0068971306021057104 0.012507185401856252 0.017212156217673417 -0.0068091495351720243 -0.03123321969669408 0.066166659061396002 0.067062335897680375 0.028156140339873726 -0.024384905961489664 -0.010758574930485876 -0.0033670981576925012
leaf_weight=10693.456340467033 111.70738407457247 2.1261672559194293 5.8330638083862132 5.3015643274411568 8.6740044257603568 14.912334101740271 8.9592950949445349 34.449411209207028 13.681747857946901 30.252479937160388 8.695145011879502 13.024962700903414 1.8160178754478673 6.3136560991406467 22.760267462814227 13.620916305226276 3.4080564458854496 3.6161862099543214 6.0168346641585257 23.982526285166387 15.359873838722704 7.8138651396147898 23.901450202334676 26.955576067790389 8.0934164130594564 3.1817223775433368 21.090155630372465 27.22914309008047 87.880885115009733 36.008381294435821
leaf_count=363790 3597 54 153 79 210 126 94 1120 190 486 405 326 40 55 180 124 71 157 79 434 122 96 646 1273 88 46 465 566 1675 1198
internal_value=-1.89376e-05 4.58084e-05 0.0192589 0.0272842 0.00548487 0.0389314 -1.77327e-05 -0.0129313 3.27766e-05 0.00747545 0.0101926 0.0124442 0.0167277 0.00545494 0.0193334 0.0230022 0.0517153 0.00679982 0.019202 0.00267322 0.0326782 0.0471324 -8.32535e-05 -0.00594284 0.0166628 0.00186925 -0.00993547 -0.00660176 -0.00326184 0.00827646
internal_weight=11290.1 11178.4 36.8471 31.0141 10.8002 20.2139 11141.6 43.4087 11098.2 170.363 156.681 147.986 117.733 42.0989 29.0739 75.6343 8.84026 5.4322 66.794 29.9994 36.7947 21.4348 10927.8 234.341 35.1766 27.0832 199.164 172.209 144.979 57.0985
internal_count=377945 374348 622 469 264 205 373726 1214 372512 2765 2575 2170 1684 561 235 1123 268 197 855 513 342 220 369747 5957 780 692 5177 3904 3338 1663
is_linear=0
shrinkage=0.03


Tree=239
num_leaves=31
num_cat=0
split_feature=13 3 0 6 11 0 0 0 6 20 17 13 22 6 12 21 0 0 22 19 11 19 14 22 0 13 14 19 11 0
split_gain=5.13543 6.96865 10.6591 12.6746 16.9898 9.86588 9.0771 8.23661 13.8971 7.7849 9.08859 9.57165 13.8338 13.6855 12.4817 7.35063 10.7836 10.2482 7.35344 16.2575 9.244 7.10991 6.874 9.46322 7.96617 9.47253 6.34626 41.0769 15.7711 11.0937
threshold=43867.025390625007 -0.12940952255126037 44.005000000000003 75.924074654135566 41.500000000000007 45.001500000000007 65.006000000000014 67.098000000000013 37.67289767544829 49.986598968505866 0.03738765791058541 46005.757812500007 68236.000000000015 236.82323399048286 178.50000000000003 8736.5000000000018 1223.9800000000002 10.014000000000001 296694.50000000006 46.500000000000007 36.500000000000007 49.500000000000007 4.5000000000000009 967373.50000000012 112.99500000000002 50551.685546875007 3.5000000000000004 29.500000000000004 42.500000000000007 8.3700000000000028
decision_type=2 2 2 2 2 2 2 2 2 2 2 2 2 2 2 2 2 2 2 2 2 2 2 2 2 2 2 2 2 2
left_child=26 2 -2 4 -4 -5 -6 -8 -9 10 11 12 -7 -14 -13 17 21 -3 19 20 -19 -17 23 24 -23 -26 -1 28 -28 -29
right_child=1 15 3 5 6 9 7 8 -10 -11 -12 14 13 -15 -16 16 -18 18 -20 -21 -22 22 -24 -25 25 -27 27 29 -30 -31
leaf_value=0.00047167640396031954 -0.023986311603134407 0.044422601159589639 -0.034084359523070373 0.057338531775867889 -0.0057705931043949181 0.15493831043857612 0.091477063906606482 -0.032866383264962613 0.073314691517161509 -0.011529559090741152 -0.018730976004591539 0.094172024260361434 -0.030741686918067772 0.092394234358335145 -0.013412654563215186 -0.008523073871408748 0.055341334372844421 0.053987556227700344 -0.024257642235473619 0.13362477316239135 -0.0098859908242048145 -0.0095308406564706388 -0.011629223745252153 0.075429259721780481 0.08048350051227518 0.00095951247782070708 -0.022943461657781234 -0.011514043608860795 0.039427095916653249 -9.3378418185964535e-05
leaf_weight=8539.4446368581848 10.314730894519014 3.0310443555936208 2.6898440159857264 2.6737433541566125 2.1601352239958933 1.1297375374706442 4.5350480806082469 1.7319309185259042 3.0861353767104447 27.921993384836242 4.9530935456277794 1.1958071235567329 1.5670546578476208 1.6866643931716678 5.1520734501536936 39.158341546077281 3.229076098650693 2.0755465789698055 31.208860909100622 0.72606354532763262 116.4552762042731 6.3901976766064781 6.9128815755248061 2.6966493651270858 2.6466275695711374 2.747535414993763 92.350148355239071 79.201247025281191 3.7988460897468022 2285.5369847199181
leaf_count=312948 598 38 115 35 87 75 24 55 94 1494 403 45 85 46 329 2196 49 93 955 29 8250 164 104 18 56 72 8210 1501 166 39611
internal_value=-1.86917e-05 -0.00397274 0.00420134 0.00900843 0.0337985 0.00140052 0.049658 0.0624594 0.0351462 -0.00202934 0.0148833 0.0303981 0.0644933 0.0330896 0.00685404 -0.00663619 0.0019239 -0.0101931 -0.0112933 -0.00790061 -0.00876753 -0.000924696 0.012983 0.0247323 0.0131311 0.0399777 8.48568e-05 -0.00125743 -0.0204792 -0.000475886
internal_weight=11288.4 288.076 70.798 60.4833 14.2031 46.2802 11.5132 9.35311 4.81807 43.6064 15.6844 10.7313 4.38346 3.25372 6.34788 217.278 63.7813 153.497 150.466 119.257 118.531 60.5522 21.3939 14.481 11.7844 5.39416 11000.3 2460.89 96.149 2364.74
internal_count=377945 15509 3485 2887 375 2512 260 173 149 2477 983 580 206 131 374 12024 2659 9365 9327 8372 8343 2610 414 310 292 128 362436 49488 8376 41112
is_linear=0
shrinkage=0.03


Tree=240
num_leaves=31
num_cat=0
split_feature=0 0 5 17 2 17 5 7 3 22 22 9 10 13 21 7 0 20 0 11 14 0 2 11 2 3 14 3 0 14
split_gain=5.1314 14.1296 10.0989 9.59293 11.0831 11.2391 16.4008 11.374 12.8883 8.01112 7.30791 8.08972 7.30313 7.10444 15.7709 6.71441 21.8677 13.9917 9.23506 21.4006 7.29343 6.55197 6.97085 7.61569 6.23835 22.8166 14.309 13.3786 13.0146 12.1514
threshold=994.97500000000014 985.45000000000016 237.91486463620984 0.017252720892429355 0.78656609248549325 0.014899400528520347 103.85618181818182 2.9400124933189855 0.78656609248549303 244953.00000000003 146929.50000000003 4.5000000000000009 76.500000000000014 50551.685546875007 9426.5000000000018 4.5894545898243573 250.02500000000003 22.872776031494144 440.99500000000006 37.500000000000007 24.500000000000004 77.036500000000004 -1.0000000180025095e-35 1.5000000000000002 0.25881904510252091 1.0000000180025095e-35 18.500000000000004 -0.3794095225512602 14.932500000000003 16.500000000000004
decision_type=2 2 2 2 2 2 2 2 2 2 2 2 2 2 2 2 2 2 2 2 2 2 2 2 2 2 2 2 2 2
left_child=1 15 9 4 5 6 -2 -7 -9 10 11 -3 -5 -14 -15 20 17 -17 -18 -20 24 -22 23 -23 27 26 -26 28 -1 -29
right_child=3 2 -4 12 -6 7 -8 8 -10 -11 -12 -13 13 14 -16 16 18 -19 19 -21 21 22 -24 -25 25 -27 -28 29 -30 -31
leaf_value=-0.014853465971183592 0.08587090009203327 0.033266865950780426 0.030388453399936406 0.022429376137148946 0.067768952693019233 -0.035426122312243506 -0.016112065512629194 0.019873447702329919 0.10575423998207946 -0.033135953966092223 0.045312753773400515 -0.027973244679317794 -0.013910176933050539 -0.030927942274915004 0.09357968520441122 0.015749960104473992 -0.0272924524782493 0.084152314202938935 0.07073768671146817 -0.011014394749619233 -0.014511196025397259 0.078912080663692777 -0.022534215683034486 0.0055999904162053905 0.0059848502378303768 -0.00024220405264927726 0.042792369155857379 0.00042455262011063414 -0.0020535613273097511 -0.01089965706260162
leaf_weight=74.250498953915667 1.5303046775516183 3.2170854173600691 23.643691514851525 5.7766336426138869 2.6003419803455463 1.8130745775997619 19.553056183503941 4.6626461342675611 2.373167542507872 4.7228042199276379 4.1355051938444367 4.8956061638891697 93.029565579956397 1.913452387787401 1.7557280045002697 5.6038290932774526 8.8120223789010215 5.1783823044970632 3.9922273873817167 10.361286116531117 51.359827516251244 2.1185089480131865 2.9786120662465674 3.2038902277126908 557.50015836814418 1904.9015078532975 9.6704731723293644 6461.1688719930244 1924.4386735436274 86.421504899743013
leaf_count=1571 56 47 165 53 46 34 662 152 65 46 35 78 3653 91 14 44 96 61 122 409 1898 31 71 112 11296 50017 77 225282 79390 2271
internal_value=-1.84343e-05 5.19427e-05 0.0177145 -0.00583206 0.00836073 0.00319968 -0.00870978 0.0315752 0.0488409 5.73252e-05 0.0128564 -0.0036885 -0.0103378 -0.0122953 0.0286498 -1.26146e-05 0.013309 0.0486016 -0.00311774 0.0117238 -5.34375e-05 -0.0105144 0.0142148 0.0347809 3.205e-06 0.00133046 0.00661243 -0.000380714 -0.00252907 0.000275085
internal_weight=11287.6 11152.6 40.6147 135.008 32.5326 29.9322 21.0834 8.84889 7.03581 16.971 12.2482 8.11269 102.475 96.6987 3.66918 11112 33.9477 10.7822 23.1655 14.3535 11078 59.6608 8.30101 5.3224 11018.4 2472.07 567.171 8546.28 1998.69 6547.59
internal_count=377945 373119 371 4826 1015 969 718 251 217 206 160 125 3811 3758 105 372748 732 105 627 531 372016 2112 214 143 369904 61390 11373 308514 80961 227553
is_linear=0
shrinkage=0.03


Tree=241
num_leaves=31
num_cat=0
split_feature=19 22 1 9 5 5 22 5 5 17 5 12 5 5 22 1 5 1 18 5 17 16 2 2 19 5 18 22 22 2
split_gain=5.18575 14.509 14.371 14.212 25.1255 34.1066 26.2041 23.1809 27.419 21.5972 44.189 20.8884 19.6095 31.5335 19.887 17.3565 20.8581 15.1516 14.6578 16.6935 14.5951 25.5737 20.6905 20.4362 13.2897 24.8875 33.0442 48.4213 41.7153 41.7626
threshold=6.5000000000000009 56113.500000000007 3.8908402253256194 7.5000000000000009 94.145520833333336 92.912905863988058 69181.500000000015 122.43615616098316 104.9172309375529 0.1482956260442734 57.055685679062044 120.50000000000001 193.3356445868946 235.61610498644089 62354.000000000007 3.8180309057609358 212.59312500000001 5.4248839338193919 2556.5000000000005 307.94382222222231 0.0070053653325885543 1.5000000000000002 0.78656609248549325 -0.78656609248549292 10.500000000000002 109.26259782001118 6795.5000000000009 58156.500000000007 56113.500000000007 -0.70710678118654735
decision_type=2 2 2 2 2 2 2 2 2 2 2 2 2 2 2 2 2 2 2 2 2 2 2 2 2 2 2 2 2 2
left_child=1 2 -1 4 5 9 12 8 17 -2 -11 -7 14 15 -6 16 -14 -8 19 -15 -10 22 -22 -23 25 26 -5 28 -28 -30
right_child=3 -3 -4 24 6 11 7 -9 20 10 -12 -13 13 18 -16 -17 -18 -19 -20 -21 21 23 -24 -25 -26 -27 27 -29 29 -31
leaf_value=-0.0050127647428871956 -0.023636976296913925 -0.019120915224877636 0.00024672017680826732 -0.0075190415504590592 0.00092291681153836805 0.12477849801959259 -0.020640487178216298 -9.6178028220207393e-05 0.0007334700280253589 0.00047223490118448579 0.088722717823173231 0.039668859720635698 0.022028693000154129 -0.031985770205487617 -0.016235031781284801 0.02267634311782302 0.15338861212754981 0.053832640251108031 -0.014553706999942538 0.038469634196157121 0.032984096450755201 0.030336250952993127 0.1464697335552945 0.15430662066078843 0.00044314923764500133 -0.0083486598185554019 0.036013343516637666 0.0063157868773031176 0.26389118207208151 0.052906294466960865
leaf_weight=594.09028021863196 10.687229642062446 39.776069513522089 2195.4626750646858 158.83039514161646 188.10163086466491 4.2317833378911001 12.062250306364147 42.172492398880422 6.6462023034691802 16.584139912622053 7.3784034503623834 6.7113161962479353 2.2536350655136621 4.1160242409678167 89.831307423766702 44.126655432162806 2.103193735703826 3.0881422674283376 39.563732227194123 11.435599910328163 29.004647009074692 1.8525964329019187 1.5217374339699734 3.3805715637281528 7147.0627335747122 443.80274849501438 13.086974147241564 163.25553277786821 1.6240233536809685 1.7587808351963747
leaf_count=39091 526 2541 105673 3752 13015 46 854 1224 289 247 88 131 94 73 6762 1115 61 69 1020 116 1231 50 58 98 171870 20235 293 7215 49 59
internal_value=-1.81593e-05 -0.00112992 -0.000873391 0.000353818 0.00512509 0.0264102 0.00310862 0.0168008 0.0291815 0.0118284 0.0276458 0.0725814 -0.000470367 0.0106695 -0.00462274 0.0283165 0.0854407 -0.00546044 -0.004854 0.0198223 0.0415581 0.0491456 0.0386413 0.11042 3.68014e-05 -0.0036753 0.00245087 0.0112617 0.0602875 0.154196
internal_weight=11285.6 2829.33 2789.55 8456.27 526.853 45.5929 481.26 99.7286 57.5561 34.6498 23.9625 10.9431 381.532 103.599 277.933 48.4835 4.35683 15.1504 55.1154 15.5516 42.4058 35.7596 30.5264 5.23317 7929.42 782.358 338.556 179.725 16.4698 3.3828
internal_count=377945 147305 144764 230640 27167 1038 26129 3873 2649 861 335 177 22256 2479 19777 1270 155 923 1209 189 1726 1437 1289 148 203473 31603 11368 7616 401 108
is_linear=0
shrinkage=0.03


Tree=242
num_leaves=31
num_cat=0
split_feature=5 5 13 12 15 5 0 18 17 5 18 9 22 18 7 0 0 9 9 18 5 0 18 7 5 21 21 22 22 17
split_gain=4.98919 24.8235 20.8533 25.6796 32.6923 18.1794 34.4971 20.6427 23.8615 40.4299 26.1924 32.3823 33.6272 27.1555 24.0382 23.7828 25.055 22.0049 21.2775 30.1803 30.8179 34.2715 27.6759 31.6572 58.1771 46.5606 52.5142 42.7789 53.1265 38.481
threshold=182.7352221345952 194.67837767687723 20167.281250000004 151.50000000000003 36.500000000000007 122.85285658311147 15.001000000000003 6197.5000000000009 0.051301989704370506 126.75248425355134 9572.5000000000018 4.5000000000000009 48116.500000000007 9636.5000000000018 -0.37911449253862495 107.01950000000001 200.02550000000002 9.5000000000000018 33.500000000000007 8078.5000000000009 125.52566995073893 25.754000000000001 9716.5000000000018 -0.12105584410709656 131.86993103733323 9730.5000000000018 8122.5000000000009 144483.00000000003 142239.50000000003 0.0096451560966670531
decision_type=2 2 2 2 2 2 2 2 2 2 2 2 2 2 2 2 2 2 2 2 2 2 2 2 2 2 2 2 2 2
left_child=5 2 3 -2 -5 -1 -7 -8 17 -10 -11 12 13 15 -14 -12 -17 -9 19 -19 21 -21 23 24 27 26 -26 28 -22 -29
right_child=1 -3 -4 4 -6 6 7 8 9 10 11 -13 14 -15 -16 16 -18 18 -20 20 22 -23 -24 -25 25 -27 -28 29 -30 -31
leaf_value=0.00040303965428449133 0.011481685943369929 5.239025433813068e-05 -0.0018962642607493533 0.12370025789479798 0.022580883103031531 0.027201557603306167 -0.0083727355588360287 -0.011562223280351417 -0.028502387933199289 0.0058885212732008984 -0.0092826699197314667 -0.025792560823375922 0.15886370870061547 0.0030799708170107529 0.045052397823582703 0.23805410094007567 0.055595524437946721 -0.006893143049207697 -0.0073927903150638125 0.15084784661322584 0.076594992395062289 -0.013820843510916593 -0.017828082390746632 0.0031752852743150593 0.24101102924749368 0.17272237242169394 0.0086902729154018105 0.089525523235475718 0.25119094778225265 0.010118769092544276
leaf_weight=6364.6056795819895 209.00327562552411 2544.3325901491917 110.32651726051699 4.1994591816328457 9.1412039329297823 33.810952016850933 539.72271420061588 245.35915063205175 28.909555305028334 284.96080353367142 1.3346472992561818 5.8758098045364013 3.807600122410804 10.659520712681113 2.9753811536356798 1.3342809802852573 1.3757250141352413 205.19650277029723 332.8684240328148 1.1580156516283739 8.903780030086633 64.223159457556903 25.485420275479555 113.4272458460182 0.88324257452040811 1.6209971690550435 102.21654851175845 8.1384884174913186 1.9038964901119477 16.894261772744358
leaf_count=209794 3909 60989 3326 77 249 817 20522 16722 1979 15912 93 268 57 660 66 61 46 10070 15876 76 355 3540 1191 4402 47 69 5667 216 42 847
internal_value=-1.83253e-05 0.00106002 0.00876661 0.0140575 0.0544119 -0.000387324 -0.00284951 -0.0033552 -0.00151236 0.00543894 0.00858065 0.0366167 0.053683 0.0281932 0.10894 0.094378 0.14543 -0.00361469 -0.00140611 0.00221679 0.0076374 -0.0109043 0.0119751 0.0149656 0.0244799 0.0131888 0.0106805 0.0574708 0.107352 0.035935
internal_weight=11284.7 2877 332.67 222.344 13.3407 8407.65 2043.05 2009.24 1469.51 341.233 312.324 27.363 21.4872 14.7042 6.78298 4.04465 2.71001 1128.28 882.92 550.052 344.855 65.3812 279.474 253.988 140.561 104.721 103.1 35.8404 10.8077 25.0328
internal_count=377945 68550 7561 4235 326 309395 99601 98784 78262 19142 17163 1251 983 860 123 200 107 59120 42398 26522 16452 3616 12836 11645 7243 5783 5714 1460 397 1063
is_linear=0
shrinkage=0.03


Tree=243
num_leaves=31
num_cat=0
split_feature=19 18 10 20 5 6 22 5 5 17 5 8 5 22 8 19 17 8 18 5 22 8 8 17 13 6 8 1 10 6
split_gain=4.96259 18.2133 15.0447 28.7527 21.6617 13.0617 25.9383 40.5586 56.2624 44.7952 39.3942 39.258 33.587 51.2242 29.4115 28.5857 24.1606 23.8891 21.4124 20.3213 23.2951 31.2254 54.0155 20.06 19.9791 17.8485 17.042 16.5743 15.9848 15.6728
threshold=3.5000000000000004 8981.5000000000018 803.50000000000011 48.180324554443366 36.065224932388972 132.46376131683209 12911.000000000002 107.60890068493153 110.20941672648961 0.10256844386458398 86.766208333333353 48.500000000000007 84.78919783501307 15043.000000000002 32.500000000000007 2.5000000000000004 0.0072087254375219354 42.500000000000007 7541.5000000000009 130.10881791819295 18170.500000000004 15.500000000000002 21.500000000000004 0.0030522706219926481 19607.467773437504 129.60885118457222 11.500000000000002 1.9716474512955606 1403.5000000000002 101.09758030336077
decision_type=2 2 2 2 2 2 2 2 2 2 2 2 2 2 2 2 2 2 2 2 2 2 2 2 2 2 2 2 2 2
left_child=1 5 3 4 -3 6 25 10 9 -9 12 14 16 -14 19 17 -8 18 -16 -10 29 -22 -23 -12 -20 26 -1 -7 -25 -21
right_child=-2 2 -4 -5 -6 27 7 8 11 -11 23 -13 13 -15 15 -17 -18 -19 24 20 21 22 -24 28 -26 -27 -28 -29 -30 -31
leaf_value=0.0020690109967465291 0.00023727150667992325 0.16283697530213934 -0.010089138532363139 0.16749095585520965 0.002366871698583376 0.07229411004913007 0.13795612555963654 0.12096926555766063 -0.020223639232650688 -0.030559739584256802 0.14488750187619101 -0.013792767819989067 0.11725360183274845 -0.016708061573577605 0.025687086034874296 -0.030730257832883894 0.004967119495603199 0.032624641890443673 0.17607026094342296 0.036203106902488479 -0.03109775671968228 0.2476788630195961 0.017492824961680843 -0.019896652426640314 0.08407816010469904 0.052770714624723762 -0.0080934138899884205 -0.0052262218398501431 0.11130720381785189 -0.014054133600572767
leaf_weight=388.98080567887519 9680.3138008273672 0.7757433271035542 291.57087586284615 1.0267073609866191 31.482593634398654 2.4991377168335012 1.2464252458885301 8.5122170010581595 11.458465314237399 2.2121290450450024 0.68491899967193504 26.359821612946689 6.3470380580984038 4.3157545413123444 3.0098926746286496 3.08387184026651 90.387561246636324 10.09181849937886 3.3631151365116221 12.729407503269618 1.4888461590744544 1.8224027301184835 1.8477490469813345 67.705994816031307 5.7707089716568589 5.4385833051055661 240.23884090816136 367.60928299569059 0.84615631075575848 9.9496910283341986
leaf_count=13436 289366 54 20249 25 2125 23 97 112 731 161 75 1637 118 317 88 189 5185 146 57 347 74 62 79 5659 111 183 16823 20017 72 327
internal_value=-1.87417e-05 -0.00156491 -0.00790781 0.0112002 0.00622583 4.73954e-05 0.00198383 0.00971202 0.024723 0.0897131 0.0008122 0.0170619 0.0126399 0.0630328 0.0296489 0.054864 0.00677606 0.0667352 0.0950821 0.0134025 0.0272434 0.0847826 0.131791 -0.0166631 0.11795 -0.00134332 -0.00181105 -0.00470277 -0.0182772 0.0141544
internal_weight=11283.2 1602.86 324.856 33.285 32.2583 1278 907.892 273.234 101.7 10.7243 171.534 90.9758 102.297 10.6628 64.616 25.3194 91.634 22.2355 12.1437 39.2966 27.8381 5.159 3.67015 69.2371 9.13382 634.658 629.22 370.108 68.5522 22.6791
internal_count=377945 88579 22453 2204 2179 66126 46086 15644 4121 273 11523 3848 5717 435 2211 591 5282 402 256 1620 889 215 141 5806 168 30442 30259 20040 5731 674
is_linear=0
shrinkage=0.03


Tree=244
num_leaves=31
num_cat=0
split_feature=14 2 22 10 21 17 0 21 21 11 12 19 22 11 12 0 0 7 20 0 22 10 0 20 0 9 0 0 20 0
split_gain=4.9632 5.12885 10.2816 26.9189 14.588 9.15605 10.8167 9.62561 13.6569 24.9178 16.4798 16.4642 12.8293 9.10139 11.0925 10.4603 14.8931 8.90083 9.31346 8.63759 13.884 16.1538 14.0559 20.626 15.2307 13.061 11.5298 17.1699 18.4662 13.3051
threshold=29.500000000000004 0.91597561503675362 745027.50000000012 1104.5000000000002 9426.5000000000018 0.013645475264638664 1223.9800000000002 7752.5000000000009 7971.5000000000009 41.500000000000007 59.500000000000007 7.5000000000000009 48116.500000000007 42.500000000000007 47.500000000000007 53.952500000000008 27.531000000000002 -0.68334254258765581 19.09699630737305 21.960000000000004 1908.5000000000002 99.500000000000014 175.04850000000002 8.1307477951049822 146.10800000000003 31.500000000000004 34.004500000000007 39.001500000000007 19.770366668701175 35.945000000000007
decision_type=2 2 2 2 2 2 2 2 2 2 2 2 2 2 2 2 2 2 2 2 2 2 2 2 2 2 2 2 2 2
left_child=1 -1 5 4 -4 6 17 19 9 10 11 -9 -10 15 -15 16 -14 18 -3 -7 25 22 23 -22 -25 -21 -23 28 -28 -30
right_child=-2 2 3 -5 -6 7 -8 8 12 -11 -12 -13 13 14 -16 -17 -18 -19 -20 20 21 26 -24 24 -26 -27 27 -29 29 -31
leaf_value=-0.00016160582457934789 -0.018200424470929802 -0.003438832942426476 -0.020984887260153139 0.050048623379031085 0.006443344011088749 0.010908437614263352 0.079806461201539045 0.076983833917041666 -0.0085081772741849426 -0.021287551845803686 0.11309250768403596 -0.00024846399566913729 -0.0073107482962765855 0.050290375995794452 0.00035474443665252766 8.9827645958758358e-05 0.042317299483169375 -0.012719678765760608 0.073633194637115956 0.0055962134279822122 0.0053062279502500073 -0.024372341815657089 -0.007475129258072471 0.024997776710540709 0.071465192429562188 -0.019561765865219918 -0.037866522445203422 -0.0024709350886386577 0.13890296863516022 0.040786269666094346
leaf_weight=10569.491445143125 13.496555196936241 3.7199863037094465 53.80051557533443 6.8116903565824023 25.830889850854874 93.240046003367752 1.2628768724389363 4.865704820025714 30.148824877571315 4.971944863907992 3.5194256557151666 5.0754634672775865 8.3670965135097521 11.781018640846016 6.0645686266943803 41.722811236977577 15.568148044869302 54.507612378103659 2.2735279551707208 29.373297423473559 47.879651116207242 19.227198246167973 24.342285502701998 29.502476945519447 8.0890251509845239 50.508288549259305 1.952062102034686 107.52864293078892 1.7187442858703432 4.5020548170432448
leaf_count=364145 980 47 511 37 181 924 12 92 1146 140 24 86 113 180 152 915 266 2587 87 251 475 464 142 252 47 370 15 3097 29 178
internal_value=-1.88848e-05 2.89334e-06 0.00249327 -0.00719138 -0.0120877 0.00386184 -0.0070902 0.00509185 0.0121512 0.0361046 0.0573036 0.0375529 0.00826636 0.0143228 0.0333205 0.00915927 0.0249687 -0.00890404 0.025797 0.00286042 0.000548824 0.00409334 0.0126367 0.0183646 0.0349967 -0.0103109 -0.00285977 0.000715173 0.0426341 0.0678949
internal_weight=11281.1 11267.6 698.156 86.4431 79.6314 611.713 61.764 549.949 132.085 18.4325 13.4606 9.94117 113.652 83.5036 17.8456 65.6581 23.9352 60.5011 5.99351 417.864 324.624 244.742 109.813 85.4712 37.5915 79.8816 134.929 115.702 8.17286 6.2208
internal_count=377945 376965 12820 729 692 12091 2733 9358 3114 342 202 178 2772 1626 332 1294 379 2721 134 6244 5320 4699 916 774 299 621 3783 3319 222 207
is_linear=0
shrinkage=0.03


Tree=245
num_leaves=31
num_cat=0
split_feature=0 0 0 0 0 0 14 6 0 6 22 8 12 12 3 11 11 18 21 8 9 18 2 11 7 13 21 7 22 0
split_gain=4.95458 55.695 20.1439 25.8802 28.6801 27.5087 18.1001 16.8563 27.4327 18.8154 20.5388 20.1987 18.3632 15.5471 15.0048 14.9009 21.1703 21.106 21.3687 42.4308 58.0216 15.3723 15.7305 31.9615 18.0038 16.4479 17.7857 16.1006 15.5075 14.611
threshold=76.986500000000021 77.953500000000005 83.951000000000008 97.005500000000012 108.96000000000002 107.01950000000001 5.5000000000000009 123.84270730160451 106.96000000000002 112.45351846479544 66334.000000000015 59.500000000000007 141.50000000000003 119.50000000000001 0.60355339059327384 15.500000000000002 22.500000000000004 5844.5000000000009 5910.5000000000009 110.50000000000001 2.5000000000000004 3267.5000000000005 0.37940952255126054 19.500000000000004 -0.080764602597342208 1217.143493652344 4552.5000000000009 -0.16481362179486575 387633.00000000006 112.00850000000001
decision_type=2 2 2 2 2 2 2 2 2 2 2 2 2 2 2 2 2 2 2 2 2 2 2 2 2 2 2 2 2 2
left_child=14 6 -3 -4 5 7 -2 9 -9 -5 11 -11 13 -10 -1 -16 21 -18 19 20 -19 -17 23 24 27 26 -24 -23 -25 -6
right_child=1 2 3 4 29 -7 -8 8 12 10 -12 -13 -14 -15 15 16 17 18 -20 -21 -22 22 25 28 -26 -27 -28 -29 -30 -31
leaf_value=0.00067499456488482918 0.013957926355929092 -0.010226336719699089 0.0075776176735289818 0.0040565613254040876 0.021637514670192069 -0.012929316669640112 0.046246793019299903 -0.0072937395339901529 0.040024363122051258 0.096563043329367992 0.17235649510793935 0.0033534867220478006 0.0062791116545736431 0.14016755186680391 -0.0055998051830288475 -0.031057947251275989 -0.030370297514322478 0.031556163985358245 -0.0017290524585164791 -0.002680540673257062 0.38794239896330701 0.0023406305134390007 0.010040470340064583 0.021315472861520152 -0.023510452085095713 0.057969259830803685 0.068583473171696149 0.064988052165573934 0.08369904641818085 0.00060917773396957124
leaf_weight=3278.378938547743 161.73225597571582 165.7603303915821 415.8300585183315 145.73750334547367 29.956972642568871 286.44704633858055 17.29585793777369 287.1002479835297 4.1852346160449079 3.0021656063618121 1.0299848539289076 6.904841425945051 8.8187741033034381 2.0929887762758881 863.61320075020194 8.3502501443726924 23.18364160542842 0.9666146608069528 1314.3385128136724 3.2288189856335521 0.71545213321223855 74.701302673667669 45.582802498713136 9.5408469568937999 25.647790089249611 10.092935379594563 5.2036815099418154 3.8841148242354384 5.7462194375693789 4070.9431198333041
leaf_count=112395 6382 5877 13412 3771 819 20892 179 11128 119 107 58 396 388 54 12795 567 6175 91 62983 283 32 1020 491 101 286 74 61 42 48 116919
internal_value=-1.85974e-05 0.000613849 7.08259e-05 0.000395198 -0.00022109 -0.0056346 0.0170773 -0.00108093 -0.00522103 0.00690458 0.0448549 0.0315992 0.0341958 0.0734094 -0.000643649 -0.00244882 -0.000671609 -0.00199433 -0.00149567 0.060967 0.183142 0.00873588 0.0105778 0.00425534 -0.00168585 0.0229904 0.0160389 0.005437 0.0447647 0.000762789
internal_weight=11280 5606.84 5427.81 5262.05 4846.22 745.319 179.028 458.872 302.197 156.674 10.937 9.90701 15.097 6.27822 5673.18 2394.8 1531.18 1342.43 1319.25 4.91089 1.68207 188.75 180.4 119.52 104.233 60.8794 50.7865 78.5854 15.2871 4100.9
internal_count=377945 180501 173940 168063 154651 36913 6561 16021 11689 4332 561 503 561 173 197444 85049 72254 69564 63389 406 123 2690 2123 1497 1348 626 552 1062 149 117738
is_linear=0
shrinkage=0.03


Tree=246
num_leaves=31
num_cat=0
split_feature=13 3 0 6 11 11 7 14 11 22 22 17 17 5 18 17 5 7 18 17 7 0 10 12 11 0 10 6 5 12
split_gain=4.89522 6.63205 10.1483 11.6427 15.6623 9.37537 11.8856 13.0961 9.37159 8.02096 10.1913 10.7268 7.74912 7.58425 6.95517 6.77626 12.3712 18.2154 21.254 15.3478 6.97607 6.84749 11.3925 6.41229 6.40557 12.306 8.35598 9.33742 19.6789 33.2559
threshold=43867.025390625007 -0.12940952255126037 44.005000000000003 75.924074654135566 41.500000000000007 42.500000000000007 -0.19188060153440836 3.5000000000000004 37.500000000000007 195307.50000000003 171958.50000000003 0.016282060183584694 0.21437478065490725 110.07426059190033 8541.5000000000018 0.0078833047300577181 115.16799944736117 -0.12608808407918923 8640.5000000000018 0.0065504785161465415 0.43421192593538677 15.950500000000002 1055.5000000000002 177.50000000000003 38.500000000000007 76.986500000000021 903.50000000000011 194.320360819797 174.81284090909094 270.50000000000006
decision_type=2 2 2 2 2 2 2 2 2 2 2 2 2 2 2 2 2 2 2 2 2 2 2 2 2 2 2 2 2 2
left_child=-1 2 -2 4 -4 6 7 9 -8 10 11 13 14 -5 -6 16 -3 -18 20 -20 -19 22 -17 -10 25 -23 -27 -28 29 -29
right_child=1 15 3 5 12 -7 8 -9 23 -11 -12 -13 -14 -15 -16 21 17 18 19 -21 -22 24 -24 -25 -26 26 27 28 -30 -31
leaf_value=8.2180548783516191e-05 -0.02375285353066927 -0.012404670099889251 -0.033994530944614382 0.019936743026820313 0.06025181660896279 -0.012377387984898656 0.065358886050777595 0.13907027632994567 0.042006585073887215 -0.03116350840235458 0.09206382726017448 -0.0074833838275897915 0.087839123346918693 0.17138715945910726 0.0064882343178868963 -0.024611451861681542 -0.0080808453924136239 0.21783303275636243 0.088530419676121172 -0.03090575966491815 0.098677959254783218 -0.022264065747230045 0.042933762458214342 -0.022022226051015489 -0.012617121208338779 -0.031023433248239092 -0.0035187381230082121 0.040592787733915524 0.012550190547033527 0.24214879894156768
leaf_weight=10992.506415067706 10.101812261971643 11.70429903699551 2.6231440658448255 0.596182169043457 4.1999872401356679 22.675243549747393 1.5493036515545124 1.0558728062314902 1.6347009874880303 1.7070404891856013 2.3843520144000649 3.8581083763856441 3.0931695848703376 0.59416997374501079 4.4707872462458909 3.6847384585998935 5.2790487790480256 0.84500502422451773 1.978252917993814 1.8967284876853225 0.9276914318324998 13.807374574942513 5.7611700973939151 10.136402792413717 142.47911256121006 3.4689548332244184 9.8801604688633251 2.8847331072902302 10.110358924022874 0.98945093224756409
leaf_count=362436 598 1360 115 62 42 1186 60 69 60 67 17 291 68 42 150 107 289 48 63 75 54 1146 80 658 7384 140 696 174 345 63
internal_value=-1.86972e-05 -0.00389086 0.00408448 0.00872651 0.0322924 0.00138653 0.0146583 0.0390363 -0.00400117 0.0274799 0.0409481 0.0168066 0.0470731 0.0955339 0.0325305 -0.00650424 0.0090266 0.031983 0.0694318 0.0300687 0.155477 -0.00832475 0.0165852 -0.0131303 -0.00960618 0.000821267 0.0124826 0.0188066 0.0345797 0.0920694
internal_weight=11278.9 286.377 70.6803 60.5785 14.3871 46.1914 23.5161 10.1957 13.3204 9.13985 7.43281 5.04846 11.7639 1.19035 8.67077 215.697 22.631 10.9267 5.64768 3.87498 1.7727 193.066 9.44591 11.7711 183.62 41.141 27.3337 23.8647 13.9845 3.87418
internal_count=377945 15509 3485 2887 375 2512 1326 548 778 479 412 395 260 104 192 12024 1889 529 240 138 102 10135 187 718 9948 2564 1418 1278 582 237
is_linear=0
shrinkage=0.03


Tree=247
num_leaves=31
num_cat=0
split_feature=19 19 6 14 5 5 18 19 10 5 18 2 14 21 12 0 11 5 18 12 22 10 12 11 11 0 0 18 5 2
split_gain=4.93959 18.8033 36.8179 25.5948 24.2105 30.4684 18.4325 26.5915 16.916 15.138 15.0338 14.1147 13.0168 12.4907 11.8949 13.4462 12.8578 11.5223 26.6581 11.4582 28.3779 13.0472 19.2403 12.8606 11.9222 19.8672 22.5485 17.2896 17.5358 20.2014
threshold=93.500000000000014 81.500000000000014 32.698846596449734 9.5000000000000018 41.071173769022032 44.439118825100145 9471.5000000000018 142.50000000000003 889.50000000000011 48.186564067272009 9477.5000000000018 -0.70710678118654735 4.5000000000000009 7043.5000000000009 13.500000000000002 198.08900000000003 12.500000000000002 40.451152647975086 8489.5000000000018 1.0000000180025095e-35 6072.5000000000009 1.5000000000000002 2.5000000000000004 1.5000000000000002 15.500000000000002 70.111000000000018 93.81750000000001 7125.5000000000009 41.071173769022032 0.12940952255126045
decision_type=2 2 2 2 2 2 2 2 2 2 2 2 2 2 2 2 2 2 2 2 2 2 2 2 2 2 2 2 2 2
left_child=1 3 11 -1 -4 -6 7 17 14 19 -8 -3 -11 -10 15 -7 -16 18 -2 -9 21 22 -21 -23 25 -22 -27 28 -26 -30
right_child=6 2 4 -5 5 8 10 9 13 12 -12 -13 -14 -15 16 -17 -18 -19 -20 20 24 23 -24 -25 27 26 -28 -29 29 -31
leaf_value=8.9801365425689521e-05 -0.0037801152120172398 0.076661532351405645 -0.019771741117238534 -0.032293800861761722 0.027781750241889631 -0.0033788040601734773 0.044863135437716466 -0.006504972449035684 0.017102026897701461 0.045001387100595175 0.0064443184809103516 0.024984331203510204 0.0064319381873092878 -0.01967154789048918 0.061553776952329636 0.030033812641014335 0.0144487480017657 -0.01046981787755495 0.052719244745088246 0.014078284191706847 -0.012277026354767019 0.037392777835501829 -0.027681540905559965 0.0051591328688937992 0.0016720404518215334 0.030153591688736669 -0.014412489958008364 -0.0030208060033668068 0.0076661035018544734 0.041365941107581183
leaf_weight=9323.4502575544175 80.634147923905402 8.5605092528276163 31.315762768965214 22.017521330097225 55.084583783522248 69.060522550716996 9.9469210952520353 218.74136061128229 10.419282895512877 11.983016461133955 116.90002591256052 10.705575468717141 22.972653195261955 41.122666534967721 6.2339930031448594 12.857993658632038 31.912741744890809 393.86659658444114 8.2885581329464895 52.354897163808346 154.49365777848288 33.189472051337361 12.253827296197413 16.768299996852875 117.18917437270284 23.84046926908195 17.881371229887009 297.09973016660661 40.760960152605549 26.363761062733829
leaf_count=348788 1082 79 355 3158 280 633 66 5137 211 80 1175 120 159 450 40 96 339 4675 70 591 2481 197 150 137 2705 236 216 3662 394 183
internal_value=-1.84826e-05 0.000241931 0.00794094 1.3507e-05 0.00495366 0.00836928 -0.00153214 -0.00244399 0.00213803 0.000244256 0.009457 0.0479461 0.0196538 -0.0122377 0.00830929 0.00186567 0.0221467 -0.00826769 0.00148624 -0.000426877 0.00125141 0.0150604 0.00615803 0.0265736 -0.00108327 -0.00731625 0.0110532 0.00145718 0.00867533 0.020902
internal_weight=11278.3 9622.74 277.274 9345.47 258.008 226.692 1655.53 1528.68 171.607 1045.89 126.847 19.2661 34.9557 51.5419 120.065 81.9185 38.1467 482.789 88.9227 1010.94 792.196 114.566 64.6087 49.9578 677.629 196.215 41.7218 481.414 184.314 67.1247
internal_count=377945 354549 2603 351946 2404 2049 23396 22155 1769 16328 1241 199 239 661 1108 729 379 5827 1152 16089 10952 1075 741 334 9877 2933 452 6944 3282 577
is_linear=0
shrinkage=0.03


Tree=248
num_leaves=31
num_cat=0
split_feature=7 7 20 1 5 5 8 12 15 22 18 19 5 19 13 18 18 13 5 19 8 8 5 8 5 5 6 6 6 6
split_gain=4.86912 14.247 7.88972 7.15169 12.7424 12.3457 11.0179 12.7612 10.507 11.9603 10.4531 7.87587 8.58608 16.1967 8.266 16.4631 7.70586 7.70809 6.85985 6.77814 16.6871 17.2067 20.0377 74.1312 17.5261 14.2616 34.6572 13.2366 38.4293 42.7991
threshold=-1.0219452121242616 -0.93525243556754167 1.2953775525093081 3.0447366775324571 53.392205882352947 56.313792592592598 23.500000000000004 2.5000000000000004 10.500000000000002 26941.500000000004 8.5000000000000018 111.50000000000001 46.544581362612618 34.500000000000007 626.81048583984386 3622.5000000000005 8357.5000000000018 98.730998992919936 121.84671232876714 1.5000000000000002 10.500000000000002 23.500000000000004 40.528457893990939 25.500000000000004 336.90312500000005 98.988167025862083 186.6198685303122 41.806815589529982 45.735444215470999 44.286291819191334
decision_type=2 2 2 2 2 2 2 2 2 2 2 2 2 2 2 2 2 2 2 2 2 2 2 2 2 2 2 2 2 2
left_child=2 -2 -1 4 10 -6 7 -5 18 -10 -4 12 13 14 -12 -16 17 -7 -9 20 -3 -22 23 -23 25 26 27 -24 29 -29
right_child=1 19 3 6 5 16 -8 8 9 -11 11 -13 -14 -15 15 -17 -18 -19 -20 -21 21 22 24 -25 -26 -27 -28 28 -30 -31
leaf_value=-0.023204517970510131 -0.010762475557520405 0.0016734412242568829 0.046905501802102428 -0.016603721586274357 0.069201678453333026 0.039447554339509382 -0.022947035107772563 0.068342872877183977 0.004345830519224392 0.10295407400740103 -0.017696692652129056 -0.029259518122815735 -0.01181191412585733 0.058812268012896601 0.11756298221752499 0.0070622089621338972 0.057227494411511308 -0.010507940608366309 0.0185305619909522 0.00017220192186854436 -0.019329901837863962 0.25343718624972711 -0.028511352360371511 -0.030420627102195705 0.028928217596129277 -0.01753286395529605 0.093694552887959984 -0.0079197788774018549 -0.0020422645471477019 0.23149059079815748
leaf_weight=8.9125756006687862 111.7608465787489 284.21537152992096 4.912000846117734 21.155238221399486 5.950226285262036 4.2946336753666383 14.843401165213434 3.9950809832662326 84.291021583485417 1.121763864532112 9.2510761730372959 6.685448122676461 15.741732335416598 6.1554220826365045 1.3814744318369765 9.9769739308394474 3.5712474654428652 7.8813600325956941 6.5967112770304084 10413.467313382484 91.287085637333803 1.2548113707453006 14.57815677532926 2.4344791858457029 12.846685751108451 68.246669336687773 3.4968489799648514 1.3170699060428879 52.365521223517135 1.3721952163614333
leaf_count=207 2910 12592 46 404 59 51 993 69 3778 66 144 99 197 56 29 394 85 233 78 332512 7930 20 1404 225 147 6604 55 117 6378 63
internal_value=-1.82793e-05 -0.000105552 0.00443506 0.00562049 0.0129648 0.0323879 0.00140309 0.0044881 0.00913582 0.0056409 0.00517553 0.00100865 0.00576923 0.0161095 0.00335555 0.0205019 0.0184775 0.00711202 0.0373191 3.24877e-06 -0.0032951 -0.00896179 -0.00296812 0.0661259 -0.00462097 -0.00766953 0.00153519 -0.0030929 0.00363774 0.114239
internal_weight=11275.4 11058.6 216.717 207.805 75.8016 21.6975 132.003 117.16 96.0046 85.4128 54.1041 49.1921 42.5067 26.7649 20.6095 11.3584 15.7472 12.176 10.5918 10946.9 533.415 249.2 157.912 3.68929 154.223 141.376 73.1298 69.6329 55.0548 2.68927
internal_count=377945 370957 6988 6781 1393 428 5388 4395 3991 3844 965 919 820 623 567 423 369 284 147 368047 35535 22943 15013 245 14768 14621 8017 7962 6558 180
is_linear=0
shrinkage=0.03


Tree=249
num_leaves=31
num_cat=0
split_feature=0 0 6 21 6 12 22 8 6 6 6 22 6 0 7 0 20 0 11 12 14 0 2 11 0 0 0 0 12 10
split_gain=4.85701 13.3389 9.18111 23.1007 32.7862 11.1371 8.64402 18.5495 9.88064 8.39277 10.0354 8.23235 7.75315 6.91892 6.24786 19.7263 11.8906 8.76455 19.7352 9.34305 6.83242 6.11998 6.40701 6.3849 5.74035 23.8363 26.0963 29.8767 20.0093 28.5115
threshold=994.97500000000014 985.45000000000016 286.19406183984853 9092.5000000000018 276.70098360140219 5.5000000000000009 47596.500000000007 139.50000000000003 194.05378671365227 350.29581435217352 314.63076465601802 214074.50000000003 376.01803382610933 2097.5750000000003 4.5894545898243573 250.02500000000003 22.872776031494144 440.99500000000006 38.500000000000007 155.50000000000003 24.500000000000004 77.036500000000004 -1.0000000180025095e-35 1.5000000000000002 19.582500000000003 26.422000000000004 29.995000000000001 30.953500000000002 234.50000000000003 963.50000000000011
decision_type=2 2 2 2 2 2 2 2 2 2 2 2 2 2 2 2 2 2 2 2 2 2 2 2 2 2 2 2 2 2
left_child=1 14 3 13 6 -4 7 -5 11 10 -3 -8 -11 -2 20 16 -16 -17 19 -19 24 -22 23 -23 -1 -26 28 -28 29 -27
right_child=2 9 5 4 -6 -7 8 -9 -10 12 -12 -13 -14 -15 15 17 -18 18 -20 -21 21 22 -24 -25 25 26 27 -29 -30 -31
leaf_value=0.002152960654519984 -0.016814835745854542 0.015082705971991416 0.034028486647978848 -0.016655376156208261 0.10798943612383038 -0.015208261098710393 -0.018115077664810235 0.11065963794802769 -0.03095577944343118 0.044686454213371231 -0.036656872974334544 0.055039872904041373 0.0097573362250335562 0.015435639364759422 0.015071991409000722 -0.026897928783917443 0.077143666618723877 0.085331085040202967 -0.017389978222312016 0.0076637864617266948 -0.014192319663858456 0.071193628162685346 -0.022355014579934763 0.0054298156651308551 -0.0054457750470497182 0.0056341801257869112 -0.012648738667879989 0.0001052102229660295 -0.027527095906199065 0.028750508882670563
leaf_weight=1014.0470570668112 29.803793477243744 12.85065757436678 4.3830327130854121 2.0357529828324941 3.8829264547675839 72.953413383220322 2.3540864344686252 2.0846135579049587 5.6828058557584882 12.789162917528303 4.5750349545851341 3.3612038847059011 10.346137489192186 7.4919825090328223 5.6416831314563733 8.6487662422005105 5.4710899081546813 3.4681491856463245 8.6646860439795983 2.3308107992634177 50.472377918078564 2.2638041116297245 2.9310132514219713 3.2165918992832303 727.26271273981547 314.0448567729909 168.50198354828171 8712.0705072707497 13.87376109708566 56.688372292206623
leaf_count=16724 1152 171 32 70 46 2850 98 50 215 88 39 69 73 244 44 96 61 74 351 106 1898 31 71 112 20913 9791 7598 311469 888 2521
internal_value=-1.81936e-05 5.01069e-05 -0.00569497 0.00347511 0.0300252 -0.0124178 0.0105176 0.047757 -0.00294434 0.0172227 0.00149872 0.0249079 0.0290661 -0.0103364 -1.26464e-05 0.0127854 0.0456314 -0.00300742 0.0112783 0.0541138 -5.22308e-05 -0.0102441 0.0134473 0.0325951 2.29466e-06 -0.000215958 0.000194552 -0.000136786 0.00784515 0.00916887
internal_weight=11274.2 11140.2 134.034 56.6972 19.4014 77.3364 15.5185 4.12037 11.3981 40.561 17.4257 5.71529 23.1353 37.2958 11099.6 34.2252 11.1128 23.1124 14.4636 5.79896 11065.4 58.8838 8.41141 5.4804 11006.5 9992.44 9265.18 8880.57 384.607 370.733
internal_count=377945 373119 4826 1944 548 2882 502 120 382 371 210 167 161 1396 372748 732 105 627 531 180 372016 2112 214 143 369904 353180 332267 319067 13200 12312
is_linear=0
shrinkage=0.03


end of trees

feature_importances:
TransactionAmt=869
card1_amt_mean=773
card1_amt_std=745
graph_device_shared_deg=582
card_device_switch_rate=415
card1_txn_count=409
graph_2hop_neighborhood_size=392
graph_ring_size=378
dev_unique_cards_24h=354
graph_card_shared_deg=327
card1_amt_zscore=257
TransactionAmt_log=245
dev_txn_velocity_1h=245
dev_unique_emails_24h=229
card_unique_devices_24h=223
hour_sin=189
card_txn_velocity_1h=182
card1_unique_devices=169
hour_cos=168
dev_amount_sum_1h=168
graph_burst_score=114
card_unique_emails_24h=51
is_night=16

parameters:
[boosting: gbdt]
[objective: binary]
[metric: average_precision]
[tree_learner: serial]
[device_type: cpu]
[data_sample_strategy: bagging]
[data: ]
[valid: ]
[num_iterations: 250]
[learning_rate: 0.03]
[num_leaves: 31]
[num_threads: 10]
[seed: 42]
[deterministic: 0]
[force_col_wise: 0]
[force_row_wise: 0]
[histogram_pool_size: -1]
[max_depth: -1]
[min_data_in_leaf: 50]
[min_sum_hessian_in_leaf: 0.001]
[bagging_fraction: 0.8]
[pos_bagging_fraction: 1]
[neg_bagging_fraction: 1]
[bagging_freq: 0]
[bagging_seed: 400]
[bagging_by_query: 0]
[feature_fraction: 0.8]
[feature_fraction_bynode: 1]
[feature_fraction_seed: 30056]
[extra_trees: 0]
[extra_seed: 12879]
[early_stopping_round: 0]
[early_stopping_min_delta: 0]
[first_metric_only: 0]
[max_delta_step: 0]
[lambda_l1: 0]
[lambda_l2: 0]
[linear_lambda: 0]
[min_gain_to_split: 0]
[drop_rate: 0.1]
[max_drop: 50]
[skip_drop: 0.5]
[xgboost_dart_mode: 0]
[uniform_drop: 0]
[drop_seed: 17869]
[top_rate: 0.2]
[other_rate: 0.1]
[min_data_per_group: 100]
[max_cat_threshold: 32]
[cat_l2: 10]
[cat_smooth: 10]
[max_cat_to_onehot: 4]
[top_k: 20]
[monotone_constraints: ]
[monotone_constraints_method: basic]
[monotone_penalty: 0]
[feature_contri: ]
[forcedsplits_filename: ]
[refit_decay_rate: 0.9]
[cegb_tradeoff: 1]
[cegb_penalty_split: 0]
[cegb_penalty_feature_lazy: ]
[cegb_penalty_feature_coupled: ]
[path_smooth: 0]
[interaction_constraints: ]
[verbosity: -1]
[saved_feature_importance_type: 0]
[use_quantized_grad: 0]
[num_grad_quant_bins: 4]
[quant_train_renew_leaf: 0]
[stochastic_rounding: 1]
[linear_tree: 0]
[max_bin: 255]
[max_bin_by_feature: ]
[min_data_in_bin: 3]
[bin_construct_sample_cnt: 200000]
[data_random_seed: 175]
[is_enable_sparse: 1]
[enable_bundle: 1]
[use_missing: 1]
[zero_as_missing: 0]
[feature_pre_filter: 1]
[pre_partition: 0]
[two_round: 0]
[header: 0]
[label_column: ]
[weight_column: ]
[group_column: ]
[ignore_column: ]
[categorical_feature: ]
[forcedbins_filename: ]
[precise_float_parser: 0]
[parser_config_file: ]
[objective_seed: 16083]
[num_class: 1]
[is_unbalance: 0]
[scale_pos_weight: 1]
[sigmoid: 1]
[boost_from_average: 1]
[reg_sqrt: 0]
[alpha: 0.9]
[fair_c: 1]
[poisson_max_delta_step: 0.7]
[tweedie_variance_power: 1.5]
[lambdarank_truncation_level: 30]
[lambdarank_norm: 1]
[label_gain: ]
[lambdarank_position_bias_regularization: 0]
[eval_at: ]
[multi_error_top_k: 1]
[auc_mu_weights: ]
[num_machines: 1]
[local_listen_port: 12400]
[time_out: 120]
[machine_list_filename: ]
[machines: ]
[gpu_platform_id: -1]
[gpu_device_id: -1]
[gpu_use_dp: 0]
[num_gpu: 1]

end of parameters

pandas_categorical:[]
