tree
version=v4
num_class=1
num_tree_per_iteration=1
label_index=0
max_feature_idx=4
objective=binary sigmoid:1
feature_names=p_tabular p_graph TransactionAmt_log card1_amt_zscore graph_burst_score
feature_infos=[0.0024987444586826663:0.92129412205721195] [0.0046035738017874495:0.93024571097888697] [0.24059046491793043:10.37156404479566] [-5:10] [0.4804530143737793:60.547813415527344]
tree_sizes=1698 1734 1735 1750 1751 1751 1754 1754 1765 1766 1768 1763 1757 1764 1761 1766 1767 1767 1764 1775 1761 1761 1779 1761 1777 1784 1764 1778 1769 1758 1774 1752 1767 1774 1771 1773 1782 1762 1770 1768 1761 1766 1767 1757 1779 1791 1787 1778 1772 1782 1771 1790 1786 1788 1779 1772 1771 1792 1772 1776 1770 1792 1784 1790 1787 1776 1786 1779 1779 1781 1778 1786 1789 1787 1779 1778 1788 1783 1776 1763 1758 1776 1774 1768 1776 1769 1754 1768 1769 1760 1766 1782 1749 1766 1762 1781 1763 1781 1771 1791 1765 1776 1791 1750 1768 1773 1768 1788 1770 1794 1760 1790 1774 1760 1786 1774 1786 1769 1759 1742 1769 1759 1788 1772 1791 1754 1763 1764 1765 1771 1770 1752 1743 1738 1760 1779 1794 1764 1746 1755 1768 1779 1741 1743 1757 1771 1754 1760 1743 1755

Tree=0
num_leaves=15
num_cat=0
split_feature=0 0 0 1 1 0 0 0 1 1 2 2 1 2
split_gain=26590.7 6457.72 6210.79 3242.6 2169.42 1068.66 918.552 798.092 758.006 546.797 776.477 325.577 377.773 320.654
threshold=0.15825649218497573 0.335223782970062 0.05552675474888958 0.35989433896357897 0.35989433896357897 0.026708908189473163 0.22544498706338162 0.086101890696074282 0.35989433896357897 0.35989433896357897 5.1822047211719662 5.6907410654167361 0.17190381775328475 4.4557997260308309
decision_type=2 2 2 2 2 2 2 2 2 2 2 2 2 2
left_child=2 3 5 6 7 -1 11 -4 -7 10 -3 12 -2 -9
right_child=1 9 4 -5 -6 8 -8 13 -10 -11 -12 -13 -14 -15
leaf_value=-3.3346791262141364 -3.1888813879287796 -2.8722704336237852 -3.2778537148156905 -2.6999654463062512 -2.8278934827112789 -3.3114804401208633 -3.0378213079109293 -3.2425180764052413 -2.7966119626549899 -2.5288735131508573 -2.5559588876456449 -3.0111195120083893 -3.0765502369704669 -3.1870821649880452
leaf_weight=7099.370161563158 156.58780024573207 22.137223113328218 579.36469066888094 17.052102949470282 10.814355548471211 2230.9778190888464 76.75141367316246 271.71492075547576 2.5764608830213538 11.153363559395073 10.204141128808258 12.44159400090575 32.544769048690796 143.50209102407098
leaf_count=209416 4619 653 17090 503 319 65809 2264 8015 76 329 301 367 960 4233
internal_value=-3.31278 -3.05129 -3.32135 -3.10154 -3.25051 -3.32899 -3.12614 -3.2551 -3.31089 -2.71 -2.77247 -3.15977 -3.16955 -3.22336
internal_weight=10677.2 338.872 10338.3 295.378 1005.4 9332.92 278.326 994.582 2233.55 43.4947 32.3414 201.574 189.133 415.217
internal_count=314954 9996 304958 8713 29657 275301 8210 29338 65885 1283 954 5946 5579 12248
is_linear=0
shrinkage=1


Tree=1
num_leaves=15
num_cat=0
split_feature=0 0 0 1 1 1 2 0 1 2 2 1 1 3
split_gain=21028.3 4535.16 2238.43 1308.14 971.366 909.91 716.05 452.77 305.232 424.968 265.36 242.997 229.303 245.773
threshold=0.086101890696074282 0.20411486806036533 0.036690803781543692 0.23394685568695525 0.23394685568695525 0.19075609443328598 5.2944047009505004 0.018517776906466523 0.066428860251042651 4.5847123115305619 4.4557997260308309 0.11640246350659299 0.04973843585427095 0.74430162407089318
decision_type=2 2 2 2 2 2 2 2 2 2 2 2 2 2
left_child=2 3 7 10 8 6 -3 -1 -4 -10 -2 -11 -12 -14
right_child=1 5 4 -5 -6 -7 -8 -9 9 11 12 -13 13 -15
leaf_value=-0.024948303898897586 0.073146067928067104 0.18229904267161254 0.0093001411091638113 0.2565623103128517 0.25208312617606149 0.34203937474276597 0.33614680734081775 -0.010337804078103809 0.017403396723962971 0.065230191829060771 0.083493766880082324 0.17393881290271981 0.20509853413904014 0.10920094033683987
leaf_weight=5014.316394329071 413.430015578866 135.58850486576557 1297.855875518173 43.830306481570005 15.869819488376377 69.550189185887575 34.068443097174168 3082.3822552040219 257.83817212283611 106.8081133030355 102.74318469315767 22.384560380131006 39.856070183217525 60.659822762012482
leaf_count=150956 11192 3142 37889 954 374 1270 630 92053 7462 3103 2665 649 1038 1577
internal_value=-6.76432e-05 0.138733 -0.012814 0.0981999 0.0184734 0.250655 0.213193 -0.0193861 0.016273 0.0396555 0.0869445 0.0840656 0.115011 0.147226
internal_weight=10697.2 899.727 9797.46 660.519 1700.76 239.207 169.657 8096.7 1684.89 387.031 616.689 129.193 203.259 100.516
internal_count=314954 22468 292486 17426 49477 5042 3772 243009 49103 11214 16472 3752 5280 2615
is_linear=0
shrinkage=0.03


Tree=2
num_leaves=15
num_cat=0
split_feature=0 0 0 1 1 0 0 1 1 2 1 2 1 2
split_gain=17605.7 2836.27 1997.59 919.187 731.11 538.846 343.262 320.896 312.444 315 222.309 220.942 185.511 185.481
threshold=0.082044321112504481 0.20411486806036533 0.031975438860107695 0.19075609443328598 0.23394685568695525 0.335223782970062 0.016993208841915502 0.17190381775328475 0.054300363698988455 4.5521119740124965 0.057394417011418015 4.3566447200159999 0.040346139737289281 4.9123607221230374
decision_type=2 2 2 2 2 2 2 2 2 2 2 2 2 2
left_child=2 3 6 11 8 7 -1 12 -4 -10 -8 -2 -3 -5
right_child=1 5 4 13 -6 -7 10 -9 9 -11 -12 -13 -14 -15
leaf_value=-0.025563585463812356 0.060184665178211569 0.23325672323953911 0.00430762377391186 0.16977488905247434 0.20010596109921006 0.25227419925721672 -0.015103795282890131 0.22171911842863234 0.012531963114800588 0.058974683062670605 0.012565482956153203 0.095229936717649732 0.127354356992983 0.38887633940984867
leaf_weight=4369.5212962515652 421.7978410422802 16.976856667548418 1529.87236353755 79.309714805334806 18.62185026332736 96.704100169241428 2880.2747096270323 63.900892682373524 337.39581769704819 215.31595467031002 287.41684787720442 262.76812559366226 120.91724158078432 3.6368268504738799
leaf_count=134639 10757 320 44586 1546 354 1283 87345 1013 9681 5969 8691 6274 2426 70
internal_value=-0.00010629 0.115582 -0.0129014 0.0850647 0.0129654 0.194049 -0.0201125 0.166146 0.011292 0.0306243 -0.0125933 0.0736367 0.140393 0.179381
internal_weight=10704.4 1066.01 9638.42 767.513 2101.21 298.499 7537.21 201.795 2082.58 552.712 3167.69 684.566 137.894 82.9465
internal_count=314954 23689 291265 18647 60590 5042 230675 3759 60236 15650 96036 17031 2746 1616
is_linear=0
shrinkage=0.03


Tree=3
num_leaves=15
num_cat=0
split_feature=0 0 0 1 1 0 0 1 2 1 1 1 2 2
split_gain=15158.4 2086.16 1692.08 666.742 482.109 419.048 308.45 271.806 264.662 238.347 191.245 143.591 141.247 119.413
threshold=0.075430785000071721 0.18917535138317923 0.03048756612528682 0.19075609443328598 0.23394685568695525 0.26284409374999301 0.016993208841915502 0.054300363698988455 3.9111225951759701 0.23394685568695525 0.057394417011418015 0.11640246350659299 3.3663125868015844 4.9123607221230374
decision_type=2 2 2 2 2 2 2 2 2 2 2 2 2 2
left_child=2 3 6 12 7 9 -1 -4 -9 -3 -8 -10 -2 -5
right_child=1 5 4 13 -6 -7 10 8 11 -11 -12 -13 -14 -15
leaf_value=-0.025404936319292283 0.040837436861771464 0.10986123108862403 0.0023451702975158853 0.13918473264187622 0.15717325708469557 0.1841772620346436 -0.015219198839990749 0.0043677681812529876 0.037913884960397111 0.19866753179799601 0.011265989909682172 0.099258747546973752 0.069570099150420631 0.28637740451948746
leaf_weight=4266.4653444588184 212.80973475426435 178.04229477420449 1638.4548717439175 85.102969910949469 19.795142166316509 198.93836627528071 2695.8455723002553 253.48719271272421 252.20480167493224 32.104291435331106 269.94304206967354 39.754050742834806 557.0275480337441 5.2674941644072524
leaf_count=134639 5215 3344 47755 1455 321 2505 82996 7208 6853 391 8079 1013 13104 76
internal_value=-0.000133885 0.0971994 -0.0132268 0.0706766 0.0097876 0.152971 -0.0202394 0.00845168 0.0267949 0.123428 -0.0128085 0.0462668 0.0616274 0.147764
internal_weight=10705.2 1269.29 9435.95 860.208 2203.7 409.085 7232.25 2183.9 545.446 210.147 2965.79 291.959 769.837 90.3705
internal_count=314954 26090 288864 19850 63150 6240 225714 62829 15074 3735 91075 7866 18319 1531
is_linear=0
shrinkage=0.03


Tree=4
num_leaves=15
num_cat=0
split_feature=0 0 0 1 1 1 0 0 2 1 0 2 1 2
split_gain=13260.5 1591.77 1537.05 437.687 414.414 370.57 311.654 278.466 225.678 184.836 170.493 149.129 145.242 134.467
threshold=0.072496289579001283 0.16626028719792083 0.029150875691678426 0.35989433896357897 0.1092295371670224 0.19075609443328598 0.26284409374999301 0.015389346352760685 4.17529453053604 0.057394417011418015 0.048622911797418365 4.2479236399346485 0.17190381775328475 3.7728298988560751
decision_type=2 2 2 2 2 2 2 2 2 2 2 2 2 2
left_child=2 5 7 6 10 13 -3 -1 -6 -9 -4 -7 -10 -2
right_child=1 3 4 -5 8 11 -8 9 12 -11 -12 -13 -14 -15
leaf_value=-0.026098416929335056 0.037106457101832531 0.094514562539481164 -0.0011415838467716223 0.18373781273711176 0.027446025825475121 0.099679893937789657 0.14429896896690339 -0.01625535728365202 0.079045966841807716 0.0088468613168255373 0.016974989420453643 0.20374547713424593 0.19881219873746173 0.062712958180292197
leaf_weight=3624.1145531721413 320.61098744347692 325.69922275096178 1517.8312261216342 89.854122474789619 94.366743292659521 66.808620017021894 173.4302538856864 3017.2528853751719 45.091662995517254 289.3149381633848 675.62022343277931 15.216105606406925 11.421399168670176 434.97008122503757
leaf_count=117118 7615 5899 44340 788 2456 1057 2034 94865 1074 8674 18912 206 191 9725
internal_value=-0.000154771 0.0849953 -0.0132517 0.122786 0.00774674 0.0584221 0.111813 -0.0203545 0.0558393 -0.014059 0.00443863 0.118985 0.103251 0.0518475
internal_weight=10701.6 1426.59 9275.01 588.984 2344.33 837.606 499.129 6930.68 150.88 3306.57 2193.45 82.0247 56.5131 755.581
internal_count=314954 27324 287630 8721 66973 18603 7933 220657 3721 103539 63252 1263 1265 17340
is_linear=0
shrinkage=0.03


Tree=5
num_leaves=15
num_cat=0
split_feature=0 0 0 1 0 1 0 1 2 1 2 1 1 2
split_gain=11743.3 1359.99 1339.28 362.133 348.289 325.621 277.522 235.584 211.514 180.397 179.724 177.493 131.916 123.252
threshold=0.067518082070855176 0.15825649218497573 0.029150875691678426 0.068585273885675327 0.335223782970062 0.19075609443328598 0.015389346352760685 0.23394685568695525 4.17529453053604 0.17190381775328475 5.6907410654167361 0.057394417011418015 0.038232221476197502 3.495173321880253
decision_type=2 2 2 2 2 2 2 2 2 2 2 2 2 2
left_child=2 5 6 -4 7 13 -1 10 -5 -10 12 -8 -3 -2
right_child=1 4 3 8 -6 -7 11 -9 9 -11 -12 -13 -14 -15
leaf_value=-0.025951802571035309 0.026250886730038506 0.14493408155217932 0.0010106954593231163 0.011869549714391827 0.14513572107499487 0.10755600134223073 -0.016012845876277715 0.13674409511109023 0.047905315211456835 0.16399778561587075 0.14519000530876625 0.0085100131079722374 0.075297598305476068 0.051626449271006944
leaf_weight=3536.576484862715 245.09543806686997 26.073757704347372 1879.8931025192142 206.62274666503072 152.96588844060898 79.784998223185539 2971.7544936947525 96.688117578625679 171.89447768032551 12.954433210194109 41.150607813149691 291.70645928755403 401.33883490785956 579.75539888069034
leaf_count=117118 5781 422 54547 5587 1283 1140 94865 933 4275 183 563 8674 6795 12788
internal_value=-0.000171196 0.0741545 -0.0134679 0.00647702 0.104976 0.0496841 -0.0201299 0.0941086 0.032727 0.0560412 0.0853108 -0.0138209 0.0795457 0.0440864
internal_weight=10694.3 1622.85 9071.4 2271.36 718.217 904.636 6800.04 565.251 391.472 184.849 468.563 3263.46 427.413 824.851
internal_count=314954 29705 285249 64592 9996 19709 220657 8713 10045 4458 7780 103539 7217 18569
is_linear=0
shrinkage=0.03


Tree=6
num_leaves=15
num_cat=0
split_feature=0 0 0 1 1 1 1 2 2 1 0 2 1 1
split_gain=10494.5 1295.86 1076.14 350.872 263.914 262.458 228.758 207.014 202.227 160.124 150.086 131.203 116.366 102.065
threshold=0.067518082070855176 0.026708908189473163 0.16626028719792083 0.062600482694459073 0.17190381775328475 0.35989433896357897 0.057394417011418015 4.8748652057561586 5.2944047009505004 0.23394685568695525 0.015389346352760685 4.2479236399346485 0.11640246350659299 0.17190381775328475
decision_type=2 2 2 2 2 2 2 2 2 2 2 2 2 2
left_child=1 6 4 -3 -2 8 10 9 13 -5 -1 -6 -9 -4
right_child=2 3 5 7 11 -7 -8 12 -10 -11 -12 -13 -14 -15
leaf_value=-0.026186329702009556 0.042058634750116335 -0.00086302651432461179 0.072402778314327024 0.0092425035100494098 0.073790768728254366 0.1380123770850554 0.0032314775954242771 0.042815461550438 0.12710110442538219 0.10239863148844393 -0.016598175751237267 0.1524509834718577 0.10767517050343092 0.10399171442535113
leaf_weight=3357.122815310955 891.86175703257322 2149.1335619427264 372.7962873056531 323.43746215105057 103.76293952390552 112.50441934168339 342.20674501731992 124.60249732062221 99.360265213996172 17.505148362368345 2612.8867480717599 23.385416716337204 31.111453786492348 122.24019729346037
leaf_count=113916 19155 63188 5560 8803 1554 788 10558 3056 969 236 84942 275 550 1404
internal_value=-0.000184433 -0.0132353 0.0675537 0.00438884 0.0478232 0.0959954 -0.0206226 0.0271148 0.0880426 0.0140255 -0.0219899 0.0882581 0.0557744 0.0802031
internal_weight=10683.9 8958.01 1725.91 2645.79 1019.01 706.901 6312.22 496.657 594.397 340.943 5970.01 127.148 155.714 495.036
internal_count=314954 285249 29705 75833 20984 8721 209416 12645 7933 9039 198858 1829 3606 6964
is_linear=0
shrinkage=0.03


Tree=7
num_leaves=15
num_cat=0
split_feature=0 0 0 1 1 1 2 2 1 0 1 0 0 2
split_gain=9440.44 1254.52 886.049 352.605 323.482 222.749 194.3 190.529 151.183 137.952 137.726 124.749 116.329 147.528
threshold=0.067518082070855176 0.026005101931587542 0.20411486806036533 0.15280166308275098 0.062600482694459073 0.057394417011418015 5.5252935630885327 4.8748652057561586 0.35989433896357897 0.014825336921810166 0.35989433896357897 0.335223782970062 0.10330505114317359 4.4557997260308309
decision_type=2 2 2 2 2 2 2 2 2 2 2 2 2 2
left_child=1 5 3 12 -3 9 8 10 -5 -1 -6 -4 -2 -14
right_child=2 4 11 6 7 -7 -8 -9 -10 -11 -12 -13 13 -15
leaf_value=-0.026292811917968003 0.029697003934852341 -0.0012102202149268447 0.084298893726831997 0.063210942098070086 0.0095084520301132736 0.0033446040860348669 0.2277807000477956 0.051669551630791913 0.1191603643842748 -0.016964763905257824 0.1227677202022419 0.11511334073061626 0.038671904454870051 0.071026482273259028
leaf_weight=3108.1800223402679 470.20517518371344 2250.8643390648067 338.62410783022642 211.77838989719748 346.05677590891719 329.73049093410373 7.6767274700105181 165.00589169189334 54.691851183772087 2637.8694475665689 9.9405277557671052 181.68121500313282 363.95633387565613 194.68225619569421
leaf_count=108097 10234 66569 3759 3459 9256 10164 87 3644 457 87422 97 1283 7149 3277
internal_value=-0.000194928 -0.0130044 0.0619637 0.0487483 0.00372044 -0.0206345 0.0789811 0.0250222 0.0746943 -0.0220105 0.012671 0.0950587 0.0406924 0.0499473
internal_weight=10670.9 8847.65 1823.3 1302.99 2771.87 6075.78 274.147 521.003 266.47 5746.05 355.997 520.305 1028.84 558.639
internal_count=314954 285249 29705 24663 79566 205683 4003 12997 3916 195519 9353 5042 20660 10426
is_linear=0
shrinkage=0.03


Tree=8
num_leaves=15
num_cat=0
split_feature=0 0 0 1 1 0 2 1 1 3 1 0 1 0
split_gain=8609.67 1092.68 899.404 283.388 249.318 203.028 187.959 161.264 127.694 123.858 110.836 108.43 99.2845 96.4812
threshold=0.05552675474888958 0.15825649218497573 0.021557260180457886 0.068585273885675327 0.15280166308275098 0.26284409374999301 4.2479236399346485 0.23394685568695525 0.057394417011418015 0.4186589805808576 0.16077158602042554 0.078457434348949626 0.030425600294572554 0.036690803781543692
decision_type=2 2 2 2 2 2 2 2 2 2 2 2 2 2
left_child=2 4 8 13 11 10 -6 9 -1 -5 12 -2 -3 -4
right_child=1 5 3 7 6 -7 -8 -9 -10 -11 -12 -13 -14 -15
leaf_value=-0.023295627540463135 0.020029385680016658 0.10732556341557707 -0.0093229604557256932 0.011420979899630281 0.050808127563876475 0.096039210627729812 0.12254528665971542 0.11174059512932225 -0.00072612160785666836 0.065481477211107711 0.085037667283689708 0.037984822953804356 0.052104713730331091 0.0024071158843347747
leaf_weight=4849.1613704301417 557.52281692996621 32.052411612123251 1911.2878618352115 356.33503486216068 149.33457056805491 326.7581974491477 42.149238012731075 16.930081624537706 236.62531874701381 42.714409459382296 188.87309012562037 662.2319271825254 341.66475313529372 942.16930170729756
leaf_count=169605 14143 403 60539 9372 2353 2505 475 219 7427 1004 2002 12686 5086 27135
internal_value=-0.000203554 0.0511867 -0.0143537 -0.00207757 0.0347739 0.077231 0.0665988 0.0210551 -0.0222455 0.0172076 0.0663071 0.0297778 0.0568408 -0.00544986
internal_weight=10655.8 2300.59 8355.22 3269.44 1411.24 889.348 191.484 415.98 5085.79 399.049 562.59 1219.75 373.717 2853.46
internal_count=314954 39653 275301 98269 29657 9996 2828 10595 177032 10376 7491 26829 5489 87674
is_linear=0
shrinkage=0.03


Tree=9
num_leaves=15
num_cat=0
split_feature=0 0 0 1 1 0 1 1 0 1 3 4 0 2
split_gain=7866.44 918.455 877.943 263.199 216.939 176.977 134.796 125.583 124.847 117.349 98.062 95.7657 93.1247 89.1445
threshold=0.05552675474888958 0.15825649218497573 0.021557260180457886 0.068585273885675327 0.35989433896357897 0.335223782970062 0.19075609443328598 0.057394417011418015 0.086101890696074282 0.35989433896357897 0.4186589805808576 21.542462348937992 0.031975438860107695 3.9111225951759701
decision_type=2 2 2 2 2 2 2 2 2 2 2 2 2 2
left_child=2 4 7 12 8 9 10 -1 -2 11 -5 -3 -4 -10
right_child=1 5 3 6 -6 -7 -8 -9 13 -11 -12 -13 -14 -15
leaf_value=-0.023105726187812221 0.021937315826936553 0.045537688331977806 -0.010376839699892627 0.010575895025402793 0.10079237192368705 0.095261264498812115 0.088541033351149601 -0.00070482335480372919 0.028982040136555188 0.097891694896943146 0.057724296024361438 0.068984248272937851 0.00051713219858146096 0.050437293836414328
leaf_weight=4743.9419194981456 716.73657865077257 261.20623869076371 1519.6427825149149 354.82911493629217 40.925540708005428 206.6351460069418 24.359949238598347 236.46492782980204 346.68851807713509 81.005668371915817 44.703610517084599 392.16955156251788 1319.3355212621391 350.48766156286001
leaf_count=169605 17090 3285 49370 9244 319 1283 358 7427 6488 503 993 4925 38304 5760
internal_value=-0.000210518 0.0476389 -0.0141177 -0.00202179 0.0327003 0.0707345 0.0200286 -0.0220422 0.0307294 0.0638334 0.0158513 0.0596108 -0.00531417 0.0397681
internal_weight=10639.1 2395.85 8243.28 3262.87 1454.84 941.017 423.893 4980.41 1413.91 734.381 399.533 653.376 2838.98 697.176
internal_count=314954 39653 275301 98269 29657 9996 10595 177032 29338 8713 10237 8210 87674 12248
is_linear=0
shrinkage=0.03


Tree=10
num_leaves=15
num_cat=0
split_feature=0 0 0 1 2 1 1 2 1 3 1 1 1 0
split_gain=7216.44 985.701 705.566 233.506 220.357 219.596 189.649 255.145 129.341 109.713 100.753 111.738 86.7358 78.4594
threshold=0.049504773043415128 0.12738665859774409 0.01971921524755196 0.35989433896357897 5.2944047009505004 0.068585273885675327 0.12493841268367335 4.4420746196097438 0.23394685568695525 0.4186589805808576 0.038232221476197502 0.17190381775328475 0.057394417011418015 0.031975438860107695
decision_type=2 2 2 2 2 2 2 2 2 2 2 2 2 2
left_child=2 6 12 4 10 13 -2 -8 9 -7 -3 -12 -1 -4
right_child=1 3 5 -5 -6 8 7 -9 -10 -11 11 -13 -14 -15
leaf_value=-0.023673413828956807 0.020113742850658187 0.088664698173266443 -0.011047984180263102 0.09357888824762628 0.086237146703239995 0.0076583678876150042 0.032922715507697153 0.10916733068118827 0.10154987290798666 0.061955255132518157 0.041305101800468112 0.066010267521460747 -0.0033199731419365124 -0.0010241114828397685
leaf_weight=4246.2388869877905 1247.9012321382761 56.673706609755754 1909.9159825704992 168.19805820286274 178.49592700600624 336.08561762794852 178.35179108381271 50.738933816552162 15.485889624804257 37.199980575591326 667.28227603808045 218.78874922916293 197.18712481483817 1111.9173492640257
leaf_count=155868 28423 679 63384 958 1697 8841 3138 615 190 801 9472 2184 6288 32416
internal_value=-0.000215892 0.0414516 -0.0148925 0.0606172 0.0556726 -0.00462917 0.0247197 0.0498093 0.0165938 0.0130694 0.0498856 0.0474053 -0.0227702 -0.00735959
internal_weight=10620.5 2766.43 7854.03 1289.44 1121.24 3410.6 1476.99 229.091 388.771 373.286 942.745 886.071 4443.43 3021.83
internal_count=314954 47166 267788 14990 14032 105632 32176 3753 9832 9642 12335 11656 162156 95800
is_linear=0
shrinkage=0.03


Tree=11
num_leaves=15
num_cat=0
split_feature=0 0 0 1 0 1 2 1 1 2 1 1 0 1
split_gain=6654.63 854.112 691.215 205.875 201.526 174.359 224.45 124.874 121.038 108.553 85.6009 76.6504 72.6244 66.8621
threshold=0.049504773043415128 0.13716156933077633 0.01971921524755196 0.047023053994409501 0.26284409374999301 0.12493841268367335 4.4420746196097438 0.23394685568695525 0.23394685568695525 5.6907410654167361 0.057394417011418015 0.060755326672540223 0.078457434348949626 0.035271247079138653
decision_type=2 2 2 2 2 2 2 2 2 2 2 2 2 2
left_child=2 5 10 -4 8 12 -7 -5 9 13 -1 -11 -2 -3
right_child=1 4 3 7 -6 6 -8 -9 -10 11 -12 -13 -14 -15
leaf_value=-0.023490526648085319 0.014323936855161949 0.079074221380517257 -0.0082413982283607995 0.0081078370358490612 0.075568891079203809 0.031638747770175252 0.097261605930997572 0.091094152589044561 0.076262754385796216 0.061713611575281421 -0.0032305405251246079 0.13366308566646196 0.02889534085980142 0.039000842958549498
leaf_weight=4152.3436978571117 826.03892075270414 39.76807377487421 2705.9897383451462 672.88001927174628 380.32511071115732 212.97461764886975 60.158808205276728 16.724905502051115 129.48417206853628 49.298561595380306 196.57596570625901 18.262720912694931 490.7096639983356 649.10978107526898
leaf_count=155868 20639 474 87013 18429 2505 3589 669 190 914 531 6288 190 8532 9123
internal_value=-0.000220512 0.0389199 -0.0146552 -0.00451232 0.0573027 0.024279 0.0460925 0.0101205 0.0494611 0.0448733 -0.0225748 0.0811625 0.0197542 0.0413142
internal_weight=10600.6 2856.13 7744.51 3395.59 1266.25 1589.88 273.133 689.605 885.923 756.439 4348.92 67.5613 1316.75 688.878
internal_count=314954 47166 267788 105632 13737 33429 4258 18619 11232 10318 162156 721 29171 9597
is_linear=0
shrinkage=0.03


Tree=12
num_leaves=15
num_cat=0
split_feature=0 0 0 1 1 0 2 3 0 1 1 1 0 2
split_gain=6150.4 746.77 676.897 195.588 191.661 136.963 132.277 102.187 93.0122 84.4486 84.1613 80.448 75.1415 69.6744
threshold=0.049504773043415128 0.15825649218497573 0.01971921524755196 0.068585273885675327 0.1457563069991952 0.335223782970062 4.2209330622803778 0.4186589805808576 0.078457434348949626 0.057394417011418015 0.17190381775328475 0.23394685568695525 0.031975438860107695 5.6907410654167361
decision_type=2 2 2 2 2 2 2 2 2 2 2 2 2 2
left_child=2 4 9 12 8 10 -6 11 -2 -1 13 -5 -4 -3
right_child=1 5 3 7 6 -7 -8 -9 -10 -11 -12 -13 -14 -15
leaf_value=-0.023305663311982801 0.01461217726043295 0.040778423629503791 -0.010687621547349079 0.0070786468382255593 0.0365241522455831 0.07680524350702414 0.085183690493553621 0.05989727299500526 0.029156040433606319 -0.003143253541072324 0.065115097980036077 0.075919587401186012 -0.00082750653769038797 0.073256172572693248
leaf_weight=4061.1064635943621 871.75905145704746 512.49298309534788 1877.5716312360018 340.98979225754738 204.2065520696342 235.13436818122864 66.703248463571072 41.504244234412909 724.77898682281375 195.98295027390122 259.00928789377213 15.994539964944122 1104.9614803045988 67.249878488481045
leaf_count=155868 21344 6193 63384 8841 2947 1283 632 817 12247 6288 1961 174 32416 559
internal_value=-0.000223956 0.0366366 -0.0144185 -0.00439722 0.0251737 0.0565703 0.0485051 0.0153431 0.0212146 -0.0223774 0.0508977 0.010163 -0.00703467 0.0445458
internal_weight=10579.4 2941.33 7638.11 3381.02 1867.45 1073.89 270.91 398.489 1596.54 4257.09 838.752 356.984 2982.53 579.743
internal_count=314954 47166 267788 105632 37170 9996 3579 9832 33591 162156 8713 9015 95800 6752
is_linear=0
shrinkage=0.03


Tree=13
num_leaves=15
num_cat=0
split_feature=0 0 0 1 1 2 1 2 1 1 0 2 3 1
split_gain=5696.12 662.514 657.057 185.976 183.833 154.01 129.187 154.502 96.1184 83.2796 73.3865 54.5539 102.99 73.997
threshold=0.049504773043415128 0.01971921524755196 0.12738665859774409 0.046253939839437923 0.35989433896357897 5.2944047009505004 0.12493841268367335 4.4420746196097438 0.23394685568695525 0.057394417011418015 0.20411486806036533 3.5153887881862489 -0.26164143081094299 0.055793114199396455
decision_type=2 2 2 2 2 2 2 2 2 2 2 2 2 2
left_child=1 9 6 -3 5 10 11 -8 -5 -1 -4 -2 -13 -14
right_child=2 3 4 8 -6 -7 7 -9 -10 -11 -12 12 13 -15
leaf_value=-0.023118819195296673 0.0039456416711038615 -0.0079606442812832998 0.033585991720001679 0.0074408578478699439 0.076760962135499461 0.06875800342627307 0.027444029567252618 0.081821674353297139 0.076047225973422408 -0.0030580728021726011 0.049585579785354571 0.042991536416263708 0.010455577742605464 0.028352605411973521
leaf_weight=3972.4552892185748 226.57375744730234 2647.4123587813228 607.81413765624166 700.51157782785594 188.54791702330112 205.59014841914177 193.89688286557794 62.082574237138033 18.874127894639969 195.40756059065461 448.32257854938507 152.46094641834497 625.55435522645712 311.432064820081
leaf_count=155868 5000 86404 8590 19038 958 1697 3138 615 190 6288 3745 3362 14153 5908
internal_value=-0.000226391 -0.0141829 0.0345678 -0.00428519 0.049131 0.0450021 0.0211323 0.0406322 0.00924085 -0.0221783 0.0403777 0.0173394 0.0201249 0.0164041
internal_weight=10556.9 7534.66 3022.28 3366.8 1450.27 1261.73 1572 255.979 719.386 4167.86 1056.14 1316.02 1089.45 936.986
internal_count=314954 267788 47166 105632 14990 14032 32176 3753 19228 162156 12335 28423 23423 20061
is_linear=0
shrinkage=0.03


Tree=14
num_leaves=15
num_cat=0
split_feature=0 0 0 1 1 0 2 1 0 1 0 2 2 1
split_gain=5284.17 650.461 585.546 201.728 151.849 120.257 97.9489 81.4945 76.8556 70.0523 62.9378 60.4081 94.7576 58.8765
threshold=0.049504773043415128 0.018517776906466523 0.15825649218497573 0.046253939839437923 0.1457563069991952 0.335223782970062 4.2209330622803778 0.19075609443328598 0.078457434348949626 0.17190381775328475 0.03048756612528682 3.9111225951759701 3.9319236623295808 0.042824688490979555
decision_type=2 2 2 2 2 2 2 2 2 2 2 2 2 2
left_child=1 13 4 10 8 9 -6 -5 -2 -4 -3 -10 -13 -1
right_child=2 3 5 7 6 -7 -8 -9 11 -11 -12 12 -14 -15
leaf_value=-0.023670430085482162 0.013213151821256493 -0.01185947635186229 0.038927693014635084 0.0069717570004217836 0.03248236342966232 0.068029184965466505 0.072477023496894818 0.060984527635633876 0.015977861804635181 0.057027945717970763 -0.0026434611663877805 0.1235061959981386 0.031091302210297732 -0.008608638172299541
leaf_weight=3529.562090979889 898.13406300917268 1850.7030776068568 621.73321656882763 735.10555045865476 216.07172092795372 250.53080996870995 73.980302482843399 26.03098289296031 309.82473621144891 278.70569009333849 1042.6268211007118 10.217310655862091 440.24864546954632 250.13058535568416
leaf_count=142161 21344 65149 6752 20024 2947 1283 632 327 5422 1961 31332 167 6658 8795
internal_value=-0.000228204 -0.013948 0.0326793 -0.0049233 0.0226576 0.0496451 0.0426834 0.008819 0.0191551 0.0445301 -0.00853844 0.0261744 0.0331874 -0.0226737
internal_weight=10533.6 7434.16 3099.45 3654.47 1948.48 1150.97 290.052 761.137 1658.42 900.439 2893.33 760.291 450.466 3779.69
internal_count=314954 267788 47166 116832 37170 9996 3579 20351 33591 8713 96481 12247 6825 150956
is_linear=0
shrinkage=0.03


Tree=15
num_leaves=15
num_cat=0
split_feature=0 0 0 1 1 2 1 2 1 1 1 0 0 3
split_gain=4909.61 636.964 522.838 190.648 151.107 129.75 109.661 130.489 73.2038 61.4426 66.5085 61.2976 59.4256 56.9199
threshold=0.049504773043415128 0.018517776906466523 0.13716156933077633 0.046253939839437923 0.35989433896357897 5.2944047009505004 0.12493841268367335 4.2209330622803778 0.23394685568695525 0.040346139737289281 0.15280166308275098 0.026005101931587542 0.014825336921810166 0.69961576241892831
decision_type=2 2 2 2 2 2 2 2 2 2 2 2 2 2
left_child=1 12 6 11 5 9 -2 -8 -5 13 -11 -3 -1 -4
right_child=2 3 4 8 -6 -7 7 -9 -10 10 -12 -13 -14 -15
leaf_value=-0.02482675039779449 0.01620759430815984 -0.013070320075324578 0.074821017711700744 0.0069265542276000002 0.068856039272477951 0.062619192105721921 0.023586002558668658 0.066608307222389251 0.063556374709864111 0.028209931838030881 0.044171762880861457 -0.00427810879192656 -0.016319962140617286 -0.0072071247051580549
leaf_weight=2678.5171979200095 1410.1991827152669 1329.3649647682905 58.081662464886904 745.94415217451751 193.91111624240875 199.19963087141514 221.69101527705789 88.890422318130732 21.125868249684572 610.42656404152513 381.9367825910449 1540.8481221422553 1020.7062387727201 8.7619743198156339
leaf_count=110882 29171 48278 529 20151 926 1440 3418 840 200 7282 3476 48203 40074 84
internal_value=-0.000229281 -0.0137142 0.0309492 -0.00479964 0.0442046 0.040406 0.0197617 0.0358993 0.0084862 0.0362285 0.0343533 -0.0083503 -0.0224795 0.0640686
internal_weight=10509.6 7336.51 3173.1 3637.28 1452.32 1258.41 1720.78 310.581 767.07 1059.21 992.363 2870.21 3699.22 66.8436
internal_count=314954 267788 47166 116832 13737 12811 33429 4258 20351 11371 10758 96481 150956 613
is_linear=0
shrinkage=0.03


Tree=16
num_leaves=15
num_cat=0
split_feature=0 0 0 1 1 0 0 1 0 2 1 1 4 2
split_gain=4567.91 623.44 471.102 180.651 130.201 109.491 86.3355 62.1932 61.351 61.252 60.307 59.6492 57.179 55.7956
threshold=0.049504773043415128 0.018517776906466523 0.15825649218497573 0.050717224060429764 0.35989433896357897 0.335223782970062 0.086101890696074282 0.23394685568695525 0.026005101931587542 4.7707269955516622 0.35989433896357897 0.057394417011418015 21.542462348937992 3.8065513663117008
decision_type=2 2 2 2 2 2 2 2 2 2 2 2 2 2
left_child=1 11 4 8 6 10 -2 -5 -3 -10 12 -1 -4 -8
right_child=2 3 5 7 -6 -7 13 -9 9 -11 -12 -13 -14 -15
leaf_value=-0.023117135726326888 0.01372517439701037 -0.012602078958255549 0.027052451972375952 0.0077733892151509052 0.065433051833400424 0.06123073476774199 0.018038385197860135 0.059009926591245418 0.0024341661228712637 -0.0092786457567448632 0.060735274496422555 -0.004502236231675635 0.042976660794559987 0.033483977628825566
leaf_weight=3458.8646170590073 1119.3823847807944 1338.7342529539019 334.35362712293863 640.66364565119147 56.380960941314697 263.00457707047462 388.1089016161859 22.055940933525562 740.49595496989787 878.59642102941871 105.7938085347414 162.19136092998087 516.32346779108047 459.93897898495197
leaf_count=145498 24584 49164 3285 16803 338 1283 6098 200 23170 27495 503 5458 4925 6150
internal_value=-0.000229805 -0.0134816 0.0293587 -0.00467854 0.0204833 0.0440881 0.0191952 0.00947859 -0.00785054 -0.00392176 0.0393743 -0.0222834 0.0367177 0.0264153
internal_weight=10484.9 7241.6 3243.29 3620.55 2023.81 1219.48 1967.43 662.72 2957.83 1619.09 956.471 3621.06 850.677 848.048
internal_count=314954 267788 47166 116832 37170 9996 36832 17003 99829 50665 8713 150956 8210 12248
is_linear=0
shrinkage=0.03


Tree=17
num_leaves=15
num_cat=0
split_feature=0 0 0 1 0 1 2 1 0 2 1 1 1 0
split_gain=4256.87 595.193 441.109 170.279 147.626 87.1806 98.1798 77.5208 60.606 58.0598 79.0362 57.6502 56.7196 55.7915
threshold=0.048622911797418365 0.018517776906466523 0.11877952139081414 0.050717224060429764 0.26284409374999301 0.12493841268367335 4.3172880735256411 0.23394685568695525 0.014825336921810166 5.6907410654167361 0.10058472171757614 0.19075609443328598 0.040346139737289281 0.026005101931587542
decision_type=2 2 2 2 2 2 2 2 2 2 2 2 2 2
left_child=1 8 5 13 7 -2 -7 9 -1 12 -11 -5 -4 -3
right_child=2 3 4 11 -6 6 -8 -9 -10 10 -12 -13 -14 -15
leaf_value=-0.024517867049901634 0.013544655085654212 -0.012372612251847185 0.052689891753391886 0.0072653913521285758 0.052854485708168843 0.020672588982676956 0.0618607941479574 0.051360622857645699 -0.015760125811945677 0.0417962837336492 0.12560183620842708 0.051578066067073582 0.025367969179004277 -0.0040259199227728132
leaf_weight=2560.4336870349944 1388.6815646775067 1322.8982869479805 74.093002919107676 624.1854076012969 456.80605386197567 177.72503940016031 73.678768623620272 176.85168306529522 984.66561075113714 109.79691708832979 11.15715144574642 27.59135365858674 887.46576131507754 1583.4411405771971
leaf_count=110882 28802 49164 798 16326 2505 2709 647 1052 40074 1048 92 315 10744 49796
internal_value=-0.000229756 -0.0133854 0.027613 -0.00471723 0.0382451 0.0164876 0.0327436 0.0329458 -0.0220854 0.0299374 0.0495267 0.00914126 0.0274733 -0.00782514
internal_weight=10459.5 7103.22 3356.26 3558.12 1716.17 1640.09 251.404 1259.36 3545.1 1082.51 120.954 651.777 961.559 2906.34
internal_count=314954 266557 48397 115601 16239 32158 3356 13734 150956 12682 1140 16641 11542 98960
is_linear=0
shrinkage=0.03


Tree=18
num_leaves=15
num_cat=0
split_feature=0 0 0 1 1 0 1 4 0 2 0 2 2 1
split_gain=3970.96 582.164 401.629 160.78 148.637 79.1831 70.4695 67.1502 60.5802 54.6004 54.2955 57.2234 53.87 87.4776
threshold=0.048622911797418365 0.018517776906466523 0.18917535138317923 0.04973843585427095 0.15280166308275098 0.078457434348949626 0.35989433896357897 21.542462348937992 0.014825336921810166 5.602284844973167 0.026005101931587542 4.7707269955516622 4.4942944880818301 0.066428860251042651
decision_type=2 2 2 2 2 2 2 2 2 2 2 2 2 2
left_child=1 8 4 10 5 -2 7 -4 -1 -6 -3 -12 -7 -14
right_child=2 3 6 -5 9 12 -8 -9 -10 -11 11 -13 13 -15
leaf_value=-0.024353405824045271 0.010686695081473319 -0.012230737704297879 0.028364097106619145 0.0085404257860793396 0.034103526980455448 0.016727215642451644 0.061252227894140282 0.046615511048707543 -0.015521423653156084 0.087772376000178898 0.0022840842244322311 -0.00923728380053313 0.021237994595192641 0.049524336373526379
leaf_weight=2501.2894076351076 1001.3027009889483 1302.2970844563097 300.11614758521318 677.86937156505883 398.5683211311698 631.01678912341595 160.94678418338299 458.74048829823732 970.03769139386714 17.823510110378265 718.70267103798687 843.1264214348048 307.31280456855893 144.74277038499713
leaf_count=110882 22711 48980 2275 17285 4024 9469 696 3269 40074 107 22567 26769 4105 1741
internal_value=-0.000229407 -0.0131545 0.0262714 -0.0045978 0.020037 0.016768 0.0432215 0.0393974 -0.0218854 0.0364008 -0.0077073 -0.00393553 0.0223901 0.0302949
internal_weight=10433.9 7013.32 3420.57 3542 2500.77 2084.38 919.803 758.857 3471.33 416.392 2864.13 1561.83 1083.07 452.056
internal_count=314954 266557 48397 115601 42157 38026 6240 5544 150956 4131 98316 49336 15315 5846
is_linear=0
shrinkage=0.03


Tree=19
num_leaves=15
num_cat=0
split_feature=0 0 0 1 1 0 3 0 0 1 2 1 4 4
split_gain=3707.77 569.182 364.728 152.394 107.746 96.9172 89.7992 68.7341 68.2026 61.3728 60.8196 51.1987 49.2935 47.2606
threshold=0.048622911797418365 0.018517776906466523 0.15825649218497573 0.066428860251042651 0.35989433896357897 0.335223782970062 0.4186589805808576 0.031975438860107695 0.086101890696074282 0.042824688490979555 4.803159916624419 0.23394685568695525 21.542462348937992 28.216690063476566
decision_type=2 2 2 2 2 2 2 2 2 2 2 2 2 2
left_child=1 9 4 7 8 11 -5 -3 -2 -1 13 12 -4 -9
right_child=2 3 5 6 -6 -7 -8 10 -10 -11 -12 -13 -14 -15
leaf_value=-0.022774057579474059 0.011694282357939808 -0.01011229598481413 0.020709889570464161 0.0071481136775127206 0.056602601250500387 0.053260302208091824 0.050746367385479704 -0.0078114820713603428 0.022590636700874696 -0.0067853636546633166 -0.0076788400625716841 0.047683834769262592 0.035714683782805484 0.012545824187343797
leaf_weight=3167.775328181684 1209.3441134132445 2025.2276713661849 311.89583121985197 410.40656471252441 61.601521998643875 277.9895151257515 47.432440876960754 142.88075375556946 903.02828156575561 231.88555971719325 536.24623165279627 183.10737909376621 535.1298763230443 364.39193174242973
leaf_count=142161 25811 73581 3009 9950 342 1283 880 4135 12248 8795 16255 933 4771 10800
internal_value=-0.000228686 -0.0129244 0.0250245 -0.00448062 0.0174929 0.0375411 0.0116649 -0.00688945 0.0163524 -0.0216835 -0.000634643 0.0332992 0.0301895 0.00681189
internal_weight=10408.3 6926.25 3482.1 3526.59 2173.97 1308.12 457.839 3068.75 2112.37 3399.66 1043.52 1030.13 847.026 507.273
internal_count=314954 266557 48397 115601 38401 9996 10830 104771 38059 150956 31190 8713 7780 14935
is_linear=0
shrinkage=0.03


Tree=20
num_leaves=15
num_cat=0
split_feature=0 0 0 1 1 0 0 1 2 1 2 2 1 2
split_gain=3465.5 557.161 337.52 165.341 138.171 70.0547 64.5111 52.6034 52.3075 50.988 55.249 47.5136 52.3608 47.2415
threshold=0.048622911797418365 0.017449767602868257 0.20411486806036533 0.04973843585427095 0.15280166308275098 0.078457434348949626 0.026005101931587542 0.19075609443328598 4.7707269955516622 0.35989433896357897 5.1479593768934366 5.602284844973167 0.35989433896357897 4.4557997260308309
decision_type=2 2 2 2 2 2 2 2 2 2 2 2 2 2
left_child=1 -1 4 6 5 -2 -3 -5 -8 10 -4 12 -6 -7
right_child=2 3 9 7 11 13 8 -9 -10 -11 -12 -13 -14 -15
leaf_value=-0.022206817179347808 0.0098079558425378296 -0.012419858194431766 0.032686091148417397 0.0063278453062934753 0.026058648649150272 0.015364819019568262 0.0021981196849100142 0.047429566125624024 -0.0088525643380178015 0.056300551280385934 0.05378548184470449 0.079679989668052911 0.050444890351262969 0.027374267428554585
leaf_weight=3062.3265687096864 1021.7687258161604 1515.4310384672135 534.95981577038765 684.99501968361437 364.61060878634453 691.33685499802232 720.47880345210433 29.219821482896805 829.15555285848677 152.39443212747574 141.1674135401845 19.0633729621768 101.24727307260036 513.9506187774241
leaf_count=139721 22711 59308 3696 17870 3886 9877 22567 322 26769 639 707 108 517 6256
internal_value=-0.000227624 -0.0126961 0.0238663 -0.0049897 0.0187466 0.0155868 -0.00801872 0.00800939 -0.00371472 0.0406246 0.0370914 0.0332583 0.0313586 0.0204858
internal_weight=10382.1 6841.61 3540.5 3779.28 2711.98 2227.06 3065.07 714.215 1549.63 828.522 676.127 484.921 465.858 1205.29
internal_count=314954 266557 48397 126836 43355 38844 108644 18192 49336 5042 4403 4511 4403 16133
is_linear=0
shrinkage=0.03


Tree=21
num_leaves=15
num_cat=0
split_feature=0 0 0 1 1 1 2 3 2 2 3 1 1 0
split_gain=3256.03 434.069 431.572 130.17 129.145 89.1303 83.3149 95.3459 94.8098 69.488 54.4757 54.4756 49.7083 48.6584
threshold=0.041013497940326132 0.10330505114317359 0.016993208841915502 0.35989433896357897 0.055793114199396455 0.12493841268367335 4.4557997260308309 -0.089381494085202531 4.7537625751797847 5.602284844973167 0.4186589805808576 0.17190381775328475 0.089507745148137932 0.026005101931587542
decision_type=2 2 2 2 2 2 2 2 2 2 2 2 2 2
left_child=2 5 -1 6 13 -2 11 8 -8 -7 -6 -3 -10 -4
right_child=1 3 4 -5 10 9 7 -9 12 -11 -12 -13 -14 -15
leaf_value=-0.022357745370760261 0.0084811031496101804 0.019677812203411884 -0.012379664508134613 0.051458456795733069 0.0042406576825173865 0.023461557310669682 0.13437484562457908 0.032706206955743417 0.033299922053832573 0.086002692367771916 0.036540442089469986 0.034349470573925248 0.10463294719784479 -0.0045413490447878697
leaf_weight=2879.1817733682692 1795.8513070978224 940.123539455235 1633.7624734546989 232.53441600501537 434.42070921510458 222.53953386843204 16.13314762711525 516.90186481922865 36.730864778161049 17.226671352982521 52.694795235991478 300.58848850429058 11.558825008571146 1264.4200053997338
leaf_count=134639 40254 10556 65016 1019 11249 2969 132 4333 344 117 1143 2244 82 40857
internal_value=-0.000226138 0.0205933 -0.0138195 0.0303211 -0.00655773 0.0107748 0.0276235 0.0369954 0.0714104 0.027955 0.00773476 0.0232323 0.0503745 -0.00895996
internal_weight=10354.7 4090.19 6264.48 2054.57 3385.3 2035.62 1822.04 581.325 64.4228 239.766 487.116 1240.71 48.2897 2898.18
internal_count=314954 62050 252904 18710 118265 43340 17691 4891 558 3086 12392 12800 426 105873
is_linear=0
shrinkage=0.03


Tree=22
num_leaves=15
num_cat=0
split_feature=0 0 0 0 1 1 2 2 4 1 1 3 0 0
split_gain=3058.74 480.408 356.576 128.756 119.195 103.063 169.267 78.5464 125.461 71.1686 61.8408 51.4815 46.7814 45.5076
threshold=0.036690803781543692 0.10330505114317359 0.015389346352760685 0.26284409374999301 0.057394417011418015 0.066428860251042651 4.5847123115305619 4.7707269955516622 21.542462348937992 0.35989433896357897 0.23394685568695525 0.4186589805808576 0.057734935732237383 0.021557260180457886
decision_type=2 2 2 2 2 2 2 2 2 2 2 2 2 2
left_child=2 5 -1 10 13 7 9 8 -2 -7 -3 -6 -10 -4
right_child=1 3 4 -5 11 6 -8 -9 12 -11 -12 -13 -14 -15
leaf_value=-0.023347653624246765 -0.0079074830046991351 0.022427012521656124 -0.014638168215879824 0.042204627831898253 0.0030565888234344828 0.0050214138096562472 0.036537353110753505 -0.00039733079828551884 0.01606023165806738 0.054953590387828391 0.039939601169675709 0.038128073243282642 0.038384799189810151 -0.0071561590632624244
leaf_weight=2427.8701022099704 180.17403872311115 1385.9272649735212 1302.375691479072 497.24918134510517 388.87925665080547 481.61372494697571 285.80450207740068 988.54137199372053 329.61258853599429 27.137959226965904 208.81804934889078 41.709366988390684 113.59296429902315 1669.4858321510255
leaf_count=117118 4489 15065 55689 2505 10493 9130 4238 23932 9140 149 1140 922 2157 58787
internal_value=-0.000224658 0.0183612 -0.0145648 0.028876 -0.00829771 0.00922039 0.0180632 0.00486153 0.0132009 0.00768491 0.0247201 0.00645382 0.021782 -0.010435
internal_weight=10328.8 4498.47 5830.32 2091.99 3402.45 2406.48 794.556 1611.92 623.38 508.752 1594.75 430.589 443.206 2971.86
internal_count=314954 71945 243009 18710 125891 53235 13517 39718 15786 9279 16205 11415 11297 114476
is_linear=0
shrinkage=0.03


Tree=23
num_leaves=15
num_cat=0
split_feature=0 0 0 0 1 1 2 2 4 1 4 1 3 4
split_gain=2877.02 438.632 350.944 122.229 113.461 95.7403 147.886 92.2976 99.3111 69.1409 62.2662 50.4286 47.7026 47.5433
threshold=0.036690803781543692 0.10330505114317359 0.015389346352760685 0.335223782970062 0.057394417011418015 0.04973843585427095 3.9111225951759701 4.7707269955516622 21.542462348937992 0.35989433896357897 4.326101779937745 0.11278655911140352 -0.1152357531984841 35.047592163085945
decision_type=2 2 2 2 2 2 2 2 2 2 2 2 2 2
left_child=2 5 -1 9 -4 7 -7 8 -2 -3 -9 -8 -6 -13
right_child=1 3 4 -5 12 6 11 10 -10 -11 -12 13 -14 -15
leaf_value=-0.023167456748785616 -0.011704549798311077 0.022898575397044343 -0.010224309847786286 0.045583166661078325 0.0011122314670035406 0.0031786745670415602 0.020520349381726564 0.13115368489463547 0.021153962318358869 0.043800605643401894 -0.0028028476693960141 0.048039885296996515 0.025621861597071739 0.0014655836278569718
leaf_weight=2374.1661405488849 105.77125831320882 1680.4277679920197 2942.6267761848867 291.45495115220547 342.84184667281806 479.84810000285506 444.61328809335828 3.134316209703683 380.9061756208539 155.61972905695438 862.1861287355423 125.24093095958233 90.289277600124478 23.413780700415373
leaf_count=117118 2813 16737 114476 1283 9269 9482 8411 72 9604 690 21279 1268 2146 306
internal_value=-0.000223245 0.0175932 -0.0143298 0.0275351 -0.00811422 0.00887131 0.0155619 0.00356078 0.0140127 0.0246702 -0.00231764 0.0255778 0.00622144 0.0407042
internal_weight=10302.5 4552.62 5749.92 2127.5 3375.76 2425.11 1073.12 1352 486.677 1836.05 865.32 593.268 433.131 148.655
internal_count=314954 71945 243009 18710 125891 53235 19467 33768 12417 17427 21351 9985 11415 1574
is_linear=0
shrinkage=0.03


Tree=24
num_leaves=15
num_cat=0
split_feature=0 0 0 0 1 1 1 2 2 4 1 4 0 3
split_gain=2707.34 403.049 345.232 129.994 107.984 74.2085 52.5016 112.986 71.3403 86.2131 51.9038 50.2439 44.6285 43.5318
threshold=0.036690803781543692 0.091360669170586009 0.015389346352760685 0.22544498706338162 0.057394417011418015 0.35989433896357897 0.04973843585427095 3.9111225951759701 4.7707269955516622 21.542462348937992 0.23394685568695525 4.326101779937745 0.021557260180457886 -0.1152357531984841
decision_type=2 2 2 2 2 2 2 2 2 2 2 2 2 2
left_child=2 5 -1 10 12 6 8 -8 9 -2 -3 -10 -4 -6
right_child=1 3 4 -5 13 -7 7 -9 11 -11 -12 -13 -14 -15
leaf_value=-0.022985133502334248 -0.012024203733210238 0.019014496345993944 -0.014234169259858284 0.036337224564513729 0.0010777453439901595 0.051692843954281392 0.00059738044051320068 0.021712161590818197 0.11520180841856398 0.019178788869894579 0.035627313523079351 -0.0026635850351043088 -0.0067485205005076805 0.024275963467606042
leaf_weight=2322.0001022815704 101.5336661413312 1459.5288584083319 1271.8968035299331 704.02932849526405 343.1926551386714 34.120040491223335 403.00831380113959 525.47892110794783 3.268128775060176 370.4909720569849 191.46404851227999 811.29190267622471 1642.3890179544687 92.402861304581165
leaf_count=117118 2765 16393 55689 3779 9269 170 8496 9217 69 9362 1055 20639 58787 2146
internal_value=-0.000221529 0.0168693 -0.0140952 0.0255437 -0.00793313 0.00778682 0.00711051 0.0125473 0.00318693 0.0124669 0.0209411 -0.00219069 -0.0100155 0.00599878
internal_weight=10276.1 4604.21 5671.88 2355.02 3349.88 2249.19 2215.07 928.487 1286.58 472.025 1650.99 814.56 2914.29 435.596
internal_count=314954 71945 243009 21227 125891 50718 50548 17713 32835 12127 17448 20708 114476 11415
is_linear=0
shrinkage=0.03


Tree=25
num_leaves=15
num_cat=0
split_feature=0 0 0 1 1 0 1 2 4 2 2 3 4 0
split_gain=2548.6 369.198 339.416 130.702 102.761 78.4183 71.3135 67.1874 52.3402 44.6797 60.4813 74.8895 50.4966 43.2802
threshold=0.036690803781543692 0.086101890696074282 0.015389346352760685 0.35989433896357897 0.057394417011418015 0.22544498706338162 0.10608282112678123 3.9120330053281478 19.773814201354984 5.7072763501182822 3.3304887508319116 -0.29095141904644534 16.720572471618656 0.021557260180457886
decision_type=2 2 2 2 2 2 2 2 2 2 2 2 2 2
left_child=2 6 -1 5 13 -3 9 -8 -7 10 -2 -12 -11 -4
right_child=1 3 4 -5 -6 8 7 -9 -10 12 11 -13 -14 -15
leaf_value=-0.022800687671679438 -0.0063785282357728644 0.018478042436161083 -0.013998713503171993 0.044727816189569489 0.0057854500109224679 0.019506685045913214 0.0074418097426466115 0.035372293449247465 0.038248581167273615 0.071963254082216377 0.022925379504751233 0.0057523197260496576 -0.0050755218879250897 -0.0065884661674572081
leaf_weight=2271.3293992951512 237.92493764683604 1663.6919272094965 1254.7532118707895 248.13855856657028 437.97878952883184 212.68676060438156 166.96271697059274 144.68152632191777 362.97647042572498 7.8010904267430297 308.09636176377535 885.10628907382488 415.97328542172909 1631.9792552124709
leaf_count=117118 5926 18194 55689 1056 11415 1244 2987 1637 1974 151 7463 21070 10243 58787
internal_value=-0.000219624 0.0161838 -0.0138618 0.0240695 -0.00775504 0.0217803 0.00712995 0.0204086 0.0313241 0.00489899 0.00743262 0.0101866 -0.00365735 -0.00980942
internal_weight=10250.1 4654.04 5596.04 2487.49 3324.71 2239.36 2166.55 311.644 575.663 1854.9 1431.13 1193.2 423.774 2886.73
internal_count=314954 71945 243009 22468 125891 21412 49477 4624 3218 44853 34459 28533 10394 114476
is_linear=0
shrinkage=0.03


Tree=26
num_leaves=15
num_cat=0
split_feature=0 0 0 0 1 1 2 1 2 1 0 0 2 2
split_gain=2400.23 340.47 333.529 101.676 97.79 81.0435 58.6675 53.7323 48.4657 71.4647 47.8104 41.949 41.2979 40.555
threshold=0.036690803781543692 0.11877952139081414 0.015389346352760685 0.335223782970062 0.057394417011418015 0.12493841268367335 4.3172880735256411 0.35989433896357897 5.6907410654167361 0.060755326672540223 0.05552675474888958 0.021557260180457886 5.7072763501182822 2.7566180936520674
decision_type=2 2 2 2 2 2 2 2 2 2 2 2 2 2
left_child=2 5 -1 7 11 10 -7 8 -3 -10 12 -4 13 -2
right_child=1 3 4 -5 -6 6 -8 -9 9 -11 -12 -13 -14 -15
leaf_value=-0.022614118903179291 -0.016430379173865726 0.018541661005751938 -0.013764140441806166 0.04102043992327524 0.0055818015567973001 0.013804177819601939 0.040723067148010786 0.038958159902815898 0.022698756591421062 0.06515905363151854 0.010899862545541754 -0.0064312392691786456 -0.009128026963330085 0.0068405644910033208
leaf_weight=2222.112771179527 72.94702622666955 1391.6967301145196 1238.1075532939285 298.62798984348774 440.30329076759517 230.8495486676693 106.47397764772177 154.00102879106998 117.82460466772318 51.16822025924921 1162.9992883689702 1621.8760259021074 228.21406002342701 886.32971728593111
leaf_count=117118 1937 13043 55689 1283 11415 3185 823 657 907 349 20452 58787 6338 22971
internal_value=-0.000217416 0.0155373 -0.0136291 0.0248656 -0.00757948 0.00854988 0.022301 0.0220521 0.0203839 0.035555 0.00657643 -0.00960571 0.00234217 0.00507095
internal_weight=10223.5 4701.13 5522.4 2013.32 3300.29 2687.81 337.324 1714.69 1560.69 168.993 2350.49 2859.98 1187.49 959.277
internal_count=314954 71945 243009 16239 125891 55706 4008 14956 14299 1256 51698 114476 31246 24908
is_linear=0
shrinkage=0.03


Tree=27
num_leaves=15
num_cat=0
split_feature=0 0 0 1 1 0 1 4 1 2 2 4 4 0
split_gain=2261.4 327.567 313.965 114.264 93.0445 65.7994 63.5844 47.4425 44.1206 95.5028 62.4058 76.2308 41.5192 40.636
threshold=0.036690803781543692 0.015389346352760685 0.091360669170586009 0.35989433896357897 0.057394417011418015 0.22544498706338162 0.35989433896357897 19.773814201354984 0.04973843585427095 3.9111225951759701 4.7707269955516622 21.542462348937992 4.326101779937745 0.021557260180457886
decision_type=2 2 2 2 2 2 2 2 2 2 2 2 2 2
left_child=1 -1 6 5 13 -4 8 -7 10 -10 11 -2 -12 -3
right_child=2 4 3 -5 -6 7 -8 -9 9 -11 12 -13 -14 -15
leaf_value=-0.022425443735810451 -0.011927058962986216 -0.013530540424886203 0.017077676454596003 0.041669321564847019 0.0053863547191392797 0.017652469031598419 0.046861829352789534 0.035280832008716546 0.00022212484681632662 0.019406548577848775 0.09802560134284509 0.017360014170320449 -0.0027799364751198603 -0.0062768339795415268
leaf_weight=2174.3099764883518 101.04017333313823 1221.9457291010767 1613.9107810258865 248.55540060997009 442.55653421394527 217.61978593468666 35.362421780824661 372.73561090230942 407.38720724359155 547.26810854673386 3.6939257495105258 383.88721070066094 814.31650944426656 1612.0705233532935
leaf_count=117118 2765 55689 16967 1042 11415 1244 170 1974 8496 9217 69 9362 20639 58787
internal_value=-0.000214943 -0.0133975 0.0149263 0.0223868 -0.00740668 0.0202125 0.00694551 0.0287826 0.00632027 0.0112198 0.00273039 0.0112577 -0.00232472 -0.00940442
internal_weight=10196.7 5450.88 4745.78 2452.82 3276.57 2204.27 2292.96 590.355 2257.59 954.655 1302.94 484.927 818.01 2834.02
internal_count=314954 243009 71945 21227 125891 20185 50718 3218 50548 17713 32835 12127 20708 114476
is_linear=0
shrinkage=0.03


Tree=28
num_leaves=15
num_cat=0
split_feature=0 0 0 0 1 1 2 2 3 1 2 1 2 1
split_gain=2131.14 321.539 290.57 90.5819 88.5146 71.1879 57.7449 48.1179 89.847 68.3774 99.9615 46.7486 43.1326 47.9493
threshold=0.036690803781543692 0.015389346352760685 0.12738665859774409 0.335223782970062 0.057394417011418015 0.12493841268367335 5.602284844973167 3.2579041933374406 -0.29095141904644534 0.054300363698988455 4.4881868241842611 0.35989433896357897 5.6907410654167361 0.060755326672540223
decision_type=2 2 2 2 2 2 2 2 2 2 2 2 2 2
left_child=1 -1 5 11 -3 7 -7 -2 -9 -10 -11 12 -4 -14
right_child=2 4 3 -5 -6 6 -8 8 9 10 -12 -13 13 -15
leaf_value=-0.022234667425886399 -0.0046778433231644562 -0.0092056141810299748 0.01717523737716355 0.038358127092398775 0.0051987074932979688 0.017025890311090763 0.063151243408917881 0.020203575826081101 0.00074693517773835106 -0.0034467821253239437 0.023357468925849379 0.036417676275064995 0.022790665745965479 0.059232943761167313
leaf_weight=2127.8815375920385 312.29782962054014 2808.8080295342952 1345.9193688631058 302.13900619745255 444.74076049774885 363.63436337187886 26.186462305486202 428.93791287392378 1164.329266961664 196.35671051964164 345.62851493805647 150.69836084544659 105.55277145653963 46.947871960699558
leaf_count=117118 7027 114476 12050 1283 11415 4295 156 9264 27352 3534 5327 629 739 289
internal_value=-0.00021248 -0.013167 0.0143458 0.0232571 -0.00723663 0.00821746 0.0201244 0.00632105 0.00792973 0.00484429 0.0136465 0.0204904 0.0188885 0.0340096
internal_weight=10170.1 5381.43 4788.63 1951.26 3253.55 2837.37 389.821 2447.55 2135.25 1706.31 541.985 1649.12 1498.42 152.501
internal_count=314954 243009 71945 14990 125891 56955 4451 52504 45477 36213 8861 13707 13078 1028
is_linear=0
shrinkage=0.03


Tree=29
num_leaves=15
num_cat=0
split_feature=0 0 0 1 1 0 1 2 2 3 0 4 2 2
split_gain=2008.9 315.464 271.048 108.447 84.1872 60.3377 55.1205 50.5796 43.9315 39.7308 39.6991 39.4751 89.8558 50.3975
threshold=0.036690803781543692 0.015389346352760685 0.086101890696074282 0.35989433896357897 0.057394417011418015 0.22544498706338162 0.10608282112678123 3.9120330053281478 5.2311968443641534 0.4186589805808576 0.021557260180457886 27.184018135070804 5.602284844973167 5.9687842804417484
decision_type=2 2 2 2 2 2 2 2 2 2 2 2 2 2
left_child=1 -1 6 5 10 -4 -2 -8 -7 -6 -3 12 -11 -14
right_child=2 4 3 -5 9 8 7 -9 -10 11 -12 -13 13 -15
leaf_value=-0.022041810619612648 0.0041244478115290547 -0.013138127167168192 0.015525616632401994 0.038989251595872153 0.0019879125160894291 0.022282446545685203 0.0062359725415116942 0.029869508736566665 0.041969856557573557 0.028035782511116967 -0.0059013167626054824 -0.0069652474225628969 0.29765901511916265 0.099006477722752367
leaf_weight=2082.789230434224 1893.0885207056999 1195.6879319455475 1752.5972069352865 253.61102406680584 400.85034208372235 473.46141414344311 171.51449188962579 155.29290422797203 130.02386623620987 25.027780177071694 1588.6924235709012 15.819191727787254 1.7279011011123646 3.4329102095216513
leaf_count=117118 44853 55689 18194 1056 10493 2647 2987 1637 571 493 58787 341 28 60
internal_value=-0.000209898 -0.0129375 0.0137944 0.0203492 -0.00706909 0.0183428 0.00608859 0.0174662 0.0265242 0.00501848 -0.009009 0.0314228 0.0515386 0.165518
internal_weight=10143.6 5314.03 4829.59 2609.69 3231.24 2356.08 2219.9 326.807 603.485 446.858 2784.38 46.0078 30.1886 5.16081
internal_count=314954 243009 71945 22468 125891 21412 49477 4624 3218 11415 114476 922 581 88
is_linear=0
shrinkage=0.03


Tree=30
num_leaves=15
num_cat=0
split_feature=0 0 0 1 0 0 1 1 2 0 2 1 2 3
split_gain=1894.36 309.839 251.044 82.3219 79.9058 64.4014 42.7572 42.4976 43.3678 42.4325 40.2755 40.1914 51.1285 39.6585
threshold=0.036690803781543692 0.014825336921810166 0.13716156933077633 0.057394417011418015 0.335223782970062 0.057734935732237383 0.075148730520930421 0.19075609443328598 5.6907410654167361 0.021557260180457886 3.2579041933374406 0.12958679874421355 5.602284844973167 -0.1152357531984841
decision_type=2 2 2 2 2 2 2 2 2 2 2 2 2 2
left_child=1 -1 5 9 7 6 -2 8 -4 -3 -7 -12 -13 -5
right_child=2 3 4 13 -6 10 -8 -9 -10 -11 11 12 -14 -15
leaf_value=-0.022284494475792123 0.00059114518699033029 -0.013098269056363522 0.014538564259539739 1.9564318709596838e-05 0.035939745987352507 0.0018479157913753365 0.013586669046952726 0.028418105545297761 0.032617493879416731 -0.005756753836757539 0.011922638286564764 0.021109087884096999 0.068804369842800195 0.021483667744363558
leaf_weight=1925.7849674671888 1125.5864263996482 1284.7339813727885 1088.3324884995818 359.38915715180337 304.73259581625462 286.13283571600914 285.69177547469735 347.00196319818497 134.13440865278244 1579.8656614720821 1081.1220547966659 193.36945539712906 22.591337211430073 98.764011517167091
leaf_count=110882 29807 61508 9825 9640 1283 4368 4969 1801 828 58787 17056 1884 124 2192
internal_value=-0.000207183 -0.01271 0.0132711 -0.00716088 0.0218819 0.00788173 0.00322189 0.0191524 0.0165223 -0.00904932 0.0120355 0.0142829 0.0260984 0.00464658
internal_weight=10117.2 5248.54 4868.7 3322.75 1874.2 2994.49 1411.28 1569.47 1222.47 2864.6 1583.22 1297.08 215.961 458.153
internal_count=314954 243009 71945 132127 13737 58208 34776 12454 10653 120295 23432 19064 2008 11832
is_linear=0
shrinkage=0.03


Tree=31
num_leaves=15
num_cat=0
split_feature=0 0 0 1 1 0 0 2 2 4 2 3 2 2
split_gain=1786.64 303.844 233.225 79.2021 75.0302 67.253 63.7635 42.7048 72.6397 46.1049 106.844 48.455 86.9223 59.0298
threshold=0.036690803781543692 0.014825336921810166 0.15825649218497573 0.028564334647174536 0.35989433896357897 0.057734935732237383 0.335223782970062 3.9111225951759701 3.9319236623295808 15.972986698150637 5.602284844973167 -0.068333990005824463 4.7361545868215922 4.610555579121475
decision_type=2 2 2 2 2 2 2 2 2 2 2 2 2 2
left_child=1 -1 4 -3 5 -2 -4 -7 -9 10 -10 12 13 -11
right_child=2 3 6 -5 -6 7 -8 8 9 11 -12 -13 -14 -15
leaf_value=-0.022093111552419161 0.002663216365818788 -0.010695443306150024 0.019409014225820212 -0.0011578239538315284 0.03660731434771889 0.0057672293280742609 0.034709910381300307 0.062764556196897733 0.015209432311154045 0.043094151115966026 0.064940017206691708 0.0069158347984646139 0.0095808387293040125 0.1404176828943916
leaf_weight=1884.8153278529644 1400.1133742593229 2019.7494668625295 1231.375671684742 1280.3512850701809 82.520971417427063 746.93151122331619 306.04313224554062 27.949162963777781 186.56130408868194 57.582267343997955 49.118712466210127 686.00320242345333 125.73570541292429 6.2142136842012397
leaf_count=110882 34708 87127 8713 45000 380 10705 1283 393 2299 888 469 10056 1973 78
internal_value=-0.000204299 -0.0124835 0.0127726 -0.0069951 0.00835385 0.00764437 0.0224549 0.011342 0.0149974 0.0137959 0.0255739 0.0106255 0.0240524 0.0525741
internal_weight=10091.1 5184.92 4906.15 3300.1 3368.73 3286.21 1537.42 1886.1 1139.16 1111.22 235.68 875.535 189.532 63.7965
internal_count=314954 243009 71945 132127 61949 61569 9996 26861 16156 15763 2768 12995 2939 966
is_linear=0
shrinkage=0.03


Tree=32
num_leaves=15
num_cat=0
split_feature=0 0 0 1 1 2 3 2 1 4 0 1 3 2
split_gain=1685.07 297.835 217.592 99.151 76.6175 49.9468 49.8672 238.498 48.9345 41.1017 41.0833 37.0142 110.062 53.791
threshold=0.036690803781543692 0.014825336921810166 0.086101890696074282 0.35989433896357897 0.057394417011418015 4.610555579121475 -0.068333990005824463 3.8908402253256194 0.35989433896357897 44.583280563354499 0.021557260180457886 0.060755326672540223 1.1312145135899507 5.9687842804417484
decision_type=2 2 2 2 2 2 2 2 2 2 2 2 2 2
left_child=1 -1 8 5 10 6 7 -4 -2 -9 -3 -7 -13 -14
right_child=2 4 3 -5 -6 11 -8 9 -10 -11 -12 12 13 -15
leaf_value=-0.021899636085757755 0.0048766289561553251 -0.012716414489533177 0.013429909193528135 0.035842185766705989 0.0045264997786318767 0.016494914121601791 0.0059983977162339592 0.094328163268672716 0.041149342411008587 0.048611294008349556 -0.0054307789145684139 0.04994597322300303 0.0090766298069525041 0.055175417988163042
leaf_weight=1845.0272131990641 2221.1860951632261 1258.3760103899986 1073.530623190105 255.40507018566132 459.59028591215611 393.93736200779676 555.64323061704636 33.530570343136787 33.985410019755363 37.48576495796442 1560.2948137763888 143.61019797623158 168.1941940933466 26.349979795515537
leaf_count=110882 49321 61508 10272 1056 11832 3420 4692 276 156 302 58787 1038 1264 148
internal_value=-0.000201603 -0.0122579 0.0122948 0.0180605 -0.00683146 0.0161933 0.0133723 0.0169521 0.00542326 0.0701966 -0.0086834 0.0227447 0.0300255 0.0153205
internal_weight=10066.1 5123.29 4942.86 2687.69 3278.26 2432.28 1700.19 1144.55 2255.17 71.0163 2818.67 732.092 338.154 194.544
internal_count=314954 243009 71945 22468 132127 21412 15542 10850 49477 578 120295 5870 2450 1412
is_linear=0
shrinkage=0.03


Tree=33
num_leaves=15
num_cat=0
split_feature=0 0 0 1 1 0 1 4 2 2 3 4 1 3
split_gain=1591.98 256.4 246.97 113.207 72.9088 59.8728 46.1606 41.3545 39.7256 38.8366 50.3026 36.2772 35.743 39.8999
threshold=0.031975438860107695 0.067518082070855176 0.014825336921810166 0.35989433896357897 0.057394417011418015 0.22544498706338162 0.097844703603682567 19.773814201354984 4.17529453053604 2.7566180936520674 -0.10124926489364049 45.432149887084968 0.12493841268367335 -0.25387343818889557
decision_type=2 2 2 2 2 2 2 2 2 2 2 2 2 2
left_child=2 6 12 5 -4 11 9 -7 -8 -2 -11 -3 -1 -14
right_child=1 3 4 -5 -6 7 8 -9 -10 10 -12 -13 13 -15
leaf_value=-0.021886981004746335 -0.017576394592821704 0.0099482734392065484 -0.0094300603886777658 0.035116256293183774 0.0045710487860957513 0.012834137943699198 0.0038541186572796263 0.028836113051398368 0.026187336231533232 0.0081730653213032897 -0.0018911514794206935 0.018217627832923099 0.024565038252620932 0.28316595292559582
leaf_weight=1803.0009830072522 92.273250628262758 1592.6708322837949 2472.4926975313574 266.52863620221615 387.14479541219771 230.62557183206081 153.35696145892143 393.10370357334614 134.59377134218812 775.27210442721844 1055.4706688225269 681.86717163026333 2.7174198888242249 0.66921534575521846
leaf_count=110715 2479 17539 109552 1105 10241 1244 2868 1974 1587 19766 27874 7843 134 33
internal_value=-0.000198833 0.0109297 -0.0130201 0.0164059 -0.00753456 0.0146853 0.00309103 0.0229193 0.0142931 0.00141365 0.00237078 0.0124273 -0.0217041 0.0756658
internal_weight=10041.8 5375.76 4666.03 3164.8 2859.64 2898.27 2210.97 623.729 287.951 1923.02 1830.74 2274.54 1806.39 3.38664
internal_count=314954 84279 230675 29705 119793 28600 54574 3218 4455 50119 47640 25382 110882 167
is_linear=0
shrinkage=0.03


Tree=34
num_leaves=15
num_cat=0
split_feature=0 0 0 1 1 0 1 2 2 2 3 2 2 1
split_gain=1504.43 242.267 237.68 102.98 69.4246 53.2768 45.8651 38.6873 37.8794 37.0297 67.4667 39.5563 35.7 62.1116
threshold=0.031975438860107695 0.014825336921810166 0.072496289579001283 0.35989433896357897 0.057394417011418015 0.22544498706338162 0.095126796361582486 5.2311968443641534 4.2628699817420088 3.2579041933374406 -0.10124926489364049 4.803159916624419 4.5847123115305619 0.066428860251042651
decision_type=2 2 2 2 2 2 2 2 2 2 2 2 2 2
left_child=1 -1 6 5 -3 12 9 -7 -8 -2 11 -11 -4 -14
right_child=2 4 3 -5 -6 7 8 -9 -10 10 -12 -13 13 -15
leaf_value=-0.021506737456104427 -0.010537279476671223 -0.0092310190690617459 0.009346012101243974 0.033929036237313401 0.0044150893900816003 0.018190244271087199 0.0047193318044683099 0.036415852453850338 0.024620673674070642 0.014885219021039656 -0.0016260077284679247 -0.00085662217959285364 0.010592591626375611 0.028480349249337403
leaf_weight=1768.8932608999312 202.76927089691162 2450.3703467026353 1424.1586757227778 264.8993277400732 388.77053630910814 496.14660474658012 197.67117707058787 132.89779654145241 152.46765675395727 493.29643538035452 1103.9304100405425 202.69525239430368 453.99294400587678 283.98751307278872
leaf_count=110882 5384 109552 15451 1095 10241 2647 3625 571 1800 12544 28824 4778 5170 2390
internal_value=-0.000195885 -0.012792 0.0105352 0.0160531 -0.00736242 0.0143566 0.00336798 0.0220408 0.0133854 0.0016166 0.00298579 0.0103007 0.012121 0.0174761
internal_weight=10016.9 4608.03 5408.91 3056.08 2839.14 2791.18 2352.83 629.044 350.139 2002.69 1799.92 695.992 2162.14 737.98
internal_count=314954 230675 84279 27324 119793 26229 56955 3218 5425 51530 46146 17322 23011 7560
is_linear=0
shrinkage=0.03


Tree=35
num_leaves=15
num_cat=0
split_feature=0 0 0 1 1 0 1 2 2 2 4 1 2 1
split_gain=1421.91 237.511 221.321 102.295 66.0935 52.4201 41.0472 53.1795 47.9135 66.5835 36.4299 33.0966 31.571 86.3305
threshold=0.031975438860107695 0.014825336921810166 0.067518082070855176 0.35989433896357897 0.057394417011418015 0.335223782970062 0.062600482694459073 4.2628699817420088 4.7707269955516622 3.9111225951759701 45.432149887084968 0.12493841268367335 4.610555579121475 0.066428860251042651
decision_type=2 2 2 2 2 2 2 2 2 2 2 2 2 2
left_child=1 11 6 5 -3 10 8 -8 9 -2 12 -1 -4 -14
right_child=2 4 3 -5 -6 -7 7 -9 -10 -11 -12 -13 13 -15
leaf_value=-0.021495928959777661 -0.0053354440626492902 -0.0090344750114002403 0.0076385642836434512 0.03296331976387068 0.004265076976481816 0.027412966074637328 0.00045413852686235163 0.018307107517440163 -0.0040855530727039405 0.013686901999677191 0.017806451049376063 0.069762452619569995 0.0043461541707184659 0.027359523526754359
leaf_weight=1728.8695830451325 270.08570678345859 2428.8971131611615 1336.2918000407517 267.21369415521622 390.3466733135283 227.50851804018021 293.87231895327568 307.07382098957896 923.59339008294046 428.11379513330758 799.20018868893385 3.5840949788689604 290.05876935645938 296.84156478196383
leaf_count=110715 7358 109552 13569 1105 10241 954 6018 4483 25635 11080 8398 167 3284 2395
internal_value=-0.000192869 -0.0125651 0.0101594 0.0151892 -0.00719305 0.0135791 0.00287943 0.00957672 0.000397791 0.00632846 0.012423 -0.0213071 0.0101859 0.0159858
internal_weight=9991.55 4551.7 5439.85 3217.11 2819.24 2949.9 2222.74 600.946 1621.79 698.2 2722.39 1732.45 1923.19 586.9
internal_count=314954 230675 84279 29705 119793 28600 54574 10501 44073 18438 27646 110882 19248 5679
is_linear=0
shrinkage=0.03


Tree=36
num_leaves=15
num_cat=0
split_feature=0 0 0 1 1 2 4 1 0 3 1 2 3 1
split_gain=1345.13 222.525 217.634 97.9829 58.7346 58.1981 54.602 70.0079 47.4801 43.3344 42.5111 39.7991 41.8078 37.2263
threshold=0.03048756612528682 0.067518082070855176 0.014825336921810166 0.19075609443328598 0.044824517426978176 4.4557997260308309 19.773814201354984 0.08195916041477927 0.26284409374999301 0.034422102458019896 0.097844703603682567 2.7566180936520674 -0.10124926489364049 0.04973843585427095
decision_type=2 2 2 2 2 2 2 2 2 2 2 2 2 2
left_child=2 10 -1 5 -4 6 -3 9 13 -8 11 -2 -13 -7
right_child=1 3 4 -5 -6 8 7 -9 -10 -11 -12 12 -14 -15
leaf_value=-0.021105691540780593 -0.01795270390801653 0.0015228200189952767 -0.0094169242832855219 0.025598017974324847 0.0022862139592886087 0.0088303749844146993 0.035089857913095095 0.0087320920818064283 0.033556257118410066 -0.00071479284542463526 0.012979905321654224 0.0069406594509322074 -0.0018776345957892291 0.020852949944062438
leaf_weight=1697.0775429056957 95.223649799823761 618.47276087850332 2182.9224350117147 596.7488607019186 468.84416123107076 448.52878239005804 166.67576475813985 750.90450209379196 144.03059095144272 37.215350430458784 305.44643351435661 847.18137171305716 1128.3178546093404 479.6834585480392
leaf_count=110882 2657 6536 100882 3054 13950 5396 1721 7695 630 394 4642 21679 30557 4279
internal_value=-0.000189915 0.00950614 -0.0127166 0.0146173 -0.00734776 0.0121404 0.00846697 0.0129651 0.0175302 0.0285546 0.00253205 0.000990913 0.00190404 0.0150434
internal_weight=9967.27 5618.43 4348.84 3242.26 2651.77 2645.51 1573.27 954.796 1072.24 203.891 2376.17 2070.72 1975.5 928.212
internal_count=314954 89240 225714 29705 114832 26651 16346 9810 10305 2115 59535 54893 52236 9675
is_linear=0
shrinkage=0.03


Tree=37
num_leaves=15
num_cat=0
split_feature=0 0 0 0 0 1 2 3 2 2 4 2 1 3
split_gain=1272.11 213.274 207.62 64.6826 58.6679 56.5434 36.2123 48.227 48.9646 40.4271 39.7638 82.1894 33.383 33.1131
threshold=0.03048756612528682 0.014825336921810166 0.13716156933077633 0.335223782970062 0.05552675474888958 0.034883529777279841 3.4642817149908187 -0.18586464666771596 4.6959702092721125 4.6537698512872794 18.352177619934086 5.602284844973167 0.17190381775328475 0.95987196336405156
decision_type=2 2 2 2 2 2 2 2 2 2 2 2 2 2
left_child=1 -1 4 -4 -2 -3 -6 8 9 -8 11 -9 -7 -13
right_child=2 5 3 -5 6 12 7 10 -10 -11 -12 13 -14 -15
leaf_value=-0.020902160937517938 0.0012137705348719758 -0.0097378987672996041 0.014678311421250121 0.029643524255869358 0.0009488105006236413 -0.00057789539970259452 0.030426745661012007 0.0099417344371540949 0.0064183691849581115 0.14937876753232837 0.0047941741793208516 0.035378869321294859 0.047793279375907764 0.085560582448304986
leaf_weight=1662.7165656080469 1862.9364340864122 1966.664944306016 1669.229283079505 307.87787374854088 409.09385491162539 653.4483765438199 168.37977967038751 253.82628322765231 107.69186308979988 2.6112862005829802 806.67955028265715 43.312218438833952 13.098284205421804 16.283898189663887
leaf_count=110882 49587 92045 12454 1283 6053 22547 2299 3120 1548 28 12339 375 240 154
internal_value=-0.000186932 -0.0124902 0.00917122 0.0170087 0.00494993 -0.00717861 0.00879988 0.011096 0.0222637 0.0322433 0.00831749 0.0173857 0.000372645 0.0490904
internal_weight=9943.85 4295.93 5647.92 1977.11 3670.82 2633.21 1807.88 1398.78 278.683 170.991 1120.1 313.422 666.547 59.5961
internal_count=314954 225714 89240 13737 75503 114832 25916 19863 3875 2327 15988 3649 22787 529
is_linear=0
shrinkage=0.03


Tree=38
num_leaves=15
num_cat=0
split_feature=0 0 0 1 1 0 1 2 2 2 4 1 2 4
split_gain=1204.44 207.369 195.162 94.6766 49.1642 47.016 46.5693 46.2069 39.2511 65.1653 35.3151 31.6042 30.0315 29.6189
threshold=0.029150875691678426 0.067518082070855176 0.014825336921810166 0.35989433896357897 0.057394417011418015 0.22544498706338162 0.075148730520930421 4.17529453053604 4.7707269955516622 3.9111225951759701 19.773814201354984 0.12493841268367335 3.9309723194508082 45.432149887084968
decision_type=2 2 2 2 2 2 2 2 2 2 2 2 2 2
left_child=2 6 11 5 -4 13 8 -8 9 -2 -7 -1 -13 -3
right_child=1 3 4 -5 -6 10 7 -9 -10 -11 -12 12 -14 -15
leaf_value=-0.020895524129770502 -0.0055046272133660685 0.0078928482715828648 -0.0090167053702280373 0.030679489654137894 0.0032453814161715077 0.010062510445701512 0.00079560469593416164 0.018743443206426482 -0.0037001803257108207 0.011091372150862889 0.024617603038236058 -0.015022432364071768 0.15652513137681892 0.015179188606501406
leaf_weight=1625.6708362353966 345.4529758002609 1659.5449103415012 2130.3818881269544 267.01137819886208 341.44695868901908 238.04878664016724 247.41949949041009 269.96059720590711 1112.2948741447181 555.10407546907663 405.74581298232079 1.9181749317795032 1.7621881999075411 719.91643222048879
leaf_count=110715 9518 17539 100684 1105 9091 1244 4939 3733 31526 14876 1974 91 76 7843
internal_value=-0.00018392 0.00859004 -0.0126362 0.0135557 -0.00732288 0.0120434 0.00213278 0.0101605 6.93466e-05 0.00472516 0.0192357 -0.0206967 0.067116 0.0100974
internal_weight=9921.68 5820.5 4101.18 3290.27 2471.83 3023.26 2530.23 517.38 2012.85 900.557 643.795 1629.35 3.68036 2379.46
internal_count=314954 94297 220657 29705 109775 28600 64592 8672 55920 24394 3218 110882 167 25382
is_linear=0
shrinkage=0.03


Tree=39
num_leaves=15
num_cat=0
split_feature=0 1 0 0 2 1 0 4 1 2 3 2 4 1
split_gain=1139.86 196.084 191.174 116.119 47.2909 57.4933 70.608 55.7806 76.5403 47.9721 74.6445 47.1046 46.9458 46.8484
threshold=0.029150875691678426 0.17190381775328475 0.014825336921810166 0.05552675474888958 4.4557997260308309 0.04973843585427095 0.13716156933077633 19.773814201354984 0.08195916041477927 5.602284844973167 0.66978457099911581 4.7707269955516622 15.972986698150637 0.057394417011418015
decision_type=2 2 2 2 2 2 2 2 2 2 2 2 2 2
left_child=2 3 -1 -2 7 6 11 -5 -9 10 -7 -6 -11 -4
right_child=1 -3 13 4 5 9 -8 8 -10 12 -12 -13 -14 -15
leaf_value=-0.020489698968154835 0.00039513065939462288 0.021923829127897657 -0.0088231115942934736 -0.0004798028437683604 0.030103749017801964 0.027964707123792069 0.024694194586015961 0.02462299262389522 0.0057932477210584738 0.05579963621955656 0.003276220450196171 7.0378032271618203e-06 0.02372973905077096 0.0031385094612317649
leaf_weight=1596.9722282253206 1968.6569949127734 817.13580526784062 2112.0929166357964 658.00594937801361 51.558683212846518 200.73742559179664 173.44612540304661 264.06257246807218 735.27070013433695 53.935379043221474 244.42000140994787 507.34255807101727 172.37597234174609 342.46581353805959
leaf_count=110882 54267 4689 100684 7583 753 2274 985 3106 8001 395 2023 8589 1632 9091
internal_value=-0.000180857 0.0082935 -0.0124106 0.00607914 0.00973457 0.0137861 0.00797271 0.00630282 0.0107688 0.0201265 0.0144091 0.00278346 0.0313728 -0.0071542
internal_weight=9898.48 5846.95 4051.53 5029.81 3061.16 1403.82 732.347 1657.34 999.333 671.469 445.157 558.901 226.311 2454.56
internal_count=314954 94297 220657 89608 35341 16651 10327 18690 11107 6324 4297 9342 2027 109775
is_linear=0
shrinkage=0.03


Tree=40
num_leaves=15
num_cat=0
split_feature=0 0 0 0 1 2 2 4 0 4 2 1 3 4
split_gain=1078.62 187.152 183.16 60.6445 55.7505 102.009 65.4572 62.1472 49.5415 45.4335 50.2329 44.6308 30.129 30.0667
threshold=0.029150875691678426 0.014825336921810166 0.13716156933077633 0.335223782970062 0.04973843585427095 4.533029415793675 4.7707269955516622 21.542462348937992 0.057734935732237383 12.805173397064211 5.602284844973167 0.057394417011418015 1.9985223992727577 4.326101779937745
decision_type=2 2 2 2 2 2 2 2 2 2 2 2 2 2
left_child=1 -1 4 -4 6 -6 7 -2 -9 10 -7 -3 -12 -8
right_child=2 11 3 -5 5 9 13 8 -10 -11 12 -13 -14 -15
leaf_value=-0.020280585613349146 -0.011436801256387774 -0.0086320813680619366 0.013131861695543645 0.027604872668373089 0.0021237653913056351 0.021062103086636537 0.064250772931299938 0.0066510107929787137 0.025640924679001378 0.012055255320405798 0.047788069010376528 0.0030354623930592987 0.12250356336302654 -0.0036983852092994395
leaf_weight=1565.5138227175921 132.68839409388602 2094.3416292946786 1705.7612531259656 307.54397428035736 1033.1357711199671 161.85718864016235 5.8880657013505688 547.8116873819381 159.68235511705279 507.45184662938118 38.191509649157524 343.45373557694256 5.5652393773198119 1267.6119300052524
leaf_count=110882 3592 100684 12454 1283 16799 1986 95 15444 2213 7465 307 9091 47 32612
internal_value=-0.000177989 -0.0121863 0.00800717 0.0153427 0.00418098 0.00814769 0.000903906 0.0074036 0.0109371 0.0168755 0.0287719 -0.00698828 0.0572908 -0.00338422
internal_weight=9876.5 4003.31 5873.19 2013.31 3859.88 1746.2 2113.68 840.182 707.494 713.066 205.614 2437.8 43.7567 1273.5
internal_count=314954 220657 94297 13737 80560 26604 53956 21249 17657 9805 2340 109775 354 32707
is_linear=0
shrinkage=0.03


Tree=41
num_leaves=15
num_cat=0
split_feature=0 0 1 0 2 0 4 1 1 2 1 4 2 3
split_gain=1020.71 183.11 177.202 101.76 44.2509 52.5798 50.6393 66.7105 50.2526 55.1744 42.7223 36.3946 43.8046 36.2749
threshold=0.029150875691678426 0.014825336921810166 0.17190381775328475 0.05552675474888958 4.4557997260308309 0.26284409374999301 19.773814201354984 0.08195916041477927 0.04973843585427095 4.7707269955516622 0.034883529777279841 12.805173397064211 5.602284844973167 0.95987196336405156
decision_type=2 2 2 2 2 2 2 2 2 2 2 2 2 2
left_child=1 -1 3 -2 6 8 -5 -8 9 13 -3 12 -10 -6
right_child=2 10 -4 4 5 -7 7 -9 11 -11 -12 -13 -14 -15
leaf_value=-0.020069703791947932 0.0003099286472956477 -0.0091549136235140067 0.02062235533535289 -0.00073602865303594044 0.04089947921668647 0.030242585684554547 0.022636166385244481 0.0052776793519188157 0.020269762239765548 0.0024527105022286934 -9.7304233813829733e-06 0.013158254253640833 0.057382818747237274 -0.016497667375160265
leaf_weight=1534.9688234543428 1973.470544045791 1804.6246404442936 825.52051345258951 661.40805536136031 56.576003916561604 141.92280428111553 272.23443949222565 743.30218038335443 104.63620357215405 604.09678310528398 616.8994355853647 463.81436645612121 39.400277327746153 12.014321357011793
leaf_count=110882 54267 88332 4689 7583 700 616 3106 8001 1037 9214 21443 4647 285 152
internal_value=-0.000175036 -0.0119635 0.00773237 0.00563476 0.00902521 0.0129173 0.00572377 0.00993096 0.0109971 0.0053478 -0.00682512 0.017249 0.0304218 0.0308458
internal_weight=9854.89 3956.49 5898.4 5072.88 3099.41 1422.46 1676.94 1015.54 1280.54 672.687 2421.52 607.851 144.036 68.5903
internal_count=314954 220657 94297 89608 35341 16651 18690 11107 16035 10066 109775 5969 1322 852
is_linear=0
shrinkage=0.03


Tree=42
num_leaves=15
num_cat=0
split_feature=0 0 1 0 1 2 0 4 1 1 2 1 3 3
split_gain=965.944 179.675 165.154 94.8136 55.3182 41.0373 49.735 47.1127 61.0459 46.1934 50.3063 36.6796 33.6635 32.6879
threshold=0.029150875691678426 0.013028082377881134 0.17190381775328475 0.05552675474888958 0.028564334647174536 4.4557997260308309 0.26284409374999301 19.773814201354984 0.08195916041477927 0.04973843585427095 4.7707269955516622 0.35989433896357897 2.7056927986617407 0.95987196336405156
decision_type=2 2 2 2 2 2 2 2 2 2 2 2 2 2
left_child=1 -1 3 -2 -3 7 9 -5 -9 10 13 -4 -11 -7
right_child=2 4 11 5 -6 6 -8 8 -10 12 -12 -13 -14 -15
leaf_value=-0.02120951420624825 0.00030054394473202678 -0.010584470476186525 0.015235007878483533 -0.00071434158885733286 -0.0015791435501690116 0.038413482062390772 0.029271604174338897 0.021596647588925672 0.005098848354955012 0.018779569816364642 0.002374334823398046 0.028441094448051412 -0.0053282924727658309 -0.016212093795919941
leaf_weight=1234.635268422775 1974.0319852493703 1722.5555082615465 539.39293613657355 661.0493428260088 953.88400758616626 58.401256613433361 142.22682730853558 276.70765131339431 746.2450435757637 557.74211178347468 605.29799603298306 291.62355487048626 57.504198580980301 11.861509189009665
leaf_count=91099 54267 90649 3469 7583 38909 700 616 3106 8001 5505 9214 1220 464 152
internal_value=-0.000172037 -0.0117422 0.00746916 0.00544508 -0.00737497 0.00870313 0.0124346 0.00552774 0.00956149 0.0105795 0.00516353 0.0198693 0.0165263 0.0291918
internal_weight=9833.16 3911.07 5922.08 5091.07 2676.44 3117.04 1433.03 1684 1022.95 1290.81 675.561 831.016 615.246 70.2628
internal_count=314954 220657 94297 89608 129558 35341 16651 18690 11107 16035 10066 4689 5969 852
is_linear=0
shrinkage=0.03


Tree=43
num_leaves=15
num_cat=0
split_feature=0 0 0 1 1 2 0 2 4 0 3 2 1 2
split_gain=914.199 175.96 156.633 53.0538 50.4541 110.951 50.288 48.1389 80.4291 38.3963 35.4298 126.987 39.1342 35.2765
threshold=0.029150875691678426 0.013028082377881134 0.15222803994887621 0.028564334647174536 0.066428860251042651 4.5847123115305619 0.335223782970062 4.7707269955516622 20.965220451354984 0.057734935732237383 -0.36517725829846159 3.688754438486332 0.042824688490979555 5.5720589661065594
decision_type=2 2 2 2 2 2 2 2 2 2 2 2 2 2
left_child=1 -1 4 -3 7 -6 10 8 -2 -10 11 -4 -13 -7
right_child=2 3 6 -5 5 13 -8 -9 9 -11 -12 12 -14 -15
leaf_value=-0.021008752229423014 -0.009023656510174876 -0.01037343718636503 0.014579100496627712 -0.001534086190954816 0.002647244556631683 0.015004966672450222 0.0257379204964172 -0.0020703274525224573 0.0069142150027143093 0.021688751584230427 0.008787107912735943 0.045718500014743133 0.108793544079353 0.032934663038021485
leaf_weight=1209.4235900146887 241.73651709780097 1705.1376202795655 510.54259780049324 952.46508907712996 1065.1272196695209 399.44663482904434 306.31992335617542 1485.466199811548 634.82188511453569 210.90177676826715 922.01015880703926 20.643683321774006 15.499856755137442 131.19791368767619
leaf_count=91099 5802 90649 3683 38909 14948 4821 1283 36144 17491 2713 6036 118 95 1163
internal_value=-0.000168955 -0.0115225 0.00721774 -0.00720548 0.00403988 0.00823069 0.0146811 0.00144067 0.00623668 0.0105986 0.012375 0.0184262 0.0727677 0.019438
internal_weight=9810.74 3867.03 5943.71 2657.6 4168.7 1595.77 1775.02 2572.93 1087.46 845.724 1468.7 546.686 36.1435 530.645
internal_count=314954 220657 94297 129558 83082 20932 11215 62150 26006 20204 9932 3896 213 5984
is_linear=0
shrinkage=0.03


Tree=44
num_leaves=15
num_cat=0
split_feature=0 0 0 1 1 1 2 0 1 4 2 2 4 2
split_gain=868.354 190.929 129.072 80.7554 53.6101 41.9058 44.5984 36.3636 30.8439 30.1378 40.1189 30.0788 29.6134 26.2831
threshold=0.02448430525336109 0.067518082070855176 0.013028082377881134 0.35989433896357897 0.057394417011418015 0.033263138688339709 3.9111225951759701 0.20411486806036533 0.17190381775328475 16.720572471618656 5.602284844973167 5.1479593768934366 45.359352111816413 4.8748652057561586
decision_type=2 2 2 2 2 2 2 2 2 2 2 2 2 2
left_child=2 5 -1 7 -4 13 -7 12 -6 10 -8 -9 -3 -2
right_child=1 3 4 -5 8 6 9 11 -10 -11 -12 -13 -14 -15
leaf_value=-0.020806015555166261 0.0019989464220231215 0.0054232481231395596 -0.010170699855672264 0.026931033127166666 0.0027702505394248578 -0.0033713799420822255 0.012121322003346324 0.012242871082327326 0.062980477660933717 0.0043443877053516893 0.052444728471389035 0.026625960209650107 0.012793766095163316 -0.0061276564256032926
leaf_weight=1184.9441634751856 597.7363127283752 1578.2498569823802 1782.9316234588623 264.79052586853504 241.48621058091521 509.33510627038777 290.60256136208773 685.07199922204018 7.9079820588231078 855.74167223460972 24.043626770377159 161.75442282855511 711.90922158583999 893.7205218821764
leaf_count=91099 19448 16557 98409 1105 7271 12340 5393 3696 172 20752 275 707 7640 30090
internal_value=-0.000166061 0.00608476 -0.0129366 0.0110214 -0.00834838 0.000789104 0.00403874 0.00967851 0.00467944 0.00726351 0.0152026 0.0149902 0.00771442 -0.00287073
internal_weight=9790.23 6572.96 3217.27 3401.78 2032.33 3171.18 1679.72 3136.99 249.394 1170.39 314.646 846.826 2290.16 1491.46
internal_count=314954 118003 196951 29705 105852 88298 38760 28600 7443 26420 5668 4403 24197 49538
is_linear=0
shrinkage=0.03


Tree=45
num_leaves=15
num_cat=0
split_feature=0 0 0 1 1 1 0 2 2 4 4 1 0 1
split_gain=823.656 178.222 126.619 76.8541 51.1148 39.4463 34.9682 33.7691 32.3555 55.9305 33.9083 31.6998 31.2802 27.2206
threshold=0.02448430525336109 0.067518082070855176 0.013028082377881134 0.35989433896357897 0.057394417011418015 0.097844703603682567 0.335223782970062 2.7566180936520674 4.7707269955516622 2.1881090402603154 32.20878982543946 0.054300363698988455 0.036690803781543692 0.17190381775328475
decision_type=2 2 2 2 2 2 2 2 2 2 2 2 2 2
left_child=2 5 -1 6 -4 7 -3 -2 10 -10 -9 -11 -12 -6
right_child=1 3 4 -5 13 -7 -8 8 9 11 12 -13 -14 -15
leaf_value=-0.020601343944494824 -0.017030665823989391 0.0084496390394672421 -0.0099641035176475205 0.026178830860670754 0.0026801491358777684 0.010048824328109621 0.020597820254744961 -0.0032082218130072516 0.083332209188831288 -0.0050882147423812014 0.0018977152374795195 0.0073123578201961222 0.013604514433523368 0.05774300947540776
leaf_weight=1161.1761836018413 106.24884309433401 2924.3619692698121 1765.5682189976797 264.23520059883595 242.10682841576636 364.53272392600775 230.02630423009396 417.12672944553196 6.7504364382475606 1232.7065590787679 446.54977761954069 218.40128788352013 380.40647105872631 8.3591796960681659
leaf_count=91099 3081 27646 98409 1105 7271 5609 954 10897 114 39795 16461 3742 8599 172
internal_value=-0.000162968 0.00588507 -0.0127101 0.0106374 -0.00816491 0.000764439 0.00933552 -0.000440772 0.000211595 -0.00282107 0.00376537 -0.00322185 0.00728294 0.00451784
internal_weight=9768.56 6591.35 3177.21 3418.62 2016.03 3172.72 3154.39 2808.19 2701.94 1457.86 1244.08 1451.11 826.956 250.466
internal_count=314954 118003 196951 29705 105852 88298 28600 82689 79608 43651 35957 43537 25060 7443
is_linear=0
shrinkage=0.03


Tree=46
num_leaves=15
num_cat=0
split_feature=0 0 0 1 1 1 0 4 2 4 4 2 0 3
split_gain=781.832 203.046 90.3357 79.2686 48.7817 44.0093 38.3255 28.3533 26.0445 50.7561 33.4784 27.7348 29.0967 35.8545
threshold=0.021557260180457886 0.057734935732237383 0.013028082377881134 0.35989433896357897 0.086889919440776203 0.057394417011418015 0.20411486806036533 21.542462348937992 4.7707269955516622 20.965220451354984 4.326101779937745 3.3304887508319116 0.036690803781543692 -0.62700727700557679
decision_type=2 2 2 2 2 2 2 2 2 2 2 2 2 2
left_child=2 4 -1 6 8 -4 -3 -8 9 -2 -10 -11 -13 -14
right_child=1 3 5 -5 -6 -7 7 -9 10 11 -12 12 13 -15
leaf_value=-0.020394784781733427 -0.010312343712641283 0.0067871645325743692 -0.011074658890692802 0.025320335204295878 0.009494534146686431 0.0048291132792120097 0.0074309589012129694 0.018574133680873749 0.050264954011721583 -0.0092676771688681055 -0.0052163908817323872 0.0018166480637062813 0.075961458145925143 0.010977238708950173
leaf_weight=1138.099366418086 290.23223510757089 2720.4116895981133 1354.9724477324635 272.25159767270088 387.92109155654907 177.0616802982986 344.75179308652878 508.81261865794659 9.8592350240796787 132.02486198395491 1363.0391238853335 702.71524449624121 7.8181011639535418 337.99511382356286
leaf_count=91099 8309 31622 80292 1144 6799 5641 1862 2541 193 4146 45801 27535 177 7793
internal_value=-0.000159971 0.00505843 -0.0139926 0.00971601 -0.000484981 -0.00923661 0.00852733 0.0140734 -0.00184634 0.000927515 -0.00481796 0.00369077 0.00532242 0.0124464
internal_weight=9747.97 7077.83 2670.13 3846.23 3231.61 1532.03 3573.98 853.564 2843.68 1470.79 1372.9 1180.55 1048.53 345.813
internal_count=314954 137922 177032 37169 100753 85933 36025 4403 93954 47960 45994 39651 35505 7970
is_linear=0
shrinkage=0.03


Tree=47
num_leaves=15
num_cat=0
split_feature=0 0 0 1 1 0 1 2 4 2 3 2 0 3
split_gain=742.9 190.482 88.7601 81.4098 42.0392 40.7994 32.9514 32.9225 38.9183 28.2038 26.4061 23.5894 25.7006 44.7913
threshold=0.021557260180457886 0.05045777639359985 0.013028082377881134 0.35989433896357897 0.057394417011418015 0.20411486806036533 0.086889919440776203 4.803159916624419 20.965220451354984 5.1479593768934366 0.4186589805808576 3.3304887508319116 0.036690803781543692 -0.62700727700557679
decision_type=2 2 2 2 2 2 2 2 2 2 2 2 2 2
left_child=2 6 -1 5 -4 -3 7 8 -2 -7 -8 -10 -13 -14
right_child=1 3 4 -5 -6 9 10 -9 11 -11 -12 12 13 -15
leaf_value=-0.020186384057934593 -0.0098596292869894339 0.0062061019099665382 -0.010859636953040168 0.0245959525529643 0.0046629294299863327 0.010958786243134741 0.0050612985725747173 -0.0060571548095691994 -0.0092439834765311729 0.024853936639181236 0.033321275620161531 0.0017239658772732831 0.091139619257535442 0.010615517554703502
leaf_weight=1115.6941008353606 249.49984392896295 3155.2945633381605 1340.5677673285827 277.10140569508076 177.85853115469217 695.52819781005383 265.11869643628597 1145.0809134803712 121.11838308908045 162.11166971921921 33.520424783229828 706.52753859199584 6.3601441979408255 276.34206715598702
leaf_count=91099 7416 40331 80292 1168 5641 3696 5088 40886 3923 707 388 27641 141 6537
internal_value=-0.000156993 0.00489503 -0.0137619 0.00886914 -0.00904142 0.00778317 -0.00118618 -0.00230918 0.000846868 0.0135853 0.00823331 0.00325266 0.00478272 0.0124271
internal_weight=9727.72 7093.6 2634.12 4290.04 1518.43 4012.93 2803.57 2504.93 1359.85 857.64 298.639 1110.35 989.23 282.702
internal_count=314954 137922 177032 45902 85933 44734 92020 86544 45658 4403 5476 38242 34319 6678
is_linear=0
shrinkage=0.03


Tree=48
num_leaves=15
num_cat=0
split_feature=0 0 0 1 1 0 1 2 4 2 3 3 2 2
split_gain=705.858 178.133 87.1591 77.3299 40.1479 38.2896 30.8841 31.1893 36.816 26.6561 23.9708 23.3818 32.7935 22.2216
threshold=0.021557260180457886 0.05045777639359985 0.013028082377881134 0.35989433896357897 0.057394417011418015 0.20411486806036533 0.086889919440776203 4.803159916624419 20.965220451354984 5.1479593768934366 0.4186589805808576 0.58479841241180963 4.4420746196097438 3.3304887508319116
decision_type=2 2 2 2 2 2 2 2 2 2 2 2 2 2
left_child=2 6 -1 5 -4 -3 7 8 -2 11 -8 12 -7 -10
right_child=1 3 4 -5 -6 9 10 -9 13 -11 -12 -13 -14 -15
leaf_value=-0.019976195595966917 -0.0096530260959932015 0.0059903686931971579 -0.010646590249254243 0.023915861689016424 0.0045031773626939206 0.012106830447596856 0.0048880679952396011 -0.005909422441499744 -0.0090455635012716782 0.024075007483499944 0.03150941745723216 0.00056138554059554388 0.05071221870249909 0.004617582087941904
leaf_weight=1093.9411234837025 247.22951472364366 3170.6214356049895 1326.5860549705103 276.44183743000031 178.63109549880028 516.91011510789394 266.26119699701667 1138.595857668668 120.07790496014059 162.33245673775673 34.371029324829578 161.27154789865017 20.592032968997955 993.61023349314928
leaf_count=91099 7416 40331 80292 1168 5641 2739 5088 40886 3923 707 388 861 96 34319
internal_value=-0.000153994 0.0047377 -0.0135321 0.00856643 -0.0088487 0.00751397 -0.00115299 -0.00224566 0.000819588 0.0131239 0.00793166 0.0105799 0.0135858 0.00314442
internal_weight=9707.47 7108.32 2599.16 4308.17 1505.22 4031.73 2800.15 2499.51 1360.92 861.106 300.632 698.774 537.502 1113.69
internal_count=314954 137922 177032 45902 85933 44734 92020 86544 45658 4403 5476 3696 2835 38242
is_linear=0
shrinkage=0.03


Tree=49
num_leaves=15
num_cat=0
split_feature=0 0 0 0 1 1 2 1 1 4 1 2 2 0
split_gain=670.609 167.191 85.5353 63.7535 42.6969 38.3326 37.1476 34.4636 28.412 28.2482 30.5454 27.654 37.1169 26.5894
threshold=0.021557260180457886 0.067518082070855176 0.013028082377881134 0.335223782970062 0.033263138688339709 0.057394417011418015 3.9111225951759701 0.17190381775328475 0.11278655911140352 45.432149887084968 0.10340151049677142 4.3569331353420546 3.9111225951759701 0.10330505114317359
decision_type=2 2 2 2 2 2 2 2 2 2 2 2 2 2
left_child=2 4 -1 7 11 -4 -6 9 -8 -3 13 12 -2 -11
right_child=1 3 5 -5 6 -7 8 -9 -10 10 -12 -13 -14 -15
leaf_value=-0.019764275902809689 -0.0077765083406256723 0.0042807141208908977 -0.010435583816048932 0.022443872718395805 -0.0032972341756844275 0.0043495604507730982 0.0044470327452688979 0.014251258976589087 0.018257727665327541 0.0085557984191272692 0.0043971649654986102 -0.0053110605265856798 0.010061906599402494 0.022937000029001346
leaf_weight=1072.8217656118795 169.08268661424518 1716.93926782161 1313.0151992980391 302.84247778356075 540.72439862415195 179.38012761063874 1148.5545028429478 641.09436191618443 151.78089524433017 220.11941197887063 352.10614824295044 1358.2431703954935 276.89544221945107 243.93147791922092
leaf_count=91099 5842 16935 80292 1283 13332 5641 28545 3531 1721 2941 3195 48884 9893 1820
internal_value=-0.000150941 0.00458603 -0.0133031 0.00929232 9.6961e-05 -0.00865847 0.0033111 0.00803756 0.00605908 0.00646495 0.0110599 -0.00318281 0.00329887 0.0161154
internal_weight=9687.53 7122.31 2565.22 3477.03 3645.28 1492.4 1841.06 3174.19 1300.34 2533.1 816.157 1804.22 445.978 464.051
internal_count=314954 137922 177032 29705 108217 85933 43598 28422 30266 24891 7956 64619 15735 4761
is_linear=0
shrinkage=0.03


Tree=50
num_leaves=15
num_cat=0
split_feature=0 0 1 1 0 1 0 2 4 3 4 0 2 4
split_gain=638.341 180.849 71.0892 67.3782 43.7199 35.4847 34.4717 34.0576 30.3185 27.3859 25.4729 23.7596 23.4471 26.2895
threshold=0.01971921524755196 0.049504773043415128 0.35989433896357897 0.042824688490979555 0.013028082377881134 0.086889919440776203 0.20411486806036533 4.7707269955516622 20.965220451354984 -0.083668114655416639 19.773814201354984 0.032362206121250438 5.5252935630885327 18.352177619934086
decision_type=2 2 2 2 2 2 2 2 2 2 2 2 2 2
left_child=3 5 6 4 -1 7 -3 8 -2 -7 -8 12 -11 -14
right_child=1 2 -4 -5 -6 9 10 -9 -10 11 -12 -13 13 -15
leaf_value=-0.020374929168937184 -0.0090642735971577064 0.0055532171206963158 0.022707688695790415 0.0016002192048497656 -0.011513909925019444 0.0028680177044222072 0.005447010548083513 -0.0064736809232535429 0.002168173470590094 0.035298070932248155 0.01615454254279311 0.013834704223099469 0.20246095966443489 0.048022677414156806
leaf_weight=1010.2485221587121 259.92011858150363 3258.2041257582605 275.49122492969036 217.50982366502285 994.41331983823329 232.92539558559656 313.08250766992569 1186.4400855060667 1287.8931890632957 15.604747824370863 553.41600601375103 59.020408540964127 1.7834478393197049 2.2354063801467419
leaf_count=87969 7982 41593 1170 10097 64090 4689 1656 44556 47308 290 2747 750 23 34
internal_value=-0.000147998 0.00406317 0.00795302 -0.0142587 -0.0159794 -0.00155637 0.00696755 -0.00264944 0.000281939 0.00803612 0.0122857 0.0233429 0.0519398 0.116558
internal_weight=9668.19 7446.02 4400.19 2222.17 2004.66 3045.82 4124.7 2734.25 1547.81 311.569 866.499 78.644 19.6236 4.01885
internal_count=314954 152798 47166 162156 152059 105632 45996 99846 55290 5786 4403 1097 347 57
is_linear=0
shrinkage=0.03


Tree=51
num_leaves=15
num_cat=0
split_feature=0 0 0 1 0 1 1 2 4 3 2 1 3 2
split_gain=607.212 169.293 67.905 65.217 43.1502 38.6218 33.2582 32.3159 29.1213 25.0066 24.9479 60.8784 53.6661 145.637
threshold=0.01971921524755196 0.049504773043415128 0.335223782970062 0.042824688490979555 0.013028082377881134 0.15280166308275098 0.086889919440776203 4.7707269955516622 45.063428878784187 -0.083668114655416639 4.5847123115305619 0.062600482694459073 -0.068333990005824463 3.8908402253256194
decision_type=2 2 2 2 2 2 2 2 2 2 2 2 2 2
left_child=3 6 5 4 -1 10 7 8 -2 -8 12 -12 13 -3
right_child=1 2 -4 -5 -6 -7 9 -9 -10 -11 11 -13 -14 -15
leaf_value=-0.020167206955908675 -0.0039422597383414566 0.0020818815775111733 0.021425176862239981 0.0015498242073263961 -0.011295612330917745 0.012013321692511193 0.0027750235618545682 -0.00631841807806889 0.004288935624728151 0.022194506793123726 0.0037199107796274649 0.016632863920966336 -0.0053152409794129532 0.033840641091853162
leaf_weight=990.33710455801338 755.35295964032412 994.10121358558536 301.59898969531059 217.83985125273466 983.39106033742428 941.63476354256272 233.50012562796474 1179.2375222742558 792.90355341695249 80.16911555826664 1014.076358307153 486.10146605595946 529.95069729909301 149.49661332368851
leaf_count=87969 25669 12112 1283 10097 64090 5960 4689 44556 29621 1097 15735 4344 5907 1825
internal_value=-0.000145092 0.00393432 0.00768478 -0.0140277 -0.015747 0.0066778 -0.00151282 -0.00257672 0.000273155 0.00773835 0.00509476 0.00790409 0.00257647 0.00623354
internal_weight=9649.69 7458.12 4416.96 2191.57 1973.73 4115.36 3041.16 2727.49 1548.26 313.669 3173.73 1500.18 1673.55 1143.6
internal_count=314954 152798 47166 162156 152059 45883 105632 99846 55290 5786 39923 20079 19844 13937
is_linear=0
shrinkage=0.03


Tree=52
num_leaves=15
num_cat=0
split_feature=0 0 1 1 0 1 0 2 1 2 2 3 2 2
split_gain=577.513 158.469 66.2133 63.1002 42.5609 32.6533 31.1336 25.855 25.8006 25.6234 24.5308 24.4691 80.2899 93.5908
threshold=0.01971921524755196 0.049504773043415128 0.35989433896357897 0.042824688490979555 0.013028082377881134 0.35989433896357897 0.22544498706338162 5.2311968443641534 0.028748600241350241 4.3569331353420546 3.9111225951759701 -0.012626999277428568 3.9111225951759701 4.7447146897862211
decision_type=2 2 2 2 2 2 2 2 2 2 2 2 2 2
left_child=3 5 6 4 -1 8 11 -8 9 -2 -10 12 -3 -14
right_child=1 2 -4 -5 -6 -7 7 -9 10 -11 -12 -13 13 -15
leaf_value=-0.019957678127394456 0.0022675951206933081 0.0036080446700348014 0.021709233217978768 0.0015010897535881241 -0.011079122127714175 0.0441303754066628 0.0094734654085559568 0.024234660100796741 -0.0051765131871304403 -0.0069713627288674595 0.0031934780196351733 0.0026778607855471844 0.034041709564709345 0.0082039983449385019
leaf_weight=971.00630726013333 362.42557467333972 1288.523725207895 274.04115261137486 218.15993725135922 972.69258880987763 14.067399546504019 542.39713209867477 132.97518041729927 431.72058863379061 1061.3308282475919 1167.0261062476784 1641.157855167985 194.30638476088643 359.82948581874371
leaf_count=87969 14674 14855 1170 10097 64090 75 2647 571 12686 43793 34404 20431 2362 5130
internal_value=-0.00014242 0.00380952 0.00742587 -0.0137974 -0.0155145 -0.00147015 0.00648477 0.0123798 -0.00168239 -0.00461953 0.000933272 0.00534196 0.00771473 0.0172639
internal_weight=9631.66 7469.8 4433.23 2161.86 1943.7 3036.57 4159.19 675.372 3022.5 1423.76 1598.75 3483.82 1842.66 554.136
internal_count=314954 152798 47166 162156 152059 105632 45996 3218 105557 58467 47090 42778 22347 7492
is_linear=0
shrinkage=0.03


Tree=53
num_leaves=15
num_cat=0
split_feature=0 0 1 1 0 1 0 2 1 2 4 2 2 1
split_gain=549.222 149.304 61.0278 58.7602 41.9529 40.6375 26.6088 25.9311 22.738 24.5191 21.6653 21.0353 19.8798 60.0459
threshold=0.01971921524755196 0.057734935732237383 0.042824688490979555 0.35989433896357897 0.013028082377881134 0.086889919440776203 0.335223782970062 5.1822047211719662 0.020153604642597241 2.7566180936520674 45.432149887084968 7.9942038044241732 4.610555579121475 0.062600482694459073
decision_type=2 2 2 2 2 2 2 2 2 2 2 2 2 2
left_child=2 5 4 6 11 8 10 -8 -2 -10 12 -1 -3 -14
right_child=1 3 -4 -5 -6 -7 7 -9 9 -11 -12 -13 13 -15
leaf_value=-0.019836613925693691 -0.0064420851314353099 0.0025216156388220587 0.0014539562671261044 0.021281837454365186 -0.010864511044373828 0.0079194045829908827 0.010005378839240279 0.032025324014967167 -0.016675027499830481 7.9573675292175577e-05 0.0096071387362553235 0.20062098197961789 -0.00046246803975560956 0.016024921383191251
leaf_weight=951.84972728602588 772.70673501305282 1586.6297479271889 218.47038139216602 267.18674370646477 962.30855421628803 424.01827996969223 160.49581551551819 68.749226227402687 81.451851058751345 2253.1698324847966 1067.2779199853539 0.38968976587057014 373.00550125911832 425.67922803014517
leaf_count=87933 31777 15657 10097 1144 64090 7294 653 301 2592 73966 11521 36 4650 3243
internal_value=-0.000139634 0.00368943 -0.0135679 0.00769737 -0.0152821 -0.000792556 0.00671156 0.016609 -0.00198137 -0.000504972 0.00605439 -0.0197464 0.00446475 0.0083249
internal_weight=9613.39 7480.37 2133.02 3949.02 1914.55 3531.35 3681.84 229.245 3107.33 2334.62 3452.59 952.239 2385.31 798.685
internal_count=314954 152798 162156 37169 152059 115629 36025 954 108335 76558 35071 87969 23550 7893
is_linear=0
shrinkage=0.03


Tree=54
num_leaves=15
num_cat=0
split_feature=0 0 1 0 0 1 2 2 4 1 4 1 2 1
split_gain=522.275 140.643 59.0006 51.1613 41.3285 41.0476 32.689 25.66 29.7487 23.6539 24.3391 30.2184 24.4431 29.2857
threshold=0.01971921524755196 0.072496289579001283 0.042824688490979555 0.335223782970062 0.013028082377881134 0.033263138688339709 3.9111225951759701 4.3569331353420546 38.923885345458991 0.17190381775328475 45.432149887084968 0.10340151049677142 5.8171260406941476 0.060755326672540223
decision_type=2 2 2 2 2 2 2 2 2 2 2 2 2 2
left_child=2 5 4 9 -1 7 -7 8 -2 10 -3 12 -12 -14
right_child=1 3 -4 -5 -6 6 -8 -9 -10 -11 11 -13 13 -15
leaf_value=-0.019533540007815743 -0.011564141188677299 0.0035483387122050214 0.0014083666746804806 0.019954795197000788 -0.010651847108105386 -0.0030566196597555714 0.0052573158769890866 -0.005184443827919296 0.0059151233715128539 0.012084679019827479 0.020811282684013024 0.0034629460670101372 0.0020536699812805782 0.047530723237299011
leaf_weight=934.0295493286103 109.63271868601441 1655.7438323572278 218.77147599309683 299.03452284634113 952.22983207087964 600.60243822820485 1460.9863416068256 1502.8833065517247 436.69352120533586 641.25514645129442 270.0736452229321 353.13213315606117 146.17874755710363 13.961437001824377
leaf_count=87969 3939 15487 10097 1283 64090 14711 33665 56609 16550 3467 2491 3104 1397 95
internal_value=-0.00013675 0.0035737 -0.0133394 0.00810768 -0.0150498 -0.000153565 0.00283522 -0.0031604 0.00240751 0.00695758 0.00560963 0.00996655 0.0153049 0.00601848
internal_weight=9595.21 7490.18 2105.03 3379.38 1886.26 4110.8 2061.59 2049.21 546.326 3080.34 2439.09 783.346 430.214 160.14
internal_count=314954 152798 162156 27324 152059 125474 48376 77098 20489 26041 22574 7087 3983 1492
is_linear=0
shrinkage=0.03


Tree=55
num_leaves=15
num_cat=0
split_feature=0 1 0 0 1 2 4 3 2 3 0 2 1 4
split_gain=496.879 104.302 98.4621 55.7035 36.3351 30.3445 42.7609 39.5943 34.6255 32.4649 63.9045 58.8094 41.508 28.6037
threshold=0.02448430525336109 0.17190381775328475 0.013028082377881134 0.048622911797418365 0.027420218306969394 4.3172880735256411 19.773814201354984 -0.075168296549545627 3.8908402253256194 -0.012626999277428568 0.091360669170586009 4.7707269955516622 0.06450228393477507 2.1881090402603154
decision_type=2 2 2 2 2 2 2 2 2 2 2 2 2 2
left_child=2 3 -1 -2 -4 6 -5 8 -8 10 13 -12 -13 -7
right_child=1 -3 4 5 -6 9 7 -9 -10 -11 11 12 -14 -15
leaf_value=-0.018464269893589843 -0.00093756677458092547 0.014078040681588475 -0.00986239978544836 -0.0035038150486986475 -0.0012593441134211869 0.08794304588530219 0.007183127962443134 -0.0039729661582229821 0.027091264545496499 0.0054010516899112423 0.058199291765286723 0.00099284030259713034 0.04193205960126286 0.0067376881355777282
leaf_weight=958.720195280388 2165.7027820665389 858.80894153565168 1187.8684104690328 697.47376036085188 703.51870139315724 3.9464816823601714 712.58327375352383 266.31470005586743 88.379994235932827 1432.3558431938291 48.370711892843246 55.61309888958931 37.197788566350937 361.52220010757446
leaf_count=91099 69259 4766 73346 8269 32506 45 7832 2854 975 17237 299 449 235 5783
internal_value=-0.000133962 0.00431316 -0.0106323 0.00288439 -0.00666241 0.0051192 0.00227285 0.00604795 0.00937983 0.00770975 0.0142367 0.031379 0.0174009 0.00761458
internal_weight=9578.38 6728.27 2850.11 5869.46 1891.39 3703.76 1764.75 1067.28 800.963 1939.01 506.65 141.182 92.8109 365.469
internal_count=314954 118003 196951 113237 105852 43978 19930 11661 8807 24048 6811 983 684 5828
is_linear=0
shrinkage=0.03


Tree=56
num_leaves=15
num_cat=0
split_feature=0 0 4 0 0 1 2 1 2 3 2 4 4 1
split_gain=473.544 124.397 56.7197 49.6983 38.2016 36.711 30.0175 24.2806 24.3138 38.4542 107.024 44.9927 27.9829 32.8995
threshold=0.01971921524755196 0.067518082070855176 27.184018135070804 0.335223782970062 0.012103239653757042 0.033263138688339709 3.9111225951759701 0.15280166308275098 4.5847123115305619 -0.068333990005824463 3.8065513663117008 23.098302841186527 19.773814201354984 0.08195916041477927
decision_type=2 2 2 2 2 2 2 2 2 2 2 2 2 2
left_child=2 5 -1 7 -4 -2 -7 8 9 10 12 -12 -3 -14
right_child=1 3 4 -5 -6 6 -8 -9 -10 -11 11 -13 13 -15
leaf_value=0.0024633734892738892 -0.0031599002299491927 -0.0049193449493817676 -0.019467733521946914 0.019161632596775644 -0.010778236797147962 -0.0032601255906213353 0.0049741453586190166 0.010554810866707332 0.0084287352626081953 -0.0050805813283969683 0.071214438381018638 0.023437995233754276 0.02098654391173178 0.0022499630610785938
leaf_weight=195.68234136234969 2000.2000085487962 335.17393394559622 799.30478977411985 297.76157560944557 1058.1135873543099 557.72149255312979 1395.1741698440164 898.52750727534294 962.79697810858488 442.26844740286469 21.563094519078732 100.06155682355165 107.52422310039401 391.22658082470298
leaf_count=9391 76437 3779 77888 1283 74877 14033 32623 5473 8936 4173 180 831 979 4071
internal_value=-0.000131307 0.00335919 -0.0128991 0.0074296 -0.0145176 -0.000303275 0.00262255 0.00635774 0.0047602 0.00223336 0.00561857 0.0319084 0.0017843 0.00628933
internal_weight=9563.1 7510 2053.1 3556.9 1857.42 3953.1 1952.9 3259.14 2360.61 1397.82 955.549 121.625 833.925 498.751
internal_count=314954 152798 162156 29705 152765 123093 46656 28422 22949 14013 9840 1011 8829 5050
is_linear=0
shrinkage=0.03


Tree=57
num_leaves=15
num_cat=0
split_feature=0 0 1 1 2 0 2 4 0 3 1 0 4 3
split_gain=450.107 117.436 55.2294 45.482 71.9708 39.5636 36.3955 44.212 30.9907 31.0361 26.5174 24.9997 21.8229 21.0951
threshold=0.01971921524755196 0.10330505114317359 0.02399168539863945 0.066428860251042651 4.8365596075973292 0.335223782970062 4.7707269955516622 20.965220451354984 0.036149405248603293 -0.42129093483217356 0.35989433896357897 0.012103239653757042 47.814531326293952 0.4186589805808576
decision_type=2 2 2 2 2 2 2 2 2 2 2 2 2 2
left_child=2 3 11 6 10 12 7 -2 9 -9 -5 -1 -3 -6
right_child=1 5 -4 4 13 -7 -8 8 -10 -11 -12 -13 -14 -15
leaf_value=-0.020061788953953174 -0.0095378069786170409 0.0060728365461914548 -0.0052021606041847794 -0.00053637313897047492 0.011033007147055032 0.018632492340298398 -0.0042929883647886673 -0.0078359643239556548 0.0091558483269097869 0.0041167132232347121 0.024155270066300891 -0.012065928797809678 0.015789733958614129 0.025690535060301278
leaf_weight=685.17669589910656 263.47875509597361 2138.9646785482764 618.71946758311242 867.08528562262654 269.61757936701179 297.04210276901722 1794.0436842255294 287.43182682059705 587.26656433194876 611.39035976119339 40.995452180504799 723.55731993168592 230.42732559144497 131.45551843941212
leaf_count=68264 7706 15737 40832 15566 3119 1283 56446 11880 11789 26052 189 53060 1690 1341
internal_value=-0.000128693 0.00325385 -0.0126735 0.000474729 0.00525303 0.0083117 -0.00129057 0.00178817 0.00379623 0.0002944 0.000578335 -0.0159549 0.00701782 0.0158372
internal_weight=9546.65 7519.2 2027.45 4852.77 1309.15 2666.43 3543.61 1749.57 1486.09 898.822 908.081 1408.73 2369.39 401.073
internal_count=314954 152798 162156 134088 20215 18710 113873 57427 49721 37932 15755 121324 17427 4460
is_linear=0
shrinkage=0.03


Tree=58
num_leaves=15
num_cat=0
split_feature=0 0 1 1 0 1 0 2 3 2 2 4 3 0
split_gain=427.763 111.294 55.3807 54.2445 38.9153 30.0637 24.5398 21.8707 23.664 25.9469 21.8468 39.4817 29.925 26.2382
threshold=0.01971921524755196 0.048622911797418365 0.35989433896357897 0.042824688490979555 0.012103239653757042 0.19075609443328598 0.20411486806036533 6.1009799498868658 0.58479841241180963 4.3566447200159999 4.7707269955516622 16.720572471618656 0.60980596144722166 0.026471791298415689
decision_type=2 2 2 2 2 2 2 2 2 2 2 2 2 2
left_child=3 5 6 4 -1 10 -3 8 9 -8 -2 12 -12 -14
right_child=1 2 -4 -5 -6 -7 7 -9 -10 -11 11 -13 13 -15
leaf_value=-0.019283757012503566 0.00046909221927238568 0.0041101921553212128 0.019255475240091524 0.001727176523043426 -0.010334702757669147 0.025816292113082527 0.0087703500060852604 0.024673265356456465 -0.00072714726412122894 0.027176554395390844 0.0040929821576431331 -0.0064222143041542494 0.13384575184448069 0.031701826129128634
leaf_weight=765.1062163952738 1717.5855844393373 3410.5096024107188 270.63181141018867 216.65268124267459 1020.8289819313213 36.157633114606142 522.04051025211811 80.100802913308144 199.29946611821651 79.414232447743416 77.107101202011108 1111.4274214822799 2.532481154426935 21.297708263620734
leaf_count=77588 59147 42820 1174 10097 74471 298 2687 348 1014 354 1539 43020 58 339
internal_value=-0.000126088 0.00315195 0.00609319 -0.0124488 -0.0141685 -0.00137181 0.00526312 0.00972704 0.00823194 0.0112006 -0.00170733 -0.00479071 0.0131739 0.0425569
internal_weight=9530.69 7528.1 4562 2002.59 1785.94 2966.11 4291.36 880.855 800.754 601.455 2929.95 1212.36 100.937 23.8302
internal_count=314954 152798 48397 162156 152059 104401 47223 4403 4055 3041 104103 44956 1936 397
is_linear=0
shrinkage=0.03


Tree=59
num_leaves=15
num_cat=0
split_feature=0 0 1 4 1 0 1 2 4 3 2 0 4 4
split_gain=407.021 115.448 52.5641 46.7417 33.3621 32.5232 26.5566 23.1249 43.4835 27.3328 25.7095 23.0885 21.8455 21.2886
threshold=0.018517776906466523 0.048622911797418365 0.35989433896357897 24.200347900390629 0.17190381775328475 0.0094259315309378564 0.23394685568695525 4.7707269955516622 16.720572471618656 0.60980596144722166 3.023323035761186 0.20411486806036533 46.277976989746101 19.773814201354984
decision_type=2 2 2 2 2 2 2 2 2 2 2 2 2 2
left_child=3 6 11 4 -1 -5 7 10 9 -9 -2 -3 -12 -13
right_child=1 2 -4 5 -6 -7 -8 8 -10 -11 12 13 -14 -15
leaf_value=0.0015042026820372215 -0.010795401867683137 0.0039740761651135704 0.018742743803163306 -0.021667850755335612 0.11157264339795724 -0.012011370763030497 0.0271532880764048 0.0049051275225997608 -0.006665462371504287 0.040782469010677454 -0.0011317393570366098 0.0032303409598078594 0.0059400000718602 0.012925542509846502
leaf_weight=138.66430467367172 171.4904430937022 3421.3353106174618 269.70836542546749 424.13793512340635 2.5234952494502059 1207.8004141207784 28.734413895756006 79.353542614728212 1148.0703532267362 25.173816183581948 1103.581958906725 319.46959510445595 610.70536576211452 563.13429732620716
leaf_count=7093 5432 42820 1174 43727 79 100057 191 1575 45573 407 38259 1656 24164 2747
internal_value=-0.000123379 0.00284643 0.00589519 -0.0130884 0.00347149 -0.0145211 -0.0015563 -0.00181916 -0.00497888 0.0135456 0.000279627 0.00509009 0.00138753 0.00941624
internal_weight=9513.88 7740.76 4573.65 1773.13 141.188 1631.94 3167.11 3138.38 1252.6 104.527 1885.78 4303.94 1714.29 882.604
internal_count=314954 163998 48397 150956 7172 143784 115601 115410 47555 1982 67855 47223 62423 4403
is_linear=0
shrinkage=0.03


Tree=60
num_leaves=15
num_cat=0
split_feature=0 1 0 0 4 2 4 3 2 3 0 2 4 1
split_gain=387.19 93.0677 66.4099 53.5047 28.3445 27.3265 37.1814 34.7046 29.3958 29.2623 55.4535 47.0001 27.0455 25.6199
threshold=0.021557260180457886 0.17190381775328475 0.013028082377881134 0.048622911797418365 28.216690063476566 4.3172880735256411 19.773814201354984 -0.075168296549545627 3.8908402253256194 -0.012626999277428568 0.11054037045464084 4.7537625751797847 2.1881090402603154 0.077321828328506495
decision_type=2 2 2 2 2 2 2 2 2 2 2 2 2 2
left_child=2 3 -1 -2 -4 6 -5 8 -8 10 12 -12 -7 -10
right_child=1 -3 4 5 -6 9 7 -9 13 -11 11 -13 -14 -15
leaf_value=-0.017391763301125358 -0.0012930889093092557 0.012470787490005769 0.0030598329803864718 -0.0037751688280113524 -0.0087143754551410116 0.076406513731926501 0.0061283750091519649 -0.0042814013006255858 0.018914632858370216 0.0045528744219330711 0.061958079126600403 0.018498494655254404 0.0071485648312460941 0.072251884812708292
leaf_weight=880.99178623501211 2608.8047277070582 869.61028422415257 218.64781527873129 700.71529402770102 1161.6487232428044 5.1380018927156916 727.41383943706751 268.20058825239539 83.220065854489803 1452.1337875388563 33.277273364365101 68.491825118660927 410.92725551873446 8.9796619862318021
leaf_count=91099 89127 4817 8509 8269 77424 51 7832 2854 908 17237 175 445 6140 67
internal_value=-0.000120788 0.00326503 -0.0109566 0.00200776 -0.00684927 0.00429891 0.00161426 0.00508585 0.00815108 0.0067363 0.0128591 0.0327093 0.00800383 0.0241093
internal_weight=9498.2 7236.91 2261.29 6367.3 1380.3 3758.5 1788.53 1087.81 819.614 1969.97 517.834 101.769 416.065 92.1997
internal_count=314954 137922 177032 133105 85933 43978 19930 11661 8807 24048 6811 620 6191 975
is_linear=0
shrinkage=0.03


Tree=61
num_leaves=15
num_cat=0
split_feature=0 0 4 0 1 0 2 1 4 2 3 1 3 0
split_gain=369.075 101.206 44.0633 40.1258 38.2917 32.0173 29.1949 27.9786 24.8116 23.4932 29.0328 21.335 20.9647 16.7742
threshold=0.018517776906466523 0.078457434348949626 24.200347900390629 0.335223782970062 0.033263138688339709 0.0094259315309378564 3.9111225951759701 0.17190381775328475 45.323627471923835 4.3569331353420546 -0.4390711876027496 0.11278655911140352 -0.21908210376243017 0.02448430525336109
decision_type=2 2 2 2 2 2 2 2 2 2 2 2 2 2
left_child=2 4 7 -3 8 -4 -6 -1 -2 10 -10 -8 -12 -11
right_child=1 3 5 -5 6 -7 11 -9 9 13 12 -13 -14 -15
leaf_value=0.0014982464535057119 -0.0071867942026189475 0.0056482646667334758 -0.021319484168920686 0.017268605770445748 -0.0027969105887367457 -0.011572230326414733 0.0033613841685642232 0.097242160362193353 -0.003655102867626965 -0.0093734397879504175 0.017361840082269233 0.013791988931192933 -0.010279631124450943 -0.00064583803334238108
leaf_weight=138.67713447287679 823.10120030120015 2973.230546541512 408.19728220347315 293.87511748075485 666.68607730045915 1180.1526442077011 1408.7499454654753 2.8024267069995394 158.94551332294941 268.63135655038059 174.75718993879855 201.7659178674221 28.758894518017769 755.89909828826785
leaf_count=7093 32100 23620 43727 1283 16055 100057 34151 79 6097 14285 7497 2185 989 25736
internal_value=-0.000118254 0.00267689 -0.0126482 0.00669351 -0.000247519 -0.0140772 0.00248263 0.00339474 -0.00306056 -0.000611882 0.00595239 0.00466813 0.0134558 -0.00293421
internal_weight=9484.23 7754.4 1729.83 3267.11 4487.3 1588.35 2277.2 141.48 2210.09 1386.99 362.462 1610.52 203.516 1024.53
internal_count=314954 163998 150956 24903 139095 143784 52391 7172 86704 54604 14583 36336 8486 40021
is_linear=0
shrinkage=0.03


Tree=62
num_leaves=15
num_cat=0
split_feature=0 0 1 4 0 1 1 2 0 2 1 2 2 3
split_gain=350.931 95.7931 50.5659 42.4173 31.5755 26.6266 23.8938 22.8108 22.4477 31.0035 37.6555 45.7165 40.577 59.1797
threshold=0.018517776906466523 0.044744343131997849 0.35989433896357897 24.200347900390629 0.0094259315309378564 0.028748600241350241 0.17190381775328475 4.3569331353420546 0.15222803994887621 3.9111225951759701 0.055793114199396455 3.9319236623295808 4.4557997260308309 0.044711687287097061
decision_type=2 2 2 2 2 2 2 2 2 2 2 2 2 2
left_child=3 5 8 6 -5 7 -1 -2 9 -3 -11 -12 13 -13
right_child=1 2 -4 4 -6 -7 -8 -9 -10 10 11 12 -14 -15
leaf_value=0.0014511948343990787 0.0014379359925821586 -0.0016045451847927447 0.017771029664652566 -0.021123893072486667 -0.011354396279586811 0.0011247111581338047 0.08614353532153253 -0.0069741724972720532 0.0072013369625796558 0.0016682764273379081 0.059176472807502635 0.047598797678641391 0.013064818489137162 -0.0089912599399901653
leaf_weight=138.87514294404536 403.27799100056291 951.16019459627569 270.85351206362247 399.74592106230557 1166.9128105705604 1474.2195014022291 3.0642103943973771 1033.907730627805 1671.4630620852113 1193.0503935683519 16.775660127401352 18.517500095069408 565.22414596751332 163.30904137343168
leaf_count=7093 17868 13766 1188 43727 100057 45253 79 46338 10356 21357 194 242 5531 1905
internal_value=-0.000115769 0.00259373 0.00517583 -0.0124244 -0.0138472 -0.001708 0.00327955 -0.00461371 0.00443089 0.00283851 0.0049981 0.0101991 0.00909926 -0.00322804
internal_weight=9470.36 7761.76 4850.35 1708.6 1566.66 2911.41 141.939 1437.19 4579.5 2908.04 1956.88 763.826 747.051 181.827
internal_count=314954 163998 54539 150956 143784 109459 7172 64206 53351 42995 29229 7872 7678 2147
is_linear=0
shrinkage=0.03


Tree=63
num_leaves=15
num_cat=0
split_feature=0 0 1 0 1 1 0 2 1 2 2 3 3 2
split_gain=334.431 98.9663 47.9648 33.1797 30.8713 21.395 21.0098 29.025 34.9862 40.3935 37.7426 51.2845 32.3468 30.8019
threshold=0.017449767602868257 0.044744343131997849 0.35989433896357897 0.0090440513244040965 0.028748600241350241 0.042824688490979555 0.15222803994887621 3.9111225951759701 0.055793114199396455 3.9319236623295808 4.5847123115305619 0.044711687287097061 0.044711687287097061 4.7707269955516622
decision_type=2 2 2 2 2 2 2 2 2 2 2 2 2 2
left_child=3 4 6 -1 -2 -5 7 -3 13 12 11 -11 -10 -9
right_child=1 2 -4 5 -6 -7 -8 8 9 10 -12 -13 -14 -15
leaf_value=-0.021089039816292073 -0.0048381051487873944 -0.0015584957109493805 0.017299582849258893 -0.012070907206768615 0.0011585409274604407 0.00083961822986665694 0.0069615138252525476 0.0099409367394662843 0.090856930808483505 0.042271737587019069 0.013020855074409853 -0.0067212919979453686 0.0088241282804058761 -0.0011712397399940683
leaf_weight=355.93943967856467 1554.2477097464725 949.90591810084879 269.90231174230576 1017.6730894837528 1536.4418327482417 130.31576483137906 1677.0861222222447 299.66412160173059 9.8410777896642703 21.349638108164072 536.88996407017112 193.6025732383132 7.7196617573499671 895.08296435512602
leaf_count=39557 72545 13766 1188 93300 48149 6864 10356 4557 109 268 5212 2198 85 16800
internal_value=-0.000113389 0.00234025 0.00500894 -0.0130866 -0.00185706 -0.0106053 0.0042864 0.00274683 0.00482897 0.00981832 0.00876779 -0.00185517 0.0547955 0.00161589
internal_weight=9455.66 7951.73 4861.04 1503.93 3090.69 1147.99 4591.14 2914.06 1964.15 769.403 751.842 214.952 17.5607 1194.75
internal_count=314954 175233 54539 139721 120694 100164 53351 42995 29229 7872 7678 2466 194 21357
is_linear=0
shrinkage=0.03


Tree=64
num_leaves=15
num_cat=0
split_feature=0 0 0 0 1 1 1 1 2 4 2 3 2 4
split_gain=318.215 92.9264 44.0667 32.6484 26.4487 21.8791 20.5715 19.5975 19.3586 19.8771 18.7097 58.0153 31.6666 38.928
threshold=0.017449767602868257 0.048622911797418365 0.335223782970062 0.0090440513244040965 0.028748600241350241 0.15280166308275098 0.042824688490979555 0.35989433896357897 4.3569331353420546 38.402330398559577 3.3095388555946266 -0.3555230824621789 4.5847123115305619 4.326101779937745
decision_type=2 2 2 2 2 2 2 2 2 2 2 2 2 2
left_child=3 4 5 -1 8 10 -5 -6 9 -2 -3 -12 -13 -14
right_child=1 2 -4 6 7 -7 -8 -9 -10 -11 11 12 13 -15
leaf_value=-0.020891048082779643 -0.014653377861554967 -0.0016569961135889455 0.016302334363174312 -0.011849865476523403 0.00074225083623917769 0.0082102699290791323 0.00081376676777849969 0.036352338816045479 -0.0064547695334815193 0.0031830818666889441 0.01500437892338218 -0.0022697226759840388 0.030929649719542537 0.0040980820975535558
leaf_weight=348.64424118865281 65.11651155538857 607.24313689954579 291.8107486218214 1005.7392088668421 1705.1439479645342 976.81330854445696 130.42025609035045 14.023395877331494 1132.1622693575919 412.09791322145611 382.37036733329296 839.75344938784838 50.319517605006695 1479.576112061739
leaf_count=39557 2891 7677 1283 93300 52306 5981 6864 76 52060 19503 4224 9303 423 19506
internal_value=-0.000111027 0.00226824 0.00501782 -0.0128605 -0.00155469 0.00425839 -0.0103962 0.00103273 -0.00431862 0.000749274 0.00310926 0.00416095 0.00241124 0.00498059
internal_weight=9441.23 7956.43 4627.89 1484.8 3328.54 4336.08 1136.16 1719.17 1609.38 477.214 3359.26 2752.02 2369.65 1529.9
internal_count=314954 175233 48397 139721 126836 47114 100164 52382 74454 22394 41133 33456 29232 19929
is_linear=0
shrinkage=0.03


Tree=65
num_leaves=15
num_cat=0
split_feature=0 0 1 0 1 1 3 1 4 0 2 3 2 2
split_gain=302.737 87.3925 44.4627 32.106 27.777 19.8121 20.3918 30.3619 27.7852 19.1505 21.9044 18.7748 51.167 64.5024
threshold=0.017449767602868257 0.044744343131997849 0.35989433896357897 0.0090440513244040965 0.028748600241350241 0.057394417011418015 -0.075168296549545627 0.10340151049677142 5.7754328250885019 0.22544498706338162 5.2311968443641534 -0.012626999277428568 3.9111225951759701 4.7447146897862211
decision_type=2 2 2 2 2 2 2 2 2 2 2 2 2 2
left_child=3 4 9 -1 -2 -5 -7 -8 -9 11 -11 12 -3 -14
right_child=1 2 -4 5 -6 6 7 8 -10 10 -12 -13 13 -15
leaf_value=-0.020690995172229172 -0.0046058527146580772 0.0018224827343179431 0.01656881988629753 -0.011400362783748293 0.001092039973079367 -0.0018902320216661491 0.021346835917849066 0.016093117434909463 0.27625748150150004 0.0060404539270322482 0.019725845851157241 0.00098110409168164535 0.023715562087715577 0.0047990608879536004
leaf_weight=341.56230723578483 1540.8099120315164 1394.6583663336933 268.24657467007637 1029.4149545421824 1539.2498015798628 85.125094899907708 8.6220481880009157 0.63730255048721918 0.87905555218458176 557.16627502441406 129.77600528299809 1834.4410320166498 257.06841457635164 439.75574856810272
leaf_count=39557 72545 16407 1188 95870 48149 3861 373 24 36 2647 571 24049 3206 6471
internal_value=-0.000108628 0.0021985 0.00469534 -0.0126355 -0.00175835 -0.0101891 0.00289984 0.0431187 0.166914 0.00400487 0.00862588 0.00319631 0.00513926 0.0117776
internal_weight=9427.41 7961.17 4881.11 1466.24 3080.06 1124.68 95.2635 10.1384 1.51636 4612.87 686.942 3925.92 2091.48 696.824
internal_count=314954 175233 54539 139721 120694 100164 4294 433 60 53351 3218 50133 26084 9677
is_linear=0
shrinkage=0.03


Tree=66
num_leaves=15
num_cat=0
split_feature=0 0 0 1 1 4 2 3 2 4 2 3 0 1
split_gain=288.102 85.6314 34.7861 32.0984 31.9016 20.5113 20.3439 22.4683 19.4014 22.3517 35.9861 25.028 18.8065 16.9654
threshold=0.017108714534232846 0.072496289579001283 0.335223782970062 0.02399168539863945 0.033263138688339709 45.323627471923835 4.0944278886117624 -0.47432277448704824 4.0936776593269721 16.720572471618656 5.602284844973167 0.51627652268260615 0.02448430525336109 0.097844703603682567
decision_type=2 2 2 2 2 2 2 2 2 2 2 2 2 2
left_child=3 4 -3 -1 5 -2 7 -7 -6 10 13 -12 -8 -10
right_child=1 2 -4 -5 8 6 12 -9 9 -11 11 -13 -14 -15
leaf_value=-0.015510508783420618 -0.0067686856093099297 0.0047150105655258687 0.015566797384765669 -0.0052329305403474025 -0.0017779789671575324 -0.0039368306574360332 -0.008679091207913622 0.011699183926718069 0.0021999482141243573 0.0017534819488046107 -0.0031754712252832556 0.057633013775394384 -0.0002831221554789385 0.015656842305901655
leaf_weight=1011.9838513443246 859.78051139693707 3186.0083371661603 290.0594017803669 374.77632074337453 807.21034513413906 137.87718399520963 348.32530464883894 206.71628989465535 213.66744222864509 1034.161796447821 8.3384035322815198 22.609024658799171 772.85916267521679 139.2796191200614
leaf_count=105569 36385 26041 1283 30273 20785 5947 19871 9561 4851 25588 81 233 26771 1715
internal_value=-0.0001063 0.00207514 0.00562053 -0.012733 -0.000632955 -0.00308998 -0.000932166 0.00544297 0.00193481 0.00404827 0.0102301 0.0412489 -0.00289155 0.00751029
internal_weight=9413.65 8026.89 3476.07 1386.76 4550.83 2325.56 1465.78 344.593 2225.27 1418.06 383.894 30.9474 1121.18 352.947
internal_count=314954 179112 27324 135842 151788 98535 62150 15508 53253 32468 6880 314 46642 6566
is_linear=0
shrinkage=0.03


Tree=67
num_leaves=15
num_cat=0
split_feature=0 1 0 1 1 2 3 2 4 0 3 2 2 1
split_gain=274.089 82.4218 48.5454 31.2282 22.5906 20.9395 66.1567 30.1953 37.096 34.675 32.2732 99.6375 26.1921 24.6965
threshold=0.017108714534232846 0.15280166308275098 0.041013497940326132 0.02399168539863945 0.35989433896357897 3.3542105165921368 -0.3629306813385958 4.5847123115305619 4.326101779937745 0.335223782970062 -0.075168296549545627 3.8908402253256194 5.2944047009505004 0.055793114199396455
decision_type=2 2 2 2 2 2 2 2 2 2 2 2 2 2
left_child=3 2 -2 -1 -3 -4 -7 10 12 13 11 -8 -9 -10
right_child=1 4 5 -5 -6 6 7 8 9 -11 -12 -13 -14 -15
leaf_value=-0.015279240710944062 -0.0022885640670740745 0.0070377002675760811 -0.0016594162916524385 -0.0051021933958389533 0.016830092939337928 0.014573866764080854 -0.0036929108872598079 0.010617748046995435 0.00030844476691575394 0.025573954460412378 -0.0062670182836881781 0.034315117488895479 0.051731508654455041 0.0077596420268032712
leaf_weight=996.7154176980257 2797.0582159562036 899.17094971239567 754.9135108795017 372.87732261139899 277.45218005776405 449.65280908346176 265.94673887081444 32.536607267335057 1161.2857358846813 62.724144250154495 614.38330250047147 80.975091818720102 24.406653828918934 610.95447041094303
leaf_count=105569 116501 6085 10251 30273 1251 5697 3336 295 21386 290 7144 949 189 5738
internal_value=-0.000103961 0.00201137 0.000752252 -0.0125085 0.00934678 0.00284831 0.00387861 0.00219309 0.004393 0.00365298 -0.00213647 0.00517855 0.0282397 0.00287714
internal_weight=9401.05 8031.46 6854.84 1369.59 1176.62 4057.78 3302.87 2853.21 1891.91 1834.96 961.305 346.922 56.9433 1772.24
internal_count=314954 179112 171776 135842 7336 55275 45024 39327 27898 27414 11429 4285 484 27124
is_linear=0
shrinkage=0.03


Tree=68
num_leaves=15
num_cat=0
split_feature=0 1 0 0 1 2 3 2 1 0 4 3 2 4
split_gain=260.779 78.1948 46.7393 29.2096 22.0438 20.1353 68.3447 32.5086 40.7719 33.2772 30.8268 23.1705 43.0197 20.1503
threshold=0.016993208841915502 0.15280166308275098 0.036690803781543692 0.0090440513244040965 0.35989433896357897 3.3095388555946266 -0.29095141904644534 4.5847123115305619 0.054300363698988455 0.10330505114317359 40.016086578369148 0.84599450460798986 5.5252935630885327 5.7754328250885019
decision_type=2 2 2 2 2 2 2 2 2 2 2 2 2 2
left_child=3 2 -2 -1 -3 -4 -7 -8 9 -9 -11 12 -12 -10
right_child=1 4 5 -5 -6 6 7 8 13 10 11 -13 -14 -15
leaf_value=-0.020202603748257844 -0.0026165764487988468 0.0068008074429776969 -0.0018455759974787044 -0.00986561405188369 0.016481935846783841 0.011531029480431819 -0.0033921087571273864 -0.0023067471882718266 0.022350506538944714 -0.0049010800425638582 0.059843547591846707 0.0042026513697019643 0.015012562057810855 0.0072830156806611849
leaf_weight=325.39123150985688 2448.4206521613523 902.37564573064446 774.10695205815136 1008.6783888814971 276.55127315968275 753.35470438189805 887.97540195472538 996.4511386603117 91.363988425582647 92.994702756404877 24.901125766336918 83.522227622568607 85.101338602602482 635.56628781557083
leaf_count=39557 107930 6086 11543 95082 1252 10561 11013 23176 760 645 161 541 581 6066
internal_value=-0.000101738 0.00193351 0.00070922 -0.0123869 0.0090718 0.00254929 0.00348106 0.00138833 0.00350033 0.00028406 0.00929431 0.0161156 0.0251609 0.00917677
internal_weight=9386.76 8052.69 6873.76 1334.07 1178.93 4425.34 3651.23 2897.88 2009.9 1282.97 286.519 193.525 110.002 726.93
internal_count=314954 180315 172977 134639 7338 65047 53504 42943 31930 25104 1928 1283 742 6826
is_linear=0
shrinkage=0.03


Tree=69
num_leaves=15
num_cat=0
split_feature=0 0 1 2 2 1 2 3 2 1 0 1 4 0
split_gain=248.042 73.9148 35.2002 38.3336 32.0096 29.0195 27.1477 38.7126 95.3381 27.3373 32.5107 25.4361 24.9792 28.483
threshold=0.016993208841915502 0.11877952139081414 0.047023053994409501 4.5847123115305619 4.7707269955516622 0.02399168539863945 5.6907410654167361 -0.068333990005824463 3.8908402253256194 0.35989433896357897 0.16626028719792083 0.060755326672540223 15.972986698150637 0.026708908189473163
decision_type=2 2 2 2 2 2 2 2 2 2 2 2 2 2
left_child=5 2 4 -4 12 -1 7 8 9 -3 -11 -8 -2 -14
right_child=1 6 3 -5 -6 -7 11 -9 -10 10 -12 -13 13 -15
leaf_value=-0.01488284063510566 -0.012306626137747486 0.0041626398804773274 -0.0006209132270189625 0.0073932534109093255 -0.0048878643981718067 -0.0048749149533371281 0.0087807163474001425 0.0001474865121285749 0.033966767411117961 -0.0084997619658750048 0.026146483028531925 0.02838363298068217 -0.0021709471942645193 0.00575932669023851
leaf_weight=959.98815868981183 119.83855252619833 1066.3071981593966 1202.9423099085689 970.55459106341004 1675.0742486808449 358.00836753100157 182.92409759014845 860.28072015941143 118.76230745017529 31.511562943458557 107.64040531218052 88.344664201140404 797.15306834224612 834.15018616244197
leaf_count=104867 4167 7967 22190 14773 57967 29772 1068 5479 655 127 510 433 43791 21188
internal_value=-9.95283e-05 0.00187446 -2.85987e-05 0.00295774 -0.00192305 -0.0121644 0.00621386 0.00510234 0.00832127 0.00579466 0.0183007 0.0151648 0.00091298 0.00188412
internal_weight=9373.48 8055.48 5599.71 2173.5 3426.22 1318 2455.77 2184.5 1324.22 1205.46 139.152 271.269 1751.14 1631.3
internal_count=314954 180315 164076 36963 127113 134639 16239 14738 9259 8604 637 1501 69146 64979
is_linear=0
shrinkage=0.03


Tree=70
num_leaves=15
num_cat=0
split_feature=0 1 0 0 4 1 0 2 3 2 2 3 0 4
split_gain=235.938 68.506 41.966 33.0466 22.5349 19.7107 18.856 16.2098 51.8168 24.9606 21.1737 29.4175 43.7225 25.6198
threshold=0.017778025611580438 0.17190381775328475 0.041013497940326132 0.0090440513244040965 27.184018135070804 0.020153604642597241 0.335223782970062 3.3095388555946266 -0.5006886143124748 4.803159916624419 3.04552143905476 -0.55750725420564418 0.11054037045464084 18.352177619934086
decision_type=2 2 2 2 2 2 2 2 2 2 2 2 2 2
left_child=3 2 5 -1 -5 -2 -3 10 9 -9 11 13 -13 -4
right_child=1 6 7 4 -6 -7 -8 8 -10 -11 -12 12 -14 -15
leaf_value=-0.019852212501559448 -0.0061704476003153572 0.0081364456216938968 -0.0077579822063696038 0.0030996190724109618 -0.010361328619944241 -0.00041538997064440589 0.021216173531445903 0.024740075628342 0.0027452512682415776 0.00077464084422973402 -0.0085052554151185782 -0.0036781541868493766 0.05608532531712996 0.0057679267999570134
leaf_weight=314.68107428587973 740.92462244350463 764.96101806685328 216.75417728349566 126.00744633097202 1001.8814548486844 1932.8283761451021 113.97568063437939 148.18433799594641 3360.1150596626103 53.13983977586031 241.95411242544651 22.462152522057295 21.62303402274847 301.12284970283508
leaf_count=39557 36789 4333 3103 6784 97146 72293 540 1812 44514 664 3105 481 130 3703
internal_value=-9.72966e-05 0.00193566 0.000949611 -0.0112559 -0.00885748 -0.00201018 0.00983255 0.00276246 0.00363101 0.0184144 -0.0010853 0.00210939 0.0256348 0.000106743
internal_weight=9360.62 7918.05 7039.11 1442.57 1127.89 2673.75 878.937 4365.36 3561.44 201.324 803.916 561.962 44.0852 517.877
internal_count=314954 171467 166594 143487 103930 109082 4873 57512 46990 2476 10522 7417 611 6806
is_linear=0
shrinkage=0.03


Tree=71
num_leaves=15
num_cat=0
split_feature=0 1 0 0 2 3 2 4 0 3 2 1 2 2
split_gain=224.629 67.9131 39.8399 28.2303 20.8558 44.3056 27.3536 37.5744 33.7251 23.765 57.9624 23.4798 33.1772 21.4142
threshold=0.016993208841915502 0.15280166308275098 0.031975438860107695 0.0090440513244040965 3.3095388555946266 -0.26164143081094299 4.5847123115305619 4.326101779937745 0.335223782970062 -0.075168296549545627 3.8908402253256194 0.054300363698988455 4.7361545868215922 5.2944047009505004
decision_type=2 2 2 2 2 2 2 2 2 2 2 2 2 2
left_child=3 2 -2 -1 -4 -6 9 13 11 10 -7 12 -9 -8
right_child=1 -3 4 -5 5 6 7 8 -10 -11 -12 -13 -14 -15
leaf_value=-0.019642424229082439 -0.0028826172767905862 0.0084050689684712979 -0.0022850094943906891 -0.0092365041002309516 0.0085696767124530462 -0.0047040504940372759 0.010721130540142126 0.022621857785946883 0.024295418656550775 -0.0063423253289153821 0.028029518356900329 0.0062804977333490936 -0.0014784786514105196 0.046448260754167324
leaf_weight=308.59330184943974 2049.675905643031 1182.3841965124011 809.20283235609531 979.06558918207884 972.31737165898085 167.31474047340453 35.065113553777337 53.47033472545445 61.117698565125465 629.44107698462903 68.666563788428903 672.86453687027097 1333.2355406861752 26.517345260828733
leaf_count=39557 95678 7338 12708 95082 15292 2343 337 982 288 7617 1114 6607 29803 208
internal_value=-9.51218e-05 0.00176342 0.000621809 -0.0117303 0.0021092 0.00299373 0.00121481 0.00300461 0.00233379 -0.00329837 0.00482086 0.00168208 -0.000549188 0.0261052
internal_weight=9348.93 8061.27 6878.89 1287.66 4829.21 4020.01 3047.69 2182.27 2120.69 865.422 235.981 2059.57 1386.71 61.5825
internal_count=314954 180315 172977 134639 77299 64591 49299 38225 37680 11074 3457 37392 30785 545
is_linear=0
shrinkage=0.03


Tree=72
num_leaves=15
num_cat=0
split_feature=0 1 0 1 2 4 0 2 0 4 3 1 2 3
split_gain=213.544 64.2895 44.1587 27.9718 20.3333 34.2025 29.1044 23.0479 18.9261 20.266 19.1574 18.6488 17.8939 34.0554
threshold=0.016993208841915502 0.19075609443328598 0.048622911797418365 0.021765085899196415 4.7707269955516622 16.720572471618656 0.030843747354178795 3.3304887508319116 0.036690803781543692 3.4867182970047002 -0.5379433097238745 0.047887010685607197 4.5847123115305619 -0.068333990005824463
decision_type=2 2 2 2 2 2 2 2 2 2 2 2 2 2
left_child=3 2 4 -1 7 6 11 -2 -9 -10 -11 -6 13 -4
right_child=1 -3 12 -5 5 -7 -8 8 9 10 -12 -13 -14 -15
leaf_value=-0.014590324093810805 -0.007486914793159067 0.010390590539351039 0.0036838782802905232 -0.0050873142291413985 -0.010984452763616977 -0.0061877887262911588 0.0037449287686520255 -8.1268745477464192e-05 -0.022042173476032323 0.031330727775733432 0.0070586063577478013 0.057456978563621641 0.0052456812318242519 -0.0043200369077149746
leaf_weight=860.63070609979331 303.23859809525311 701.01666599884629 1552.794346915558 412.32173156831414 4.55631029698998 1152.8835389008746 87.244664747267962 1421.6945903934538 19.506728354841471 32.416433556005359 301.13268112391233 16.774274175986648 1779.8283546864986 691.49475890211761
leaf_count=98384 10384 3646 16542 36255 200 48640 1471 62473 544 695 6849 336 21570 6965
internal_value=-9.30682e-05 0.00170938 0.000882926 -0.0115122 -0.00166733 -0.00467183 0.011425 0.000156582 0.00146257 0.00767934 0.00941753 0.0428376 0.00299927 0.00121777
internal_weight=9337.53 8064.58 7363.57 1272.95 3339.45 1261.46 108.575 2077.99 1774.75 353.056 333.549 21.3306 4024.12 2244.29
internal_count=314954 180315 176669 134639 131592 50647 2007 80945 70561 8088 7544 536 45077 23507
is_linear=0
shrinkage=0.03


Tree=73
num_leaves=15
num_cat=0
split_feature=0 0 1 2 2 0 4 2 2 3 2 1 4 1
split_gain=202.969 62.0591 29.5219 43.5042 30.8511 27.776 27.5713 49.3751 27.2157 40.4514 77.6337 28.3983 25.7996 23.5503
threshold=0.016993208841915502 0.13716156933077633 0.047023053994409501 3.8056397407639295 4.7707269955516622 0.0090440513244040965 15.972986698150637 5.602284844973167 5.6907410654167361 -0.068333990005824463 3.8908402253256194 0.35989433896357897 45.219354629516609 0.014240469899744626
decision_type=2 2 2 2 2 2 2 2 2 2 2 2 2 2
left_child=5 2 4 -4 12 -1 7 -5 9 10 11 -3 -2 -14
right_child=1 8 3 6 -6 -7 -8 -9 -10 -11 -12 -13 13 -15
leaf_value=-0.019284687397936321 -0.0031995425392406713 0.0042910382548285156 -0.0026686347906344854 0.0075857384432062034 -0.0046011548847227079 -0.0088097132236055684 0.0025836681498872137 0.034387080162916202 0.016090056150219259 -0.00044165850866241014 0.033959712741168817 0.019376890018276912 -0.012775639516595187 0.0053398663903554983
leaf_weight=298.72507199691609 745.8296162635088 959.11572154611349 888.5823322609067 494.71846271492541 1700.2676593586802 959.94929446280003 958.23194143734872 70.705551449209452 216.00501450896263 778.40576764196157 97.827826417982578 127.19793993234634 69.231644259765744 962.49740005284548
leaf_count=39557 28511 6766 15563 7165 58300 95082 15709 492 1080 4793 499 599 3027 37811
internal_value=-9.1046e-05 0.00165685 5.67455e-05 0.00260696 -0.0017121 -0.0112958 0.00568364 0.0109372 0.00598299 0.00487057 0.00836261 0.00605746 0.00105134 0.00412427
internal_weight=9327.29 8068.62 5890.06 2412.24 3477.83 1258.67 1523.66 565.424 2178.55 1962.55 1184.14 1086.31 1777.56 1031.73
internal_count=314954 180315 166578 38929 127649 134639 23366 7657 13737 12657 7864 7365 69349 40838
is_linear=0
shrinkage=0.03


Tree=74
num_leaves=15
num_cat=0
split_feature=0 1 1 0 0 4 4 0 2 4 3 4 3 2
split_gain=193.732 53.5766 41.1815 30.0586 17.507 17.3453 31.7451 19.5367 16.7767 31.7896 25.9528 27.639 22.1128 34.1634
threshold=0.01971921524755196 0.19075609443328598 0.021765085899196415 0.048622911797418365 0.0090440513244040965 16.720572471618656 47.814531326293952 0.335223782970062 4.3172880735256411 19.773814201354984 -0.075168296549545627 49.724178314208991 2.7056927986617407 6.1861571809249876
decision_type=2 2 2 2 2 2 2 2 2 2 2 2 2 2
left_child=2 3 4 -2 -1 7 -7 -3 9 -5 -11 -12 -10 -14
right_child=1 5 -4 8 -6 6 -8 -9 12 10 11 -13 13 -15
leaf_value=-0.019763478979710283 -0.0011866136537113611 0.010775774724213759 -0.0033443272563809688 -0.0040283164875956007 -0.010728129000811108 -0.0013985480656876356 0.030937034361881936 0.028827486672573628 0.0055174163328941548 0.0063129012810108588 -0.0056508540605571525 0.047166817295842656 -0.016968184268605607 0.015989260194133062
leaf_weight=255.28105325764045 2877.412097459659 408.96872447431087 655.85867337649688 747.93636876530945 791.13420169427991 196.94997546076775 31.726601075381041 62.159412264823914 1944.1216339021921 918.30613540112972 281.20844523981214 9.2087488733232004 94.119773462414742 40.482583865523338
leaf_count=34927 104103 2117 49532 8566 77697 1020 164 317 23049 9261 2916 80 752 453
internal_value=-8.90159e-05 0.00195687 -0.00923825 0.00115611 -0.0129324 0.00986695 0.00308769 0.0131575 0.00282657 0.000832813 0.00384079 -0.00397607 0.00470326 -0.00705601
internal_weight=9314.87 7612.6 1702.27 6912.8 1046.42 699.805 228.677 471.128 4035.38 1956.66 1208.72 290.417 2078.72 134.602
internal_count=314954 152798 162156 149180 112624 3618 1184 2434 45077 20823 12257 2996 24254 1205
is_linear=0
shrinkage=0.03


Tree=75
num_leaves=15
num_cat=0
split_feature=0 0 1 0 1 3 4 2 3 4 2 0 2 2
split_gain=184.798 61.5485 29.0874 25.4236 25.0125 22.0422 22.7266 35.0055 40.1276 21.8014 21.5671 22.7211 20.5591 20.0168
threshold=0.015389346352760685 0.086101890696074282 0.033263138688339709 0.335223782970062 0.042184518961699578 -0.075168296549545627 20.4044303894043 4.3172880735256411 0.053725894503136286 45.323627471923835 4.0944278886117624 0.02448430525336109 3.5153887881862489 2.9449388261890257
decision_type=2 2 2 2 2 2 2 2 2 2 2 2 2 2
left_child=4 2 9 -3 -1 -6 7 -7 -9 -2 13 -12 -4 -11
right_child=1 3 12 -5 5 6 -8 8 -10 10 11 -13 -14 -15
leaf_value=-0.013712731920093276 -0.0064962431219877286 0.0038419304396375346 -0.0035606839649347495 0.013283927507393625 -0.0015625727985821196 -0.0049397636810785735 0.015746335890447254 0.07234745585008838 0.37200106401236427 -0.020466169186020577 -0.008674416818820337 8.5587869605520818e-05 0.0029701253190700036 0.0068051604931391669
leaf_weight=914.04731730371714 953.82173179090023 2848.7583250850439 549.41590781789273 282.06941188871861 66.4473139885813 1.1742703951895221 5.8480452988296747 0.87425207719206788 0.74489885102957487 25.826977088116109 398.32809274736792 805.05301549844444 2061.9490195354447 389.98441554699093
leaf_count=111609 42797 21185 13308 1283 4870 80 469 49 41 1097 24694 27323 46922 19227
internal_value=-8.69376e-05 0.00137127 -0.000634472 0.0046926 -0.0123454 0.00429903 0.049371 0.119764 0.210205 -0.00289827 -0.000778804 -0.00281404 0.00159608 0.00511128
internal_weight=9304.34 8315.21 5184.38 3130.83 989.136 75.0888 8.64147 2.79342 1.61915 2573.01 1619.19 1203.38 2611.36 415.811
internal_count=314954 197836 175368 22468 117118 5509 639 170 90 115138 72341 52017 60230 20324
is_linear=0
shrinkage=0.03


Tree=76
num_leaves=15
num_cat=0
split_feature=0 1 0 1 3 1 2 3 2 4 0 3 2 1
split_gain=175.897 58.746 38.2068 23.995 20.2888 18.4833 18.4421 39.1684 23.9956 33.3843 30.0313 21.0681 52.0917 19.3111
threshold=0.015389346352760685 0.15280166308275098 0.031975438860107695 0.042184518961699578 -0.25750981338437212 0.35989433896357897 3.3095388555946266 -0.26164143081094299 4.5847123115305619 4.326101779937745 0.335223782970062 -0.075168296549545627 3.8908402253256194 0.054300363698988455
decision_type=2 2 2 2 2 2 2 2 2 2 2 2 2 2
left_child=3 2 -2 -1 -5 -3 -4 -8 11 -10 13 12 -9 -11
right_child=1 5 6 4 -6 -7 7 8 9 10 -12 -13 -14 -15
leaf_value=-0.013484712948849681 -0.0029103948849055986 0.0054743578744222187 -0.0023327991761235103 -0.0040553061265979759 0.033705001633323843 0.014401028578366242 0.0078274575841509736 -0.004797819415007851 0.024098446561421814 -0.00065260710219127436 0.022971324680127945 -0.0061702062563150856 0.025908329334346437 0.0055089722212178912
leaf_weight=901.80541480379179 2273.094825444743 919.83439813181758 808.86303035542369 59.099399507045746 16.349168187007308 270.04425188526511 986.48665107041597 167.62632534280419 63.255991242825985 1388.5142704378814 59.640141367912292 626.09459069371223 70.693192793056369 682.95695063471794
leaf_count=111609 113157 6125 12708 4346 1163 1255 15292 2343 545 30785 288 7617 1114 6607
internal_value=-8.50875e-05 0.00132959 0.000299409 -0.012125 0.00412708 0.00750028 0.0018025 0.00262936 0.000952925 0.00262063 0.00198312 -0.00328064 0.00431061 0.00137884
internal_weight=9294.36 8317.1 7127.23 977.254 75.4486 1189.88 4854.13 4045.27 3058.78 2194.37 2131.11 864.414 238.32 2071.47
internal_count=314954 197836 190456 117118 5509 7380 77299 64591 49299 38225 37680 11074 3457 37392
is_linear=0
shrinkage=0.03


Tree=77
num_leaves=15
num_cat=0
split_feature=0 0 1 2 1 2 3 2 4 3 4 2 1 3
split_gain=167.366 55.8886 28.7741 29.0803 23.0574 22.8634 35.4951 61.4168 22.6204 22.423 22.1089 55.2039 26.1807 22.2213
threshold=0.015389346352760685 0.12738665859774409 0.033263138688339709 3.5153887881862489 0.042184518961699578 5.6907410654167361 0.69961576241892831 4.3566447200159999 45.323627471923835 -0.39009601458843779 17.472042083740238 5.602284844973167 0.086889919440776203 -0.068333990005824463
decision_type=2 2 2 2 2 2 2 2 2 2 2 2 2 2
left_child=4 2 8 -4 -1 6 7 -3 -2 -9 11 12 -5 -12
right_child=1 5 3 10 -6 -7 -8 9 -10 -11 13 -13 -14 -15
leaf_value=-0.013257507521148536 -0.0060668655657323805 0.0044164423145931168 -0.0035237673956273531 -0.0013653518451805468 0.003983179078422174 0.013925176317743863 -0.0039255036624697712 0.05367145829308749 -0.00041366940727987267 0.020201989535666518 0.0048965121661422115 0.030105848649949595 0.010101035194633306 -0.0019606821935695892
leaf_weight=889.92425994062796 1015.6114616589621 1561.1317656338215 750.90978554077446 344.6918189432472 75.757319756317884 243.70664992183447 391.64641809463501 21.414532363414764 1708.8858061516657 113.48874058574438 805.02840149588883 85.434315178543329 373.30060228146613 901.7486287066713
leaf_count=111609 43468 10641 15515 7686 5509 1272 2331 109 73188 637 19908 662 4653 17766
internal_value=-8.31703e-05 0.00128945 -0.000245349 0.00165585 -0.011905 0.00522991 0.00421486 0.00609462 -0.00252101 0.0255149 0.0032053 0.0073089 0.00459628 0.00127362
internal_weight=9282.68 8317 5985.61 3261.11 965.682 2331.39 2087.68 1696.04 2724.5 134.903 2510.2 803.427 717.992 1706.78
internal_count=314954 197836 182846 66190 117118 14990 13718 11387 116656 746 50675 13001 12339 37674
is_linear=0
shrinkage=0.03


Tree=78
num_leaves=15
num_cat=0
split_feature=0 1 1 0 0 4 4 0 2 4 3 4 3 2
split_gain=159.254 45.6505 37.3727 24.0864 16.9791 16.0235 29.5014 18.7637 14.6365 29.5611 23.325 25.311 20.6827 32.0526
threshold=0.01971921524755196 0.19075609443328598 0.021765085899196415 0.048622911797418365 0.0090440513244040965 16.720572471618656 47.814531326293952 0.335223782970062 4.3172880735256411 19.773814201354984 -0.075168296549545627 49.724178314208991 2.7056927986617407 6.1861571809249876
decision_type=2 2 2 2 2 2 2 2 2 2 2 2 2 2
left_child=2 3 4 -2 -1 7 -7 -3 9 -5 -11 -12 -10 -14
right_child=1 5 -4 8 -6 6 -8 -9 12 10 11 -13 13 -15
leaf_value=-0.019110853530857962 -0.0010954767847824616 0.0099137579648126781 -0.0029075035148184588 -0.004058839141294221 -0.0099689503122354362 -0.0017909913233709802 0.029260840821081279 0.027798273932575144 0.0050231543157552945 0.0058455235403250252 -0.0055415734819625508 0.044266221627717831 -0.016822036007901282 0.01502525269468912
leaf_weight=240.5691349003464 2868.2896912004799 409.99721097201109 645.50832277722657 747.5280902851373 762.01665549306199 197.2271043471992 32.005208134651184 60.600468784570694 1958.5410123877227 926.28889162279665 280.11888172104955 9.4936308823525888 93.567085724323988 40.863497331738472
leaf_count=34927 104103 2117 49532 8566 77697 1020 164 317 23049 9261 2916 80 752 453
internal_value=-8.13079e-05 0.00174658 -0.00853762 0.00100862 -0.0121625 0.00904858 0.00254444 0.0122168 0.00249644 0.000635875 0.00352215 -0.00390885 0.00424184 -0.00714127
internal_weight=9272.61 7624.52 1648.09 6924.69 1002.59 699.83 229.232 470.598 4056.4 1963.43 1215.9 289.613 2092.97 134.431
internal_count=314954 152798 162156 149180 112624 3618 1184 2434 45077 20823 12257 2996 24254 1205
is_linear=0
shrinkage=0.03


Tree=79
num_leaves=15
num_cat=0
split_feature=0 1 0 1 3 1 3 2 0 4 4 2 0 2
split_gain=152.391 51.3199 32.735 21.8491 18.4418 17.2795 16.9093 25.2279 19.6797 18.2389 21.4303 17.9435 16.8861 16.6914
threshold=0.015389346352760685 0.15280166308275098 0.031975438860107695 0.042184518961699578 -0.25750981338437212 0.12493841268367335 1.9985223992727577 4.8365596075973292 0.335223782970062 47.814531326293952 10.808771610260012 5.1822047211719662 0.069839362470638836 3.3542105165921368
decision_type=2 2 2 2 2 2 2 2 2 2 2 2 2 2
left_child=3 2 -2 -1 -5 -6 7 8 9 10 -3 -8 -9 -4
right_child=1 6 13 4 5 -7 11 12 -10 -11 -12 -13 -14 -15
leaf_value=-0.012843825996675598 -0.0027312273182721471 0.0086417200756090506 -0.0021684871040999767 -0.0039775318772098996 0.0230896861269222 0.1400835350051832 -0.024109704808788501 0.0074293834597971911 0.018022982731175297 0.020572732375328036 -0.00070933535830164818 0.012413177061190316 0.036153954938006758 0.0024495470307255005
leaf_weight=869.05296984594315 2258.762295612134 441.61258136481047 854.40622620284557 58.928760030306876 15.682660302147271 1.2249278631061304 31.179772675037384 31.162382066249847 119.27513642609119 63.869936857372522 440.67364927381277 19.791044615209103 45.04127137362957 4012.2095925789326
leaf_count=111609 113157 2712 13342 4346 1129 34 156 160 576 405 3066 97 208 63957
internal_value=-7.93782e-05 0.00121753 0.000253479 -0.0114962 0.00394677 0.0315657 0.00697737 0.00773217 0.00653949 0.00509185 0.00397117 -0.00992853 0.0244075 0.00163878
internal_weight=9262.87 8317.98 7125.38 944.889 75.8363 16.9076 1192.61 1141.63 1065.43 946.156 882.286 50.9708 76.2037 4866.62
internal_count=314954 197836 190456 117118 5509 1163 7380 7127 6759 6183 5778 253 368 77299
is_linear=0
shrinkage=0.03


Tree=80
num_leaves=15
num_cat=0
split_feature=0 0 1 2 3 4 2 2 0 0 3 2 1 1
split_gain=144.929 49.2749 28.0324 30.4932 44.1782 52.2557 34.2498 31.1213 30.0178 29.0871 27.8806 33.3427 29.5869 26.8944
threshold=0.015389346352760685 0.16626028719792083 0.033263138688339709 3.2579041933374406 -0.64492533281032516 35.594476699829109 3.1770741472371609 3.2581542270010284 0.029150875691678426 0.02510221352721272 -0.36517725829846159 3.688754438486332 0.028021505996672878 0.35989433896357897
decision_type=2 2 2 2 2 2 2 2 2 2 2 2 2 2
left_child=-1 2 -2 6 5 7 -4 8 -5 -7 11 13 -13 -3
right_child=1 10 3 4 -6 9 -8 -9 -10 -11 -12 12 -14 -15
leaf_value=-0.011280878232216136 -0.0022483357752372613 0.0061803162962524878 -0.0016301467261009004 0.055282818073115289 0.0023741889844613728 0.029223030825539925 -0.022902237565557419 0.01125866724464104 0.25838939263158062 0.13546119726655681 0.0029007699144552941 0.0060909183178977488 0.053885578809596907 0.025071992737498071
leaf_weight=934.26787076191977 2772.5515987277031 453.21792450547218 664.34244032669812 3.1279364414513107 3154.5938220443204 4.0021142289042455 75.903874533250928 68.152777667157352 0.82832533307373513 5.516595171764493 988.34027856588364 19.314848482608795 29.40095491707325 79.755679845809937
leaf_count=117118 117077 2653 11318 105 57532 203 1230 1527 21 102 5430 88 144 406
internal_value=-7.7452e-05 0.00118074 6.71402e-05 0.00168158 0.00293803 0.0247281 -0.00381136 0.0160072 0.0978074 0.0907937 0.00596775 0.0111788 0.0349359 0.00900732
internal_weight=9253.32 8319.05 6749.02 3976.47 3236.22 81.6277 740.246 72.109 3.95626 9.51871 1570.03 581.689 48.7158 532.974
internal_count=314954 197836 189115 72038 59490 1958 12548 1653 126 305 8721 3291 232 3059
is_linear=0
shrinkage=0.03


Tree=81
num_leaves=15
num_cat=0
split_feature=0 0 1 1 0 2 0 2 1 0 2 3 1 2
split_gain=138.067 47.9187 24.4043 23.7432 22.7517 21.3855 17.5392 17.1147 16.6443 16.5922 16.3514 23.708 15.8129 16.2425
threshold=0.014825336921810166 0.067518082070855176 0.020153604642597241 0.12493841268367335 0.335223782970062 4.0944278886117624 0.041013497940326132 3.9309723194508082 0.16077158602042554 0.0080615901532976632 2.7566180936520674 -0.66276599649435119 0.12042109909799691 2.2288302032443816
decision_type=2 2 2 2 2 2 2 2 2 2 2 2 2 2
left_child=3 2 5 9 -3 6 -2 -5 -9 -1 12 -12 -4 -14
right_child=1 4 10 7 -6 -7 -8 8 -10 -11 11 -13 13 -15
leaf_value=-0.019695697026249511 0.00015689607342869757 0.0029762560458725927 -0.01456588891297015 -0.011880699425940645 0.011913777019695244 -0.0072170455782251735 0.026380287656529385 0.20665930303095326 0.042109999050837732 -0.0096552470053176288 0.013966484854739733 0.00021641882164726554 -0.014004506479923382 0.025106998132783873
leaf_weight=191.25687492219731 212.79656698461622 3422.1359633095562 119.68773982021958 1.6040951954200857 277.10093386471272 822.36123966332525 25.730403855443001 1.0105299241840842 1.2225812301039694 656.89291609311476 116.7828803518787 3357.0792164318264 17.369975604116917 21.243368275463581
leaf_count=28526 13139 28422 3725 91 1283 42736 494 43 33 82189 3700 109966 277 330
internal_value=-7.57444e-05 0.00109242 -0.000920197 -0.0115825 0.00364574 -0.0049231 0.00298567 0.062874 0.116572 -0.0119194 0.000248976 0.000678663 -0.00918035 0.00751293
internal_weight=9244.28 8392.29 4693.05 851.987 3699.24 1060.89 238.527 3.83721 2.23311 848.15 3632.16 3473.86 158.301 38.6133
internal_count=314954 204072 174367 110882 29705 56369 13633 167 76 110715 117998 113666 4332 607
is_linear=0
shrinkage=0.03


Tree=82
num_leaves=15
num_cat=0
split_feature=0 0 0 1 2 4 4 0 2 1 4 2 1 1
split_gain=131.398 40.8022 26.8288 23.2911 59.6359 31.8477 31.8397 35.8994 26.9172 20.3683 22.7662 19.7611 17.5547 17.4458
threshold=0.017449767602868257 0.18917535138317923 0.0090440513244040965 0.066428860251042651 5.5720589661065594 18.352177619934086 45.323627471923835 0.10330505114317359 4.803159916624419 0.35989433896357897 15.972986698150637 2.9449388261890257 0.015070350419557279 0.10058472171757614
decision_type=2 2 2 2 2 2 2 2 2 2 2 2 2 2
left_child=2 3 -1 6 -5 -6 -2 8 11 13 -11 -8 -13 -3
right_child=1 9 -4 4 5 -7 7 -9 -10 10 -12 12 -14 -15
leaf_value=-0.017719076383125937 -0.0038637147855623238 0.010567105016034127 -0.0068972454350551184 0.0014305799260263966 0.03193993111653718 0.0064992479835171719 -0.016544050954773907 0.015142336929790598 -0.0028702858506601705 0.0227901068903252 -0.010048441934286667 -0.0097280335509917198 0.0057151934524382513 0.002376603064134431
leaf_weight=261.93196155177429 1874.1027027685195 345.4443429633975 968.61990920128301 2412.4718920364976 90.290996216237545 86.915773075073957 41.263857826590538 159.11811482161283 1115.9094988340512 113.92683330178261 22.803630858659744 71.235105936415493 945.87689676880836 725.82466820627451
leaf_count=39557 58088 1719 100164 29641 546 783 1493 1172 38683 578 118 3250 35337 3825
internal_value=-7.403e-05 0.00132892 -0.00920075 0.000426011 0.00266443 0.0194619 -0.000951713 0.0013871 0.000380466 0.00640945 0.0173134 0.00380793 0.0046336 0.00501773
internal_weight=9235.74 8005.18 1230.55 6797.18 2589.68 177.207 4207.51 2333.4 2174.29 1208 136.73 1058.38 1017.11 1071.27
internal_count=314954 175233 139721 168993 30970 1329 138023 79935 78763 6240 696 40080 38587 5544
is_linear=0
shrinkage=0.03


Tree=83
num_leaves=15
num_cat=0
split_feature=0 1 0 1 2 4 4 2 3 0 3 2 0 4
split_gain=125.521 44.5725 29.1763 21.7274 16.584 26.7496 16.2134 18.6634 51.3022 34.6356 20.2754 16.0835 23.054 25.4342
threshold=0.014825336921810166 0.15280166308275098 0.031975438860107695 0.042184518961699578 7.9942038044241732 46.423555374145515 45.359352111816413 3.5895838292969233 -0.26164143081094299 0.11877952139081414 -0.45990973300377086 4.2209330622803778 0.039411276398025392 16.720572471618656
decision_type=2 2 2 2 2 2 2 2 2 2 2 2 2 2
left_child=3 2 -2 4 -1 -6 7 -4 9 11 -11 12 -9 -14
right_child=1 -3 6 -5 5 -7 -8 8 -10 10 -12 -13 13 -15
leaf_value=-0.012650179553978224 -0.0026318580018641442 0.0063992945532178082 -0.0037002540146048148 0.0059336909985316716 -0.030273173701920023 0.4368455971354675 0.0036333697790373169 -0.0035781886278196048 -0.00061185307473566512 0.05074443125800495 0.016672139116724705 0.0025086002686807475 0.065924582396344744 0.01833554303084475
leaf_weight=771.56913038017228 2316.9047992723063 1193.8761535510421 842.97664789296687 61.863910789601505 0.25817591324448486 0.19267240259796381 1887.9355069585145 35.723009018227458 1760.4853779897094 28.023385785520077 35.797440454363823 209.65278153866529 11.875695336610077 67.888700030744076
leaf_count=105964 119385 7388 13146 4867 29 22 33568 938 24435 154 236 3610 190 1022
internal_value=-7.2307e-05 0.00103085 0.000140339 -0.0111731 -0.0125439 0.169352 0.00145641 8.29603e-05 0.00156667 0.011427 0.0316331 0.00746074 0.0164507 0.0254208
internal_weight=9225.02 8391.14 7197.26 833.884 772.02 0.450848 4880.36 2992.42 2149.45 388.961 63.8208 325.14 115.487 79.7644
internal_count=314954 204072 196684 110882 106015 51 77299 43731 30585 6150 390 5760 2150 1212
is_linear=0
shrinkage=0.03


Tree=84
num_leaves=15
num_cat=0
split_feature=0 1 0 1 0 4 4 2 3 2 4 0 2 1
split_gain=119.356 42.2438 29.0099 21.2029 16.0691 14.9195 14.8112 20.1521 36.2318 39.0322 25.6671 24.7423 18.5787 18.4533
threshold=0.014825336921810166 0.17190381775328475 0.03048756612528682 0.12493841268367335 0.0080615901532976632 48.956142425537116 45.359352111816413 3.8065513663117008 -0.038641922435574842 4.7361545868215922 2.1881090402603154 0.086101890696074282 3.8908402253256194 0.021024626287103127
decision_type=2 2 2 2 2 2 2 2 2 2 2 2 2 2
left_child=3 2 -2 4 -1 -6 7 -4 9 11 -11 -9 -13 -14
right_child=1 -3 6 -5 5 -7 -8 8 -10 10 -12 12 13 -15
leaf_value=-0.0191596424211701 -0.002649205545397357 0.0071948693471396525 -0.0029952171213194516 0.057287680234248212 -0.010566289000404815 0.004880227451604875 0.0034724849035590857 0.010033354204242633 -0.00082683539448468314 0.05787270091923493 -3.3514680584389882e-05 0.0078386626888214163 0.0015077755935712582 0.045069333026327298
leaf_weight=182.13621404906735 2177.6249736202881 885.96054790169001 1146.0222777947783 4.0766579611226907 576.19804823957384 62.369105007033795 2035.1888244263828 238.95014994032681 1430.9678945876658 7.0156817547976962 382.1204945910722 27.065290026366711 10.551838397979735 51.312442764639854
leaf_count=28526 114592 4912 16999 167 73915 8274 36834 4819 19614 61 5686 196 58 301
internal_value=-7.07195e-05 0.00099945 0.000268261 -0.0109605 -0.0112995 -0.00905762 0.0014604 0.000217244 0.0019312 0.00743549 0.00101047 0.0150609 0.0285696 0.0376393
internal_weight=9217.56 8392.78 7506.82 824.78 820.703 638.567 5329.19 3294.01 2147.98 717.016 389.136 327.88 88.9296 61.8643
internal_count=314954 204072 199160 110882 110715 82189 84568 47734 30735 11121 5747 5374 555 359
is_linear=0
shrinkage=0.03


Tree=85
num_leaves=15
num_cat=0
split_feature=0 1 2 4 1 0 4 0 3 2 0 4 3 2
split_gain=113.723 44.3574 32.9912 43.7089 31.5536 26.3568 32.2724 25.8257 25.4708 28.5748 45.1092 32.563 25.9181 22.4741
threshold=0.013028082377881134 0.047023053994409501 5.5837593974486488 18.352177619934086 0.35989433896357897 0.15222803994887621 36.549779891967781 0.10330505114317359 0.66978457099911581 4.3569331353420546 0.091360669170586009 32.20878982543946 0.4186589805808576 4.7707269955516622
decision_type=2 2 2 2 2 2 2 2 2 2 2 2 2 2
left_child=-1 7 4 -4 8 -5 -7 13 9 -3 -11 -12 -13 -2
right_child=1 2 3 5 -6 6 -8 -9 -10 10 11 12 -14 -15
leaf_value=-0.012317550267334547 -0.00011518872980097753 0.00088885141360438074 0.026073803772455422 -0.00042247236659445647 0.012215142275397758 -0.003054172728844009 0.039227797196283512 0.0057297747143067717 -0.0043853137307006919 0.0044909906985572678 0.016304672484984465 0.073719966448666255 0.0070586652970090228 -0.0048102576115615419
leaf_weight=635.17876917310059 2078.9452721532434 2451.6594976270571 122.16002709791064 217.9842852121219 259.63987215980887 28.361614510416985 38.034082248806953 411.84636492282152 579.18779208883643 632.60423550382257 86.309117712080479 18.430311523377899 7.3397315293550482 1642.5288949869573
leaf_count=91099 103768 32401 760 3090 1236 132 180 2703 4977 11124 515 111 41 62817
internal_value=-6.91114e-05 0.000838168 0.00291959 0.0110652 0.00209893 0.00461805 0.0211666 -0.00139855 0.00140324 0.00245215 0.00759887 0.0251406 0.0547337 -0.00218743
internal_weight=9210.21 8575.03 4441.71 406.54 4035.17 284.38 66.3957 4133.32 3775.53 3196.34 744.683 112.079 25.77 3721.47
internal_count=314954 223855 54567 4162 50405 3402 312 169288 49169 44192 11791 667 152 166585
is_linear=0
shrinkage=0.03


Tree=86
num_leaves=15
num_cat=0
split_feature=0 0 1 4 4 4 1 1 3 3 2 0 3 2
split_gain=109.253 34.3462 32.3413 22.3746 19.4887 25.1692 19.5997 24.1037 29.1849 52.9954 38.0565 46.8524 26.4209 22.4146
threshold=0.021557260180457886 0.0095199263950023396 0.35989433896357897 24.200347900390629 48.956142425537116 50.084573745727546 0.029336055969618361 0.031812109867431493 -0.42391658865366272 -0.38447206439285403 4.6909349518959162 0.017108714534232846 -0.3555230824621789 3.5553194892444853
decision_type=2 2 2 2 2 2 2 2 2 2 2 2 2 2
left_child=1 -1 -2 -3 -5 6 -6 8 -8 -10 -11 -12 13 -9
right_child=2 3 -4 4 5 -7 7 12 9 10 11 -13 -14 -15
leaf_value=-0.016053117475851923 0.0011905708359157855 0.004282116408414415 0.011937784169458426 -0.0074597235805418877 0.0084988389887279466 -0.0093575891280597463 -0.030422357265703141 -0.030453025087389816 0.43644153415744169 0.0097210654983105726 0.6308330519635913 0.12307346497597554 -0.016239683188744126 0.11313491409355722
leaf_weight=290.60010615643114 7088.7090275287628 210.30472782673314 261.29380907863379 1210.0936279129237 59.442556985653937 64.231621630489826 0.96139857079833779 1.3227715315297235 0.51401632279157672 1.4940973641350859 0.22687293123453844 0.58600157778710127 6.2837093034759155 3.7588362554088235
leaf_count=45634 136683 9008 1239 109727 5628 5948 77 104 38 119 22 36 428 263
internal_value=-6.74634e-05 -0.00658417 0.00157264 -0.00481939 -0.00623838 0.00440796 0.0162618 0.0467254 0.112324 0.160973 0.0995957 0.264789 0.024894 0.0757582
internal_weight=9199.82 1849.82 7350 1559.22 1348.92 138.822 74.5903 15.1477 3.78239 2.82099 2.30697 0.812875 11.3653 5.08161
internal_count=314954 177032 137922 131398 122390 12663 6715 1087 292 215 177 58 795 367
is_linear=0
shrinkage=0.03


Tree=87
num_leaves=15
num_cat=0
split_feature=0 0 0 1 2 4 1 1 4 2 3 2 2 2
split_gain=103.742 41.0648 24.0194 23.7618 18.2974 15.9615 14.7849 14.7684 20.454 18.5399 14.305 32.7849 51.4578 29.7732
threshold=0.013028082377881134 0.041013497940326132 0.26284409374999301 0.020153604642597241 7.9942038044241732 46.423555374145515 0.35989433896357897 0.35989433896357897 18.352177619934086 5.3318728424412329 -0.068333990005824463 3.688754438486332 4.7361545868215922 4.610555579121475
decision_type=2 2 2 2 2 2 2 2 2 2 2 2 2 2
left_child=4 3 10 -2 -1 -6 -5 9 -9 -4 11 -3 -13 -12
right_child=1 2 7 6 5 -7 -8 8 -10 -11 13 12 -14 -15
leaf_value=-0.012038739358531714 -0.0057436017806791282 0.00055140517909095152 0.0032811003805389592 -0.00032495376078061608 -0.030255022187909014 0.34748829624044081 0.037962606167693085 0.027896401088810991 -0.0070721824807753681 0.018549426114966953 -0.0046601024735772115 0.014319938530288338 0.00038795752498963485 0.0025053780661600687
leaf_weight=620.64581296406686 985.46821155119687 1478.9937351625413 365.14742583036423 2281.9062288142741 0.1743891672231247 0.23817210085690022 9.1133310794830305 65.698003515601158 19.52958008646965 89.026760876178741 792.40448580309749 500.53735095635056 455.93652318790555 1528.7293526530266
leaf_count=91059 63584 17098 1609 98163 21 19 58 367 104 425 8368 5639 6737 21703
internal_value=-6.61832e-05 0.000791584 0.00242476 -0.00184822 -0.011906 0.187817 -0.000172652 0.00842434 0.0198835 0.00627398 0.0017444 0.00335052 0.00767878 5.91775e-05
internal_weight=9193.55 8572.49 5296 3276.49 621.058 0.412561 2291.02 539.402 85.2276 454.174 4756.6 2435.47 956.474 2321.13
internal_count=314954 223855 62050 161805 91099 40 98221 2505 471 2034 59545 29474 12376 30071
is_linear=0
shrinkage=0.03


Tree=88
num_leaves=15
num_cat=0
split_feature=0 1 2 4 1 4 0 4 3 2 0 4 0 3
split_gain=98.7399 39.4867 30.5187 40.3516 27.0966 25.8748 24.3567 30.4527 23.6497 26.4907 41.6521 29.778 22.7545 22.3937
threshold=0.013028082377881134 0.047023053994409501 5.5837593974486488 18.352177619934086 0.35989433896357897 45.323627471923835 0.15222803994887621 36.549779891967781 0.66978457099911581 4.3569331353420546 0.091360669170586009 31.326687812805179 0.10330505114317359 0.4186589805808576
decision_type=2 2 2 2 2 2 2 2 2 2 2 2 2 2
left_child=-1 5 4 -4 8 -2 -5 -8 9 -3 -11 -12 -7 -13
right_child=1 2 3 6 -6 12 7 -9 -10 10 11 13 -14 -15
leaf_value=-0.011687814205601809 -0.0042221983822941329 0.00079809696557655804 0.024863713093397969 -0.00049999080789025249 0.011360256502595712 -0.0002713437018965583 -0.003257971320861116 0.037871700470223882 -0.0042896342652014785 0.004257256163124396 0.015399449338735339 0.06823278823834078 0.010026428525184258 0.0068656133196954797
leaf_weight=613.82526860898361 1673.8046921249479 2456.2869116216898 123.53558689169586 218.41072276886553 257.21797665581107 2237.3527403101325 28.316934525966644 37.867564961314201 577.70678794570267 636.22366158198565 86.288730911910534 19.632504872977737 211.36161617189646 7.3573422357439986
leaf_count=91099 66777 32401 760 3090 1236 101192 132 180 4977 11124 510 116 1319 41
internal_value=-6.46009e-05 0.000767778 0.00272788 0.0105461 0.0019382 -0.00134748 0.00433124 0.0202744 0.00129765 0.00230452 0.00724142 0.0240018 0.000617512 0.0515043
internal_weight=9185.19 8571.36 4448.84 408.131 4040.71 4122.52 284.595 66.1845 3783.5 3205.79 749.502 113.279 2448.71 26.9898
internal_count=314954 223855 54567 4162 50405 169288 3402 312 49169 44192 11791 667 102511 157
is_linear=0
shrinkage=0.03


Tree=89
num_leaves=15
num_cat=0
split_feature=0 0 0 4 4 4 1 1 3 3 3 2 2 3
split_gain=94.5363 31.9321 28.5972 22.1023 16.6735 23.4009 16.5025 17.7027 22.7503 21.121 24.2327 23.3085 17.9558 24.9097
threshold=0.021557260180457886 0.0090440513244040965 0.22544498706338162 24.200347900390629 48.956142425537116 50.084573745727546 0.029336055969618361 0.031812109867431493 -0.3555230824621789 -0.42391658865366272 -0.38447206439285403 4.6909349518959162 3.5553194892444853 -0.72774765802406838
decision_type=2 2 2 2 2 2 2 2 2 2 2 2 2 2
left_child=1 -1 -2 -3 -5 6 -6 9 12 -8 -11 -12 -9 -14
right_child=2 3 -4 4 5 -7 7 8 -10 10 11 -13 13 -15
leaf_value=-0.016435023705142347 0.0008018692583715405 0.0043602556818486387 0.0068379810482607399 -0.0071707335893987914 0.0076827971385792183 -0.0096127574120422905 -0.030402226584797021 -0.030435062881139261 -0.016270163697115123 0.27467904922097974 0.0089605692926186444 0.19101725255854191 0.35558098191270598 0.076563377644930319
leaf_weight=237.82473021093756 6564.6304678674787 212.37015900481492 791.58159925043583 1226.5577740166336 61.512820389587432 65.051594281103462 0.96513844095170487 1.2995090284384794 6.3037690753117177 0.78585537895560298 1.5229097818955808 1.0829975949600337 0.31080505903810207 3.9195702718570833
leaf_count=39557 134143 9149 3779 115029 5942 6232 82 107 445 39 122 59 22 247
internal_value=-6.30353e-05 -0.00618584 0.0014514 -0.00464476 -0.00604137 0.00366219 0.0147757 0.0417238 0.0226894 0.0934226 0.128657 0.0846221 0.0671011 0.0970628
internal_weight=9175.72 1819.51 7356.21 1581.68 1369.31 142.755 77.7034 16.1906 11.8337 4.3569 3.39176 2.60591 5.52988 4.23038
internal_count=314954 177032 137922 137475 128326 13297 7065 1123 821 302 220 181 376 269
is_linear=0
shrinkage=0.03


Tree=90
num_leaves=15
num_cat=0
split_feature=0 1 0 1 3 2 2 0 4 4 0 4 2 3
split_gain=90.071 34.6927 20.9272 20.0946 15.5335 22.1039 16.5855 16.0862 17.3327 17.0431 15.3595 14.3432 16.009 44.3169
threshold=0.014825336921810166 0.15280166308275098 0.031975438860107695 0.042184518961699578 1.9985223992727577 4.8365596075973292 5.1822047211719662 0.335223782970062 47.974834442138679 10.808771610260012 0.069839362470638836 45.359352111816413 3.5895838292969233 -0.26164143081094299
decision_type=2 2 2 2 2 2 2 2 2 2 2 2 2 2
left_child=3 2 -2 -1 5 7 -6 8 9 -3 -7 12 -4 -14
right_child=1 4 11 -5 6 10 -8 -9 -10 -11 -12 -13 13 -15
leaf_value=-0.011216409623996101 -0.0023092824320865108 0.0070383783277932523 -0.0036396851072351293 0.0067958691171898043 -0.024372255890862719 0.0057909090012472977 0.010703150479195137 0.015805465018342475 0.019545949068968952 -0.001247156036807499 0.03313678435990916 0.0032015164087141634 0.010300345125184268 -0.00079835364045028787
leaf_weight=718.64913125289604 2290.794598528184 443.22513340041041 840.97608444280922 60.429584284313023 30.979817420244217 31.39536589384079 19.943652868270874 114.55890022218227 59.787169132381678 450.57480307482183 44.955894351005554 1902.7045484799892 396.59461978822947 1763.9012129213661
leaf_count=106015 119385 2718 13146 4867 156 160 97 576 370 3103 208 33568 6150 24435
internal_value=-6.17016e-05 0.000844325 5.80134e-05 -0.00981928 0.00557696 0.00629831 -0.0106353 0.00518366 0.00390761 0.00286155 0.0218923 0.0011638 -0.000127952 0.001239
internal_weight=9169.47 8390.39 7194.97 779.079 1195.42 1144.5 50.9235 1068.15 953.587 893.8 76.3513 4904.18 3001.47 2160.5
internal_count=314954 204072 196684 110882 7388 7135 253 6767 6191 5821 368 77299 43731 30585
is_linear=0
shrinkage=0.03


Tree=91
num_leaves=15
num_cat=0
split_feature=0 0 1 2 1 3 2 2 1 3 4 3 2 3
split_gain=86.0834 35.0072 22.3628 26.6656 24.6863 19.3422 61.2459 32.3528 29.7997 16.5575 16.0125 19.5659 15.836 47.4262
threshold=0.013028082377881134 0.13716156933077633 0.021140025205398465 3.4010807013822606 0.12493841268367335 -0.34923267293836951 3.688754438486332 5.6907410654167361 0.028021505996672878 -0.66276599649435119 27.184018135070804 -0.41564566923452617 3.023323035761186 -0.85135084360078428
decision_type=2 2 2 2 2 2 2 2 2 2 2 2 2 2
left_child=-1 2 -2 -4 9 6 10 -7 -8 -5 12 -12 -3 -14
right_child=1 5 3 4 -6 7 8 -9 -10 -11 11 -13 13 -15
leaf_value=-0.011094761270600207 -0.0037443895687960236 0.01390974838551713 -0.004570842279526764 0.013914463489933828 0.0086411958029907771 -0.00040281673176315128 0.0093707334838469478 0.012358948875699615 0.051065816249609763 0.00043824929218182229 -0.002788573076723999 0.021565369930807949 0.12807177990564028 0.001957550586078465
leaf_weight=594.96403259411454 1416.3389710402116 246.34084063023329 777.49730286654085 83.915675085037947 392.52737094648182 1102.1897064223886 24.809776276350021 213.40176159143448 40.792541578412056 3699.5129431569949 277.83660286664963 33.241723321378231 2.7121398746967307 255.83464568853378
leaf_count=91099 76571 1650 18100 2684 3570 6839 119 1061 208 109193 1890 226 17 1727
internal_value=-6.01882e-05 0.000706149 -0.000420153 0.000530345 0.00148011 0.00397141 0.00740996 0.00166727 0.0352974 0.000737149 0.00516786 -0.000186119 0.00846663 0.00328048
internal_weight=9161.92 8566.95 6369.79 4953.45 4175.96 2197.16 881.568 1315.59 65.6023 3783.43 815.966 311.078 504.888 258.547
internal_count=314954 223855 210118 133547 115447 13737 5837 7900 327 111877 5510 2116 3394 1744
is_linear=0
shrinkage=0.03


Tree=92
num_leaves=15
num_cat=0
split_feature=0 1 0 2 4 1 3 2 3 2 2 0 4 4
split_gain=81.8618 33.874 22.6583 16.6842 25.6695 17.8998 18.499 14.9644 14.673 21.1168 15.6688 15.1515 16.2151 16.9756
threshold=0.013028082377881134 0.15280166308275098 0.026005101931587542 4.803159916624419 17.472042083740238 0.092376273101789863 0.069164367216693626 7.9942038044241732 1.9985223992727577 4.8365596075973292 5.1822047211719662 0.335223782970062 47.814531326293952 28.216690063476566
decision_type=2 2 2 2 2 2 2 2 2 2 2 2 2 2
left_child=7 2 3 -2 5 -5 -7 -1 9 11 -10 12 13 -3
right_child=1 8 -4 4 -6 6 -8 -9 10 -11 -12 -13 -14 -15
leaf_value=-0.011019211057228502 -0.0014238465344648123 0.0049691946311222054 0.00087673785661533644 0.012405829741106746 -0.0096258434558485172 0.039115028629781924 0.18501513023117339 0.15613983977148962 -0.023835887750084109 0.021279597125204344 0.01026288837258104 0.015323863804210355 0.018125583514158009 -0.0048144290533475645
leaf_weight=588.00531216617674 1406.0245959516615 682.89827627316117 5548.2425533439964 9.591292377561329 400.27309041190892 2.1234983298927541 1.2381846010684965 0.48239098396152158 30.808902516961098 76.58956253901124 20.002520620822906 113.75991992652416 65.703165538609028 208.29869108647108
leaf_count=91059 88312 4415 102159 298 25597 47 18 40 156 369 97 576 405 1406
internal_value=-5.87709e-05 0.000684841 -7.5934e-05 -0.00298134 -0.00828078 0.0332844 0.0928534 -0.0108822 0.00536324 0.00606194 -0.0104125 0.00497335 0.00374284 0.00268248
internal_weight=9154.04 8565.55 7367.49 1819.25 413.226 12.953 3.36168 588.488 1198.06 1147.25 50.8114 1070.66 956.9 891.197
internal_count=314954 223855 216431 114272 25960 363 65 91099 7424 7171 253 6802 6226 5821
is_linear=0
shrinkage=0.03


Tree=93
num_leaves=15
num_cat=0
split_feature=0 0 3 2 1 1 4 1 2 3 1 0 2 2
split_gain=77.8365 32.1542 24.1211 24.6623 24.5858 21.2206 25.214 20.548 25.6273 19.4157 18.0789 19.9567 20.4136 16.8939
threshold=0.013028082377881134 0.16626028719792083 -0.36517725829846159 3.688754438486332 0.028021505996672878 0.35989433896357897 23.641762733459476 0.021140025205398465 3.3542105165921368 -0.64492533281032516 0.12493841268367335 0.015508432358234325 5.602284844973167 6.1009799498868658
decision_type=2 2 2 2 2 2 2 2 2 2 2 2 2 2
left_child=-1 7 3 5 -5 -3 -7 -2 -9 -10 -11 -12 -13 -4
right_child=1 2 13 4 -6 6 -8 8 9 10 11 12 -14 -15
leaf_value=-0.010671689377699533 -0.0034167276470514333 0.0051001507139365942 0.00039550895773417607 0.0036004145406299815 0.046924831017285326 0.02734665294531749 -0.039141025912285528 -0.0038569961185060844 0.014257533421352584 0.00050853876571518733 0.091933505717568156 0.004240219149985955 0.025984879738017316 0.013533053662526849
leaf_weight=582.20827202405781 1428.7456038957462 458.56638833880424 892.75279846787453 19.565546467900276 29.658043727278709 68.755537748336792 5.547544226050376 954.71084478870034 105.62000308185816 3915.2867551334202 2.430701930075883 543.57910101488233 41.847157917916775 97.737940683960915
leaf_count=91099 76701 2653 4972 88 144 378 28 19267 3135 111097 66 4671 197 458
internal_value=-5.73529e-05 0.000664176 0.00454016 0.00938681 0.0297041 0.00751001 0.0223826 -0.000207551 0.000616591 0.0015433 0.00124509 0.00615073 0.00579456 0.00169187
internal_weight=9147.01 8564.8 1572.58 582.093 49.2236 532.869 74.3031 6992.22 5563.47 4608.76 4503.14 587.857 585.426 990.491
internal_count=314954 223855 8721 3291 232 3059 406 215134 138433 119166 116031 4934 4868 5430
is_linear=0
shrinkage=0.03


Tree=94
num_leaves=15
num_cat=0
split_feature=0 1 1 0 3 2 2 4 2 1 2 2 3 2
split_gain=74.6677 27.0232 24.9037 15.7608 22.2938 42.5147 29.1452 25.2163 19.6967 17.2484 16.826 17.2867 16.4054 20.8743
threshold=0.01971921524755196 0.021765085899196415 0.35989433896357897 0.15222803994887621 0.69961576241892831 4.3566447200159999 6.7727484750873463 49.524560928344734 3.8067735885375806 0.03296212616527034 3.2579041933374406 3.1770741472371609 -0.36517725829846159 3.688754438486332
decision_type=2 2 2 2 2 2 2 2 2 2 2 2 2 2
left_child=1 -1 3 10 5 7 -6 12 -9 -8 11 -2 13 -5
right_child=2 -3 -4 4 6 -7 9 8 -10 -11 -12 -13 -14 -15
leaf_value=-0.0095715053446915662 -0.0027206735216002754 -0.0013567096222060395 0.010335105449698494 0.0043153297083896522 -0.0058973828423918347 0.018812287440162043 -0.0074420345999521862 0.010860748756748612 0.056932251053813498 0.027950269834324765 0.00066476592309521138 -0.018301547931236832 -0.0017465943330791671 0.029540961420359418
leaf_weight=878.37267001252621 617.3256580196321 611.1636659107171 256.25313914567232 571.04164808988571 359.45839768648148 179.49191985279322 17.935050338506699 22.65049184858799 13.229637920856474 40.104913353919983 4972.35935191717 71.511058418080211 496.45252054184675 31.133337110280991
leaf_count=112624 12582 49532 1245 3635 2038 884 85 131 71 193 127190 1425 3173 146
internal_value=-5.58815e-05 -0.00620094 0.00114079 0.000822088 0.00332677 0.00524558 -0.00271233 0.00309917 0.0278481 0.0170136 5.60218e-05 -0.00433819 0.0022909 0.00561953
internal_weight=9138.48 1489.54 7648.95 7392.69 1731.5 1314 417.498 1134.51 35.8801 58.04 5661.2 688.837 1098.63 602.175
internal_count=314954 162156 152798 151553 10356 8040 2316 7156 202 278 141197 14007 6954 3781
is_linear=0
shrinkage=0.03


Tree=95
num_leaves=15
num_cat=0
split_feature=0 1 2 4 4 3 2 1 2 3 0 4 2 1
split_gain=71.3163 30.21 26.4777 35.7791 24.6995 21.5427 22.8389 24.5221 21.3875 21.2535 20.563 28.5227 18.5562 26.5249
threshold=0.013028082377881134 0.047023053994409501 5.5837593974486488 18.352177619934086 45.323627471923835 1.9985223992727577 4.610555579121475 0.15280166308275098 4.4942944880818301 0.25219808044288866 0.15222803994887621 36.549779891967781 4.7707269955516622 0.014335326479047674
decision_type=2 2 2 2 2 2 2 2 2 2 2 2 2 2
left_child=-1 4 5 -4 -2 6 7 9 -9 -3 -5 -12 13 -6
right_child=1 2 3 10 12 -7 -8 8 -10 -11 11 -13 -14 -15
leaf_value=-0.010312298725783715 -0.0040503146518697337 0.00033702513000276286 0.022988895771825432 -0.00068085829364593863 -0.010551154328994315 -0.0092777649564215955 0.0063933839390697671 0.0051539662159202724 -0.02825349127523567 -0.0077194394524607215 -0.0043143577696943764 0.035558847953537615 -0.0020637619288105939 0.0045338677804584848
leaf_weight=571.78722439380363 1660.5641705510207 1651.2649883665144 124.96239100955427 219.18694370705634 115.26751963701099 157.37370700668544 849.4315390996635 1015.4069806113839 17.545118182897568 358.72464205697179 28.303900673985481 37.589629828929901 1155.4630343331955 1167.1742577301338
leaf_count=91099 66777 26601 760 3090 7309 1097 12287 6439 91 3890 132 180 41036 54166
internal_value=-5.44909e-05 0.000630845 0.00233951 0.00960398 -0.00122846 0.00160397 0.00204394 0.000829798 0.00458653 -0.00110082 0.00373682 0.0184317 0.000693632 0.00317801
internal_weight=9130.05 8558.26 4459.79 410.043 4098.47 4049.75 3892.37 3042.94 1032.95 2009.99 285.08 65.8935 2437.9 1282.44
internal_count=314954 223855 54567 4162 169288 50405 49308 37021 6530 30491 3402 312 102511 61475
is_linear=0
shrinkage=0.03


Tree=96
num_leaves=15
num_cat=0
split_feature=0 0 0 4 4 4 3 1 4 4 1 1 2 4
split_gain=68.2503 27.7095 22.2946 19.473 16.8753 19.6831 14.9599 21.4958 22.5165 19.3037 23.65 13.3549 20.9213 16.3992
threshold=0.021557260180457886 0.0080615901532976632 0.26284409374999301 24.200347900390629 48.956142425537116 50.695846557617195 -0.061774924433045587 0.084449383029071373 5.7754328250885019 17.472042083740238 0.10340151049677142 0.1340630218794393 5.602284844973167 45.786233901977546
decision_type=2 2 2 2 2 2 2 2 2 2 2 2 2 2
left_child=1 -1 11 6 -5 -6 -3 -8 -9 10 -10 13 -13 -2
right_child=2 3 -4 4 5 -7 7 8 9 -11 -12 12 -14 -15
leaf_value=-0.017381349624111968 -0.0011989912680580687 0.0015089748421826294 0.0071241904401500161 -0.0066174656719150396 0.011641462446618575 -0.012076876111722444 0.0093248769692627805 -0.014702746799948034 0.072528182035659486 0.026429670828864101 0.24546778082151999 0.0027878045302105014 0.024343689894014416 0.0021537333714759304
leaf_weight=157.18506446667016 3369.0188884939998 192.27911548828706 533.05295792222023 1241.7626464399509 99.933830269146711 45.977160176262259 16.390399117488418 1.792806060053407 1.4425473455339672 1.5555120781064031 1.4046774785965679 1268.9238297790289 41.859528474509716 2151.5395799521357
leaf_count=28534 69768 8465 2505 124733 9669 4733 738 54 37 40 29 9286 190 56173
internal_value=-5.32232e-05 -0.00536114 0.00121511 -0.00418214 -0.00548343 0.00416772 0.00422202 0.0273187 0.0749217 0.111417 0.157848 0.000754017 0.00347619 0.000107674
internal_weight=9124.12 1759.72 7364.39 1602.54 1387.67 145.911 214.865 22.5859 6.19554 4.40274 2.84722 6831.34 1310.78 5520.56
internal_count=314954 177032 137922 148498 139135 14402 9363 898 160 106 66 135417 9476 125941
is_linear=0
shrinkage=0.03


Tree=97
num_leaves=15
num_cat=0
split_feature=0 1 2 4 4 3 4 0 3 2 0 0 2 3
split_gain=64.9562 27.2883 24.6149 27.9954 22.7002 21.6167 28.3434 23.2763 21.3204 24.9468 33.7951 26.8368 21.2965 54.7842
threshold=0.013028082377881134 0.047023053994409501 5.2944047009505004 2.1881090402603154 45.323627471923835 0.4186589805808576 18.352177619934086 0.026471791298415689 0.25219808044288866 3.9111225951759701 0.038283128868489343 0.16626028719792083 4.7361545868215922 0.044711687287097061
decision_type=2 2 2 2 2 2 2 2 2 2 2 2 2 2
left_child=-1 4 8 -4 -2 -5 7 -7 9 11 -11 -3 13 -12
right_child=1 2 3 5 -6 6 -8 -9 -10 10 12 -13 -14 -15
leaf_value=-0.0099382204990170024 -0.0038898609863144955 -0.0017779145644717996 0.037044715708101486 0.00070901755395528696 0.00066506719407194177 0.09940204803974817 0.0057546180746363002 0.021799886965895049 -0.0029366886565543246 0.00025828078994612034 0.029394032818721015 0.0053269482930437435 0.0054934820325309537 -0.00068400107189848516
leaf_weight=561.31847805017605 1651.2397357812151 1353.2548342095688 27.481262698769569 333.18307849299163 2439.4950534407981 3.6030210256576529 240.22575964126736 100.76763799227774 846.75185420550406 374.03586142975837 152.36884672194719 740.18933110684156 208.52874523773789 84.850075930356979
leaf_count=91099 66777 20806 169 3611 102511 49 2929 712 7336 10111 1555 4241 2412 636
internal_value=-5.20374e-05 0.00059655 0.00221819 0.00736117 -0.00117355 0.00615762 0.0114258 0.0244788 0.00125351 0.00247143 0.00690774 0.000734187 0.0124874 0.0186355
internal_weight=9117.29 8555.98 4465.24 705.261 4090.73 677.779 344.596 104.371 3759.98 2913.23 819.784 2093.44 445.748 237.219
internal_count=314954 223855 54567 7470 169288 7301 3690 761 47097 39761 14714 25047 4603 2191
is_linear=0
shrinkage=0.03


Tree=98
num_leaves=15
num_cat=0
split_feature=0 1 0 1 4 0 2 4 1 2 4 4 2 0
split_gain=62.2183 29.7142 20.9208 20.2514 15.8112 17.7092 14.8493 12.931 12.9838 46.8963 26.9313 21.656 27.0418 21.1689
threshold=0.02448430525336109 0.026509680188959078 0.0080615901532976632 0.35989433896357897 15.972986698150637 0.26284409374999301 3.2866838377014074 45.730857849121101 0.066428860251042651 5.5720589661065594 39.486442565917976 11.92210626602173 4.7707269955516622 0.036149405248603293
decision_type=2 2 2 2 2 2 2 2 2 2 2 2 2 2
left_child=1 2 -1 7 5 -5 -6 8 11 10 -10 -2 -13 -11
right_child=3 -3 -4 4 6 -7 -8 -9 9 13 -12 12 -14 -15
leaf_value=-0.018062596551923268 -0.0088570079676209366 0.00015357456040685462 -0.0058827035759976554 0.0071115490660382495 -0.050244934553595445 0.025996401124311567 0.001195755463098531 0.0028369213582828388 0.0014123571345962429 0.060523387525757977 -0.0087755300875530587 0.0041203185450904281 -0.0041230092697322014 0.013742323566112
leaf_weight=141.34883539984003 329.44826443865895 794.04061310412362 1243.4262737212703 165.9827968031168 6.9072201997041729 61.156858846545219 18.78838062286377 2313.1570439822972 2151.902981063351 9.1673995442688447 261.95094367861748 663.13368437997997 778.76612004823983 172.8381341509521
leaf_count=26761 7068 46972 123218 733 34 365 100 49083 22062 100 2656 15813 18921 1068
internal_value=-5.09115e-05 -0.00447302 -0.00712595 0.00133877 0.00967296 0.0121963 -0.012632 0.00102334 6.2757e-05 0.001414 0.00030677 -0.00191745 -0.00033188 0.0160986
internal_weight=9112.02 2178.82 1384.78 6933.2 252.835 227.14 25.6956 6680.36 4367.21 2595.86 2413.85 1771.35 1441.9 182.006
internal_count=314954 196951 149979 118003 1232 1098 134 116771 67688 25886 24718 41802 34734 1168
is_linear=0
shrinkage=0.03


Tree=99
num_leaves=15
num_cat=0
split_feature=0 0 0 2 2 3 4 2 3 0 3 2 1 2
split_gain=59.2314 22.5819 19.6127 14.217 25.3823 20.622 31.8914 40.3895 19.3425 18.6475 21.8105 17.3755 17.2979 16.8035
threshold=0.017108714534232846 0.18917535138317923 0.0080615901532976632 3.2579041933374406 3.1770741472371609 -0.012626999277428568 17.472042083740238 5.5252935630885327 0.51627652268260615 0.036690803781543692 -0.5006886143124748 4.7707269955516622 0.044824517426978176 3.9111225951759701
decision_type=2 2 2 2 2 2 2 2 2 2 2 2 2 2
left_child=2 3 -1 4 -2 9 7 -7 -9 -5 11 -11 -6 -12
right_child=1 -3 -4 5 12 6 -8 8 -10 10 13 -13 -14 -15
leaf_value=-0.016805599573601358 -0.0016785802135720139 0.0046090987085569916 -0.0050945530252662716 -0.00019689813243684948 0.0083600967477012369 0.00048355298399732573 -0.0026893841049323167 0.0067035363279036898 0.028963673227418198 0.016683315943789415 -0.00084404567685056461 -0.002051290446032205 -0.024924269634470111 0.0057211747247379362
leaf_weight=150.4930867254734 823.38727653957903 1203.6110393404961 888.87043615290895 1394.0040225489065 17.434120565652847 394.32768776547164 2306.7902377313003 62.973961535841227 79.461578194051981 200.4728614538908 591.39118619635701 57.28604356572032 72.449445659294724 862.70733313634992
leaf_count=28534 14765 6240 107308 60963 699 4928 65663 503 625 2603 7081 747 1053 13242
internal_value=-4.96942e-05 0.000818842 -0.00679024 0.000154089 -0.00333102 0.000689073 -0.00115683 0.00542944 0.019122 0.00237908 0.00447676 0.0125196 -0.0184683 0.00305106
internal_weight=9105.66 8066.3 1039.36 6862.69 913.271 5949.41 2843.55 536.763 142.436 3105.86 1711.86 257.759 89.8836 1454.1
internal_count=314954 179112 135842 172872 16517 156355 71719 6056 1128 84636 23673 3350 1752 20323
is_linear=0
shrinkage=0.03


Tree=100
num_leaves=15
num_cat=0
split_feature=0 1 0 1 2 4 2 0 2 4 4 0 4 2
split_gain=56.5779 24.8186 18.181 13.5623 18.3356 17.8795 25.1301 36.6469 15.7386 12.7264 22.6271 14.5228 11.9052 14.5195
threshold=0.013028082377881134 0.19075609443328598 0.029150875691678426 0.041544319146785129 4.3172880735256411 49.105541229248054 3.8841583197008265 0.010420376980157057 7.9942038044241732 47.814531326293952 16.720572471618656 0.335223782970062 45.359352111816413 3.9111225951759701
decision_type=2 2 2 2 2 2 2 2 2 2 2 2 2 2
left_child=3 2 -2 8 5 -5 -7 -8 -1 10 11 -3 13 -4
right_child=1 9 12 4 -6 6 7 -9 -10 -11 -12 -13 -14 -15
leaf_value=-0.010785881459217505 -0.0022676308128806799 0.0067938234189717367 -0.0025856436673557495 -0.0060596149106995631 0.054954102137852082 -0.030310543362323732 -0.030269462355972637 0.49620063647752427 0.1644354923514022 0.02427205070081416 -0.0034226125185626171 0.023489705562206031 0.0027081248057434469 0.0013874880350109443
leaf_weight=512.03095521731302 2169.8706743712537 412.66034132242203 1332.7075003888458 27.194134271238003 6.3275689072906962 0.47346785617992182 0.20436327578499913 0.28486746829003096 0.46177158458158274 32.625378657132387 197.72007275372744 52.900036811828613 2169.0923841521144 2185.0028105191886
leaf_count=87711 129374 2185 19121 2652 601 49 24 26 36 164 1023 317 39883 31788
internal_value=-4.86002e-05 0.000549633 6.86634e-05 -0.00940262 0.00880845 -0.00156167 0.125496 0.276282 -0.010628 0.00597971 0.00507995 0.00869092 0.000960106 -0.000117759
internal_weight=9099.56 8552.58 7856.67 546.977 34.4844 28.1568 0.962699 0.489231 512.493 695.906 663.28 465.56 5686.8 3517.71
internal_count=314954 223855 220166 91099 3352 2751 99 50 87747 3689 3525 2502 90792 50909
is_linear=0
shrinkage=0.03


Tree=101
num_leaves=15
num_cat=0
split_feature=0 0 2 1 2 4 4 2 1 4 4 0 0 3
split_gain=53.7535 23.7333 17.5319 25.3886 34.0627 26.0131 19.7645 34.7739 26.6742 19.2054 66.6465 19.1016 17.1921 16.9593
threshold=0.013028082377881134 0.13716156933077633 3.3304887508319116 0.055793114199396455 4.7707269955516622 4.326101779937745 45.063428878784187 3.3542105165921368 0.015070350419557279 46.129989624023445 46.622676849365241 0.10330505114317359 0.028270146018252711 2.7056927986617407
decision_type=2 2 2 2 2 2 2 2 2 2 2 2 2 2
left_child=-1 2 -2 4 6 -6 12 9 -9 -8 -11 -10 -4 -3
right_child=1 13 3 -5 5 -7 7 8 11 10 -12 -13 -14 -15
leaf_value=-0.0092095540735560154 -0.0046280641704694115 0.0037333536920756555 -0.006353126199312371 0.0033333930389286238 0.041661914271478723 -0.0043125558189117371 -0.031642075412833016 -0.0094674473061054677 0.0046428826450567607 0.47638630196924997 0.050466022690556188 0.036009099100747885 0.0024249858260324947 -0.010233056075182054
leaf_weight=541.97153694508597 774.05331025132909 2119.6881094351411 417.42993950005621 1634.6715643499047 11.14264454692602 1865.1790957367048 0.52252416219562237 125.015308029484 1116.5486603206955 0.47237757965922345 1.1020099017769096 17.751640789210796 386.93812239170074 81.248931474983692
leaf_count=91099 20162 13299 28912 23782 155 66621 23 8724 52638 15 53 127 8906 438
internal_value=-4.74973e-05 0.000533152 -0.000397229 0.000190009 -0.00111346 -0.00403953 0.00154426 0.00388752 0.00368426 0.125954 0.178259 0.00513376 -0.00213045 0.00321778
internal_weight=9093.74 8551.76 6350.83 5576.77 3942.1 1876.32 2065.78 1261.41 1259.32 2.09691 1.57439 1134.3 804.368 2200.94
internal_count=314954 223855 210118 189956 166174 66776 99398 61580 61489 91 68 52765 37818 13737
is_linear=0
shrinkage=0.03


Tree=102
num_leaves=15
num_cat=0
split_feature=0 1 0 2 4 0 2 1 3 0 3 4 0 3
split_gain=51.039 21.5982 16.2893 18.1503 20.9608 26.3531 16.8748 15.9514 16.1925 15.8155 19.4064 15.0663 16.2022 13.6881
threshold=0.015389346352760685 0.35989433896357897 0.046943362829567882 4.7707269955516622 16.720572471618656 0.030843747354178795 3.3304887508319116 0.042184518961699578 -0.075168296549545627 0.021722251801511279 0.14898428927615912 15.972986698150637 0.26284409374999301 0.20535196203645453
decision_type=2 2 2 2 2 2 2 2 2 2 2 2 2 2
left_child=7 2 3 6 5 -5 -2 -1 -9 -6 -11 12 -3 -8
right_child=1 11 -4 4 9 -7 13 8 -10 10 -12 -13 -14 -15
leaf_value=-0.008767602175058082 -0.0062020677348246546 0.0069726753235898817 0.0015301707170189988 0.035445105091718471 -0.013576650016950078 0.00045392228268180884 0.001985041479505872 0.00055684974680446104 0.042849074485230579 -0.011347923563404218 -0.0012889845799644397 -0.012488995219970175 0.025212892678028308 -0.01041098709703393
leaf_weight=705.43472565198317 300.37847477290779 167.47527177631855 4631.664314109832 24.820153757929802 179.40991791710258 88.236490240320563 1837.4897589236498 61.913122156169266 9.3823944185860437 231.0792293753475 682.28346034884453 25.702247798442841 59.364148482680321 83.829311634413898
leaf_count=111609 11255 756 49697 567 12883 1368 80152 4870 639 8364 28874 134 365 3421
internal_value=-4.66147e-05 0.000640638 0.000369927 -0.00119793 -0.0041612 0.00813579 0.000410398 -0.00740085 0.00612245 -0.00543343 -0.00383388 0.00927965 0.0117462 0.00144419
internal_weight=9088.46 8311.73 8059.19 3427.53 1205.83 113.057 2221.7 776.73 71.2955 1092.77 913.363 252.542 226.839 1921.32
internal_count=314954 197836 196581 146884 52056 1935 94828 117118 5509 50121 37238 1255 1121 83573
is_linear=0
shrinkage=0.03


Tree=103
num_leaves=15
num_cat=0
split_feature=0 1 0 3 2 2 2 1 2 4 2 3 4 4
split_gain=48.772 22.0674 14.6901 13.0611 17.2437 14.5624 14.0412 12.4809 15.6382 14.4693 15.6892 13.8056 12.4333 19.6318
threshold=0.013028082377881134 0.15280166308275098 0.031975438860107695 1.9985223992727577 4.8365596075973292 4.8832259851307223 5.1822047211719662 0.041544319146785129 4.3172880735256411 49.105541229248054 3.8841583197008265 3.8480849500517587 47.814531326293952 10.808771610260012
decision_type=2 2 2 2 2 2 2 2 2 2 2 2 2 2
left_child=7 2 -2 4 12 -6 -5 11 9 -9 -11 -1 13 -3
right_child=1 3 -4 6 5 -7 -8 8 -10 10 -12 -13 -14 -15
leaf_value=-0.010269257469627919 -0.0020240681925084584 0.0072708365308608728 0.00082856850041700667 -0.023456469918310924 0.071023777281880474 0.01541290118445068 0.0088493695074548795 -0.005743983010731207 0.049497670979142802 -0.030298657103609652 0.1990378447213195 0.11065229471430009 0.016169044439681604 -0.0011300048684028199
leaf_weight=497.36159342667088 2424.1149265314452 503.85144041106105 4926.7293958738446 30.521599069237709 4.5023280605673781 72.174526177346706 20.070530965924263 26.849271839484576 6.7573339706286779 0.45565681066363939 0.6535231159068644 0.85120318504050274 70.061829302459955 497.60792297311127
leaf_count=87639 139132 3076 77299 156 24 345 97 2652 601 49 50 108 419 3307
internal_value=-4.552e-05 0.000503342 -0.000112156 0.0042775 0.00493482 0.0186783 -0.0106403 -0.00885077 0.00854138 -0.00135743 0.104825 -0.0100627 0.00395135 0.0030966
internal_weight=9082.56 8549.63 7350.84 1198.79 1148.2 76.6769 50.5921 532.929 34.7158 27.9585 1.10918 498.213 1071.52 1001.46
internal_count=314954 223855 216431 7424 7171 369 253 91099 3352 2751 99 87747 6802 6383
is_linear=0
shrinkage=0.03


Tree=104
num_leaves=15
num_cat=0
split_feature=0 0 1 2 2 2 3 2 2 3 0 3 3 2
split_gain=46.3012 21.3114 14.1464 23.7606 22.303 20.1416 22.4109 20.291 25.597 26.9396 34.3445 22.0251 16.0471 29.3305
threshold=0.013028082377881134 0.22544498706338162 0.12042109909799691 2.7566180936520674 5.602284844973167 2.6749064482423006 -0.93349428591243344 3.2581542270010284 3.1770741472371609 -0.41240284367072305 0.075430785000071721 -0.38703736764597607 -1.0215625238708199 2.3221417159142539
decision_type=2 2 2 2 2 2 2 2 2 2 2 2 2 2
left_child=-1 2 3 -2 5 6 12 8 9 -7 -11 -9 13 -4
right_child=1 -3 4 -5 -6 7 -8 11 -10 10 -12 -13 -14 -15
leaf_value=-0.0086633192973645367 -0.0098099393387272634 0.0051935553155027098 0.0033831934967506138 -0.00024406679463076432 0.022002599450845504 -0.003643453858618982 0.018839339414496857 0.012460640538725063 -0.026221205799178127 -0.0087910848743267111 0.17202810828161291 0.00059588493440646841 -0.014725886396928548 0.10600038020965045
leaf_weight=528.31016683485359 243.13555680401623 786.59788562357426 17.784620799124244 6018.8797747096978 51.632576964795589 234.39066213741899 119.74960643425584 170.39134040661156 48.743329241871834 1.9933364205062383 1.7982554733753202 811.17610017023981 39.740283142775297 2.9181353189051142
leaf_count=91099 5784 3779 168 201762 247 2117 1164 1605 514 30 17 6279 362 27
internal_value=-4.44208e-05 0.000488213 1.13962e-05 -0.000615481 0.00262785 0.00193732 0.0113228 0.000604086 -0.00641377 -0.00236023 0.0769669 0.0026555 -0.00356896 0.0178475
internal_weight=9077.24 8548.93 7762.33 6262.02 1500.32 1448.69 180.193 1268.49 286.926 238.182 3.79159 981.567 60.443 20.7028
internal_count=314954 223855 220076 207546 12530 12283 1721 10562 2678 2164 47 7884 557 195
is_linear=0
shrinkage=0.03


Tree=105
num_leaves=15
num_cat=0
split_feature=0 1 0 0 4 2 0 2 1 3 2 3 4 2
split_gain=44.469 25.0053 18.3223 16.2613 13.2175 14.6505 13.2421 13.0105 18.0688 17.6146 12.147 12.0013 18.3564 33.0281
threshold=0.02448430525336109 0.026509680188959078 0.0080615901532976632 0.335223782970062 36.984550476074226 4.1109148461003056 0.015049719694893294 5.1822047211719662 0.35989433896357897 0.80826712300182579 4.4302630732684936 -0.70710678118654668 49.524560928344734 3.9111225951759701
decision_type=2 2 2 2 2 2 2 2 2 2 2 2 2 2
left_child=1 2 -1 -2 -4 6 -6 8 9 10 -5 12 -3 -14
right_child=3 11 4 7 5 -7 -8 -9 -10 -11 -12 -13 13 -15
leaf_value=-0.017022385113581329 0.00083081984675650487 0.011316416658455938 -0.017870248486331827 0.0014718997311996774 -0.0055003847749270484 -0.007443591988314258 0.0042111542523046224 0.021463797124071333 0.020946014413336194 -0.026394888944830233 0.036447947934705648 -0.00066561738695854894 0.024122226629770687 0.43612406669087023
leaf_weight=130.28199899476022 6681.265928812325 59.739733912516385 69.627876166254282 130.29362921416759 250.24822344304994 633.94885469088331 255.25619406439364 54.637756958603859 49.042699560523033 19.750060498714447 9.5946438908576948 727.05991294514388 0.54961338406428595 0.25700217764824629
leaf_count=26761 116720 3295 6970 531 39878 58247 18123 302 328 80 42 43613 51 13
internal_value=-4.34148e-05 -0.00383876 -0.00633314 0.00111902 -0.00518134 -0.00440597 -0.00059651 0.00843148 0.0050193 0.000126433 0.00387083 0.000403042 0.0132359 0.155393
internal_weight=9071.55 2126.97 1339.36 6944.58 1209.08 1139.45 505.504 263.319 208.681 159.638 139.888 787.606 60.5463 0.806616
internal_count=314954 196951 149979 118003 123218 116248 58001 1283 981 653 573 46972 3359 64
is_linear=0
shrinkage=0.03


Tree=106
num_leaves=15
num_cat=0
split_feature=0 4 0 0 1 2 4 4 3 4 4 2 0 2
split_gain=42.269 19.5219 17.184 16.5428 13.724 13.3251 13.1767 19.7109 12.0132 17.1389 16.5554 41.6626 16.8912 15.5821
threshold=0.018517776906466523 24.200347900390629 0.26284409374999301 0.0080615901532976632 0.17190381775328475 3.569729840709007 48.956142425537116 50.695846557617195 -0.012626999277428568 46.350444793701179 16.720572471618656 5.3040307491180085 0.035067062877157613 3.5895838292969233
decision_type=2 2 2 2 2 2 2 2 2 2 2 2 2 2
left_child=1 4 8 -3 -1 -6 -5 -8 9 13 11 -10 -13 -2
right_child=2 3 -4 6 5 -7 7 -9 10 -11 -12 12 -14 -15
leaf_value=0.0039655377941815529 -0.002100765096005818 -0.016315131986749852 0.0059889343712405865 -0.0063730194817756408 0.15941058605069952 0.029683255989578824 0.013800938012623245 -0.014850191805811879 -0.0012039587532328582 0.004627219186363711 -0.0020893799382113256 0.054078813532413485 0.014151427598296214 0.002198024080861948
leaf_weight=128.79986286675557 1368.0444183116779 136.63398828078061 528.8081539273262 851.70682908222079 0.94296678714454119 2.9170306753367186 70.715345446951687 31.121012833435088 451.04636841081083 1114.195910224691 2520.3282840596512 10.1994686499238 146.5707987472415 1704.3087480459362
leaf_count=7093 21667 28216 2505 103595 23 56 8066 3907 5066 29688 63561 151 1066 40294
internal_value=-4.23655e-05 -0.00523021 0.000766443 -0.00655248 0.00563597 0.0613746 -0.00515358 0.0050452 0.000388888 0.0014398 -0.0010176 0.00342656 0.0167491 0.000283877
internal_weight=9066.34 1222.84 7843.5 1090.18 132.66 3.86 953.543 101.836 7314.69 4186.55 3128.14 607.817 156.77 3072.35
internal_count=314954 150956 163998 143784 7172 79 115568 11973 161493 91649 69844 6283 1217 61961
is_linear=0
shrinkage=0.03


Tree=107
num_leaves=15
num_cat=0
split_feature=0 1 0 1 4 0 2 4 2 0 4 4 4 3
split_gain=40.4543 22.9448 17.0395 15.3654 14.2393 15.6931 13.3423 12.7984 14.0892 12.2264 12.2001 11.3178 13.9793 16.7269
threshold=0.02448430525336109 0.026509680188959078 0.0080615901532976632 0.35989433896357897 15.972986698150637 0.26284409374999301 3.2866838377014074 36.984550476074226 4.1109148461003056 0.015049719694893294 45.730857849121101 49.105541229248054 50.084573745727546 -0.34747901199138764
decision_type=2 2 2 2 2 2 2 2 2 2 2 2 2 2
left_child=1 2 -1 10 5 -5 -6 -4 9 -9 -2 -3 13 -13
right_child=3 11 7 4 6 -7 -8 8 -10 -11 -12 12 -14 -15
leaf_value=-0.016577577417050487 -0.000140163351596417 -0.00045289529603450705 -0.017603194458180749 0.0061349458073658254 -0.048094071241451278 0.024351757497435657 0.00051057919136496906 -0.0052364565920286791 -0.0072199678825767971 0.0041138552072668474 0.0025490770121796786 0.056332414067046831 -0.0076755000736068429 0.0075034283508216794
leaf_weight=126.05649064760655 4375.5165570843965 748.14305920060724 68.207510117441416 164.63399086892605 7.0002212822437313 57.399175226688385 18.558954909443855 247.62237542960793 627.91607161890715 255.95869306474924 2325.026067988947 11.386293111369012 14.433591546956448 14.173470267560335
leaf_count=26761 67688 44275 6970 733 34 365 100 39878 58247 18123 49083 749 1032 916
internal_value=-4.14332e-05 -0.00367541 -0.00608526 0.00106417 0.00840332 0.0108443 -0.0128014 -0.0049828 -0.00422204 -0.000483908 0.000792978 0.000378299 0.0159272 0.0292556
internal_weight=9062.03 2113.9 1325.76 6948.13 247.592 222.033 25.5592 1199.7 1131.5 503.581 6700.54 788.136 39.9934 25.5598
internal_count=314954 196951 149979 118003 1232 1098 134 123218 116248 58001 116771 46972 2697 1665
is_linear=0
shrinkage=0.03


Tree=108
num_leaves=15
num_cat=0
split_feature=0 1 2 4 3 2 0 0 4 0 2 3 4 0
split_gain=38.395 23.2187 20.4465 24.3827 20.0194 22.4973 28.8378 20.2582 19.3069 19.149 30.0411 19.0913 21.8969 20.7234
threshold=0.0095199263950023396 0.047023053994409501 5.2944047009505004 2.1881090402603154 0.25219808044288866 3.9111225951759701 0.039933922947966626 0.16626028719792083 45.323627471923835 0.016184898631737318 4.7000711901489085 0.4186589805808576 18.352177619934086 0.026471791298415689
decision_type=2 2 2 2 2 2 2 2 2 2 2 2 2 2
left_child=-1 8 4 -4 5 7 -7 -3 -2 10 -6 -5 13 -13
right_child=1 2 3 11 9 6 -8 -9 -10 -11 -12 12 -14 -15
leaf_value=-0.012178589588440789 -0.0037544992563103177 -0.0017524563168788095 0.033862209924850888 0.0002068616565958354 0.02311884055808518 0.00042398018799538767 0.01156357115312041 0.004412252182436403 0.00033770283467484216 -0.0034154332162623794 0.25911228736794989 0.086796156356809956 0.0051996026443683029 0.018802378689823575
leaf_weight=228.61673670914024 1726.7748504476622 1361.6124301990494 28.039113435894251 335.44957944191992 2.2322449199855323 401.1243467759341 437.03044505789876 740.74942387640476 2599.9269820777699 845.90459211729467 0.62038650643080462 4.1970727276056996 241.48172720521688 104.00340613722801
leaf_count=45634 82993 21812 169 3611 130 11046 4337 4241 129972 7250 34 52 2961 712
internal_value=-4.04072e-05 0.000273892 0.00178201 0.00644203 0.000904958 0.00207647 0.00623238 0.000419627 -0.00129548 -0.00315376 0.0744424 0.00531986 0.0102247 0.0214398
internal_weight=9057.76 8829.15 4502.44 713.171 3789.27 2940.52 838.155 2102.36 4326.7 848.757 2.85263 685.132 349.682 108.2
internal_count=314954 269320 56355 7505 48850 41436 15383 26053 212965 7414 164 7336 3725 764
is_linear=0
shrinkage=0.03


Tree=109
num_leaves=15
num_cat=0
split_feature=0 1 0 1 4 0 2 4 2 0 4 4 3 3
split_gain=36.9854 21.4152 15.9595 14.4215 13.4556 15.104 12.3437 12.299 13.5153 11.3948 11.3865 11.2031 11.1301 17.5835
threshold=0.02448430525336109 0.026509680188959078 0.0080615901532976632 0.35989433896357897 15.972986698150637 0.26284409374999301 3.2866838377014074 36.984550476074226 4.1109148461003056 0.015389346352760685 45.730857849121101 57.487562179565437 -0.70710678118654668 -0.5264529033800045
decision_type=2 2 2 2 2 2 2 2 2 2 2 2 2 2
left_child=1 2 -1 10 5 -5 -6 -4 9 -9 -2 -12 -3 -14
right_child=3 12 7 4 6 -7 -8 8 -10 -11 11 -13 13 -15
leaf_value=-0.01618152662179111 -0.00014948592019617163 0.012656848343640358 -0.017320716655770479 0.0059320034043055647 -0.046056740916852724 0.023917540284272263 0.0004553208003205653 -0.004810675180597062 -0.0070217347939921619 0.0042295046361480989 0.0026777161015771882 -0.016270577846677622 -0.012883045297726339 0.0011289932092186118
leaf_weight=122.51614875905216 4374.2971355803311 61.330266217235476 66.768279387615621 164.32018434256315 7.1023679822683361 56.462834715843201 18.540204107761383 257.61716385930777 622.67329919850454 244.65891391597688 2302.2852273117751 28.429644552990794 92.335918199736625 634.25489981286228
leaf_count=26761 67688 3359 6970 733 34 365 100 41130 58247 16871 48338 745 5673 37940
internal_value=-3.95493e-05 -0.00352638 -0.00587091 0.00101489 0.00814254 0.0105316 -0.0124274 -0.00481091 -0.00406843 -0.000407199 0.00075293 0.00244659 0.000384238 -0.000651671
internal_weight=9053.59 2102.15 1314.23 6951.44 246.426 220.783 25.6426 1191.72 1124.95 502.276 6705.01 2330.71 787.921 726.591
internal_count=314954 196951 149979 118003 1232 1098 134 123218 116248 58001 116771 49083 46972 43613
is_linear=0
shrinkage=0.03


Tree=110
num_leaves=15
num_cat=0
split_feature=0 4 0 0 2 3 1 4 4 3 1 3 0 1
split_gain=35.0863 18.9852 15.0249 14.7737 12.7897 16.733 14.6398 12.5961 21.7031 12.2837 14.7616 13.3853 11.605 9.61497
threshold=0.01971921524755196 27.184018135070804 0.335223782970062 0.0080615901532976632 5.1822047211719662 1.9985223992727577 0.35989433896357897 48.956142425537116 50.695846557617195 -0.083668114655416639 0.10340151049677142 -0.0069487979681702441 0.015617692222784902 0.1340630218794393
decision_type=2 2 2 2 2 2 2 2 2 2 2 2 2 2
left_child=1 9 13 -3 5 6 -4 -5 -9 -1 -11 -12 -13 -2
right_child=2 3 4 7 -6 -7 -8 8 -10 10 11 12 -14 -15
leaf_value=0.0016685297397425974 -3.1134626508101681e-05 -0.015417773287609609 0.0012733817869181715 -0.0057881818680096198 0.020876302435148202 -0.0538662311757718 0.020422190580924749 0.013070267927805215 -0.015030345907039925 0.015084446796419492 0.1613632047419922 0.10777721791541278 -0.031695332870814358 0.0026786475915362251
leaf_weight=161.57627340778708 5930.5200413214043 128.38342679664493 155.49094423651695 957.98898004740477 53.750192224979401 4.3356043100357047 46.732627496123314 82.21395517885685 35.381662885192782 18.92943420261145 1.2438209690153601 1.0685154795646661 1.079226756468415 1470.7335905507207
leaf_count=8360 141281 28124 637 111645 302 18 326 8735 4261 952 28 27 24 10234
internal_value=-3.85623e-05 -0.00442755 0.000756488 -0.00579886 0.00784046 0.00444831 0.00569855 -0.00465073 0.00461548 0.00455035 0.0254111 0.0830479 0.0376932 0.000507337
internal_weight=9049.43 1387.87 7661.56 1203.97 260.309 206.559 202.224 1075.58 117.596 183.897 22.321 3.39156 2.14774 7401.25
internal_count=314954 162156 152798 152765 1283 981 963 124641 12996 9391 1031 79 51 151515
is_linear=0
shrinkage=0.03


Tree=111
num_leaves=15
num_cat=0
split_feature=0 1 2 3 4 1 3 2 2 4 0 2 2 0
split_gain=33.475 20.3549 19.4203 27.8699 17.8028 16.8656 19.6244 17.3662 16.9259 16.1003 15.9387 15.3973 15.5274 15.7519
threshold=0.0095199263950023396 0.047023053994409501 4.610555579121475 2.7056927986617407 45.323627471923835 0.15280166308275098 0.25219808044288866 4.4942944880818301 4.4420746196097438 2.5121400356292729 0.10330505114317359 4.7707269955516622 3.0891314714436677 0.019441434470884946
decision_type=2 2 2 2 2 2 2 2 2 2 2 2 2 2
left_child=-1 4 5 9 -2 6 -3 8 -7 -4 11 12 -6 -14
right_child=1 2 3 -5 10 7 -8 -9 -10 -11 -12 -13 13 -15
leaf_value=-0.01156611275061239 -0.0035921505280704295 9.4624821460801732e-05 0.019688480603825803 -0.0096736003614845776 -0.014680389525290657 0.0032456123271864916 -0.0076222325460008405 -0.025492373574087186 0.025134302535714314 0.0049799926307048555 0.0081852966502216004 -0.0031230856979631112 -0.0017776789498450385 0.0049917567101181491
leaf_weight=221.13938278565183 1716.669116477482 1674.2695081210695 70.763753747567534 114.30246278829873 49.896857367828488 984.17868490982801 360.44191212113947 18.35212841257453 32.856231480836868 1252.4689444536343 214.12275218963623 1030.2432409119792 504.65840190602466 799.42551282979548
leaf_count=45634 82993 28074 605 1033 2700 6297 3975 96 165 16110 1319 41673 56935 27345
internal_value=-3.76089e-05 0.000251353 0.0016612 0.00453888 -0.00122143 0.000313767 -0.00127239 0.00343083 0.00395275 0.00576657 0.000344847 -0.000359289 0.00174368 0.0023721
internal_weight=9043.79 8822.65 4507.63 1437.54 4315.02 3070.1 2034.71 1035.39 1017.03 1323.23 2598.35 2384.22 1353.98 1304.08
internal_count=314954 269320 56355 17748 212965 38607 32049 6558 6462 16715 129972 128653 86980 84280
is_linear=0
shrinkage=0.03


Tree=112
num_leaves=15
num_cat=0
split_feature=1 0 3 3 1 2 1 0 3 4 0 4 2 4
split_gain=32.1903 21.4943 16.2585 17.0305 16.1476 13.4746 28.0957 13.1639 12.557 12.4396 12.8787 10.858 21.5733 21.7526
threshold=0.021140025205398465 0.057734935732237383 -1.0215625238708199 -0.93349428591243344 0.35989433896357897 2.2288302032443816 0.092376273101789863 0.0074664444570982412 -0.62700727700557679 15.972986698150637 0.26284409374999301 45.730857849121101 2.4731704835704296 48.463285446166999
decision_type=2 2 2 2 2 2 2 2 2 2 2 2 2 2
left_child=1 7 5 -4 11 -2 -7 -1 -3 10 -6 -5 13 -13
right_child=2 8 3 4 9 6 -8 -9 -10 -11 -12 12 -14 -15
leaf_value=-0.01622446779477341 -0.0043745031395069191 -0.012091227088607394 -0.012527690572514473 -0.00026952141596118455 0.0065793079423435335 0.0074296228969478071 0.046244467546277881 -0.0043034455719869616 0.0065397027911874277 -0.011447936246832885 0.023561273696609972 0.037583177402538089 0.0019198273238028049 -0.025695290405916081
leaf_weight=88.437259953003377 32.180095542222261 37.598990269005299 86.758952853269875 4525.6768656196073 156.21755204722285 58.718549614772201 23.500951809808612 1454.5584658123553 242.84910789877176 24.969554632902145 54.114804655313492 27.316340792924166 2220.2240593065508 5.9551346311345688
leaf_count=20222 420 400 1433 93577 714 1664 240 125636 2482 131 360 433 67156 86
internal_value=-3.67593e-05 -0.00359809 0.000863216 0.000682469 0.00084586 0.0120829 0.0185241 -0.0049867 0.0040419 0.00857183 0.0109485 0.000577695 0.00227915 0.0262572
internal_weight=9039.08 1823.44 7215.63 7101.23 7014.47 114.4 82.2195 1543 280.448 235.302 210.332 6779.17 2253.5 33.2715
internal_count=314954 148740 166214 163890 162457 2324 1904 145858 2882 1205 1074 161252 67675 519
is_linear=0
shrinkage=0.03


Tree=113
num_leaves=15
num_cat=0
split_feature=0 0 1 3 4 4 3 1 2 4 1 0 0 2
split_gain=30.8402 18.3849 14.8271 16.0159 25.744 32.174 17.1322 14.5737 13.2934 14.5609 15.2427 12.9752 12.4913 12.3004
threshold=0.02448430525336109 0.0074664444570982412 0.086889919440776203 -0.083668114655416639 19.773814201354984 5.428600788116456 -4.303451689986697 0.10340151049677142 4.803159916624419 47.814531326293952 0.029973362747132311 0.335223782970062 0.019301848767754013 5.1822047211719662
decision_type=2 2 2 2 2 2 2 2 2 2 2 2 2 2
left_child=1 -1 8 6 5 -5 -4 12 9 -3 -11 -2 -7 -13
right_child=11 2 3 4 -6 7 -8 -9 -10 10 -12 13 -14 -15
leaf_value=-0.015869080862965613 0.00066817630490337147 -0.00356450121449646 0.091957440880173297 -0.015021697939500653 -0.024669166217849516 -0.031160645787347022 0.0018608321236580965 0.13779377040261731 -0.0087605275075538971 0.00046776724957314037 0.017383641635054986 0.0041931222688460466 0.093447385034978736 0.020400954600380682
leaf_weight=98.828155272174627 6696.4323482718319 1225.7656472567469 1.9348571486771096 3.2939191758632642 4.3176087420433751 1.0910439388826492 103.94516609888524 3.8608022853732109 327.2654272778891 248.10141486627981 59.424703406170011 205.29376551508904 2.1523664742708206 53.026777163147926
leaf_count=22396 116720 115673 39 72 103 33 3157 61 24698 26657 4023 981 39 302
internal_value=-3.58614e-05 -0.0032409 -0.00261096 0.00758308 0.0369086 0.0624775 0.00350726 0.0984106 -0.0032717 -0.00210017 0.0037365 0.000922681 0.0515308 0.00752019
internal_weight=9034.73 2079.98 1981.15 120.596 14.7157 10.3981 105.88 7.10421 1860.56 1533.29 307.526 6954.75 3.24341 258.321
internal_count=314954 196951 174555 3504 308 205 3196 133 171051 146353 30680 118003 72 1283
is_linear=0
shrinkage=0.03


Tree=114
num_leaves=15
num_cat=0
split_feature=0 1 2 4 3 2 0 4 4 0 2 0 3 3
split_gain=29.5959 17.9774 18.5508 24.6472 18.6957 19.117 17.8006 27.135 16.5807 19.1526 20.6743 17.0951 16.3517 20.283
threshold=0.0095199263950023396 0.047023053994409501 5.5837593974486488 18.352177619934086 1.9985223992727577 4.610555579121475 0.15222803994887621 36.549779891967781 11.92210626602173 0.10330505114317359 4.7707269955516622 0.019441434470884946 -0.42391658865366272 -0.4067086866274352
decision_type=2 2 2 2 2 2 2 2 2 2 2 2 2 2
left_child=-1 8 4 -4 5 -3 -5 -8 -2 10 11 -10 -13 -14
right_child=1 2 3 6 -6 -7 7 -9 9 -11 -12 12 13 -15
leaf_value=-0.011032186538799225 -0.01024252989615834 0.00023149197520360733 0.018407457885427185 -0.0013496133657029054 -0.0092190712062923206 0.0052659997173687819 -0.0057044895168339039 0.033472261289776734 -0.0029994842040053427 0.0055570550494626935 -0.0040638758118273135 -0.0020742129301804454 0.023637474833409711 0.0037780749803164523
leaf_weight=215.00698393769562 173.38815141096711 3066.3547344170511 130.19582949765027 222.82443252950907 156.74398063868284 871.80227299779654 28.05752868950367 36.756792619824409 808.66933046560735 389.63740667700768 1563.4175607683137 464.12821237184107 48.935166991315782 854.71402254700661
leaf_count=45634 5553 38568 763 3118 1098 12496 132 180 93109 2488 64007 15380 1598 30830
internal_value=-3.5081e-05 0.000233131 0.00155601 0.00757746 0.000941589 0.001346 0.00267541 0.016513 -0.00115426 -0.000772663 -0.00143212 0.000458355 0.00250273 0.00485352
internal_weight=9030.63 8815.63 4512.74 417.835 4094.9 3938.16 287.639 64.8143 4302.89 4129.5 3739.86 2176.45 1367.78 903.649
internal_count=314954 269320 56355 4193 52162 51064 3430 312 212965 207412 204924 140917 47808 32428
is_linear=0
shrinkage=0.03


Tree=115
num_leaves=15
num_cat=0
split_feature=0 0 1 3 2 2 3 2 1 3 1 4 2 0
split_gain=28.1556 17.3324 14.9376 14.2396 23.3786 16.505 22.5272 45.76 31.3203 23.7661 21.3616 35.6172 38.1541 24.4529
threshold=0.0095199263950023396 0.067518082070855176 0.01673930427572862 2.7056927986617407 6.1861571809249876 4.610555579121475 -0.068333990005824463 3.8908402253256194 0.052985743255726289 -0.31653807871271561 0.066428860251042651 35.594476699829109 5.5255525308062499 0.14534467499588868
decision_type=2 2 2 2 2 2 2 2 2 2 2 2 2 2
left_child=-1 2 -2 5 -5 6 7 -3 9 -9 11 -7 -13 -14
right_child=1 3 -4 4 -6 10 -8 8 -10 -11 -12 12 13 -15
leaf_value=-0.010820588946382147 -0.00486685387889918 0.0011758140977855506 -0.00024522582264909469 -0.015867442018566821 0.014251425091054521 -0.00985565059786234 -0.0034272741436562133 -0.00072220895435967235 0.039854396270240525 0.027990888332537177 0.01040046479691175 0.021655793637938368 -0.0035575769308662771 0.013464493159110955
leaf_weight=212.67089804913849 736.15493508102372 1593.0992620438337 4340.5997541639954 91.889395028352737 31.025972165167332 173.37423431873322 785.10064630582929 70.568389929831028 43.458193480968475 41.027946002781391 431.03921294212341 108.52187198773026 260.22821932286024 107.25990805029869
leaf_count=45634 63713 13054 175902 605 231 1521 6013 485 250 273 2618 1095 3017 543
internal_value=-3.42987e-05 0.00022598 -0.000915385 0.00177671 -0.00826492 0.00211826 0.000794187 0.00269006 0.0182481 0.00983405 0.0052228 0.00178605 0.00602623 0.00141071
internal_weight=9026.02 8813.35 5076.75 3736.59 122.915 3613.68 2533.25 1748.15 155.055 111.596 1080.42 649.384 476.01 367.488
internal_count=314954 269320 239615 29705 836 28869 20075 14062 1008 758 8794 6176 4655 3560
is_linear=0
shrinkage=0.03


Tree=116
num_leaves=15
num_cat=0
split_feature=1 0 3 3 1 2 1 4 0 0 3 3 4 3
split_gain=27.0265 18.0521 15.0749 16.099 15.2015 12.4198 24.721 11.7529 12.4575 11.5875 11.5574 10.5712 10.4219 16.0224
threshold=0.021140025205398465 0.057734935732237383 -1.0215625238708199 -0.93349428591243344 0.35989433896357897 2.2288302032443816 0.092376273101789863 15.972986698150637 0.26284409374999301 0.0074664444570982412 -0.62700727700557679 0.95987196336405156 47.721248626708991 -0.72774765802406838
decision_type=2 2 2 2 2 2 2 2 2 2 2 2 2 2
left_child=1 9 5 -4 12 -2 -7 8 -6 -1 -3 -12 -5 -14
right_child=2 10 3 4 7 6 -8 -9 -10 -11 11 -13 13 -15
leaf_value=-0.015453387124128363 -0.0042992415156736866 -0.011896139536390385 -0.012282202379455992 5.0353983782335967e-05 0.0063342176332501663 0.0071903726805164925 0.043199520956086576 -0.011127318163462246 0.023144988552683789 -0.0039791551193384947 0.0094854091908867927 -0.0052437200393784314 0.022563213064124187 0.0026740167251061791
leaf_weight=83.831544634886086 32.112674791365862 37.303394392132759 86.087163225747645 5880.9022404318675 155.93228679709136 58.982728185132146 24.198096415027976 25.065745368599892 53.211794503033161 1437.0075925085694 187.03504015132785 57.286579210311174 38.058121882844716 864.41631440958008
leaf_count=20222 420 400 1433 134371 714 1664 240 131 360 125636 1820 662 650 26231
internal_value=-3.35729e-05 -0.00331969 0.000786918 0.000612267 0.000770448 0.0115479 0.0176658 0.0082848 0.0106113 -0.00461164 0.00365714 0.00603184 0.000511 0.00351276
internal_weight=9021.43 1802.46 7218.97 7103.67 7017.59 115.293 83.1808 234.21 209.144 1520.84 281.625 244.322 6783.38 902.474
internal_count=314954 148740 166214 163890 162457 2324 1904 1205 1074 145858 2882 2482 161252 26881
is_linear=0
shrinkage=0.03


Tree=117
num_leaves=15
num_cat=0
split_feature=0 1 2 4 3 4 0 4 0 3 2 0 2 3
split_gain=25.9143 16.5762 17.0978 21.8402 18.1629 19.0854 18.1745 19.4199 23.2327 17.5957 20.198 25.6684 19.2169 31.7382
threshold=0.0090440513244040965 0.047023053994409501 5.2944047009505004 2.1881090402603154 0.4186589805808576 18.352177619934086 0.05552675474888958 31.326687812805179 0.12738665859774409 0.25219808044288866 3.9111225951759701 0.038283128868489343 3.9319236623295808 -0.13556174741629276
decision_type=2 2 2 2 2 2 2 2 2 2 2 2 2 2
left_child=-1 -2 9 -4 6 -6 -5 -8 -9 10 -3 -12 13 -13
right_child=1 2 3 4 5 -7 7 8 -10 -11 11 12 -14 -15
leaf_value=-0.011461632165843588 -0.0011345959822545966 0.00017894114482069849 0.031468104702922176 -0.011263166664784548 0.019763365935482065 0.0047015005588910905 -0.0012221931772755238 0.0077256157581086218 0.048627564379519164 -0.0031523778141603147 -1.7950840382673443e-05 0.048559958843250595 0.00837589256561397 -0.0015420490272084874
leaf_weight=175.0879358923994 4322.601567171514 2105.4364709430374 28.446255460381508 97.300317519344389 110.18419000692666 242.03780434187502 173.25958586111665 51.079967953264713 16.547208070755005 846.31549146492034 388.50278710061684 28.476101625710726 412.8924179263413 18.953099984675646
leaf_count=39557 218861 26159 169 1608 764 2965 1259 654 90 7418 10847 262 4205 136
internal_value=-3.27274e-05 0.000193585 0.00146392 0.00570672 0.0046453 0.00941324 -0.000320508 0.00409951 0.0177336 0.000661422 0.00175397 0.0056607 0.0104534 0.0285388
internal_weight=9017.12 8842.03 4519.43 718.855 690.409 352.222 338.187 240.887 67.6272 3800.58 2954.26 848.824 460.322 47.4292
internal_count=314954 275397 56536 7509 7340 3729 3611 2003 744 49027 41609 15450 4603 398
is_linear=0
shrinkage=0.03


Tree=118
num_leaves=15
num_cat=0
split_feature=0 1 0 4 2 0 2 3 1 2 3 2 4 2
split_gain=24.8729 15.8565 11.9456 12.1429 13.1207 11.5773 11.1533 15.788 12.5498 14.4136 33.7163 20.6638 11.2484 10.7502
threshold=0.02448430525336109 0.026509680188959078 0.0080615901532976632 36.984550476074226 4.1109148461003056 0.335223782970062 5.1822047211719662 0.80826712300182579 0.17190381775328475 2.772651218333857 -0.55750725420564418 4.4302630732684936 9.3921709060668963 3.294168791699557
decision_type=2 2 2 2 2 2 2 2 2 2 2 2 2 2
left_child=1 2 -1 -4 -5 -2 7 8 9 10 -7 -11 -10 -14
right_child=5 -3 3 4 -6 6 -8 -9 12 11 -12 -13 13 -15
leaf_value=-0.014484066728985634 0.00058550318164239353 0.00041567537165116032 -0.016790710669773438 0.00027440543857579338 -0.0063259800577441282 -0.012210491595301982 0.019540263925360901 -0.019167245366905072 0.026811314586661798 -0.012660430272118155 0.056878703035964082 0.03497074025059925 -0.021697825527308878 0.013797124717695548
leaf_weight=109.3364563039504 6701.3080980759114 786.79991771792993 64.214688559994102 491.136921166908 604.90034679416567 13.925595581531526 51.650135844945908 23.55105197429657 40.910319313406944 65.794863134622574 11.696840196847914 9.3639092892408353 10.470778301358221 28.80572584271431
leaf_count=26761 116720 46972 6970 58001 58247 56 302 105 273 266 47 42 48 144
internal_value=-3.19827e-05 -0.00293068 -0.00500451 -0.0041112 -0.00336833 0.000824771 0.00708393 0.00393816 0.00694508 -0.000101861 0.0193293 -0.00672614 0.0158019 0.00433448
internal_weight=9013.87 2056.39 1269.59 1160.25 1096.04 6957.48 256.169 204.519 180.968 100.781 25.6224 75.1588 80.1868 39.2765
internal_count=314954 196951 149979 123218 116248 118003 1283 981 876 411 103 308 465 192
is_linear=0
shrinkage=0.03


Tree=119
num_leaves=15
num_cat=0
split_feature=0 1 3 4 4 2 0 2 3 2 2 2 3 3
split_gain=23.6834 14.5601 11.8179 11.6092 17.2844 14.5529 12.8797 12.0635 13.927 11.6063 12.4422 16.7312 11.5558 20.0228
threshold=0.013028082377881134 0.19075609443328598 -0.37566265803182425 47.814531326293952 10.808771610260012 3.8908402253256194 0.335223782970062 3.7552288343818057 -0.20362993050179831 3.495173321880253 3.3095388555946266 3.023323035761186 -0.74128377892082686 -0.68335364291418366
decision_type=2 2 2 2 2 2 2 2 2 2 2 2 2 2
left_child=2 -2 -1 4 6 7 -3 8 9 10 11 12 -6 -14
right_child=1 3 -4 -5 5 -7 -8 -9 -10 -11 -12 -13 13 -15
leaf_value=-0.011261196347427003 -3.3548213932669964e-05 0.0053040126071030383 -0.0018512869595083941 0.021869822421882734 -0.012247932338846359 0.0072931543798583579 0.022557286506011857 -0.038606561140515756 0.019058097888791946 -0.030482179660977899 0.013284031754528204 -0.033284251075294972 0.055907307409336617 -0.017393234795514016
leaf_weight=237.96264066873118 7839.7055770806037 404.54711439460516 242.5583196952939 33.024833396077156 27.428276810795065 73.15107636153698 43.088558740913868 11.570606291294096 16.530509956181049 21.073306556791067 22.938508398830891 22.49102833122015 7.1824541091918945 6.2920940704643744
leaf_count=45463 220166 2148 45636 164 150 355 294 61 95 107 119 126 34 36
internal_value=-3.10886e-05 0.000334 -0.00651124 0.00451417 0.00364083 -0.00349006 0.00696478 -0.0093112 -0.0065762 -0.0105215 -0.0056492 -0.0125 -0.00107151 0.0216788
internal_weight=9009.54 8529.02 480.521 689.318 656.294 208.658 447.636 135.507 123.936 107.406 86.3324 63.3939 40.9028 13.4745
internal_count=314954 223855 91099 3689 3525 1083 2442 728 667 572 465 346 220 70
is_linear=0
shrinkage=0.03


Tree=120
num_leaves=15
num_cat=0
split_feature=1 0 3 3 1 2 1 3 4 4 0 4 2 4
split_gain=22.9946 16.265 14.1248 15.1633 13.3158 11.5232 22.4817 10.8637 10.8417 12.0366 11.9524 10.3008 19.2433 20.1131
threshold=0.021140025205398465 0.057734935732237383 -1.0215625238708199 -0.93349428591243344 0.35989433896357897 2.2288302032443816 0.092376273101789863 -0.62700727700557679 15.972986698150637 5.428600788116456 0.335223782970062 45.730857849121101 2.4731704835704296 48.463285446166999
decision_type=2 2 2 2 2 2 2 2 2 2 2 2 2 2
left_child=1 -1 5 -4 11 -2 -7 -3 9 10 -6 -5 13 -13
right_child=2 7 3 4 8 6 -8 -9 -10 -11 -12 12 -14 -15
leaf_value=-0.0043179430144404873 -0.0042057892301344685 -0.011624589703056838 -0.012010096666625952 -0.00036017444879144248 0.0019791141920174706 0.0069240924021353734 0.040976108886732657 0.0058216457773519765 -0.010832346932915345 0.022191812233675216 0.024513836880825562 0.035014201540282126 0.0017768887398924224 -0.02570156370122097
leaf_weight=1503.8923734594136 32.036610675044358 36.970920499414206 85.411361216101795 4527.7131765536033 127.35432169027627 59.330027056392282 24.720111374743283 244.97814923897386 25.131574183702469 54.119960092008114 25.40965398401022 28.241430506110191 2224.4689573161304 5.9439065707847467
leaf_count=145858 420 400 1433 93577 594 1664 240 2482 131 276 204 433 67156 86
internal_value=-3.0252e-05 -0.00307828 0.000723679 0.000554052 0.000706954 0.0111038 0.0169392 0.00353399 0.00777415 0.0100344 0.00572738 0.000465337 0.00212016 0.0244574
internal_weight=9005.72 1785.84 7219.88 7103.79 7018.38 116.087 84.0501 281.949 232.016 206.884 152.764 6786.37 2258.65 34.1853
internal_count=314954 148740 166214 163890 162457 2324 1904 2882 1205 1074 798 161252 67675 519
is_linear=0
shrinkage=0.03


Tree=121
num_leaves=15
num_cat=0
split_feature=0 1 3 2 4 2 0 2 2 2 2 1 3 1
split_gain=22.5311 14.6617 11.3888 13.7195 14.223 12.6434 11.2978 10.9714 10.918 13.1586 12.0402 12.4255 24.9867 11.5108
threshold=0.0090440513244040965 0.15280166308275098 1.9985223992727577 4.8365596075973292 10.808771610260012 5.1822047211719662 0.069839362470638836 5.9687842804417484 3.3304887508319116 3.2866838377014074 3.4012307138844275 0.023425330206368247 0.2677855471826231 0.020689451951517172
decision_type=2 2 2 2 2 2 2 2 2 2 2 2 2 2
left_child=-1 8 3 -3 7 -4 -6 -5 9 -2 11 12 -10 -12
right_child=1 2 5 4 6 -7 -8 -9 10 -11 13 -13 -14 -15
leaf_value=-0.010858905152607887 -0.0021533468125563174 0.003000980403668405 -0.022943504302739958 0.0093969400243148916 0.004949785100734988 0.0077949883270259602 0.041250016529137158 -0.040960525911086218 0.022099550795446149 -0.014314747246471426 -0.00239366727861907 0.0036127494559848967 0.31856865928792716 0.00063335136636337842
leaf_weight=169.64947487786412 925.77810089057311 1069.940573034808 30.26208920776844 36.265094175934792 11.22508519887924 20.003994911909103 24.687252707779408 4.3621973395347586 35.085915201809257 87.654498079326004 1458.7653996250592 101.6975156487897 0.25773369939997692 5026.3059705756605
leaf_count=39557 21707 6823 156 174 60 97 115 20 3015 4079 101300 2947 19 134885
internal_value=-2.94901e-05 0.00017852 0.00326594 0.00387873 0.0161487 -0.0107108 0.0299037 0.00399 -0.000305382 -0.00320522 0.000138402 0.00893816 0.0242615 -4.75525e-05
internal_weight=9001.94 8832.29 1196.75 1146.48 76.5396 50.2661 35.9123 40.6273 7635.55 1013.43 6622.11 137.041 35.3436 6485.07
internal_count=314954 275397 7445 7192 369 253 175 194 267952 25786 242166 5981 3034 236185
is_linear=0
shrinkage=0.03


Tree=122
num_leaves=15
num_cat=0
split_feature=0 0 2 1 2 4 4 0 2 2 2 3 2 1
split_gain=21.4323 14.1632 16.887 17.4033 25.4407 17.859 16.7634 21.5114 17.5128 17.9168 15.9537 15.2931 48.9296 24.5747
threshold=0.0090440513244040965 0.13716156933077633 3.3304887508319116 0.068585273885675327 4.7707269955516622 4.326101779937745 19.773814201354984 0.019441434470884946 3.5895838292969233 3.4642817149908187 5.5720589661065594 -0.34923267293836951 3.688754438486332 0.028021505996672878
decision_type=2 2 2 2 2 2 2 2 2 2 2 2 2 2
left_child=-1 2 -2 4 6 -6 -4 8 9 -8 -5 12 -3 -14
right_child=1 11 3 10 5 -7 7 -9 -10 -11 -12 -13 13 -15
leaf_value=-0.010648882673912924 -0.0046273523786781196 0.0032982475863364813 -0.0070586546675668717 0.0018484567846774726 0.024515785250237402 -0.0036654842090917887 -0.00012116859804789008 0.0040552923989328696 -0.0037291142619066443 0.026496171848684445 0.012093068696160636 0.00020733861445398118 0.0067012148441607531 0.044324839293058665
leaf_weight=167.83334266254678 792.88811236713082 818.97775737941265 204.37720391526818 1205.4320218963549 20.447325009852648 1982.2334037874825 60.625967854633927 1475.0397918866947 697.51422945735976 36.440420110709965 154.32339931279421 1316.5031047537923 25.15105228126049 41.251108162105083
leaf_count=39557 24316 5510 6814 17451 256 71042 7108 47537 81754 4241 1141 7900 119 208
internal_value=-2.87843e-05 0.000173046 -0.00051935 3.87282e-05 -0.000864122 -0.00337775 0.00117064 0.00191168 -0.00206766 0.00987145 0.00301115 0.00225768 0.0053064 0.0300742
internal_weight=8999.04 8831.2 6629.32 5836.43 4476.68 2002.68 2474 2269.62 794.581 97.0664 1359.76 2201.88 885.38 66.4022
internal_count=314954 275397 261660 237344 218752 71298 147454 140640 93103 11349 18592 13737 5837 327
is_linear=0
shrinkage=0.03


Tree=123
num_leaves=15
num_cat=0
split_feature=0 0 2 1 4 1 3 4 4 3 0 3 3 0
split_gain=20.546 13.7674 12.6569 12.7754 10.3151 11.5999 16.6304 17.5278 27.9651 13.5216 11.8741 10.7263 15.8576 15.2866
threshold=0.02448430525336109 0.0074664444570982412 4.9348802428185472 0.1457563069991952 47.941259384155281 0.086889919440776203 -0.083668114655416639 5.7754328250885019 19.773814201354984 -1.2499695321086095 0.020003885003202524 -0.47432277448704824 -0.34437824345193707 0.015389346352760685
decision_type=2 2 2 2 2 2 2 2 2 2 2 2 2 2
left_child=1 -1 4 -4 5 -3 9 -8 -9 10 -7 -6 13 -13
right_child=-2 2 3 -5 11 6 7 8 -10 -11 -12 12 -14 -15
leaf_value=-0.014233787487329366 0.00074775243848598295 -0.0030622363604582677 -0.0082479375378175651 0.11427825080902634 -0.0065103640747965572 0.0067375201084238648 -0.021763829245031421 0.09864736283901801 -0.019802618115712819 0.0012174325923577918 0.12444194911122981 0.001217060481898203 0.0014443742962426983 0.029111324605077961
leaf_weight=88.741657529259101 6957.0703074783087 1254.7292786429171 290.02802755357698 0.76790513098239799 66.585993992630392 1.5595092261210077 2.961777417920529 5.9534288886934501 2.5674848016351461 102.2771381852217 1.5263008400797842 28.628386258613318 145.01846788916737 46.242220425978303
leaf_count=22396 118003 120103 22342 4 7359 39 73 110 64 3092 24 4379 14219 2747
internal_value=-2.82053e-05 -0.00267761 -0.00215139 -0.00792438 -0.0011389 -0.00222032 0.0068205 0.0411043 0.0629565 0.00308418 0.0649564 0.00403866 0.00723308 0.0184454
internal_weight=8994.66 2037.59 1948.85 290.796 1658.05 1371.57 116.846 11.4827 8.52091 105.363 3.08581 286.475 219.889 74.8706
internal_count=314954 196951 174555 22346 152209 123505 3402 247 174 3155 63 28704 21345 7126
is_linear=0
shrinkage=0.03


Tree=124
num_leaves=15
num_cat=0
split_feature=0 0 2 1 2 2 4 0 4 1 3 3 3 4
split_gain=19.5256 13.4038 12.1191 14.1013 22.484 21.4085 18.7271 21.3865 18.8058 24.2735 18.1296 16.7052 25.1648 16.396
threshold=0.0090440513244040965 0.18917535138317923 3.3095388555946266 0.066428860251042651 5.5720589661065594 4.7707269955516622 5.428600788116456 0.036690803781543692 48.072639465332038 0.028943471249020383 -0.44246812794491858 -0.5264529033800045 -0.53012797418090862 22.6042013168335
decision_type=2 2 2 2 2 2 2 2 2 2 2 2 2 2
left_child=-1 2 -2 5 -5 6 -4 8 -8 -10 -11 12 -9 -6
right_child=1 -3 3 4 13 -7 7 11 9 10 -12 -13 -14 -15
leaf_value=-0.010264905493608931 -0.0032576954388536315 0.0031149656900210914 -0.01075277193042962 0.0012556904373614618 0.018576409790732887 -0.0029918901630674372 -0.0016145478256359962 0.016147580713574073 0.001259788091735477 -0.004163622872391034 0.027546954231675375 0.0044198187882124899 0.12040552494042674 0.00020656076508210333
leaf_weight=164.61002400983125 1071.5415708082728 1196.8644914329052 114.04862328153104 1777.8031036602333 123.64718460664153 2066.3092941688374 1395.0997170791961 78.836453340947628 222.08701507048681 21.423726030625403 66.886331472080201 623.90134175121784 2.1401782818138591 67.656322496943176
leaf_count=39557 25879 6240 3308 22293 739 71571 109436 1110 19571 1107 3460 10039 29 615
internal_value=-2.76479e-05 0.000163234 -0.000299699 0.000183486 0.00230727 -0.000727472 0.00112602 0.00168807 -0.000128618 0.00654999 0.0198541 0.00608366 0.0189031 0.0120797
internal_weight=8992.86 8828.25 7631.38 6559.84 1969.11 4590.73 2524.42 2410.37 1705.5 310.397 88.3101 704.878 80.9766 191.304
internal_count=314954 275397 269157 243278 23647 219631 148060 144752 133574 24138 4567 11178 1139 1354
is_linear=0
shrinkage=0.03


Tree=125
num_leaves=15
num_cat=0
split_feature=0 4 4 4 3 2 0 1 1 0 0 2 3 1
split_gain=18.7715 13.342 12.3046 16.8911 10.5761 12.0228 12.795 12.1694 13.5812 19.1249 10.2283 10.9149 14.7904 11.2919
threshold=0.021398844698814885 24.200347900390629 48.956142425537116 50.44311714172364 -0.075168296549545627 3.7831550027275926 0.015960543198889027 0.047887010685607197 0.068585273885675327 0.014371913332342346 0.335223782970062 5.1822047211719662 0.80826712300182579 0.17190381775328475
decision_type=2 2 2 2 2 2 2 2 2 2 2 2 2 2
left_child=1 4 -3 -4 -1 -6 7 -7 9 -9 -2 12 13 -12
right_child=10 2 3 -5 5 6 -8 8 -10 -11 11 -13 -14 -15
leaf_value=0.0014618134298580332 0.00039710717678615207 -0.0050792660446236605 0.011295655787623687 -0.0099084498215896225 -0.030849523771817062 -0.0087527355718857759 0.016670977785030683 0.28766333739245614 0.057916568714143829 0.059580241527192053 -0.00029371857815641553 0.018972044675208823 -0.018954029099830048 0.014900942120637854
leaf_weight=187.883429704234 7151.6804796271026 1219.0999909979291 98.603029876947403 51.455398626392707 3.4156762696802643 1.3915174165740634 17.422142402268946 0.65986373927444197 2.9978322479873896 0.66362299770116806 100.60966441035271 50.759188964962959 23.514977738261223 78.25467649102211
leaf_count=8604 137867 149101 10742 6382 160 151 510 39 88 27 411 302 105 465
internal_value=-2.71308e-05 -0.00299172 -0.00408148 0.00402472 0.00396637 0.0216896 0.0294466 0.0684077 0.0932543 0.173298 0.000606875 0.00653326 0.00341346 0.00635408
internal_weight=8988.41 1583.59 1369.16 150.058 214.434 26.5507 23.135 5.71284 4.32132 1.32349 7404.82 253.139 202.379 178.864
internal_count=314954 175804 166225 17124 9579 975 815 305 154 66 139150 1283 981 876
is_linear=0
shrinkage=0.03


Tree=126
num_leaves=15
num_cat=0
split_feature=0 1 3 2 0 2 4 4 0 2 2 2 4 3
split_gain=18.2914 13.0323 10.7769 12.3808 13.489 11.7562 10.8485 14.3778 10.8416 10.5854 13.8987 12.0101 11.2111 14.7987
threshold=0.0074664444570982412 0.15280166308275098 1.9985223992727577 4.8365596075973292 0.091360669170586009 5.1822047211719662 47.814531326293952 10.808771610260012 0.20411486806036533 3.3304887508319116 3.2866838377014074 3.4012307138844275 45.219354629516609 -1.0000000180025095e-35
decision_type=2 2 2 2 2 2 2 2 2 2 2 2 2 2
left_child=-1 9 3 6 -5 8 7 -3 -4 10 -2 12 -11 -14
right_child=1 2 5 4 -6 -7 -8 -9 -10 11 -12 -13 13 -15
leaf_value=-0.013774281726970899 -0.0021116917708995648 0.0055768121318323996 -0.0064636310244606497 0.00455962201229646 0.030067942660860041 0.0072009329986550529 0.01405633854179875 -0.0016201853236663631 -0.042724268895517108 0.00066063001474915887 -0.014516769260201198 -0.00010016836157966944 0.016464666076279017 0.20296663311676097
leaf_weight=86.26497580553405 925.57130359462462 498.63329948298633 16.835888087749485 44.463308840990067 32.147628843784332 20.05597610771656 71.641613870859146 500.66547121200711 13.270483419299124 74.330983736552298 89.112836829619482 6543.9585401213262 67.530734403757378 0.38509533321484823
leaf_count=22396 22706 3086 94 216 153 97 419 3320 62 2709 4744 250750 4176 26
internal_value=-2.65045e-05 0.000106769 0.00301793 0.00361289 0.0152635 -0.010593 0.00277946 0.001971 -0.0224468 -0.000346001 -0.00320115 8.72902e-05 0.00871118 0.0175222
internal_weight=8984.87 8898.6 1197.71 1147.55 76.6109 50.1623 1070.94 999.299 30.1064 7700.89 1014.68 6686.21 142.247 67.9158
internal_count=314954 292558 7447 7194 369 253 6825 6406 156 285111 27450 257661 6911 4202
is_linear=0
shrinkage=0.03


Tree=127
num_leaves=15
num_cat=0
split_feature=0 0 3 4 2 1 1 4 2 1 2 2 3 2
split_gain=17.5841 11.9713 11.9835 22.8207 16.9024 23.2154 14.9817 25.1307 11.2604 12.6652 13.9111 14.365 12.4696 12.1453
threshold=0.0095199263950023396 0.18917535138317923 -0.34194106976856542 21.542462348937992 3.5895838292969233 0.028021505996672878 0.35989433896357897 23.641762733459476 3.3095388555946266 0.1340630218794393 3.4340355892407608 5.602284844973167 -0.75675213483477421 2.2288302032443816
decision_type=2 2 2 2 2 2 2 2 2 2 2 2 2 2
left_child=-1 8 4 -4 6 -6 -3 -8 12 -10 -11 -12 13 -2
right_child=1 2 3 -5 5 -7 7 -9 9 10 11 -13 -14 -15
leaf_value=-0.0089578450141263293 -0.0070036994613111745 0.0025155464922685866 -0.005693284460604733 0.0049504440707235746 -0.005180064692542132 0.039689209923543745 0.025558648498845139 -0.043971818387016963 -0.00023610551287010759 0.018234968803478108 0.001559823495420466 0.020603327897878485 -0.0055495377540188484 0.0047178163527962155
leaf_weight=194.07871577818878 113.31656765099615 340.71141373366117 303.79464083909988 449.59913510084152 15.887293651700018 29.928614340722561 51.2374636977911 5.148496448993682 5889.9857741585001 57.91941926907748 540.95470469165593 38.164547123014927 684.28214127290994 267.04994431883097
leaf_count=45634 2074 1752 1617 2285 69 149 343 25 232832 487 4151 174 18065 5297
internal_value=-2.58503e-05 0.000171409 0.00296071 0.000658522 0.00687672 0.0241302 0.00488607 0.01921 -0.000268133 0.0001985 0.00421681 0.00281481 -0.00312891 0.00122581
internal_weight=8982.06 8787.98 1196.31 753.394 442.913 45.8159 397.097 56.386 7591.67 6527.02 637.039 579.119 1064.65 380.367
internal_count=314954 269320 6240 3902 2338 218 2120 368 263080 237644 4812 4325 25436 7371
is_linear=0
shrinkage=0.03


Tree=128
num_leaves=15
num_cat=0
split_feature=1 0 3 3 1 2 1 3 4 4 0 4 2 4
split_gain=17.1464 13.7725 13.1766 14.0486 11.0787 10.1715 19.6449 10.0974 9.9781 11.6148 11.0475 9.7541 18.1923 18.6363
threshold=0.021140025205398465 0.057734935732237383 -1.0215625238708199 -0.93349428591243344 0.35989433896357897 2.2288302032443816 0.092376273101789863 -0.62700727700557679 15.972986698150637 5.428600788116456 0.335223782970062 45.730857849121101 2.4731704835704296 48.463285446166999
decision_type=2 2 2 2 2 2 2 2 2 2 2 2 2 2
left_child=1 -1 5 -4 11 -2 -7 -3 9 10 -6 -5 13 -13
right_child=2 7 3 4 8 6 -8 -9 -10 -11 -12 12 -14 -15
leaf_value=-0.0038409298548193857 -0.0038838971622104962 -0.01131721749659988 -0.011714114827117093 -0.0004190792602978539 0.0014839528134010719 0.0066276617589461897 0.038167327808910516 0.0055825792809524434 -0.010755002401706249 0.021320430952818267 0.023624582165961593 0.03345785321020317 0.0016579897935183636 -0.025436260603626786
leaf_weight=1477.109205799643 31.664346070028841 36.555743917822838 84.325815564952791 4524.9125071223825 126.62291886098683 59.56135222222656 25.333492515608668 245.56736600026488 25.108161710202694 53.324905574321747 24.151234686374664 28.810666004195809 2228.2764613751788 5.8110223934054366
leaf_count=145858 420 400 1433 93577 594 1664 240 2482 131 276 204 433 67156 86
internal_value=-2.51495e-05 -0.00268088 0.000622135 0.000457918 0.000604193 0.0106271 0.0160394 0.00339281 0.00709112 0.00928655 0.00503047 0.000385146 0.00199328 0.0235729
internal_weight=8977.14 1759.23 7217.9 7101.34 7017.02 116.559 84.8948 282.123 229.207 204.099 150.774 6787.81 2262.9 34.6217
internal_count=314954 148740 166214 163890 162457 2324 1904 2882 1205 1074 798 161252 67675 519
is_linear=0
shrinkage=0.03


Tree=129
num_leaves=15
num_cat=0
split_feature=0 1 4 2 3 3 2 0 2 4 4 4 3 3
split_gain=16.7263 12.1022 15.4059 15.1696 23.8105 14.7423 25.8548 42.222 16.4129 13.9756 13.2463 13.2231 30.5477 33.203
threshold=0.0074664444570982412 0.047023053994409501 45.252140045166023 4.610555579121475 2.7056927986617407 -0.068333990005824463 3.7831550027275926 0.039411276398025392 4.5521119740124965 2.5121400356292729 53.713600158691413 23.098302841186527 -0.27663552651107542 -0.31653807871271561
decision_type=2 2 2 2 2 2 2 2 2 2 2 2 2 2
left_child=-1 2 -2 5 9 6 -3 -8 -7 -5 -4 12 13 -9
right_child=1 3 10 4 -6 8 7 11 -10 -11 -12 -13 -14 -15
leaf_value=-0.013343471952954655 -0.0032723337987873042 -0.00014322485674434231 0.00074858499968764012 0.01770142925742391 -0.0094874556761651574 -0.0026317973529082148 -0.001238074856809535 0.038953371320544342 -0.028433355025938811 0.004100498135699431 -0.011997981773287893 0.012097736760231964 0.010303811569772682 0.13405601734580133
leaf_weight=84.064790965989232 1686.0912329321727 1837.7096807286143 2600.446219940437 71.845552769489586 113.39078003261238 850.17384154675528 188.32538720499724 32.337936330586672 22.783496208488941 1268.606655487325 75.506227555451915 99.97161702439189 38.79631882160902 3.6799348480999461
leaf_count=22396 89315 23390 141898 606 1035 8124 5868 295 202 16191 4417 925 263 29
internal_value=-2.45196e-05 0.000101431 -0.00102629 0.00118791 0.00371285 -6.34197e-06 0.00130215 0.00861722 -0.0033052 0.00482948 0.00038892 0.0192359 0.0287745 0.04867
internal_weight=8973.73 8889.66 4362.04 4527.62 1453.84 3073.78 2200.82 363.111 872.957 1340.45 2675.95 174.786 74.8142 36.0179
internal_count=314954 292558 235630 56928 17832 39096 30770 7380 8326 16797 146315 1512 587 324
is_linear=0
shrinkage=0.03


Tree=130
num_leaves=15
num_cat=0
split_feature=0 1 4 4 0 3 2 4 2 2 3 2 0 2
split_gain=15.9887 10.1223 9.91072 14.414 9.70222 8.78981 16.8767 23.6495 19.1639 15.4011 14.1864 16.3678 18.0005 14.698
threshold=0.017449767602868257 0.12493841268367335 48.956142425537116 50.695846557617195 0.26284409374999301 -0.012626999277428568 4.610555579121475 18.352177619934086 4.6153333428270615 2.772651218333857 0.10429241995200721 5.0170148988662477 0.031218529538677275 4.7270337698264262
decision_type=2 2 2 2 2 2 2 2 2 2 2 2 2 2
left_child=1 2 -1 -4 5 -2 9 10 -9 -7 -8 13 -13 -12
right_child=4 -3 3 -5 -6 6 7 8 -10 -11 11 12 -14 -15
leaf_value=-0.004971780560638509 0.0010196063977886956 0.026709449183416403 0.012552826954438781 -0.013019198071990671 0.0043926527361215573 0.09321519024738005 -0.0063720757058166686 0.046422753650474921 -0.0012755651823145246 -0.0050733048097945247 0.01111258435342505 0.04400391553669096 0.011274562227888228 -0.015945637270382271
leaf_weight=868.79160094144754 4333.995016108267 9.7843494145199639 68.627189335646108 27.904197393218055 517.04077614843845 1.4374441308900703 58.644087879918516 7.6098852669820181 1988.6370926760137 778.08871418423951 35.159329555928707 16.224634627811611 222.8419457860291 37.166845172643661
leaf_count=125639 99921 306 9323 4453 2505 39 672 170 59331 9679 374 275 1952 315
internal_value=-2.40601e-05 -0.00365081 -0.00395854 0.00516076 0.000418173 0.000143438 -0.00106366 0.000197527 -0.00109373 -0.00489206 0.00716353 0.00971267 0.0134958 -0.00279205
internal_weight=8971.95 975.107 965.323 96.5314 7996.85 7479.8 3145.81 2366.28 1996.25 779.526 370.037 311.393 239.067 72.3262
internal_count=314954 139721 139415 13776 175233 172728 72807 63089 59501 9718 3588 2916 2227 689
is_linear=0
shrinkage=0.03


Tree=131
num_leaves=15
num_cat=0
split_feature=0 0 3 2 2 1 4 2 3 0 3 3 3 1
split_gain=15.7287 11.5701 12.5411 19.2181 13.4645 16.786 38.3246 33.1327 22.9027 19.8873 17.9923 18.2465 24.8097 19.7791
threshold=0.0074664444570982412 0.078457434348949626 2.7056927986617407 6.1861571809249876 4.610555579121475 0.066428860251042651 35.594476699829109 5.5252935630885327 -0.061774924433045587 0.14534467499588868 1.3575825240008859 0.053725894503136286 0.3416068596441007 0.046253939839437923
decision_type=2 2 2 2 2 2 2 2 2 2 2 2 2 2
left_child=-1 -2 4 -4 -3 6 -6 10 -7 -9 11 13 -13 -8
right_child=1 2 3 -5 5 8 7 9 -10 -11 -12 12 -14 -15
leaf_value=-0.013051451088618247 -0.00075154562249383388 0.00062600265052301974 -0.015350442163364397 0.013216845334965697 -0.011438350675928625 0.026775403376980957 0.0057797907357121847 -0.0038586451188458082 0.0065490245161060456 0.012289300431252368 -0.017088154967601136 0.07817394631473211 0.023830166824486874 0.063106491109409621
leaf_weight=82.635577754350379 5501.4267249081749 2363.6278054974973 85.900799870491028 28.13598345220089 148.83013073354959 59.767479956150055 33.109255984425545 191.03544745594263 320.91725017875433 107.13654188811779 8.664460211992262 12.684621997177603 18.717304989695549 6.4762146472930899
leaf_count=22396 267655 17739 543 184 1171 343 290 1901 1835 545 63 99 142 48
internal_value=-2.35743e-05 9.75729e-05 0.00147759 -0.00830211 0.00181854 0.00492513 0.00145592 0.00653515 0.00972456 0.00194349 0.0237237 0.0287051 0.045782 0.0151585
internal_weight=8969.07 8886.43 3385 114.037 3270.97 907.339 526.654 377.824 380.685 298.172 79.6519 70.9874 31.4019 39.5855
internal_count=314954 292558 24903 727 24176 6437 4259 3088 2178 2446 642 579 241 338
is_linear=0
shrinkage=0.03


Tree=132
num_leaves=15
num_cat=0
split_feature=0 1 4 4 2 2 3 2 2 2 0 3 3 4
split_gain=14.9965 11.0184 10.5616 14.9181 13.4576 11.5641 13.1031 12.2735 12.5071 15.8858 11.092 10.9076 18.4419 9.78737
threshold=0.0074664444570982412 0.19075609443328598 47.814531326293952 10.808771610260012 3.8908402253256194 3.7552288343818057 -0.19160720484178925 3.495173321880253 3.3095388555946266 3.023323035761186 0.335223782970062 -0.74128377892082686 -0.68335364291418366 57.487562179565437
decision_type=2 2 2 2 2 2 2 2 2 2 2 2 2 2
left_child=-1 13 3 10 5 6 7 8 9 11 -3 -5 -13 -2
right_child=1 2 -4 4 -6 -7 -8 -9 -10 -11 -12 12 -14 -15
leaf_value=-0.012827516300599136 -0.00013624835950692331 0.0045147003561937802 0.020249002843955824 -0.012066247991612275 0.00665079303739046 -0.038141510333562688 0.019123711535882694 -0.030684579707990461 0.013312873897621676 -0.032610208852187676 0.021002337579918883 0.053337720998241675 -0.016930461499167781 -0.014569499491702765
leaf_weight=81.572098665172234 8155.6832215616014 403.7719116229564 33.21734718978405 27.314090371131893 73.141610337421298 11.468989431858061 15.522843100130556 21.424612708389759 23.585872900672257 22.365788653492928 40.396970480680466 7.276712104678154 6.2475228011608142 42.504789249273017
leaf_count=22396 286570 2152 164 150 359 61 89 109 123 128 294 34 36 2289
internal_value=-2.309e-05 9.44802e-05 0.00374755 0.00290752 -0.00371557 -0.00932338 -0.00665229 -0.0103497 -0.00532995 -0.0122869 0.00601424 -0.00115648 0.0208773 -0.00021108
internal_weight=8965.49 8883.92 685.734 652.517 208.348 135.206 123.737 108.215 86.79 63.2041 444.169 40.8383 13.5242 8198.19
internal_count=314954 292558 3699 3535 1089 730 669 580 471 348 2446 220 70 288859
is_linear=0
shrinkage=0.03


Tree=133
num_leaves=15
num_cat=0
split_feature=0 1 3 3 4 1 3 0 2 3 4 0 0 0
split_gain=14.68 11.2701 10.0151 15.858 13.4731 18.148 23.0766 23.652 26.0698 28.1178 26.2364 32.1838 34.0879 20.0341
threshold=0.02448430525336109 0.026509680188959078 -0.70710678118654668 -0.5264529033800045 46.060638427734382 0.045542865029356845 -0.77129862102314306 0.020295656608239229 3.9111225951759701 -0.85135084360078428 47.286632537841804 0.0098780816217708869 0.017666337497821909 0.015845992426460231
decision_type=2 2 2 2 2 2 2 2 2 2 2 2 2 2
left_child=1 -1 4 -4 -3 6 7 8 10 13 11 -6 -13 -10
right_child=-2 2 3 -5 5 -7 -8 -9 9 -11 -12 12 -14 -15
leaf_value=-0.0040787280318988284 0.00063007134488014306 0.0071312801682517019 -0.01229199241414039 0.0012065473030114036 0.56231096358215937 -0.017798009556369575 -0.010634439978047651 -0.030682584889155838 -0.030292268106166254 0.53445904155166801 0.0016343770903057735 -0.03026903876780886 0.46454818191851471 0.36752126651418293
leaf_weight=1225.0762276838068 6953.8147805789486 55.070554924663156 89.406388868577778 632.13569068582729 0.20254013454541631 2.284438906237483 1.517969702836125 0.64164868742227543 0.2296942756511271 0.31840494880452741 0.93991899490356445 0.40313133411109447 0.1818107608705759 0.22607061453163624
leaf_count=149979 118003 2751 5673 37940 38 129 162 30 29 20 125 50 12 13
internal_value=-2.2473e-05 -0.00228156 0.000528283 -0.000466059 0.0120972 0.0514709 0.0854194 0.131807 0.173486 0.31815 0.108651 0.236384 0.123529 0.167033
internal_weight=8962.45 2008.63 783.558 721.542 62.0162 6.94563 4.66119 3.14322 2.50157 0.77417 1.7274 0.787482 0.584942 0.455765
internal_count=314954 196951 46972 43613 3359 608 479 317 287 62 225 100 62 42
is_linear=0
shrinkage=0.03


Tree=134
num_leaves=15
num_cat=0
split_feature=0 0 2 2 4 3 4 2 0 3 2 3 3 2
split_gain=14.1026 10.503 14.844 14.9508 31.5225 15.4052 14.1186 13.2354 16.6851 15.7846 15.1199 16.011 11.8468 26.5773
threshold=0.0074664444570982412 0.12738665859774409 3.3304887508319116 5.7460274561223121 25.483597755432132 1.6763086000589931 38.674186706542976 6.7861240803060046 0.054448202483735823 2.7056927986617407 6.6505506239793251 6.2231899249428499 2.4822924436320171 6.1009799498868658
decision_type=2 2 2 2 2 2 2 2 2 2 2 2 2 2
left_child=-1 2 -2 -4 -5 6 -6 8 10 12 -7 -12 -10 -14
right_child=1 -3 3 4 5 7 -8 -9 9 -11 11 -13 13 -15
leaf_value=-0.012541733020461413 -0.0045058440967063939 0.001809827173126522 0.00064302446845481559 0.014128338480834921 -0.02491793608193062 -0.0035054533160850535 -0.0068358157913883432 -0.0080326560254833836 0.026523964256018637 -0.012589972888180784 0.021377886149437527 0.18497523802801422 0.16235827357328692 -0.011156050204523477
leaf_weight=80.25344316358678 747.74020012142137 2351.8147488608956 4876.9796349396929 82.439253476914018 42.084220406599343 113.38703781785443 507.73911792133003 102.04560370044783 27.337776131927971 8.8283620700240117 16.666252692230049 0.55637842230498691 1.8348323591053479 1.4011967480182645
leaf_count=22396 25536 14990 224812 840 967 5959 13897 4177 430 143 735 27 22 23
internal_value=-2.22958e-05 9.08384e-05 -0.000528356 -1.39164e-05 -0.00355679 -0.0053307 -0.00821985 0.000508205 0.00563466 0.0227456 0.000472649 0.0266629 0.0329489 0.0872268
internal_weight=8961.11 8880.85 6529.04 5781.3 904.32 821.881 549.823 272.057 170.012 39.4022 130.61 17.2226 30.5738 3.23603
internal_count=314954 292558 277568 252032 27220 26380 14864 11516 7339 618 6721 762 475 45
is_linear=0
shrinkage=0.03


Tree=135
num_leaves=15
num_cat=0
split_feature=1 4 3 3 0 1 4 2 4 1 2 2 0 0
split_gain=13.768 13.0259 12.0564 13.2718 11.5525 9.65648 9.49555 16.9378 21.6419 23.1979 10.4788 13.5765 26.4164 20.8872
threshold=0.021140025205398465 5.0338273048400888 -1.0215625238708199 -0.93349428591243344 0.057734935732237383 0.35989433896357897 45.730857849121101 2.3221417159142539 46.961111068725593 0.10608282112678123 3.9111225951759701 3.9319236623295808 0.069839362470638836 0.011507476056429674
decision_type=2 2 2 2 2 2 2 2 2 2 2 2 2 2
left_child=1 -1 -2 -4 -3 6 10 8 9 -8 -5 12 13 -12
right_child=2 4 3 5 -6 -7 7 -9 -10 -11 11 -13 -14 -15
leaf_value=0.21846911442155745 0.010089207394562457 -0.0035220321079959364 -0.011480090986333666 -0.0023151544207658933 0.0031061165240887614 0.0066221323625834912 0.012092671756433696 0.0016710905674400319 0.001564784583679518 0.10721148062586612 0.10538244305134009 0.00011708641648036877 0.031577865130229942 0.0016595956214931883
leaf_weight=0.24024557508528133 117.44555370206945 1458.6777160887141 83.661509334342554 1704.0982760863844 282.50025139003992 227.30385204218328 4.3134880792349595 2244.2580984991509 11.650845044292508 4.9622415043413639 1.7686994154937554 2636.9224662829656 36.063323244452477 144.6031572916545
leaf_count=8 2324 145851 1433 32947 2881 1205 81 67355 188 51 198 55363 230 4839
internal_value=-2.19217e-05 -0.00241616 0.000555789 0.000398082 -0.00244664 0.000539723 0.000336066 0.00192159 0.0287865 0.0629784 -0.000457908 0.000664663 0.00857935 0.00291294
internal_weight=8958.47 1741.42 7217.05 7099.61 1741.18 7015.94 6788.64 2265.18 20.9266 9.27573 4523.46 2819.36 182.435 146.372
internal_count=314954 148740 166214 163890 148732 162457 161252 67675 320 132 93577 60630 5267 5037
is_linear=0
shrinkage=0.03


Tree=136
num_leaves=15
num_cat=0
split_feature=0 3 0 2 3 2 3 2 4 2 0 3 2 2
split_gain=13.3705 9.87901 9.6326 9.28619 8.60601 7.32946 12.593 17.9571 26.8164 22.7503 16.2884 18.7046 16.5085 42.7344
threshold=0.0095199263950023396 4.6457398580626705 0.22544498706338162 6.8905989471036975 2.9611989593033416 3.3095388555946266 -0.0069487979681702441 4.610555579121475 18.352177619934086 4.6153333428270615 0.036690803781543692 -0.38447206439285403 3.8492961528465881 4.7361545868215922
decision_type=2 2 2 2 2 2 2 2 2 2 2 2 2 2
left_child=1 -1 5 4 -4 -2 10 -8 -9 -10 -7 -12 -13 -14
right_child=2 -3 3 -5 -6 6 7 8 9 -11 11 12 13 -15
leaf_value=-0.0081400978969989567 -0.0023594105960717867 0.30913265082274383 0.0033239239932163819 0.021793254671517121 -0.015525130614963138 -0.00054505337062450861 -0.0053925389943406529 0.0075901515778551056 0.045694406649516475 -0.0014997369224485197 0.0078757029533391264 -0.0030123975459766523 0.015130577384561503 -0.00052333162293160661
leaf_weight=185.53918783529662 1166.8074565702118 0.088368427939712002 726.960653886199 23.79964853823185 22.474411904811859 1903.7433989970013 708.21665664995089 360.21050637681037 9.2346081170253438 2036.6161156222224 579.16467596404254 479.41152196936309 222.92263824492693 530.39046594873071
leaf_count=45623 26096 11 3552 126 101 127310 11576 3643 286 73052 7051 5486 2718 8323
internal_value=-2.14857e-05 -0.00798906 0.000147158 0.00334454 0.00275867 -0.000162009 0.00021339 -0.00119368 4.22408e-05 -0.00128671 0.00139273 0.00342876 0.00133947 0.00410902
internal_weight=8955.58 185.628 8769.95 773.235 749.435 7996.72 6829.91 3114.28 2406.06 2045.85 3715.63 1811.89 1232.72 753.313
internal_count=314954 45634 269320 3779 3653 265541 239445 88557 76981 73338 150888 23578 16527 11041
is_linear=0
shrinkage=0.03


Tree=137
num_leaves=15
num_cat=0
split_feature=0 1 3 2 2 2 2 4 4 4 2 2 2 4
split_gain=12.8703 9.92218 9.91878 11.3455 10.461 10.2615 16.2467 9.67121 12.2654 9.12577 9.35231 13.1963 11.3616 10.661
threshold=0.0074664444570982412 0.15280166308275098 1.9985223992727577 5.1822047211719662 4.7270337698264262 4.8365596075973292 4.8748652057561586 47.814531326293952 10.808771610260012 57.487562179565437 3.3304887508319116 3.2866838377014074 3.4012307138844275 45.219354629516609
decision_type=2 2 2 2 2 2 2 2 2 2 2 2 2 2
left_child=-1 9 5 4 -4 7 -7 8 -3 10 11 -2 13 -12
right_child=1 2 3 -5 -6 6 -8 -9 -10 -11 12 -13 -14 -15
leaf_value=-0.012123095284931995 -0.0018725016973994274 0.0050137801606963735 0.023550233811737403 0.0070539365717348828 -0.028983137065361996 0.069548712716248615 0.010387574317225048 0.01303864797236603 -0.001644005382791331 -0.014283482875237964 0.00067661347891385579 -0.014095336070746704 -9.1262601087497977e-06 0.017099040390829202
leaf_weight=78.396492564119399 915.78894395101815 496.17132850643247 3.9247611761093166 20.00215046107769 26.087157003581524 4.4351893067359915 71.954287797212601 72.256863214075565 499.99266972672194 41.833274082513526 74.177764274645597 87.053620013408363 6491.7175037444104 68.366053496021777
leaf_count=22396 22635 3086 21 97 135 22 347 419 3320 2289 2709 4721 248604 4153
internal_value=-2.10785e-05 8.58384e-05 0.00262897 -0.0104484 -0.0221132 0.00320029 0.0138225 0.00244083 0.00167212 -0.000309867 -0.000233325 -0.00293353 0.000174841 0.00855304
internal_weight=8952.16 8873.76 1194.82 50.0141 30.0119 1144.81 76.3895 1068.42 996.164 7678.94 7637.1 1002.84 6634.26 142.544
internal_count=314954 292558 7447 253 156 7194 369 6825 6406 285111 282822 27356 255466 6862
is_linear=0
shrinkage=0.03


Tree=138
num_leaves=15
num_cat=0
split_feature=0 1 3 4 4 3 2 2 0 0 4 4 4 1
split_gain=12.5387 10.778 11.58 19.2014 21.6307 10.5838 9.93761 12.4779 22.4198 32.6523 38.9158 49.8632 27.1286 44.3469
threshold=0.02448430525336109 0.086889919440776203 -0.083668114655416639 19.773814201354984 5.428600788116456 -4.303451689986697 4.803159916624419 4.6909349518959162 0.010144533904196328 0.0098780816217708869 43.736015319824226 42.83992004394532 47.149621963500984 0.017936679148102444
decision_type=2 2 2 2 2 2 2 2 2 2 2 2 2 2
left_child=1 6 5 4 -4 -3 7 -1 9 -9 11 -11 -12 -14
right_child=-2 2 3 -5 -6 -7 -8 8 -10 10 12 -13 13 -15
leaf_value=-0.0027068142631719847 0.00058119998292010383 0.06428030047041694 -0.015654503946750511 -0.024543262891635415 0.074706253523917326 0.0014591515913699184 -0.0075828499487456203 0.023751211267439044 0.0027617829354102115 0.19198923362798309 -0.030176006753506148 0.91208309677111399 0.084400172706046092 0.6275149955726893
leaf_weight=1372.0117448049132 6952.8651142390445 2.4703526534140101 3.2973091723397401 4.2580074341967693 8.6103389700874668 105.12451483169571 310.66985022160225 10.576962054939939 177.92934480309486 0.27008113451301952 0.80322116753086426 0.1273555438965559 0.52370635792613029 0.18244514893740416
leaf_count=150675 118003 39 72 104 135 3197 24884 2411 15094 50 143 24 95 28
internal_value=-2.05759e-05 -0.0021159 0.00645853 0.0301332 0.0496847 0.00290151 -0.00268244 -0.00170805 0.00548848 0.0443518 0.158622 0.422738 0.0890767 0.224722
internal_weight=8949.72 1996.86 123.761 16.1657 11.9076 107.595 1873.09 1562.42 190.413 12.4838 1.90681 0.397437 1.50937 0.706152
internal_count=314954 196951 3547 311 207 3236 193404 168520 17845 2751 340 74 266 123
is_linear=0
shrinkage=0.03


Tree=139
num_leaves=15
num_cat=0
split_feature=0 3 2 1 1 2 0 1 4 0 2 3 4 1
split_gain=12.3477 11.2393 10.4741 10.236 9.83529 14.5653 8.75019 18.9504 37.1333 8.48698 10.247 13.5705 10.0264 9.80446
threshold=0.013028082377881134 -0.37566265803182425 7.9942038044241732 0.0097325571982056647 0.041544319146785129 4.0936776593269721 0.01272136561334041 0.0088781563504657171 49.827585220336921 0.335223782970062 5.1822047211719662 0.80826712300182579 38.074546813964851 0.17190381775328475
decision_type=2 2 2 2 2 2 2 2 2 2 2 2 2 2
left_child=1 -1 3 6 -5 -6 -3 8 -8 -2 11 13 -13 -11
right_child=9 2 -4 4 5 -7 7 -9 -10 10 -12 12 -14 -15
leaf_value=-0.0097109798718790444 7.1111425093033911e-05 0.019443040456293737 0.12879738968154214 -0.0038069833618749574 -0.013868472421166851 0.050744640414977907 0.70662357664622 -0.030168133094802388 -0.030164383436755753 -0.00061731595441319659 0.017962119183117343 -0.029466786701584979 0.017254078938548949 0.013678920223356301
leaf_weight=220.02085648616776 8250.2675792938098 13.913423672784116 0.56492230016738076 201.54116467456333 5.4633849081583303 7.3832496795803308 0.12215107120573598 0.26523501705378294 0.12411761097609997 100.47698214650154 49.172102406620979 18.068261459469799 5.3603999614715567 75.702940501272678
leaf_count=45463 222572 2942 40 41356 567 638 22 48 23 411 302 81 24 465
internal_value=-2.05214e-05 -0.00486682 -0.000220262 -0.000538798 -0.0021847 0.0232661 0.0239231 0.145784 0.335288 0.000235733 0.00569505 0.00267315 -0.0187772 0.00552565
internal_weight=8948.45 449.399 229.378 228.813 214.388 12.8466 14.4249 0.511504 0.246269 8499.05 248.781 199.609 23.4287 176.18
internal_count=314954 91099 45636 45596 42561 1205 3035 93 45 223855 1283 981 105 876
is_linear=0
shrinkage=0.03


Tree=140
num_leaves=15
num_cat=0
split_feature=1 3 3 0 2 2 3 0 2 1 1 2 0 2
split_gain=11.9213 11.1501 12.4763 10.3413 9.61853 10.4143 13.371 11.4071 12.0213 11.0245 9.75392 9.17419 21.7274 10.4968
threshold=0.021140025205398465 -1.0215625238708199 -0.93349428591243344 0.057734935732237383 5.9941608887632896 4.5847123115305619 0.21874072192156577 0.086101890696074282 5.4167200181218966 0.012589016400379653 0.01942213914584549 2.5099649492283183 0.060453305305235031 3.3095388555946266
decision_type=2 2 2 2 2 2 2 2 2 2 2 2 2 2
left_child=3 -2 -3 -1 5 -5 -7 8 -8 -10 -11 12 -4 -13
right_child=1 2 11 4 -6 6 7 -9 9 10 -12 13 -14 -15
leaf_value=-0.0032828100570908973 0.0096499561227561155 -0.011206101376259919 -0.0068808349405901576 -0.00056992219244917427 -0.0071931390236240587 0.0020477101591600522 0.076405462518443198 0.012760983817737345 0.10964657910659291 0.0041384820591736241 0.072683952661768317 -0.0025988591917459839 0.013989092106650865 0.00079083430205116611
leaf_weight=1447.0009847322945 118.31555841886438 82.900295349769294 68.27115793293342 109.26598351448774 64.550983998924494 54.854747258126736 6.0691323056817081 35.123653843998909 1.273555815219878 10.013709310442207 2.2969430424273005 956.43804410216399 131.1266510002315 5858.3302307706326
leaf_count=145858 2324 1433 2087 889 755 621 98 254 26 194 45 17114 1242 142014
internal_value=-2.01085e-05 0.00051621 0.000363941 -0.00225637 0.00298357 0.0059846 0.0125172 0.0230016 0.0413033 0.0256204 0.0169278 0.000500687 0.00684351 0.000315098
internal_weight=8945.83 7215.38 7097.07 1730.45 283.449 218.898 109.632 54.777 19.6533 13.5842 12.3107 7014.17 199.398 6814.77
internal_count=314954 166214 163890 148740 2882 2127 1238 617 363 265 239 162457 3329 159128
is_linear=0
shrinkage=0.03


Tree=141
num_leaves=15
num_cat=0
split_feature=0 4 0 2 3 4 2 0 3 3 1 3 0 3
split_gain=11.7254 9.14719 8.87285 9.4218 8.05468 7.57176 16.2323 12.782 11.5551 11.1339 17.3527 10.9838 11.8601 13.4588
threshold=0.0074664444570982412 57.487562179565437 0.22544498706338162 6.8905989471036975 2.9611989593033416 47.721248626708991 5.1479593768934366 0.11877952139081414 0.60980596144722166 0.84599450460798986 0.077321828328506495 1.0862360013517165 0.16626028719792083 -0.44246812794491858
decision_type=2 2 2 2 2 2 2 2 2 2 2 2 2 2
left_child=-1 2 5 4 -4 -2 11 8 -8 10 -10 12 13 -7
right_child=1 -3 3 -5 -6 6 7 -9 9 -11 -12 -13 -14 -15
leaf_value=-0.011704869463916742 -0.00054054047811462238 -0.014013964256025153 0.0031845094405171968 0.022050038436982621 -0.015075264264618729 -0.0023460711770133444 -0.011091769314654819 0.01408183712304315 0.011098132048132054 -0.0036979774410862082 0.15205489169088582 -0.012827176777941887 0.016927808669270735 0.0064500741048481944
leaf_weight=76.623605669010431 6809.8094685352407 41.244033310329542 725.53638378530741 23.199021518230438 22.413695722818375 220.80802745604888 151.31675785104744 35.36564452201128 40.07844242407009 158.41535243275575 0.8017522469162931 32.435837168246508 68.464692614972591 537.99571281950921
leaf_count=22396 230132 2289 3549 125 101 12404 4551 207 1422 6577 7 634 410 30150
internal_value=-1.96998e-05 8.12668e-05 0.000147129 0.00322133 0.00263732 -0.000147163 0.00200333 -0.00310761 -0.00484148 -9.58888e-05 0.0138626 0.00429796 0.00496941 0.00389044
internal_weight=8944.51 8867.88 8826.64 771.149 747.95 8055.49 1245.68 385.978 350.612 199.296 40.8802 859.704 827.268 758.804
internal_count=314954 292558 290269 3775 3650 286494 56362 12764 12557 8006 1429 43598 42964 42554
is_linear=0
shrinkage=0.03


Tree=142
num_leaves=15
num_cat=0
split_feature=0 1 4 4 2 2 3 2 2 2 3 3 0 0
split_gain=11.1644 8.88269 9.29136 13.5932 12.5351 11.1261 12.413 10.5778 10.3461 15.1325 10.4287 17.1558 10.1868 10.0677
threshold=0.0074664444570982412 0.19075609443328598 47.814531326293952 10.808771610260012 3.8908402253256194 3.7552288343818057 -0.20362993050179831 3.495173321880253 3.3095388555946266 3.023323035761186 -0.74128377892082686 -0.68335364291418366 0.335223782970062 0.26284409374999301
decision_type=2 2 2 2 2 2 2 2 2 2 2 2 2 2
left_child=-1 -2 3 12 5 6 7 8 9 10 -5 -12 -3 -10
right_child=1 2 -4 4 -6 -7 -8 -9 13 -11 11 -13 -14 -15
leaf_value=-0.011488508670263787 -0.00019570178172975783 0.0041236691630829611 0.018799887664244938 -0.011910019578772996 0.0062416156236428351 -0.037659984301765835 0.017457885346583546 -0.029608614578323422 -0.0050783520926666256 -0.032060527603842343 0.051358624187846591 -0.016455128021974755 0.020149213772614281 0.035248560284591418
leaf_weight=75.738197077298537 8182.7473808059003 403.39137134887278 33.3841867223382 27.123135384172198 73.002299200743437 11.322160162031649 16.705636814236641 20.693075597286224 13.560473491437735 22.014482023194432 7.3395388275384903 6.188491106033327 39.164798006415367 9.4574940800666791
leaf_count=22396 288859 2152 164 150 359 61 95 107 74 127 34 36 294 46
internal_value=-1.92682e-05 7.87073e-05 0.00336462 0.00257182 -0.00376558 -0.00920103 -0.00658313 -0.0103586 -0.00570959 -0.0120276 -0.00117883 0.0203368 0.00554188 0.0114909
internal_weight=8941.83 8866.09 683.347 649.963 207.407 134.404 123.082 106.377 85.6836 62.6656 40.6512 13.528 442.556 23.018
internal_count=314954 292558 3699 3535 1089 730 669 574 467 347 220 70 2446 120
is_linear=0
shrinkage=0.03


Tree=143
num_leaves=15
num_cat=0
split_feature=0 2 2 0 0 4 4 3 3 1 1 0 4 3
split_gain=10.8979 11.3163 13.4881 17.7801 26.2626 15.7854 26.5791 24.2341 46.8092 23.6103 44.346 20.9906 14.8511 13.7316
threshold=0.021398844698814885 4.9348802428185472 4.6909349518959162 0.010144533904196328 0.0097880635737832272 47.149621963500984 43.736015319824226 0.11419527608615891 0.21874072192156577 0.017044387416778099 0.013745505929027934 0.0099636306198114897 4.326101779937745 0.23486889428283708
decision_type=2 2 2 2 2 2 2 2 2 2 2 2 2 2
left_child=1 2 -1 4 13 6 9 11 -9 10 -6 -7 -5 -4
right_child=-2 -3 3 12 5 7 -8 8 -10 -11 -12 -13 -14 -15
leaf_value=-0.0025057763211310236 0.00046008597707772949 -0.0096937840497817365 0.0046619129923356996 0.14333617766909501 0.071729835525911848 0.3062194098809265 -0.030170863994107566 0.7175676569430498 0.095629427002634479 -0.0302798781430898 0.62964808653217486 -0.030279854885563499 0.0030246913445479266 0.10878573825406759
leaf_weight=1214.9390463244636 7393.9469498116523 166.6656532571651 9.4817652816418541 0.68202484957873721 0.29415305005386416 0.26752077834680654 1.1197065105661748 0.20058583142235875 0.23830796498805285 0.27098337467759848 0.22729812189936638 0.44331242237240076 148.86753714084625 1.2956529853399832
leaf_count=142862 139150 15725 2149 15 40 42 205 30 35 34 29 58 14291 289
internal_value=-1.87379e-05 -0.00231027 -0.00141746 0.00667511 0.0392073 0.116742 0.0639229 0.204588 0.379871 0.196877 0.314924 0.096361 0.00366459 0.0171796
internal_weight=8938.94 1544.99 1378.33 163.389 13.8393 3.06187 1.91214 1.14973 0.438894 0.792435 0.521451 0.710833 149.55 10.7774
internal_count=314954 175804 160079 17217 2911 473 308 165 65 103 69 100 14306 2438
is_linear=0
shrinkage=0.03


Tree=144
num_leaves=15
num_cat=0
split_feature=0 3 1 2 1 2 3 3 4 0 0 2 3 1
split_gain=10.7666 10.4368 9.08432 9.11844 9.03732 12.8472 8.18162 29.3399 40.0465 40.3932 21.5763 8.7994 8.07148 22.123
threshold=0.013028082377881134 -0.37566265803182425 0.0097325571982056647 7.9942038044241732 0.041544319146785129 4.0936776593269721 0.034422102458019896 -0.038641922435574842 47.876913070678718 0.012312835213854642 0.010056887179837689 5.8073463772581793 -0.36779615460005405 0.017044387416778099
decision_type=2 2 2 2 2 2 2 2 2 2 2 2 2 2
left_child=1 -1 6 4 12 -6 7 -3 -9 10 -10 -8 13 -4
right_child=-2 2 3 -5 5 -7 11 8 9 -11 -12 -13 -14 -15
leaf_value=-0.0093036419772430847 0.00021939247388089004 0.021666445959131347 -0.021698405545988363 0.1122957940404487 -0.013574438642528436 0.046789542369927301 -0.016810799706171459 -0.030176731073316792 0.48276190086846738 0.69897335076607947 -0.030169460326468084 0.26586908416228611 -0.0047084392576515538 0.088613225501335782
leaf_weight=215.75073219323531 8493.7931040846743 9.2632083429489267 3.5558221731334916 0.6299235075712194 5.3693238557316345 7.7581126592122018 4.4934846768155685 0.38979280763305624 0.11698186630383134 0.20570274442434311 0.1999845402315259 0.10134253907017399 193.35319172008894 3.0309189357794821
leaf_count=45463 223855 1941 836 40 567 638 907 74 27 30 36 20 39930 590
internal_value=-1.87229e-05 -0.00457167 -0.000103089 -0.00167582 -0.00201277 0.0220997 0.0226509 0.0376545 0.199963 0.371596 0.159137 -0.0105761 -0.00359592 0.029062
internal_weight=8938.01 444.219 228.468 213.697 213.067 13.1274 14.7705 10.1757 0.912462 0.522669 0.316966 4.59483 199.94 6.58674
internal_count=314954 91099 45636 42601 42561 1205 3035 2108 167 93 63 927 41356 1426
is_linear=0
shrinkage=0.03


Tree=145
num_leaves=15
num_cat=0
split_feature=1 3 3 4 0 2 2 3 3 2 4 3 3 2
split_gain=10.4503 10.4713 11.8071 9.77487 9.19943 14.6346 14.7782 21.574 19.2112 12.0243 11.4967 9.04501 11.3615 8.98456
threshold=0.021140025205398465 -1.0215625238708199 -0.93349428591243344 5.0338273048400888 0.019301848767754013 4.0074695302771746 4.006869438006051 -0.44838648089206806 -0.35918294333760581 3.2112064832520049 24.200347900390629 -0.38703736764597607 -0.90270216652558222 2.2288302032443816
decision_type=2 2 2 2 2 2 2 2 2 2 2 2 2 2
left_child=3 13 -3 -1 10 6 9 -8 -9 -6 -5 12 -11 -2
right_child=1 2 -4 4 5 -7 7 8 -10 11 -12 -13 -14 -15
leaf_value=0.16970664168408478 -0.0043085652347641208 -0.010964333100081795 0.00046703051877617556 0.18991137335281599 -0.010505277959177634 -0.0019508580790316302 -0.021677438757274445 0.23189507197264217 0.063057101731227139 -0.031446809311785541 -0.0049892108308270218 -0.0020938045698510824 0.017469395530745811 0.014296735846539501
leaf_weight=0.29792283661663432 31.920101339928806 82.272379884729162 7014.5266332193278 0.27250107657164235 31.721112440340221 886.06817030068487 1.9652681993320582 0.79929620772600163 2.5150497229769821 4.489026825875043 665.65461474494077 38.911953108385205 88.967648831196129 87.102772606769577
leaf_count=8 420 1433 162457 35 1064 35442 49 37 71 178 108190 1099 2567 1904
internal_value=-1.85743e-05 0.000482508 0.000334508 -0.00211871 -0.00214845 -0.000406389 0.00767361 0.0570766 0.103775 0.00608406 -0.00490946 0.0100596 0.0151198 0.00930708
internal_weight=8937.48 7215.82 7096.8 1721.66 1721.36 1055.44 169.369 5.27961 3.31435 164.09 665.927 132.369 93.4567 119.023
internal_count=314954 166214 163890 148740 148732 40507 5065 157 108 4908 108225 3844 2745 2324
is_linear=0
shrinkage=0.03


Tree=146
num_leaves=15
num_cat=0
split_feature=0 4 0 2 4 3 2 2 2 0 3 0 3 3
split_gain=10.0642 8.69841 7.96005 9.0195 7.93773 9.14397 8.96544 7.48398 13.0969 19.1434 34.3001 20.3984 15.9972 15.5183
threshold=0.0074664444570982412 57.487562179565437 0.22544498706338162 6.8905989471036975 49.258916854858406 3.8480849500517587 3.707664405011168 3.3095388555946266 3.04552143905476 0.05140988399778517 -0.54151129077460525 0.11054037045464084 -0.42391658865366272 -0.51102763602638512
decision_type=2 2 2 2 2 2 2 2 2 2 2 2 2 2
left_child=-1 2 7 4 5 -4 -6 8 9 -2 -11 12 -12 -13
right_child=1 -3 3 -5 6 -7 -8 -9 -10 10 11 13 -14 -15
leaf_value=-0.011038861746919522 -0.0075412943473612132 -0.013760475519665586 0.0023511687608139737 0.021558071700116664 -0.0059230691527028274 -0.0259186710550251 0.034328882046047941 0.00023559135834010821 -0.0067011241738594296 0.0016802505663482813 -0.00076179951363858193 0.13439901438113677 0.10586865899473924 0.042787098796856014
leaf_weight=73.960444976575673 218.15294181136414 40.716904695378616 715.16982459276915 22.991797164082527 7.6529068797826794 10.447907805442808 14.259455747902392 6883.089160903357 407.533639525529 526.77745310775936 7.4891122542321673 3.1807806640863419 1.5239258594810952 3.4900102168321601
leaf_count=22396 9121 2289 3503 125 33 47 67 258479 12926 5748 132 28 28 32
internal_value=-1.82528e-05 7.3718e-05 0.00013757 0.00305057 0.00248133 0.00194412 0.0202709 -0.000141211 -0.00236145 -3.62673e-05 0.00298191 0.0467011 0.0172673 0.0864697
internal_weight=8936.44 8862.48 8821.76 770.522 747.53 725.618 21.9124 8051.24 1168.15 760.614 542.461 15.6838 9.01304 6.67079
internal_count=314954 292558 290269 3775 3650 3550 100 286494 28015 15089 5968 220 160 60
is_linear=0
shrinkage=0.03


Tree=147
num_leaves=15
num_cat=0
split_feature=1 4 4 3 4 3 0 4 2 3 3 4 2 4
split_gain=9.72527 16.3673 12.355 11.6841 11.4461 16.8411 21.9338 24.6856 18.5883 26.498 32.1777 20.7388 11.8376 18.3671
threshold=0.033263138688339709 35.594476699829109 50.695846557617195 -1.0215625238708199 47.721248626708991 -0.18586464666771596 0.010144533904196328 48.605815887451179 3.4010807013822606 -0.75675213483477421 -0.85135084360078428 48.371566772460945 6.316749430099347 49.629360198974616
decision_type=2 2 2 2 2 2 2 2 2 2 2 2 2 2
left_child=1 -1 -3 -2 -5 8 7 -7 11 10 -10 -6 -8 -14
right_child=3 2 -4 4 5 6 12 -9 9 -11 -12 -13 13 -15
leaf_value=-0.0083370453546192467 0.010612627277513418 -0.00030055577039264495 -0.01043004924003957 9.6827280305079901e-05 0.016710960062453855 0.37345793615690198 -0.0031586036927293876 0.028943831751169345 -0.031626525541446834 0.015668853866679044 0.22992782899742753 -0.010560084548293649 0.0045743296988544702 0.053901305486115852
leaf_weight=273.10116668627597 105.98234402714297 2951.5546949272975 112.50066895713098 4936.1339398617856 42.375479712616652 0.29710706882178683 252.60097425617278 0.5059453216381371 0.67925678240135301 148.78659654501826 1.1235295846126963 61.550649319542572 38.541583873331547 8.2476368504576367
leaf_count=13969 1811 202818 7806 78127 579 35 4176 56 36 3831 25 799 740 146
internal_value=-1.78794e-05 -0.00129971 -0.000672473 0.000746426 0.000555992 0.00464192 -0.00017124 0.156404 0.0103189 0.0170541 0.131379 0.000559579 -0.000591222 0.0132693
internal_weight=8933.98 3337.16 3064.06 5596.83 5490.84 554.709 300.193 0.803052 254.516 150.589 1.80279 103.926 299.39 46.7892
internal_count=314954 224593 210624 90361 88550 10423 5153 91 5270 3892 61 1378 5062 886
is_linear=0
shrinkage=0.03


Tree=148
num_leaves=15
num_cat=0
split_feature=0 1 4 4 2 2 3 2 2 2 3 3 2 2
split_gain=9.55777 8.14342 8.60903 12.853 11.8229 10.6384 11.6884 11.2204 10.9524 14.3758 10.0495 12.7728 12.4539 10.9287
threshold=0.0074664444570982412 0.19075609443328598 47.814531326293952 10.808771610260012 3.8908402253256194 3.7552288343818057 -0.19160720484178925 3.495173321880253 3.3095388555946266 3.023323035761186 -0.46696554287345854 -0.57720442302117736 2.8696299702965575 3.1571280716716354
decision_type=2 2 2 2 2 2 2 2 2 2 2 2 2 2
left_child=-1 -2 3 10 5 6 7 8 9 -5 11 12 -3 -14
right_child=1 2 -4 4 -6 -7 -8 -9 -10 -11 -12 -13 13 -15
leaf_value=-0.010819277916650199 -0.00019124007115689742 0.013158353146477524 0.01805993438810715 -0.0012119785417727576 0.005989273566294394 -0.037008026312117484 0.017742976598027715 -0.029665285864199073 0.012258823449583902 -0.031395116850938917 0.0016693852389648336 0.023195903156992076 -0.016888856419422022 0.01353142945965484
leaf_weight=73.122492113150656 8177.6523932181299 75.336005467921495 33.45757881551981 40.592549845576286 73.041043572127819 11.198125064373015 15.662387624382971 20.998125467449427 23.49138842523098 21.844434941187501 266.43779242411256 53.140000071376562 31.091635711491108 16.149645060300827
leaf_count=22396 288859 438 164 220 359 61 89 109 123 128 1399 344 163 102
internal_value=-1.76476e-05 7.14985e-05 0.00321988 0.00245482 -0.00371809 -0.00901782 -0.006461 -0.0100064 -0.00520235 -0.011772 0.00534234 0.0109116 0.00558605 -0.00648954
internal_weight=8933.22 8860.09 682.441 648.983 206.828 133.787 122.589 106.926 85.9284 62.437 442.155 175.717 122.577 47.2413
internal_count=314954 292558 3699 3535 1089 730 669 580 471 348 2446 1047 703 265
is_linear=0
shrinkage=0.03


Tree=149
num_leaves=15
num_cat=0
split_feature=0 2 2 2 3 4 0 3 3 0 2 4 3 0
split_gain=9.34108 9.31308 9.67576 16.5815 18.8757 45.6642 29.6078 17.2351 57.0332 78.7274 31.9917 40.7095 16.4305 16.6136
threshold=0.029150875691678426 3.3304887508319116 3.6094303110826531 3.5296492268246182 -1.0000000180025095e-35 27.184018135070804 0.014599326848265459 -0.47684847860680596 -0.4798142310073874 0.019168379141415254 3.5553194892444853 49.105541229248054 -0.66276599649435119 0.021886664338681885
decision_type=2 2 2 2 2 2 2 2 2 2 2 2 2 2
left_child=1 -1 3 4 -3 -6 -7 8 10 -10 11 -5 -12 -14
right_child=-2 2 -4 7 5 6 -8 -9 9 -11 12 -13 13 -15
leaf_value=-0.0081797588240820878 0.00059476349890087157 -0.0018552403415690499 -0.0016198574442899394 0.095810461716264964 -0.03093906683264197 -0.03024592446016066 0.33463490190767492 -0.0010660406401399019 -0.030322130073853811 0.58843133187951113 -0.021648741955014424 0.53328745524804877 0.045155557730703566 -0.014486593962597995
leaf_weight=177.65873350389302 6389.2531230356544 128.9436314208433 2177.1821120660752 1.9007975363638245 1.3422847939655178 0.27447048248723127 0.73911469615995884 22.427899214206263 0.35408077202737231 0.38772013876587152 6.8673068175557992 0.21287780161947001 17.878734980011366 5.4953645337373009
leaf_count=16335 94297 14972 183160 216 58 39 41 2222 42 22 957 22 2343 228
internal_value=-1.71724e-05 -0.00155546 -0.00105763 0.00549431 -0.000317735 0.0838344 0.235828 0.0192381 0.032997 0.293084 0.027034 0.139871 0.0191475 0.0311334
internal_weight=8930.92 2541.67 2364.01 186.824 131.3 2.35587 1.01359 55.5248 33.0969 0.741801 32.3551 2.11368 30.2414 23.3741
internal_count=314954 220657 204322 21162 15110 138 80 6052 3830 64 3766 238 3528 2571
is_linear=0
shrinkage=0.03


end of trees

feature_importances:
p_tabular=591
TransactionAmt_log=486
p_graph=469
graph_burst_score=285
card1_amt_zscore=269

parameters:
[boosting: gbdt]
[objective: binary]
[metric: average_precision]
[tree_learner: serial]
[device_type: cpu]
[data_sample_strategy: bagging]
[data: ]
[valid: ]
[num_iterations: 150]
[learning_rate: 0.03]
[num_leaves: 15]
[num_threads: 10]
[seed: 42]
[deterministic: 0]
[force_col_wise: 0]
[force_row_wise: 0]
[histogram_pool_size: -1]
[max_depth: -1]
[min_data_in_leaf: 20]
[min_sum_hessian_in_leaf: 0.001]
[bagging_fraction: 1]
[pos_bagging_fraction: 1]
[neg_bagging_fraction: 1]
[bagging_freq: 0]
[bagging_seed: 400]
[bagging_by_query: 0]
[feature_fraction: 1]
[feature_fraction_bynode: 1]
[feature_fraction_seed: 30056]
[extra_trees: 0]
[extra_seed: 12879]
[early_stopping_round: 0]
[early_stopping_min_delta: 0]
[first_metric_only: 0]
[max_delta_step: 0]
[lambda_l1: 0]
[lambda_l2: 0]
[linear_lambda: 0]
[min_gain_to_split: 0]
[drop_rate: 0.1]
[max_drop: 50]
[skip_drop: 0.5]
[xgboost_dart_mode: 0]
[uniform_drop: 0]
[drop_seed: 17869]
[top_rate: 0.2]
[other_rate: 0.1]
[min_data_per_group: 100]
[max_cat_threshold: 32]
[cat_l2: 10]
[cat_smooth: 10]
[max_cat_to_onehot: 4]
[top_k: 20]
[monotone_constraints: ]
[monotone_constraints_method: basic]
[monotone_penalty: 0]
[feature_contri: ]
[forcedsplits_filename: ]
[refit_decay_rate: 0.9]
[cegb_tradeoff: 1]
[cegb_penalty_split: 0]
[cegb_penalty_feature_lazy: ]
[cegb_penalty_feature_coupled: ]
[path_smooth: 0]
[interaction_constraints: ]
[verbosity: -1]
[saved_feature_importance_type: 0]
[use_quantized_grad: 0]
[num_grad_quant_bins: 4]
[quant_train_renew_leaf: 0]
[stochastic_rounding: 1]
[linear_tree: 0]
[max_bin: 255]
[max_bin_by_feature: ]
[min_data_in_bin: 3]
[bin_construct_sample_cnt: 200000]
[data_random_seed: 175]
[is_enable_sparse: 1]
[enable_bundle: 1]
[use_missing: 1]
[zero_as_missing: 0]
[feature_pre_filter: 1]
[pre_partition: 0]
[two_round: 0]
[header: 0]
[label_column: ]
[weight_column: ]
[group_column: ]
[ignore_column: ]
[categorical_feature: ]
[forcedbins_filename: ]
[precise_float_parser: 0]
[parser_config_file: ]
[objective_seed: 16083]
[num_class: 1]
[is_unbalance: 0]
[scale_pos_weight: 1]
[sigmoid: 1]
[boost_from_average: 1]
[reg_sqrt: 0]
[alpha: 0.9]
[fair_c: 1]
[poisson_max_delta_step: 0.7]
[tweedie_variance_power: 1.5]
[lambdarank_truncation_level: 30]
[lambdarank_norm: 1]
[label_gain: ]
[lambdarank_position_bias_regularization: 0]
[eval_at: ]
[multi_error_top_k: 1]
[auc_mu_weights: ]
[num_machines: 1]
[local_listen_port: 12400]
[time_out: 120]
[machine_list_filename: ]
[machines: ]
[gpu_platform_id: -1]
[gpu_device_id: -1]
[gpu_use_dp: 0]
[num_gpu: 1]

end of parameters

pandas_categorical:[]
