tree
version=v4
num_class=1
num_tree_per_iteration=1
label_index=0
max_feature_idx=12
objective=binary sigmoid:1
feature_names=dev_unique_cards_24h dev_unique_emails_24h dev_txn_velocity_1h dev_amount_sum_1h card_unique_devices_24h card_unique_emails_24h card_txn_velocity_1h card_device_switch_rate graph_device_shared_deg graph_card_shared_deg graph_burst_score graph_ring_size graph_2hop_neighborhood_size
feature_infos=[0:1533] [0:49] [0:744] [0:135360.640625] [0:44] [0:49] [0:68] [0:1] [0:9842] [0:544] [0.4804530143737793:60.537204742431641] [4:10388] [1:5354048]
tree_sizes=1707 1747 1747 1767 1763 1760 1754 1763 1756 1764 1767 1758 1792 1778 1773 1760 1787 1760 1770 1781 1769 1785 1773 1776 1784 1789 1789 1776 1785 1778 1774 1786 1792 1790 1779 1784 1777 1788 1790 1793 1781 1778 1775 1784 1795 1779 1772 1782 1775 1761 1796 1768 1784 1791 1793 1787 1767 1777 1772 1788 1786 1771 1780 1791 1751 1769 1783 1782 1780 1801 1790 1771 1777 1792 1784 1763 1763 1784 1740 1766 1770 1770 1780 1767 1801 1778 1750 1785 1745 1760 1768 1756 1770 1791 1744 1773 1759 1764 1777 1774 1782 1780 1760 1776 1773 1772 1780 1746 1796 1772 1782 1784 1783 1786 1785 1780 1764 1779 1769 1746 1756 1780 1782 1780 1770 1773 1766 1754 1763 1781 1770 1741 1792 1774 1777 1769 1767 1762 1759 1781 1769 1746 1767 1724 1781 1780 1784 1773 1773 1767 1792 1747 1760 1783 1744 1747 1754 1771 1785 1754 1800 1792 1746 1751 1768 1720 1794 1778 1754 1759 1758 1745 1738 1761 1783 1760 1771 1753 1746 1756 1747 1789 1752 1758 1752 1728 1764 1715 1736 1769 1781 1758 1760 1723 1744 1759 1752 1780 1760 1749

Tree=0
num_leaves=15
num_cat=0
split_feature=0 9 11 2 1 0 1 8 1 2 7 11 9 6
split_gain=6312.82 1231.17 1082.29 2257.07 2272.72 876.3 1077.8 780.131 519.765 872.869 491.652 438.251 419.624 578.767
threshold=134.50000000000003 62.500000000000007 121.50000000000001 1.0000000180025095e-35 2.5000000000000004 2.5000000000000004 1.5000000000000002 2182.5000000000005 5.5000000000000009 1.0000000180025095e-35 0.097576983273029341 5790.5000000000009 36.500000000000007 1.0000000180025095e-35
decision_type=2 2 2 2 2 2 2 2 2 2 2 2 2 2
left_child=2 -2 3 -1 5 12 -7 8 9 -4 -3 -12 13 -5
right_child=1 10 7 4 -6 6 -8 -9 -10 -11 11 -13 -14 -15
leaf_value=-3.2677233776558374 -3.3233894874643668 -3.3039995222498781 -3.2996526231992744 -2.9778442949467596 -3.302438992467442 -2.685090298443197 -3.0974384375286439 -3.2504016375518567 -3.3192728118388772 -3.1832768820168007 -3.3051458532672333 -3.2188577469574802 -2.9924368014568672 -3.2063525585852437
leaf_weight=273.00258120149374 10543.262729912996 270.83293446153402 196.04792339354753 13.933200158178805 42.714920192956924 12.204262912273407 10.712630778551102 678.15020915865898 376.77271668612957 82.378774657845497 76.683451965451241 171.33429099619389 26.035760879516602 35.121156603097916
leaf_count=8053 311004 7989 5783 411 1260 360 316 20004 11114 2430 2262 5054 768 1036
internal_value=-3.3128 -3.32117 -3.2598 -3.21742 -3.11982 -3.04022 -2.87784 -3.27296 -3.2963 -3.26522 -3.27605 -3.24554 -3.08978 -3.14145
internal_weight=12809.2 11062.1 1747.07 413.725 140.722 98.007 22.9169 1333.35 655.199 278.427 518.851 248.018 75.0901 49.0544
internal_count=377844 326309 51535 12204 4151 2891 676 39331 19327 8213 15305 7316 2215 1447
is_linear=0
shrinkage=1


Tree=1
num_leaves=15
num_cat=0
split_feature=0 9 1 2 8 6 4 9 7 12 7 8 2 9
split_gain=5735.48 1038.6 911.773 3386.14 1169.18 879.884 458.804 412.802 401.06 389.279 1029.8 343.398 323.662 318.015
threshold=134.50000000000003 62.500000000000007 3.5000000000000004 1.0000000180025095e-35 2095.5000000000005 1.0000000180025095e-35 12.500000000000002 36.500000000000007 0.097576983273029341 96484.000000000015 0.099986076354980483 5705.5000000000009 2.5000000000000004 47.500000000000007
decision_type=2 2 2 2 2 2 2 2 2 2 2 2 2 2
left_child=2 9 3 -1 -4 12 7 -7 -3 -2 -11 -10 -5 -9
right_child=1 8 4 5 -6 6 -8 13 11 10 -12 -13 -14 -15
leaf_value=0.031724263382631887 -0.01399879318771211 0.0070178293806739279 -0.0064233605432046717 0.23511268897140172 0.055980162765522361 0.10686578344582523 0.036306136663778604 0.36094160311740353 0.0069105385629429595 -0.0049563685629373478 0.081119269428389498 0.081528307635522004 0.3973412177290746 0.18740369679327029
leaf_weight=461.55657193437219 7551.7548772841692 274.65964642167091 428.00055270269513 38.150865018367767 732.95226500183344 56.231299124658108 30.188892405480146 11.466188136488197 79.707714859396219 2767.5121054798365 131.0158256739378 182.82907732948661 15.591700583696364 55.533331077545881
leaf_count=13216 224969 8036 12595 877 20443 1434 778 253 2330 82445 3903 4944 315 1342
internal_value=-0.000131086 -0.0083204 0.0490471 0.0769509 0.0329743 0.177716 0.141123 0.166801 0.0323608 -0.0104116 -0.00106568 0.0588739 0.282178 0.217103
internal_weight=12817.2 10987.5 1829.67 668.719 1160.95 207.162 153.42 123.231 537.196 10450.3 2898.53 262.537 53.7426 66.9995
internal_count=377880 326627 51253 18215 33038 4999 3807 3029 15310 311317 86348 7274 1192 1595
is_linear=0
shrinkage=0.03


Tree=2
num_leaves=15
num_cat=0
split_feature=0 9 1 2 8 3 12 7 7 11 2 4 9 6
split_gain=5219.94 1067.94 653.847 2387.1 1058.37 450.49 374.213 894.043 348.406 317.173 278.364 256.169 299.463 235.628
threshold=134.50000000000003 62.500000000000007 3.5000000000000004 1.0000000180025095e-35 2182.5000000000005 100.0279998779297 96484.000000000015 0.099986076354980483 0.097576983273029341 6030.5000000000009 16.500000000000004 10.500000000000002 20.500000000000004 1.5000000000000002
decision_type=2 2 2 2 2 2 2 2 2 2 2 2 2 2
left_child=2 6 3 -1 -4 11 -2 -8 -3 -10 -11 12 -5 -7
right_child=1 8 4 5 -6 13 7 -9 9 10 -12 -13 -14 -15
leaf_value=0.029353302923044448 -0.013752579923194171 0.0086814313324924345 -0.0046646438500164561 0.078748458306928323 0.053543546032878885 0.25401259829560191 -0.0048133653811573331 0.072629480591098014 0.0078477414149727212 0.34075482762851922 0.072549776892837828 0.040512276041658794 0.17238026801497058 0.15215776939851952
leaf_weight=479.85691313445568 7442.2525010257959 275.93991937488317 446.12741791829467 51.368080444633961 760.14541482925415 40.165516048669815 2753.0056723952293 141.03810410946608 84.679650545120239 3.5478455983102313 189.78980779275298 32.540137372910976 76.564433574676514 41.625438135117292
leaf_count=13341 224615 8021 13176 1092 20096 717 82392 3897 2439 89 4761 775 1506 890
internal_value=3.77132e-05 -0.00801814 0.0455317 0.0681094 0.0320159 0.144874 -0.010193 -0.00103927 0.0325625 0.0562652 0.0774715 0.115668 0.134785 0.202176
internal_weight=12818.6 10890.3 1928.39 722.121 1206.27 242.264 10336.3 2894.04 553.957 278.017 193.338 160.473 127.933 81.791
internal_count=377807 326214 51593 18321 33272 4980 310904 86289 15310 7289 4850 3373 2598 1607
is_linear=0
shrinkage=0.03


Tree=3
num_leaves=15
num_cat=0
split_feature=0 9 11 2 1 8 7 12 7 1 2 11 8 12
split_gain=4710.42 906.528 582.938 785.047 723.645 599.95 373.365 318.991 763.138 312.657 419.304 269.088 213.424 212.558
threshold=134.50000000000003 59.500000000000007 121.50000000000001 1.0000000180025095e-35 3.5000000000000004 2182.5000000000005 0.097576983273029341 96484.000000000015 0.099986076354980483 5.5000000000000009 1.0000000180025095e-35 5898.5000000000009 3785.5000000000005 49.500000000000007
decision_type=2 2 2 2 2 2 2 2 2 2 2 2 2 2
left_child=2 7 3 -1 13 9 -3 -2 -9 10 -4 -8 -7 -5
right_child=1 6 5 4 -6 12 11 8 -10 -11 -12 -13 -14 -15
leaf_value=0.038003249046195273 -0.013369231270621082 0.0054099543604700113 0.0085033187170080633 0.082436208350682702 -0.0096737200480901241 0.065639188655953765 0.0066970171097696382 -0.0051138378317947472 0.065878015988877714 -0.006770679139426165 0.080076189572802992 0.069273402101655862 0.034504501329576387 0.15587761906832703
leaf_weight=301.66646514460444 7348.1088826283813 349.12848242372274 209.44704938307405 48.000851426273584 36.418123636394739 404.4914598017931 87.242935545742512 2669.8444344699383 143.60926954820752 367.79902663081884 113.63555368036032 212.45806738734245 388.43895000219345 135.84347412735224
leaf_count=8082 224634 10154 5787 898 1075 10180 2500 80262 3711 10992 2435 4978 9776 2203
internal_value=-5.09273e-05 -0.00788503 0.0421727 0.0694424 0.112501 0.0325807 0.026495 -0.0100802 -0.00149015 0.0121443 0.0336771 0.0510574 0.050387 0.136702
internal_weight=12816.1 10810.4 2005.74 521.929 220.262 1483.81 648.829 10161.6 2813.45 690.882 323.083 299.701 792.93 183.844
internal_count=377667 326239 51428 12258 4176 39170 17632 308607 83973 19214 8222 7478 19956 3101
is_linear=0
shrinkage=0.03


Tree=4
num_leaves=15
num_cat=0
split_feature=0 9 11 2 1 8 7 12 7 8 11 9 4 6
split_gain=4214.8 879.982 497.491 631.699 785.603 604.944 331.204 326.861 672.449 213.258 207.777 169.295 210.09 196.777
threshold=134.50000000000003 59.500000000000007 192.50000000000003 1.0000000180025095e-35 3.5000000000000004 2182.5000000000005 0.097576983273029341 96484.000000000015 0.099986076354980483 2473.5000000000005 5942.5000000000009 44.500000000000007 5.5000000000000009 1.0000000180025095e-35
decision_type=2 2 2 2 2 2 2 2 2 2 2 2 2 2
left_child=2 7 3 -1 11 -4 -3 -2 -9 -7 -8 13 -13 -5
right_child=1 6 5 4 -6 9 10 8 -10 -11 -12 12 -14 -15
leaf_value=0.034454264831218259 -0.013286686108894497 0.0056677711929283194 0.0054340301669411548 0.13899595893769706 -0.0068996932186247027 0.091144144185735396 0.0086793115649975733 -0.0047791420283245971 0.059538899923614746 0.040193870084661222 0.063093341968009878 0.18343173489655382 0.093589327185153601 0.066517625580451087
leaf_weight=378.53177601099014 7250.4259801916778 352.33249540627003 586.50596318021417 56.716397482901812 57.064164284616709 82.021061450242996 87.398484654724598 2660.3712788037956 154.81051520258188 750.03742783144116 227.69515434652567 58.424698330461979 39.104099225252867 83.122972648590803
leaf_count=9886 224429 10195 16402 744 1699 1944 2485 80359 3766 18052 5008 796 637 1484
internal_value=-0.000114033 -0.00770608 0.0388459 0.0600886 0.0930449 0.0287683 0.0256531 -0.00991805 -0.00124221 0.0452163 0.0480004 0.117072 0.147409 0.0959136
internal_weight=12824.6 10733 2091.53 672.964 294.432 1418.56 667.426 10065.6 2815.18 832.058 315.094 237.368 97.5288 139.839
internal_count=377886 326242 51644 15246 5360 36398 17688 308554 84125 19996 7493 3661 1433 2228
is_linear=0
shrinkage=0.03


Tree=5
num_leaves=15
num_cat=0
split_feature=0 9 11 9 8 4 0 2 12 7 0 2 8 7
split_gain=3692.44 814.668 439.552 570.891 404.664 344.264 315.048 341.487 314.424 770.004 263.784 260.525 296.66 241.651
threshold=134.50000000000003 62.500000000000007 121.50000000000001 36.500000000000007 2182.5000000000005 6.5000000000000009 23.500000000000004 12.500000000000002 68014.500000000015 0.11766499280929567 1.0000000180025095e-35 1.0000000180025095e-35 571.50000000000011 0.097576983273029341
decision_type=2 2 2 2 2 2 2 2 2 2 2 2 2 2
left_child=2 8 3 -1 6 10 7 11 -2 -10 -5 -4 -13 -3
right_child=1 13 4 5 -6 -7 -8 -9 9 -11 -12 12 -14 -15
leaf_value=0.037961440055272626 -0.013609386054934645 0.0061495670910629244 0.0048359343234622432 0.065069564599550031 0.04112643303490425 0.036041456031200451 -0.013165834258154379 0.54469837704177815 -0.0058902548622152455 0.054149589309253066 0.1572714629056319 0.082124210079717389 0.0025674420649652546 0.044283958549580116
leaf_weight=401.72928605228662 6294.8295680619776 280.83594450727105 230.67179957404733 40.777948871254921 863.3434570915997 50.785928729921579 294.77598387375474 1.1454568654298771 3569.5424723662436 203.18877624720335 88.608283720910549 114.77120968699455 66.699067294597626 319.92327975854278
leaf_count=8893 197281 8015 6297 1020 19908 1032 8810 28 109004 5061 1249 2204 1893 7276
internal_value=-0.00024694 -0.00747983 0.0355876 0.0578613 0.0273395 0.102232 0.010529 0.0274293 -0.00950495 -0.00265668 0.128213 0.0259917 0.0528833 0.0264573
internal_weight=12821.6 10668.3 2153.31 581.901 1571.41 180.172 708.064 413.288 10067.6 3772.73 129.386 412.142 181.47 600.759
internal_count=377971 326637 51334 12194 39140 3301 19232 10422 311346 114065 2269 10394 4097 15291
is_linear=0
shrinkage=0.03


Tree=6
num_leaves=15
num_cat=0
split_feature=0 9 7 11 9 8 0 2 9 2 1 7 12 7
split_gain=3558.89 801.957 396.782 370.184 446.69 409.098 293.565 341.508 277.963 271.27 351.568 239.639 222.903 686.459
threshold=134.50000000000003 44.500000000000007 0.097576983273029341 121.50000000000001 44.500000000000007 2095.5000000000005 23.500000000000004 6.5000000000000009 47.500000000000007 1.0000000180025095e-35 2.5000000000000004 0.037743763998150832 68014.500000000015 0.11766499280929567
decision_type=2 2 2 2 2 2 2 2 2 2 2 2 2 2
left_child=3 12 -3 4 9 6 7 -5 11 -1 -11 -6 -2 -14
right_child=1 2 -4 5 8 -7 -8 -9 -10 10 -12 -13 13 -15
leaf_value=0.018604325451427657 -0.013608071302753251 0.0039185246264800497 0.039744718174982305 0.021102636729742486 0.26135716399203757 0.040036725747734578 -0.014678447422857281 0.2018938937439235 0.079895420859230945 0.089205490913997099 -0.005623158983763317 0.070405412495881559 -0.0070246250597690843 0.057239501848989544
leaf_weight=257.59889743104577 6195.9227385148406 937.73625719919801 395.59508259966969 415.28157509490848 15.460743084549906 923.69479064643383 272.88846364244819 9.6213263683021051 141.99231011047959 143.03330874070525 46.66609612852335 9.580125015228985 2895.1192823909223 157.74696736782789
leaf_count=6224 196667 27975 8685 10267 190 20656 8290 193 2458 1983 1224 152 89098 3823
internal_value=6.29112e-05 -0.00720318 0.014548 0.0344533 0.0542854 0.0269396 0.00960236 0.0251964 0.0961474 0.038653 0.0658776 0.188303 -0.0103389 -0.00370398
internal_weight=12817.9 10582.1 1333.33 2235.82 614.331 1621.49 697.791 424.903 167.033 447.298 189.699 25.0409 9248.79 3052.87
internal_count=377885 326248 36660 51637 12231 39406 18750 10460 2800 9431 3207 342 289588 92921
is_linear=0
shrinkage=0.03


Tree=7
num_leaves=15
num_cat=0
split_feature=0 9 11 9 2 8 12 7 7 6 11 0 2 4
split_gain=3225.87 717.446 387.697 408.487 415.044 378.041 309.503 475.938 241.445 221.735 170.518 151.092 237.258 142.936
threshold=134.50000000000003 59.500000000000007 192.50000000000003 6.5000000000000009 1.0000000180025095e-35 2095.5000000000005 96484.000000000015 0.10001393035054208 0.097576983273029341 1.0000000180025095e-35 6081.5000000000009 23.500000000000004 6.5000000000000009 5.5000000000000009
decision_type=2 2 2 2 2 2 2 2 2 2 2 2 2 2
left_child=2 6 3 -1 13 11 -2 -8 -3 -6 -10 12 -4 -5
right_child=1 8 5 4 9 -7 7 -9 10 -11 -12 -13 -14 -15
leaf_value=0.016749163174125579 -0.012608084059770328 0.004488973248869833 0.013240264489593454 0.05391551768631056 0.13776954726096483 0.034970965733682143 -0.0040139241991801449 0.046922403171988036 0.0061263940627866147 0.074652094295733828 0.052411530615727647 -0.013321220406350053 0.16642681928202396 0.0084210080498862659
leaf_weight=238.14609348028898 7007.8173024877906 355.42120951041579 319.41742054373026 195.11599067598581 69.837957467883825 951.25883123651147 2625.4963796883821 176.17474263161421 99.47775537520647 177.1795127093792 255.9477274864912 250.52560968697071 9.3664383366703969 91.207654289901257
leaf_count=5254 224732 10159 7994 4556 756 20515 80444 3711 2568 2431 4931 7711 169 2183
internal_value=-9.08987e-05 -0.00712978 0.0320766 0.0494175 0.0640045 0.0233359 -0.00923872 -0.000810945 0.0219731 0.092497 0.0394571 0.00423037 0.0176043 0.0394234
internal_weight=12822.4 10520.3 2302.06 771.487 533.341 1530.57 9809.49 2801.67 710.847 247.017 355.425 579.309 328.784 286.324
internal_count=378114 326545 51569 15180 9926 36389 308887 84155 17658 3187 7499 15874 8163 6739
is_linear=0
shrinkage=0.03


Tree=8
num_leaves=15
num_cat=0
split_feature=0 9 9 7 9 12 7 12 9 9 7 2 7 9
split_gain=2883.14 652.679 308.32 529.444 319.15 255.606 540.927 206.142 342.123 212.631 200.076 174.69 168.708 258.651
threshold=134.50000000000003 57.500000000000007 6.5000000000000009 0.095247998833656325 93.500000000000014 68951.000000000015 0.11108907312154771 343.50000000000006 44.500000000000007 47.500000000000007 0.097576983273029341 1.0000000180025095e-35 0.18883550167083743 19.500000000000004
decision_type=2 2 2 2 2 2 2 2 2 2 2 2 2 2
left_child=2 5 -1 7 12 -2 -7 8 -4 -10 -3 -6 13 -5
right_child=1 10 3 4 11 6 -8 -9 9 -11 -12 -13 -14 -15
leaf_value=0.012668192615261496 -0.012791981257258752 0.005033563486859632 0.023216413858578071 0.041802531792140107 0.0071752922530555867 -0.0057004633787332238 0.042491713148524429 0.014222318032278965 0.21326828829880315 0.032501431823925987 0.035378049371014464 0.049199383867444588 0.047844644449093934 0.10241364322300933
leaf_weight=673.66724231094122 6088.4158177003264 413.185447268188 58.716026414185762 92.646350111812353 152.07299643009901 3331.1226712614298 223.69433481618762 731.97647378966212 17.635398074984554 8.7681794166564924 371.28937980160117 214.73282569274306 206.27322456613183 200.49106863513589
leaf_count=15655 198019 11877 1158 2048 3859 103455 4946 16895 163 154 7567 4015 3926 3488
internal_value=-0.000146018 -0.0069192 0.0298198 0.0366839 0.0530247 -0.0090599 -0.00266787 0.0193608 0.0635485 0.153239 0.0193955 0.0317767 0.0686308 0.0832574
internal_weight=12784.7 10427.7 2356.98 1683.31 866.216 9643.23 3554.82 817.096 85.1196 26.4036 784.475 366.806 499.411 293.137
internal_count=377225 325864 51361 35706 17336 306420 108401 18370 1475 317 19444 7874 9462 5536
is_linear=0
shrinkage=0.03


Tree=9
num_leaves=15
num_cat=0
split_feature=0 12 7 9 7 3 1 0 4 8 11 7 6 7
split_gain=2635.66 696.822 601.185 290.471 430.762 246.403 328.658 386.958 201.912 177.715 216.519 174.122 233.374 170.326
threshold=134.50000000000003 214066.00000000003 0.035455202683806426 5.5000000000000009 0.095247998833656325 25.006999969482425 1.5000000000000002 2.5000000000000004 6.5000000000000009 23.500000000000004 36.500000000000007 0.015395920258015396 1.0000000180025095e-35 0.095247998833656325
decision_type=2 2 2 2 2 2 2 2 2 2 2 2 2 2
left_child=3 11 -3 -1 8 -6 7 -7 9 10 -5 -2 -13 -14
right_child=1 2 -4 4 5 6 -8 -9 -10 -11 -12 12 13 -15
leaf_value=0.010218619155319728 -0.018401974984893838 -0.0009494436731295997 0.035817278838030805 0.022315411633133119 0.029805412142009168 0.069904105859007443 0.046910049300227019 0.17914343248210848 -0.007234568403080374 0.020962900116828873 0.1204294172100361 -0.011864158390755882 -0.0042601188284318954 0.016559606537993952
leaf_weight=607.41019285842776 1875.6989618148655 1411.7279230877757 558.64972763508558 43.10452177375555 394.5874890089035 110.72389372438192 413.93643507361412 39.6296690069139 205.27155842259526 568.03097772970796 38.167822942137718 4490.147013168782 1597.8892278503627 454.1692622192204
leaf_count=13953 60736 42828 11956 838 8499 1345 8332 324 4801 12873 467 145557 51455 14135
internal_value=-1.56016e-05 -0.0065849 0.00947481 0.0281742 0.0341884 0.0479916 0.0607086 0.098697 0.0187005 0.0268996 0.0683926 -0.010344 -0.00803371 0.000347781
internal_weight=12809.1 10388.3 1970.38 2420.86 1813.45 958.877 564.29 150.354 854.575 649.303 81.2723 8417.9 6542.21 2052.06
internal_count=378099 326667 54784 51432 37479 18500 10001 1669 18979 14178 1305 271883 211147 65590
is_linear=0
shrinkage=0.03


Tree=10
num_leaves=15
num_cat=0
split_feature=0 12 7 9 7 9 7 6 9 7 8 3 4 10
split_gain=2525.87 611.541 561.655 250.042 382.735 209.433 171.616 210.519 167.694 173.998 166.848 247.409 165.412 161.181
threshold=134.50000000000003 214066.00000000003 0.035455202683806426 5.5000000000000009 0.097576983273029341 94.500000000000014 0.015395920258015396 1.0000000180025095e-35 10.500000000000002 0.18883550167083743 5988.5000000000009 3192.4809570312505 6.5000000000000009 26.000225067138675
decision_type=2 2 2 2 2 2 2 2 2 2 2 2 2 2
left_child=3 6 -3 -1 12 8 -2 -8 -6 13 -4 -12 -5 -10
right_child=1 2 10 4 5 -7 7 -9 9 -11 11 -13 -14 -15
leaf_value=0.010355106950560524 -0.018321295704906673 -0.0018949751765267749 0.0037525876993301666 0.025309127229054783 0.030521679859187162 0.028002483506018784 -0.011619461774662353 -4.4323187161415456e-06 0.076980499232386174 0.041853191796556985 0.16188258655410978 0.037951400958296973 -0.0052465370655673041 0.22351924220466673
leaf_weight=611.00034126266837 1840.3292649239302 1407.1465320028365 132.26322931051254 671.03318815678358 165.81403116136789 387.91742819920182 4436.1736768223345 2054.9659741446376 265.67836444079876 167.45981599390507 15.007226034998892 426.91407776996493 209.1482994183898 6.9316751062870017
leaf_count=13925 60629 42730 3156 14295 3398 7798 145434 65645 4192 2862 270 8524 4907 128
internal_value=-0.000130054 -0.00667239 0.00830816 0.027021 0.0324548 0.045214 -0.010235 -0.00794237 0.0562337 0.0659217 0.0333129 0.04216 0.0180485 0.0807066
internal_weight=12797.8 10312.8 1981.33 2484.98 1873.98 993.801 8331.47 6491.14 605.884 440.07 574.185 441.921 880.181 272.61
internal_count=377893 326388 54680 51505 37580 18378 271708 211079 10580 7182 11950 8794 19202 4320
is_linear=0
shrinkage=0.03


Tree=11
num_leaves=15
num_cat=0
split_feature=0 12 7 1 3 8 0 8 3 1 11 7 4 4
split_gain=2377.76 614.231 740.231 228.372 646.202 537.854 180.28 177.06 156.828 149.768 143.081 139.867 275.549 126.546
threshold=134.50000000000003 96484.000000000015 0.097576983273029341 3.5000000000000004 25.006999969482425 2095.5000000000005 2.5000000000000004 5705.5000000000009 6176.5871582031259 1.5000000000000002 4003.5000000000005 0.090923395007848754 1.0000000180025095e-35 9.5000000000000018
decision_type=2 2 2 2 2 2 2 2 2 2 2 2 2 2
left_child=3 11 -3 4 13 -5 -6 -4 -9 -8 -7 -2 -13 -1
right_child=1 2 7 5 6 10 9 8 -10 -11 -12 12 -14 -15
leaf_value=0.026513683649957914 -0.014899338381717791 -0.0025926367907852716 0.0075454493182413795 -0.00918526553643856 0.054303089004936113 0.039074753706075251 0.13163137604134562 0.10308062064017137 0.038534655579480215 0.064471545272983863 0.016634796758398209 -0.015860882295051729 0.0051964873079916622 -0.0047014629901117894
leaf_weight=540.0562786012888 4475.6397539712489 2933.5063666626811 165.16350195556879 447.60798199474812 232.8637189604342 633.76393739879131 62.645722478628159 37.035221856087446 397.50371581315994 57.14424717053771 428.72260348498821 1160.9761349204928 1079.149581188336 149.17044286057353
leaf_count=10891 150031 90501 3684 12592 2757 12306 463 599 6957 713 8399 38977 35595 3513
internal_value=-5.75586e-05 -0.00650937 0.00361598 0.0258535 0.0366579 0.0183992 0.0696875 0.033986 0.0440358 0.0995937 0.03002 -0.0118364 -0.00571679 0.0197577
internal_weight=12800.9 10249 3533.21 2551.97 1041.88 1510.09 352.654 599.702 434.539 119.79 1062.49 6715.77 2240.13 689.227
internal_count=377978 326344 101741 51634 18337 33297 3933 11240 7556 1176 20705 224603 74572 14404
is_linear=0
shrinkage=0.03


Tree=12
num_leaves=15
num_cat=0
split_feature=0 12 7 11 8 2 1 7 6 8 6 7 11 9
split_gain=2116.87 623.002 456.714 200.608 292.148 242.044 291.942 175.72 184.946 163.879 158.902 134.087 118.937 118.805
threshold=134.50000000000003 214066.00000000003 0.02127883676439524 192.50000000000003 2095.5000000000005 1.0000000180025095e-35 2.5000000000000004 0.015395920258015396 1.0000000180025095e-35 6999.5000000000009 1.0000000180025095e-35 0.095247998833656325 4003.5000000000005 11.500000000000002
decision_type=2 2 2 2 2 2 2 2 2 2 2 2 2 2
left_child=3 7 -3 5 -5 -1 10 -2 13 11 -7 -10 -6 -9
right_child=1 2 -4 4 12 6 -8 8 9 -11 -12 -13 -14 -15
leaf_value=0.020527464540799324 -0.018283142433356821 -0.0040524828601392346 0.024717350778208403 0.001262875726607021 0.03524508092556556 0.092115779067480377 -0.00036586028492958163 -0.01329093714278866 -0.011270801233665311 0.012635019496311146 0.049260794337250301 0.0098560719404388961 0.015045090887374974 0.00031884455113610533
leaf_weight=473.88588786125183 1789.2042032070458 1124.3213216513395 889.48828343302011 609.43912155553699 657.23193200305104 115.22729489207268 79.727215271443129 3657.6401662044227 1050.4778704959899 622.83107659965754 240.1837081797421 364.07694136537611 436.60903162881732 685.44740622490644
leaf_count=9813 60651 34291 20600 15739 12332 930 1922 124044 34463 19996 2541 11056 8426 21276
internal_value=-0.000110388 -0.00629053 0.00865499 0.0239815 0.0179082 0.0353614 0.0515163 -0.00997458 -0.0076447 -0.000187434 0.0631547 -0.00583318 0.0271822 -0.011143
internal_weight=12795.8 10183.5 2013.81 2612.3 1703.28 909.024 435.138 8169.68 6380.47 2037.39 355.411 1414.55 1093.84 4343.09
internal_count=378080 326377 54891 51703 36497 15206 5393 271486 210835 65515 3471 45519 20758 145320
is_linear=0
shrinkage=0.03


Tree=13
num_leaves=15
num_cat=0
split_feature=0 12 7 8 3 8 7 6 7 0 2 8 4 12
split_gain=2058.84 558.508 436.203 204.091 472.838 312.908 172.007 171.728 134.542 134.112 159.943 130.062 113.538 123.389
threshold=134.50000000000003 214066.00000000003 0.021038182079792026 33.500000000000007 25.006999969482425 2095.5000000000005 0.015395920258015396 1.0000000180025095e-35 0.095247998833656325 23.500000000000004 11.500000000000002 6999.5000000000009 6.5000000000000009 164.50000000000003
decision_type=2 2 2 2 2 2 2 2 2 2 2 2 2 2
left_child=3 6 -3 4 12 9 -2 -8 11 10 -5 -9 13 -1
right_child=1 2 -4 5 -6 -7 7 8 -10 -11 -12 -13 -14 -15
leaf_value=0.013171464258416872 -0.018247781354774933 -0.0050352151229671668 0.022976023748178365 0.011962282561348462 0.063190292416160074 0.026463681248402277 -0.011056995311592295 -0.010840283716530986 0.013565984715531122 -0.014702012822318864 0.28051431835777779 0.007458235738480124 0.00046145535449300639 0.04624832200581807
leaf_weight=228.33351413160563 1762.9444181136787 1102.4065221510828 916.14485592022538 294.71934215724468 333.23469999432564 1109.4537951424718 4296.393852153793 1043.4863575603813 471.449631806463 298.38597738370299 2.0095634646713725 525.71763024292886 203.17827293649316 182.73114286735654
leaf_count=4563 60790 33754 20768 6234 3494 20542 145270 34599 14214 8842 25 16806 4562 3207
internal_value=-0.000274033 -0.00644081 0.00767804 0.0232545 0.0344171 0.0170498 -0.00995928 -0.00765345 -0.00048763 -0.000500151 0.013781 -0.00470988 0.0188073 0.0278752
internal_weight=12770.6 10118.5 2018.55 2652.05 947.478 1704.57 8099.99 6337.05 2040.65 595.115 296.729 1569.2 614.243 411.065
internal_count=377670 326201 54522 51469 15826 35643 271679 210889 65619 15101 6259 51405 12332 7770
is_linear=0
shrinkage=0.03


Tree=14
num_leaves=15
num_cat=0
split_feature=0 9 7 7 9 4 7 9 0 1 8 4 10 12
split_gain=1862.99 522.423 189.317 168.195 550.684 177.866 166.961 286.04 176.884 372.321 137.056 132.586 119.106 116.067
threshold=134.50000000000003 44.500000000000007 0.016336422413587574 0.11113308742642404 11.500000000000002 1.0000000180025095e-35 0.095247998833656325 6.5000000000000009 1.5000000000000002 1.5000000000000002 9441.5000000000018 6.5000000000000009 25.087862014770511 68014.500000000015
decision_type=2 2 2 2 2 2 2 2 2 2 2 2 2 2
left_child=6 3 -3 13 5 -5 11 -8 -9 -10 -4 -1 -11 -2
right_child=1 2 10 4 -6 -7 7 8 9 12 -12 -13 -14 -15
leaf_value=0.0178922210109114 -0.014675185986264288 -0.0054818308133785191 0.014209429927225242 -0.015149011092326756 0.045695095516093076 0.0037128471555673971 0.010491535407925462 0.022525764956886549 0.096683934244196898 0.032223507458784419 0.051709245582193732 -0.0086381534534615174 0.086511234505807541 -0.0066060896886346622
leaf_weight=891.45946214348078 3859.2177507802844 455.02441155910492 886.82227443531156 997.03590028174222 200.98982548899949 820.01690817065537 550.01277624443173 434.50765669345856 113.17577219009399 464.71325949952006 97.345314357429743 209.34523801878095 39.460923440754414 2745.859189145267
leaf_count=17883 134559 13791 20721 34736 4434 27128 11536 7444 1066 8107 2017 4794 656 88858
internal_value=-0.000272476 -0.00621218 0.0105202 -0.00900479 -0.00142478 -0.00663685 0.0218416 0.0280228 0.0371898 0.0475108 0.0179186 0.0128468 0.0364725 -0.0113207
internal_weight=12765 10062.3 1439.19 8623.12 2018.04 1817.05 2702.68 1601.87 1051.86 617.35 984.168 1100.8 504.174 6605.08
internal_count=377730 326244 36529 289715 66298 61864 51486 28809 17273 9829 22738 22677 8763 223417
is_linear=0
shrinkage=0.03


Tree=15
num_leaves=15
num_cat=0
split_feature=0 9 7 8 1 2 11 0 9 4 4 7 6 3
split_gain=1752.93 495.485 543.129 176.712 168.031 422.616 391.093 183.135 163.767 294.42 128.534 120.728 218.721 108.592
threshold=134.50000000000003 17.500000000000004 0.04691885598003865 6251.5000000000009 3.5000000000000004 1.5000000000000002 1995.5000000000002 2.5000000000000004 103.50000000000001 7.5000000000000009 11.500000000000002 0.015626878477633003 1.0000000180025095e-35 3192.4809570312505
decision_type=2 2 2 2 2 2 2 2 2 2 2 2 2 2
left_child=4 11 -3 -4 5 10 -6 -7 9 13 -1 -2 -13 -5
right_child=1 2 3 8 6 7 -8 -9 -10 -11 -12 12 -14 -15
leaf_value=0.024577660115656839 -0.017930960414935398 -0.0037289715279370892 0.0072925512000258938 0.15523492831967126 -0.010192145026153778 0.041955310560049641 0.023523468477674468 0.091971454174443051 0.019902011195808974 0.32657448326936411 -0.0069852666580242119 -0.012047545368415843 0.0016061200007062612 0.045781271651240123
leaf_weight=735.09565586596727 1532.3076262064278 2258.9251657277346 327.45939434692264 8.466936916112898 418.73518729582429 161.39048343524337 1188.5144168585539 111.33887654542923 278.00538231432438 3.5107903480529776 137.90437902882695 3937.6197817586362 1442.8508450053632 223.53041085042059
leaf_count=12680 54708 70378 7901 132 11749 1647 21430 866 4754 53 3124 136952 47536 4274
internal_value=-0.000203687 -0.00603287 0.00393297 0.0245136 0.0209973 0.0297756 0.0147396 0.0623739 0.0354952 0.0539022 0.0195918 -0.0105019 -0.00838612 0.0497759
internal_weight=12765.7 10012.7 3099.9 840.973 2752.98 1145.73 1607.25 272.729 513.514 235.508 873 6912.78 5380.47 231.997
internal_count=378184 326688 87492 17114 51496 18317 33179 2513 9213 4459 15804 239196 184488 4406
is_linear=0
shrinkage=0.03


Tree=16
num_leaves=15
num_cat=0
split_feature=0 12 7 8 2 8 8 2 7 6 11 6 4 8
split_gain=1573.9 471.425 517.614 153.613 382.169 287.347 120.608 134.908 119.85 149.629 117.985 113.417 103.492 100.917
threshold=134.50000000000003 96484.000000000015 0.097576983273029341 57.500000000000007 1.0000000180025095e-35 2095.5000000000005 5583.5000000000009 18.500000000000004 0.015395920258015396 1.0000000180025095e-35 6672.5000000000009 1.0000000180025095e-35 6.5000000000000009 3785.5000000000005
decision_type=2 2 2 2 2 2 2 2 2 2 2 2 2 2
left_child=3 8 -3 4 12 -5 -4 -8 -2 -10 -11 -6 -1 -7
right_child=1 2 6 5 11 13 7 -9 9 10 -12 -13 -14 -15
leaf_value=0.021147451189819703 -0.018720095464865638 -0.0023140986881707987 0.0050045797905430766 -0.0045930245973656433 0.070191681152221588 0.030446592157206877 0.13066875744904788 0.031982937636774081 -0.011693228311936503 -0.0058034223144175388 0.012835258908629649 0.038783038514702932 -0.0053082634560861148 0.012900845996551244
leaf_weight=413.48962115496397 1269.7189309075475 2894.6319308429956 166.30473534017801 512.60305811651051 147.04825079068542 634.46523605287075 12.798289097845553 482.00361605733633 3647.3675818890333 1053.1097851656377 430.65702615119517 349.16727706417441 196.23747015371919 551.45823910832405
leaf_count=7837 46642 90421 3484 13536 1239 10839 145 7512 129237 35251 14059 3775 4546 9786
internal_value=-1.07884e-05 -0.00560239 0.00315604 0.0198409 0.0285421 0.0141753 0.0271068 0.0345355 -0.0104678 -0.00842573 -0.000393624 0.0480907 0.0126328 0.0222878
internal_weight=12761.1 9956.59 3555.74 2804.47 1105.94 1698.53 661.107 494.802 6400.85 5131.13 1483.77 496.216 609.727 1185.92
internal_count=378309 326751 101562 51558 17397 34161 11141 7657 225189 178547 49310 5014 12383 20625
is_linear=0
shrinkage=0.03


Tree=17
num_leaves=15
num_cat=0
split_feature=3 12 7 1 3 8 7 4 4 9 1 0 9 9
split_gain=1517.88 456.214 408.368 186.261 375.789 343.673 114.175 237.756 112.06 108.673 90.1279 86.7451 109.204 85.8987
threshold=2225.0849609375005 96484.000000000015 0.045482501387596137 3.5000000000000004 25.006999969482425 2095.5000000000005 0.083362780511379256 1.0000000180025095e-35 6.5000000000000009 13.500000000000002 14.500000000000002 2.5000000000000004 81.500000000000014 58.500000000000007
decision_type=2 2 2 2 2 2 2 2 2 2 2 2 2 2
left_child=3 6 10 4 8 -5 -2 -8 9 -1 13 -6 -13 -3
right_child=1 2 -4 5 11 -7 7 -9 -10 -11 -12 12 -14 -15
leaf_value=0.0064816029106239403 -0.014333928170111023 0.27166775697685053 0.020067522593508486 -0.0066785724045853078 0.039523863176635712 0.020261197138900167 -0.015613328312245156 0.0042158363879733901 -0.0032808314791361974 0.033834491431023711 -0.0037792798149204223 0.053155613344585642 0.11301399098127562 -0.031863580948830905
leaf_weight=233.395657107234 3879.6259803529829 2.0748462490737434 877.96594370529056 614.38893689587712 287.76360760629177 1391.298777282238 1094.0333802811801 1082.8601147364825 229.70446461811662 297.17166133597493 2614.2030832227319 112.66670256480575 36.257862061262131 1.4089128971099851
leaf_count=4496 139209 36 17221 18577 2773 27133 39409 36086 5079 4838 82297 842 319 26
internal_value=-0.000275116 -0.00626758 0.00236224 0.0175979 0.0269632 0.0120089 -0.0112485 -0.00574963 0.0142236 0.021802 -0.00357607 0.0491427 0.067729 0.148913
internal_weight=12754.8 9552.17 3495.65 3202.65 1196.96 2005.69 6056.52 2176.89 760.272 530.567 2617.69 436.688 148.925 3.48376
internal_count=378341 314284 99580 64057 18347 45710 214704 75495 14413 9334 82359 3934 1161 62
is_linear=0
shrinkage=0.03


Tree=18
num_leaves=15
num_cat=0
split_feature=0 9 7 4 7 9 9 7 6 8 7 9 4 10
split_gain=1412.15 414.368 441.58 157.78 129.848 208.942 131.84 125.072 201.126 107.649 102.801 106.502 100.552 87.4687
threshold=134.50000000000003 17.500000000000004 0.04691885598003865 3.5000000000000004 0.095247998833656325 5.5000000000000009 93.500000000000014 0.015626878477633003 1.0000000180025095e-35 6839.5000000000009 0.18883550167083743 20.500000000000004 6.5000000000000009 25.087862014770511
decision_type=2 2 2 2 2 2 2 2 2 2 2 2 2 2
left_child=4 7 -3 -4 12 -6 10 -2 -9 -10 11 -7 -1 -13
right_child=1 2 3 -5 5 6 -8 8 9 -11 -12 13 -14 -15
leaf_value=0.014604109630348607 -0.017638741441609474 -0.00380115636828247 0.039033448716050349 0.012249731722888079 0.0072946803865575546 0.026821153430389804 0.017625780813888339 -0.011341621622585904 -0.0045710439943376906 0.012381561661025836 0.024825067392696496 0.054385663016827825 -0.008109549300411481 0.13224902960336449
leaf_weight=947.74304733797908 1471.207058141008 2241.5204377323389 296.59987035021186 595.13930581510067 511.78128785640001 149.04455591738224 465.89504336193204 3814.805325852707 891.71226365119219 542.03839316405356 312.26740780472755 272.46781141683459 215.25104821100831 13.634362153708933
leaf_count=17919 54853 70500 5459 11759 10286 2568 7882 136749 30161 17316 4627 3244 4829 177
internal_value=-0.000300003 -0.00570727 0.00330239 0.0211582 0.0181475 0.0233704 0.0301513 -0.00990825 -0.00774134 0.00183799 0.037959 0.0473841 0.0104002 0.0580963
internal_weight=12741.1 9853.02 3133.26 891.739 2888.08 1725.09 1213.31 6719.76 5248.56 1433.75 747.414 435.147 1162.99 286.102
internal_count=378329 326797 87718 17218 51532 28784 18498 239079 184226 47477 10616 5989 22748 3421
is_linear=0
shrinkage=0.03


Tree=19
num_leaves=15
num_cat=0
split_feature=3 12 7 9 7 8 4 8 9 7 4 7 4 9
split_gain=1317.25 414.761 371.992 142.663 222.636 128.833 126.662 148.682 146.239 111.093 109.285 102.128 204.213 98.1523
threshold=2225.0849609375005 96484.000000000015 0.097576983273029341 6.5000000000000009 0.095247998833656325 7939.5000000000009 6.5000000000000009 23.500000000000004 31.500000000000004 0.01785963494330645 12.500000000000002 0.09318223595619203 1.0000000180025095e-35 11.500000000000002
decision_type=2 2 2 2 2 2 2 2 2 2 2 2 2 2
left_child=3 11 9 -1 6 10 7 8 -5 -3 -6 -2 -13 -14
right_child=1 2 -4 4 5 -7 -8 -9 -10 -11 -12 12 13 -15
leaf_value=0.0063591988242193238 -0.013413734105958044 -0.0082555647449698427 0.022332239407725708 0.016451627415748678 0.030838111816371482 0.12187963193983117 -0.0082120165040102354 0.011377499042439855 0.087932209912648565 0.0036630897593187941 -9.8765780623641215e-05 -0.014511123393000081 0.0019576449758942132 0.037790969405957026
leaf_weight=937.87846431694925 3939.1142909191549 1431.2673959769309 679.74942779168487 55.408086396753788 1108.2862693741918 13.290577061474321 252.03605987876654 764.74019605480134 48.138380892574787 1384.8736275937408 113.26892858371139 1016.2998242340982 906.72050864063203 74.445398127660155
leaf_count=21411 144545 46117 10775 852 16593 149 6150 16484 415 42366 2093 37536 30355 2198
internal_value=-8.12785e-05 -0.00578429 0.0024135 0.0162542 0.0201946 0.0289802 0.0105109 0.0159455 0.0496827 -0.00239441 0.0279695 -0.0106117 -0.00508607 0.00467648
internal_weight=12725.5 9432.47 3495.89 3293.05 2355.17 1234.85 1120.32 868.287 103.546 2816.14 1221.56 5936.58 1997.47 981.166
internal_count=378039 313892 99258 64147 42736 18835 23901 17751 1267 88483 18686 214634 70089 32553
is_linear=0
shrinkage=0.03


Tree=20
num_leaves=15
num_cat=0
split_feature=3 12 7 7 9 0 1 0 0 7 4 9 8 4
split_gain=1222.34 389.072 317.004 168.236 261.497 140.887 239.068 122.956 120.186 106.719 170.29 99.0281 91.1367 88.9669
threshold=2860.7170410156255 96484.000000000015 0.036812121048569686 0.095247998833656325 6.5000000000000009 1.5000000000000002 1.5000000000000002 2.5000000000000004 810.50000000000011 0.090923395007848754 1.0000000180025095e-35 12.500000000000002 7371.5000000000009 5.5000000000000009
decision_type=2 2 2 2 2 2 2 2 2 2 2 2 2 2
left_child=3 9 -3 13 -5 -6 7 -7 -8 -2 -11 -12 -4 -1
right_child=1 2 12 4 5 6 8 -9 -10 10 11 -13 -14 -15
leaf_value=0.011275435236162428 -0.013544404624145176 -0.0037381633099776422 0.0057455535958597466 0.0059694128314467824 0.015985303096897288 0.042673809340832106 0.026612151005835947 0.10025878452025515 0.093970580308084903 -0.013685199012192031 0.0016047081039225074 0.041431749844131727 0.023941642274823583 -0.006292905812747435
leaf_weight=1182.3983341921121 3796.9747288320214 2436.4929463062435 430.27533340081573 705.37075190804899 490.51932916417718 63.391947768628597 648.18237444199622 70.467907477170229 24.750588903203607 980.68077353946865 899.09300836734474 59.933696506544948 583.92466199025512 332.3407649230212
leaf_count=26009 141286 77595 9399 15866 7453 624 10725 447 378 36819 30088 1717 11111 8314
internal_value=-7.4018e-05 -0.00583174 0.00212835 0.0149649 0.0206709 0.0286644 0.0363731 0.0729883 0.0290896 -0.0106198 -0.004895 0.00409367 0.0162219 0.00742086
internal_weight=12704.8 9187.38 3450.69 3517.42 2002.68 1297.31 806.793 133.86 672.933 5736.68 1939.71 959.027 1014.2 1514.74
internal_count=377831 308015 98105 69816 35493 19627 12174 1071 11103 209910 68624 31805 20510 34323
is_linear=0
shrinkage=0.03


Tree=21
num_leaves=15
num_cat=0
split_feature=0 12 7 7 4 7 9 7 12 4 8 12 0 1
split_gain=1160.03 414.632 305.703 137.718 150.962 181.595 122.573 164.96 105.173 99.6352 99.4083 176.297 97.1838 248.715
threshold=134.50000000000003 214066.00000000003 0.016770836897194389 0.015395920258015396 1.0000000180025095e-35 0.11766499280929567 4.5000000000000009 0.095247998833656325 14943.500000000002 6.5000000000000009 14.500000000000002 164.50000000000003 1.5000000000000002 1.5000000000000002
decision_type=2 2 2 2 2 2 2 2 2 2 2 2 2 2
left_child=6 3 -3 -2 -5 -6 -1 9 -7 10 11 -8 -9 -14
right_child=1 2 -4 4 5 8 7 12 -10 -11 -12 -13 13 -15
leaf_value=0.0040905598896603156 -0.016189615242814842 -0.0071081793534021418 0.016213189191925003 -0.014149361290613059 -0.0066068127181529079 -0.0016550661472346147 0.0086253845527068038 0.016012229790968203 0.018187926793487821 -0.0080024191622835618 0.011064546102890373 0.089303317410792712 0.066896702761487681 0.02470784419759128
leaf_weight=598.25735595449805 1587.9176401924342 852.12098287045956 1244.9071645177901 1600.231002189219 3449.5516356751323 487.26845860853791 57.14568292722106 533.34785129502416 474.49767747893929 214.66105195879936 717.41449942439795 42.511021818965673 153.62826830521226 693.3277561403811
leaf_count=11983 60728 26999 27729 60173 121030 16255 865 8009 13532 4918 13424 337 1183 10868
internal_value=-2.24697e-05 -0.00507297 0.00673662 -0.00833176 -0.00625614 -0.00339284 0.0162458 0.0192606 0.00813469 0.0101861 0.0149646 0.0430405 0.0260435 0.0323604
internal_weight=12706.8 9696.49 2097.03 7599.47 6011.55 4411.32 3010.29 2412.04 961.766 1031.73 817.071 99.6567 1380.3 846.956
internal_count=378033 326446 54728 271718 210990 150817 51587 39604 29787 19544 14626 1202 20060 12051
is_linear=0
shrinkage=0.03


Tree=22
num_leaves=15
num_cat=0
split_feature=3 9 7 9 4 7 9 7 6 8 8 4 9 4
split_gain=1093.3 385.917 294.031 118.823 191.066 192.469 99.582 93.5018 164.836 93.3847 90.5736 84.355 81.8007 80.2375
threshold=3192.4809570312505 17.500000000000004 0.045482501387596137 10.500000000000002 5.5000000000000009 0.030433002859354023 53.500000000000007 0.015626878477633003 1.0000000180025095e-35 6999.5000000000009 7832.5000000000009 5.5000000000000009 86.500000000000014 11.500000000000002
decision_type=2 2 2 2 2 2 2 2 2 2 2 2 2 2
left_child=3 7 -3 -1 5 -5 -6 -2 -9 -10 12 -4 -7 -8
right_child=1 2 11 4 6 10 13 8 9 -11 -12 -13 -14 -15
leaf_value=0.006942611365635943 -0.01706901916068998 -0.0029279023728206129 0.026765869721986371 0.008357291985205342 -0.012050219143891277 0.03517204028944363 0.022624636210286295 -0.01151955727121411 -0.0053512478174319823 0.011084026179984644 0.094117273962770406 0.0080726421184989551 0.013853501508518148 0.00080539140475184708
leaf_weight=1430.3473203983158 1325.7010744456202 2078.4275557827204 454.89314511418343 453.14487523213029 199.77807127684355 762.25830022618175 322.40362109430134 3428.018764058128 808.02037075720727 505.98745488375425 20.66345421411097 415.90264671109617 205.70300538092852 286.45558516867459
leaf_count=33099 52214 65954 7707 9092 5382 11152 4949 127528 27893 16200 307 8001 2975 5713
internal_value=-7.4495e-05 -0.00569878 0.00320342 0.0137036 0.0180009 0.0245474 0.00632868 -0.0100257 -0.00805664 0.000977514 0.0319683 0.0178378 0.0306416 0.0123591
internal_weight=12697.7 9016.95 2949.22 3680.75 2250.41 1441.77 808.637 6067.73 4742.03 1314.01 988.625 870.796 967.961 608.859
internal_count=378166 305497 81662 72669 39570 23526 16044 223835 171621 44093 14434 15708 14127 10662
is_linear=0
shrinkage=0.03


Tree=23
num_leaves=15
num_cat=0
split_feature=3 12 7 1 8 2 7 4 3 9 9 4 6 11
split_gain=1032.95 359.551 361.461 146.904 324.16 301.356 107.443 165.232 93.8767 81.5292 73.9536 65.3888 97.9628 88.2223
threshold=2518.7480468750005 68014.500000000015 0.10001393035054208 3.5000000000000004 2095.5000000000005 1.0000000180025095e-35 0.073182873427867903 1.0000000180025095e-35 250.00250244140628 8.5000000000000018 44.500000000000007 11.500000000000002 5.5000000000000009 9329.5000000000018
decision_type=2 2 2 2 2 2 2 2 2 2 2 2 2 2
left_child=3 6 9 5 -5 -1 -2 -8 -7 -3 -11 12 -4 -14
right_child=1 2 11 4 -6 8 7 -9 -10 10 -12 -13 13 -15
leaf_value=0.0085085870783595009 -0.014975062277461586 0.021779827430627029 0.021711627853664071 -0.0084851462126765264 0.016396669807837671 0.032750917576420874 -0.014631011693727812 0.0019312703549717676 0.067831566801772145 -0.0067475863039843948 0.0032362575973761778 -0.0019107860084780299 0.045208844475942478 0.20477518133954339
leaf_weight=716.66100553050637 2743.3508246019483 114.01763417758048 628.7215941157192 674.23345415107906 1565.1559832766652 508.71795453503728 1045.5127578694373 1125.952300267294 79.364522844552994 2440.0384796950966 919.31836157105863 106.9485409706831 8.5287001542747003 4.915903113782405
leaf_count=13306 106361 4304 9798 19973 28681 4417 40769 38358 577 82169 27037 1981 141 57
internal_value=-0.000180357 -0.00551276 0.000907641 0.0135674 0.00890527 0.0215691 -0.0110287 -0.0060431 0.0374852 -0.00316866 -0.00401542 0.019808 0.0234251 0.103553
internal_weight=12681.4 9137.31 4222.49 3544.13 2239.39 1304.74 4914.82 2171.47 588.082 3473.37 3359.36 749.115 642.166 13.4446
internal_count=377929 310975 125487 66954 48654 18300 185488 79127 4994 113510 109206 11977 9996 198
is_linear=0
shrinkage=0.03


Tree=24
num_leaves=15
num_cat=0
split_feature=3 12 7 8 0 8 9 7 6 11 1 4 2 11
split_gain=947.333 342.94 270.363 109.705 240.916 157.742 117.328 101.813 122.629 99.5969 95.2585 92.211 87.1855 84.9633
threshold=2368.630493164063 96484.000000000015 0.045482501387596137 23.500000000000004 1.5000000000000002 2095.5000000000005 50.500000000000007 0.015874954871833328 1.0000000180025095e-35 6672.5000000000009 1.5000000000000002 10.500000000000002 1.0000000180025095e-35 2491.5000000000005
decision_type=2 2 2 2 2 2 2 2 2 2 2 2 2 2
left_child=3 7 -3 4 11 6 -5 -2 -9 -10 -6 12 -1 -7
right_child=1 2 -4 5 10 13 -8 8 9 -11 -12 -13 -14 -15
leaf_value=0.0098238219897978617 -0.017837991705280699 -0.002903141230091819 0.015802653000089914 -0.0056183671610333273 0.060739797282648639 0.036320012336470413 0.019569890567755526 -0.010946140044691124 -0.0056292342900688928 0.012070671841444173 0.024598405763228953 -0.010026892196884404 0.033778135997088364 0.013249734455929606
leaf_weight=425.42736897617579 1122.8765690922737 2551.7005311138928 955.91652346029878 733.00204678252339 157.77777053788304 160.24524807557464 215.33014759980142 3176.8416318111122 916.42129706032574 415.99930158443749 112.38853130117059 132.43240927904844 201.52467852830887 1389.0247723013163
leaf_count=7319 46168 82173 16993 19597 1215 2600 3841 121574 31856 13618 1372 2688 1625 25237
internal_value=-7.23728e-05 -0.00516899 0.00219467 0.0131343 0.0213749 0.00973735 0.000100927 -0.00975498 -0.00774218 -0.00010309 0.0457051 0.0127189 0.0175236 0.015636
internal_weight=12666.9 9139.76 3507.62 3527.15 1029.55 2497.6 948.332 5632.14 4509.26 1332.42 270.166 759.384 626.952 1549.27
internal_count=377876 312382 99166 65494 14219 51275 23438 213216 167048 45474 2587 11632 8944 27837
is_linear=0
shrinkage=0.03


Tree=25
num_leaves=15
num_cat=0
split_feature=0 12 7 9 4 7 9 7 4 7 8 0 7 12
split_gain=890.652 328.481 332.92 102.898 117.516 122.571 101.324 96.5027 133.875 86.0083 85.7643 154.637 101.827 83.3194
threshold=134.50000000000003 68951.000000000015 0.097576983273029341 4.5000000000000009 5.5000000000000009 0.029416977427899841 8.5000000000000018 0.028553660027682785 1.0000000180025095e-35 0.14290695637464526 23.500000000000004 1.0000000180025095e-35 0.040326749905943877 14509.000000000002
decision_type=2 2 2 2 2 2 2 2 2 2 2 2 2 2
left_child=3 7 6 -1 5 -5 -3 -2 -9 -10 11 -7 -13 -11
right_child=1 2 -4 4 -6 10 -8 8 9 13 -12 12 -14 -15
leaf_value=0.002796151572410754 -0.016034071875183097 0.027574319967750893 0.018438241960112119 0.0062215029647376381 0.0062098176835794433 0.012502666980362379 -0.0034357107458046947 -0.014425664897189315 -0.006235049370037416 -0.0016864074535219876 0.019290905749796111 0.097740206963342097 0.041638847241540773 0.020591168150692635
leaf_weight=613.4506962262094 1521.5445633269846 97.549456246197224 842.06396324187517 414.87808053195477 717.69147702120245 179.04169637709856 3403.2487059179693 1378.2486430946738 1637.0505062397569 400.83574814163148 906.22237142175436 32.426774438470602 285.33835787698627 242.5109428409487
leaf_count=11955 61699 3631 13022 7064 12587 2829 111352 54891 60494 13532 14520 200 2480 7885
internal_value=-9.51839e-06 -0.00458306 0.00150211 0.0138213 0.0164887 0.0205467 -0.00257162 -0.00968462 -0.00704404 -0.00258266 0.0247827 0.0348004 0.0473638 0.00671117
internal_weight=12672.1 9523.05 4342.86 3149.05 2535.6 1817.91 3500.8 5180.19 3658.65 2280.4 1403.03 496.807 317.765 643.347
internal_count=378141 326506 128005 51635 39680 27093 114983 198501 136802 81911 20029 5509 2680 21417
is_linear=0
shrinkage=0.03


Tree=26
num_leaves=15
num_cat=0
split_feature=3 9 7 6 9 7 8 4 12 7 7 7 8 8
split_gain=812.771 313.064 137.063 162.088 110.644 155.763 106.354 104.72 101.39 175.493 100.466 98.4471 93.3961 86.8047
threshold=3192.4809570312505 44.500000000000007 0.015181225724518301 1.0000000180025095e-35 3.5000000000000004 0.095247998833656325 6999.5000000000009 6.5000000000000009 37105.500000000007 0.12246135249733926 0.028175028041005138 0.016336422413587574 7913.5000000000009 14.500000000000002
decision_type=2 2 2 2 2 2 2 2 2 2 2 2 2 2
left_child=4 2 -2 8 -1 7 -5 13 -4 -10 -8 -3 -7 -6
right_child=1 11 3 6 5 12 10 -9 9 -11 -12 -13 -14 -15
leaf_value=0.00027616185000738916 -0.014973255602749208 -0.0044225318449730919 -0.013430394635797325 -0.003823665091868243 0.035621333277745845 0.018864992488368818 -0.0008589685352481881 -0.010020096492816788 -0.0076009373118482073 0.019615135773333507 0.021254751458824314 0.012724058220868062 0.073114027428185069 0.0077165969600567061
leaf_weight=659.13808109611273 1730.9400325343013 427.48954696953297 2061.3567600920796 1194.3256990704685 111.18197405338287 1724.8365883324295 355.41682429797947 280.59470648691058 1399.0664088912308 251.57330383919179 385.39601351134479 1021.4304270353168 29.042821442708373 1027.8905121292919
leaf_count=15679 68100 13491 81097 40620 1247 25979 11491 7149 50949 6836 11643 21021 386 22341
internal_value=-7.51504e-05 -0.00508401 -0.00758771 -0.00532392 0.0114607 0.0137837 0.00171538 0.00639634 -0.00899365 -0.00345295 0.0106453 0.00766513 0.0197633 0.0104403
internal_weight=12659.7 8827 7378.08 5647.14 3832.68 3173.55 1935.14 1419.67 3712 1650.64 740.813 1448.92 1753.88 1139.07
internal_count=378029 305248 270736 202636 72781 57102 63754 30737 138882 57785 23134 34512 26365 23588
is_linear=0
shrinkage=0.03


Tree=27
num_leaves=15
num_cat=0
split_feature=0 12 7 7 4 9 9 7 0 1 10 0 4 7
split_gain=796.762 283.195 258.4 104.697 170.189 91.5897 84.5897 107.055 97.6874 170.758 91.4869 82.1088 78.288 74.7844
threshold=134.50000000000003 68951.000000000015 0.097576983273029341 0.085775598883628859 1.0000000180025095e-35 8.5000000000000018 5.5000000000000009 0.095247998833656325 1.5000000000000002 1.5000000000000002 25.087862014770511 2.5000000000000004 18.500000000000004 0.028553660027682785
decision_type=2 2 2 2 2 2 2 2 2 2 2 2 2 2
left_child=6 3 5 -2 -5 13 -1 -8 -9 11 -11 -10 -4 -3
right_child=1 2 12 4 -6 -7 7 8 9 10 -12 -13 -14 -15
leaf_value=0.0038570579582465534 -0.012803288633105292 0.005411307086291596 0.018196728789771337 -0.013119040151432879 0.0041380716656017535 -0.0033324873415377675 0.0082312841988999488 0.01102551434212704 0.031570890455300891 0.017365045475953338 0.056646546143886464 0.073838753313623551 -0.019389961986663616 0.058459752351354269
leaf_weight=732.76173501834273 3045.4699395950884 62.858952671289444 807.31764675304294 978.67504839412868 1084.0017718356103 3373.8535838890821 1057.8665058799088 556.40099228546023 76.470261998474598 641.14741335809231 58.205492492765188 90.096240729093552 53.157345533370972 38.606362922117114
leaf_count=14035 122448 2335 11969 39885 36621 111133 18948 7699 650 9022 717 503 1020 1368
internal_value=-9.21263e-05 -0.00448246 0.00115632 -0.00926865 -0.00404988 -0.0024879 0.0128125 0.0154584 0.0208337 0.0271359 0.0206344 0.0544337 0.0158747 0.0255956
internal_weight=12656.9 9443.94 4335.79 5108.15 2062.68 3475.32 3212.95 2480.19 1422.32 865.919 699.353 166.567 860.475 101.465
internal_count=378353 326779 127825 198954 76506 114836 51574 37539 18591 10892 9739 1153 12989 3703
is_linear=0
shrinkage=0.03


Tree=28
num_leaves=15
num_cat=0
split_feature=3 12 7 7 4 7 9 8 8 3 11 12 12 11
split_gain=735.761 280.42 228.265 110.048 121.77 103.152 119.591 91.4171 212.648 186.196 75.8545 136.858 79.0483 78.7925
threshold=2225.0849609375005 96484.000000000015 0.019868137314915661 0.028553660027682785 1.0000000180025095e-35 0.10256844386458398 11.500000000000002 57.500000000000007 2095.5000000000005 25.006999969482425 9126.5000000000018 46452.500000000007 78461.000000000015 9348.5000000000018
decision_type=2 2 2 2 2 2 2 2 2 2 2 2 2 2
left_child=7 3 -3 -2 -5 10 -7 9 -9 -1 -6 -12 13 -13
right_child=1 2 -4 4 5 6 -8 8 -10 -11 11 12 -14 -15
leaf_value=0.0088552173074668231 -0.015098292376255575 -0.0065454916556424844 0.0088081219656137872 -0.01326647314115342 -0.0090321859723139445 0.0028804013010896613 0.043443484393261692 -0.0058708046391651135 0.013877368179300889 0.032145074464531902 -0.016854355410840269 0.11090248300271245 -0.0088196406953217898 0.035468596873245065
leaf_weight=813.84177361428738 1747.9646631870419 1573.8767505828291 1952.7871293611825 1333.1195055861026 1362.0551829244941 826.77982448413968 71.035789327695966 710.45722460746765 1586.7877175938338 497.98548683151603 75.056642850860953 17.138752492144704 23.131258856505156 45.671632559970021
leaf_count=13405 72569 52567 46713 54778 52011 27547 1835 19497 27176 3975 2849 626 853 1681
internal_value=-7.10347e-05 -0.00464764 0.00195612 -0.00888054 -0.00598538 -0.00197583 0.00608978 0.011378 0.00776995 0.0176963 -0.00673039 0.012743 0.0385916 0.0560519
internal_weight=12637.7 9028.62 3526.66 5501.95 3753.99 2420.87 897.816 3609.07 2297.24 1311.83 1523.05 160.998 85.9416 62.8104
internal_count=378082 314029 99280 214749 142180 87402 29382 64053 46673 17380 58020 6009 3160 2307
is_linear=0
shrinkage=0.03


Tree=29
num_leaves=15
num_cat=0
split_feature=3 12 7 7 4 12 9 4 7 4 1 7 0 1
split_gain=667.627 273.695 199.656 86.1031 145.847 85.0296 74.6316 122.752 152.469 70.4604 64.7327 58.4883 89.9494 103.019
threshold=2225.0849609375005 96484.000000000015 0.035455202683806426 0.11113308742642404 1.0000000180025095e-35 10186.500000000002 10.500000000000002 5.5000000000000009 0.030433002859354023 18.500000000000004 11.500000000000002 0.090923395007848754 2.5000000000000004 1.5000000000000002
decision_type=2 2 2 2 2 2 2 2 2 2 2 2 2 2
left_child=6 3 -3 -2 -5 -6 -1 8 -8 10 -4 -9 -13 -14
right_child=1 2 9 4 5 -7 7 11 -10 -11 -12 12 13 -15
leaf_value=0.0051426266340269741 -0.011147452931371449 -0.0029901395343936384 0.19005950292698565 -0.012020722469749444 -0.0049045674070723631 0.014488279937867925 0.004469411799480778 -0.0062027841579875998 0.025354823201025903 -0.013212981758361057 0.013955639521474895 -0.00066282542681777537 0.0830878356521009 0.017730647396017991
leaf_weight=1342.0423972774297 3820.9752240534872 2370.2567440811545 1.8818401880562294 801.77836237847805 363.76754047907889 461.8099168241024 448.97149114310741 290.25283597968519 1051.0047660190612 91.066852584481239 1082.383907739073 280.86289664357901 24.314991142600775 202.26863314025104
leaf_count=27963 154365 77563 23 33351 12203 14544 8164 6983 13517 1874 20157 4230 162 3067
internal_value=-7.73042e-05 -0.00446446 0.0020229 -0.00868622 -0.00290732 0.00594337 0.0107636 0.0140467 0.0191034 0.0121325 0.0142613 0.00453817 0.0106819 0.0247442
internal_weight=12633.6 8993.92 3545.59 5448.33 1627.36 825.577 3639.72 2297.68 1499.98 1175.33 1084.27 797.699 507.447 226.584
internal_count=378166 314080 99617 214463 60098 26747 64086 36123 21681 22054 20180 14442 7459 3229
is_linear=0
shrinkage=0.03


Tree=30
num_leaves=15
num_cat=0
split_feature=3 12 7 9 8 0 8 0 2 7 4 0 1 8
split_gain=640.303 266.747 217.209 99.0606 90.1006 178.183 135.072 106.672 102.617 84.5829 136.675 77.5637 65.9065 60.7769
threshold=2518.7480468750005 68951.000000000015 0.097576983273029341 8.5000000000000018 23.500000000000004 1.0000000180025095e-35 2095.5000000000005 23.500000000000004 3.5000000000000004 0.071434255689382567 1.0000000180025095e-35 2.5000000000000004 1.5000000000000002 2473.5000000000005
decision_type=2 2 2 2 2 2 2 2 2 2 2 2 2 2
left_child=4 9 3 -3 5 -1 7 8 -6 -2 -11 -7 -13 -8
right_child=1 2 -4 -5 6 11 13 -9 -10 10 -12 12 -14 -15
leaf_value=0.0026112353803415594 -0.013079487091292735 0.027156640399796074 0.014701209047454533 -0.0032702609862592957 0.0036764671991351304 0.021958134527685805 0.0292529781832515 -0.010881443828136378 0.046659144729428892 -0.013280855623391806 0.002049920268750879 0.064351923397094127 0.023082976499316506 0.010578076405845623
leaf_weight=434.44454240426421 2543.7924664150923 99.227829409763217 837.59280136227608 3264.1962811071426 414.85344848409295 521.92479465529323 175.15637237951159 516.07986571080983 56.837805792689323 963.61698657460511 1145.5312426313758 82.42551602050662 60.31114948540926 1500.0749682020396
leaf_count=7640 106691 3583 12245 108522 7073 5451 2641 16183 734 40860 39259 464 715 25972
internal_value=-4.30223e-05 -0.00444856 0.00103155 -0.00237261 0.0103252 0.0175518 0.00734256 -0.0014563 0.00885579 -0.0093964 -0.00495433 0.0273175 0.0469144 0.0125307
internal_weight=12616.1 8853.96 4201.02 3363.42 3762.11 1099.11 2663 987.771 471.691 4652.94 2109.15 664.661 142.737 1675.23
internal_count=378033 311160 124350 112105 66873 14270 52603 23990 7807 186810 80119 6630 1179 28613
is_linear=0
shrinkage=0.03


Tree=31
num_leaves=15
num_cat=0
split_feature=3 12 7 9 7 6 8 0 8 1 8 1 4 9
split_gain=613.471 272.835 208.004 90.8119 84.1316 97.8922 81.5263 180.372 146.093 93.015 76.1753 69.6982 64.404 62.7741
threshold=2518.7480468750005 68951.000000000015 0.097576983273029341 8.5000000000000018 0.015395920258015396 1.0000000180025095e-35 23.500000000000004 1.5000000000000002 2095.5000000000005 6.5000000000000009 6639.0000000000009 1.5000000000000002 9.5000000000000018 42.500000000000007
decision_type=2 2 2 2 2 2 2 2 2 2 2 2 2 2
left_child=6 4 3 -3 -2 -6 7 12 9 -8 -7 -9 -1 -5
right_child=1 2 -4 13 5 10 8 11 -10 -11 -12 -13 -14 -15
leaf_value=0.013658934444273461 -0.017925884756887587 0.025714821064052876 0.014415817245036724 -0.0057658984231993716 -0.010556587690398139 -0.0050439940544813305 0.0089298358957992929 0.048715673241963381 0.012582458773623455 -0.0097507193289226562 0.012375271275817877 0.019458147900407636 -0.0078104816731090487 0.0033841665555674329
leaf_weight=648.09324296563864 850.82625344768167 101.70926705189049 850.22606886550784 2292.70639638789 2674.9251881223172 758.856589442119 412.3126925341785 177.95559941977262 1696.2167749237269 573.65832155197859 321.73542858846486 124.58259990811348 156.02636035904288 956.24477108940482
leaf_count=8571 38797 3577 12257 79687 109731 27503 6381 1228 28639 17676 10599 1365 2992 28627
internal_value=-2.29758e-05 -0.00436542 0.00116373 -0.00219896 -0.0094079 -0.00747811 0.0100711 0.0169221 0.00724441 -0.0019389 0.000142417 0.0366677 0.00949314 -0.00307281
internal_weight=12596.1 8807.23 4200.89 3350.66 4606.34 3755.52 3788.85 1106.66 2682.19 985.971 1080.59 302.538 804.12 3248.95
internal_count=377630 310778 124148 111891 186630 147833 66852 14156 52696 24057 38102 2593 11563 108314
is_linear=0
shrinkage=0.03


Tree=32
num_leaves=15
num_cat=0
split_feature=3 12 7 7 4 1 8 3 7 12 9 0 2 9
split_gain=565.614 230.772 163.918 88.4114 112.908 77.584 211.016 208.983 68.0766 71.8569 93.3481 67.1693 55.3337 54.6942
threshold=2860.7170410156255 68014.500000000015 0.097576983273029341 0.076930459588766112 1.0000000180025095e-35 3.5000000000000004 1979.5000000000002 25.006999969482425 0.016770836897194389 219449.50000000003 8.5000000000000018 4.5000000000000009 76.500000000000014 103.50000000000001
decision_type=2 2 2 2 2 2 2 2 2 2 2 2 2 2
left_child=5 3 8 -2 -5 7 -7 -1 -3 10 -10 -9 -11 -4
right_child=1 2 13 4 -6 6 -8 11 9 12 -12 -13 -14 -15
leaf_value=0.0059510870679208294 -0.012902082387688684 -0.0074345652128218233 0.018643561566218943 -0.012163007330640522 0.0023356003556548582 -0.0083418418377211902 0.011401866235405752 0.025326291580508767 0.028837478264815759 0.038389305334902639 -0.0047374910883858264 0.05590019186362355 0.0068256797075906686 0.0031484269745394432
leaf_weight=895.64560520276427 2526.0243496671319 1403.0226620752364 505.10625925660133 901.80062075890601 1041.9288236517459 667.43807150796056 1804.0422709789127 464.87739614769816 79.256881376728415 54.745852347463369 1248.9785997550935 75.121799781918526 575.06939514353871 345.08577727526426
leaf_count=14340 108359 49441 7669 39192 35615 20194 31261 3475 2652 1513 42779 462 16371 4552
internal_value=-0.00018694 -0.00445317 0.000586055 -0.00920097 -0.00439108 0.00929195 0.00606996 0.0148386 -0.00239073 0.00122338 -0.00273405 0.0295796 0.00956931 0.0123542
internal_weight=12588.1 8681.02 4211.27 4469.75 1943.73 3907.13 2471.48 1435.64 3361.07 1958.05 1328.24 539.999 629.815 850.192
internal_count=377875 308143 124977 183166 74807 69732 51455 18277 112756 63315 45431 3937 17884 12221
is_linear=0
shrinkage=0.03


Tree=33
num_leaves=15
num_cat=0
split_feature=3 12 7 7 4 7 9 0 4 9 7 12 9 2
split_gain=537.04 238.622 146.156 83.2555 91.5923 76.9056 132.821 117.914 91.8929 89.0521 68.0536 78.4314 81.85 70.5362
threshold=3192.4809570312505 70493.000000000015 0.097576983273029341 0.034527704119682319 1.0000000180025095e-35 0.095247998833656325 6.5000000000000009 816.50000000000011 6.5000000000000009 93.500000000000014 0.016770836897194389 219449.50000000003 8.5000000000000018 76.500000000000014
decision_type=2 2 2 2 2 2 2 2 2 2 2 2 2 2
left_child=5 3 10 -2 -5 8 -7 9 -1 -8 -3 12 -12 -13
right_child=1 2 -4 4 -6 6 7 -9 -10 -11 11 13 -14 -15
leaf_value=0.0070900892961174612 -0.014953763532578265 -0.0072545223089818447 0.011831224264807313 -0.012930866708336687 -0.0020426743936313931 0.002247717751291537 0.021961664167211722 0.071598503766964416 -0.011621006480215612 0.0070700257745707111 0.032438086766866304 0.04376569534457922 -0.0044348677038280656 0.0071681238734572824
leaf_weight=1407.5904595032334 1528.6115136574954 1363.4797393437475 849.15464424341917 1143.6149156969041 1773.8358721602708 779.99477115832269 927.38527629338205 35.32973120175302 283.86376947164536 592.19583918526769 56.723205726593733 51.602490246295929 1208.8208710011095 581.56205849349499
leaf_count=29010 67949 48288 11953 50268 65500 16554 11303 431 7181 8208 1788 1393 41499 16458
internal_value=-0.000213831 -0.00446496 0.0007446 -0.00928233 -0.00631075 0.00882129 0.0123502 0.0174179 0.00394995 0.0161582 -0.00214127 0.0015306 -0.00278218 0.0101508
internal_weight=12583.8 8557.41 4111.34 4446.06 2917.45 4026.36 2334.91 1554.91 1691.45 1519.58 3262.19 1898.71 1265.54 633.165
internal_count=377783 305096 121379 183717 115768 72687 36496 19942 36191 19511 109426 61138 43287 17851
is_linear=0
shrinkage=0.03


Tree=34
num_leaves=15
num_cat=0
split_feature=3 12 7 7 6 7 9 0 1 8 0 8 6 9
split_gain=478.437 209.001 159.32 86.0422 93.3883 81.3302 92.4419 74.9722 120.005 70.0127 65.7527 51.8826 53.92 67.9665
threshold=2518.7480468750005 96484.000000000015 0.016980389133095745 0.015181225724518301 1.0000000180025095e-35 0.095247998833656325 5.5000000000000009 1.5000000000000002 1.5000000000000002 6506.5000000000009 2.5000000000000004 8297.5000000000018 1.5000000000000002 314.50000000000006
decision_type=2 2 2 2 2 2 2 2 2 2 2 2 2 2
left_child=5 3 -3 -2 -5 -1 -7 -8 10 -6 -9 -4 -13 -14
right_child=1 2 11 4 9 6 7 8 -10 -11 -12 12 13 -15
leaf_value=0.0034617010916107435 -0.015990144973999056 -0.0070015967008245873 0.002795093960126737 -0.0089555672442935327 -0.0043500712863367144 0.0027946319705159308 0.0076663321332668989 0.024045196980873873 0.016345626104881789 0.010351991902244666 0.060485908768657025 0.0081022457599316394 0.035899864144851794 -0.0056233243803255365
leaf_weight=1583.4854693524539 950.15922028943896 1240.331418633461 1403.2984292451292 2933.0718612335622 843.09421513043344 655.43820488080382 596.24603103846312 84.04518499225378 853.83730516582727 445.58621442131698 94.86443492770195 675.46556859277189 148.77093390375376 46.587560001760721
leaf_count=32410 44509 43104 35416 121895 30884 13651 7739 641 11922 14714 495 16023 3226 858
internal_value=-8.96882e-05 -0.00399771 0.0016474 -0.00783372 -0.00599802 0.00868675 0.0123086 0.0161366 0.0210268 0.000733452 0.0433674 0.00636466 0.0121169 0.0259977
internal_weight=12554.3 8686.37 3514.45 5171.91 4221.75 3867.92 2284.43 1628.99 1032.75 1288.68 178.91 2274.12 870.824 195.358
internal_count=377487 310629 98627 212002 167493 66858 34448 20797 13058 45598 1136 55523 20107 4084
is_linear=0
shrinkage=0.03


Tree=35
num_leaves=15
num_cat=0
split_feature=3 9 7 6 8 8 0 8 9 12 7 7 12 1
split_gain=449.125 199.79 100.459 132.115 91.2176 80.2884 134.762 128.594 86.1741 72.3118 120.798 67.7609 84.6878 67.4952
threshold=3192.4809570312505 44.500000000000007 0.014803769532591106 1.0000000180025095e-35 7371.5000000000009 23.500000000000004 1.5000000000000002 2182.5000000000005 49.500000000000007 37105.500000000007 0.12821616232395175 0.033808985725045211 173281.00000000003 1.5000000000000002
decision_type=2 2 2 2 2 2 2 2 2 2 2 2 2 2
left_child=5 2 -2 9 -5 6 -1 8 -7 -4 -11 -6 -13 -8
right_child=1 -3 3 4 11 7 13 -9 -10 10 -12 12 -14 -15
leaf_value=0.0084640061218977658 -0.012937228464208861 0.0058932519017182621 -0.011684139884969007 -0.0025853806781253701 0.0028233868121872387 -0.0070648180050960352 0.043085372462639944 0.010352094060019188 0.0131969551939961 -0.0065218664060472881 0.016266888804332781 0.016491868394891467 0.068705995056561206 0.014958367885576635
leaf_weight=826.77199767902493 1534.6698738504201 1505.0813571382314 1896.6568390987813 1279.7419783249497 371.04929335601628 861.30114579759538 186.03442189469934 1825.6601568069309 241.99129912815988 1378.6086285188794 246.82411739043891 246.98738120123744 31.525163110345602 130.74849025160074
leaf_count=11585 66185 34586 81083 44604 12285 23445 1232 31095 3976 52080 6432 7391 610 1389
internal_value=-9.28219e-05 -0.00402103 -0.00615697 -0.0042482 0.00206201 0.00809746 0.0148388 0.00546544 -0.00262069 -0.00770476 -0.00306136 0.0112181 0.022402 0.0314763
internal_weight=12563.7 8491.14 6986.06 5451.39 1929.3 4072.51 1143.55 2928.95 1103.29 3522.09 1625.43 649.562 278.513 316.783
internal_count=377978 305256 270670 204485 64890 72722 14206 58516 27421 139595 58512 20286 8001 2621
is_linear=0
shrinkage=0.03


Tree=36
num_leaves=15
num_cat=0
split_feature=3 12 7 7 4 7 9 0 9 9 4 4 6 11
split_gain=412.819 196.202 153.183 85.4939 94.1998 71.3786 91.3304 88.5341 79.2143 70.968 64.0507 57.8203 63.9895 84.6371
threshold=3192.4809570312505 68951.000000000015 0.10256844386458398 0.034527704119682319 1.0000000180025095e-35 0.095247998833656325 5.5000000000000009 816.50000000000011 93.500000000000014 8.5000000000000018 6.5000000000000009 12.500000000000002 4.5000000000000009 9421.5000000000018
decision_type=2 2 2 2 2 2 2 2 2 2 2 2 2 2
left_child=5 3 9 -2 -5 10 -7 8 -8 -3 -1 12 -4 -14
right_child=1 2 11 4 -6 6 7 -9 -10 -11 -12 -13 13 -15
leaf_value=0.0054094308714079256 -0.014476374197609351 0.021799209428055018 0.013214199264763514 -0.012375852411144405 -0.0011916888793736039 0.0017058215843590546 0.018503235958864363 0.05909817313512189 0.0049031546893280797 -0.003112540541687634 -0.010214740886446761 -0.0098405353066182248 0.03187903177749541 0.15904843423092144
leaf_weight=1416.3782621603459 1460.0659935232252 106.32359389960766 706.36634564399719 1110.3811708893627 1739.6630050819367 698.60339220613241 1055.4130105637014 39.29119985550642 607.19960964471102 3214.2927746213973 283.38889786042273 95.648116257041693 21.329787567257885 6.0451075956225386
leaf_count=28900 67276 3603 9448 50324 64980 14956 12951 491 8215 107819 7176 1637 289 55
internal_value=-0.000303935 -0.00409026 0.000565645 -0.00857322 -0.00554905 0.00750841 0.0108392 0.0145882 0.0135364 -0.00231489 0.00280453 0.0120984 0.0149583 0.0599614
internal_weight=12560.4 8460.12 4150.01 4310.11 2850.04 4100.27 2400.51 1701.9 1662.61 3320.62 1699.77 829.389 733.741 27.3749
internal_count=378120 305431 122851 182580 115304 72689 36613 21657 21166 111422 36076 11429 9792 344
is_linear=0
shrinkage=0.03


Tree=37
num_leaves=15
num_cat=0
split_feature=3 12 7 7 4 8 1 6 4 9 7 2 9 7
split_gain=417.219 176.885 139.675 86.6929 119.992 66.6451 65.5027 60.9103 59.2698 98.4837 118.032 56.5901 52.0712 67.4721
threshold=2518.7480468750005 96484.000000000015 0.019868137314915661 0.095247998833656325 1.0000000180025095e-35 6251.5000000000009 11.500000000000002 1.5000000000000002 5.5000000000000009 10.500000000000002 0.030433002859354023 54.500000000000007 86.500000000000014 0.11397409811615945
decision_type=2 2 2 2 2 2 2 2 2 2 2 2 2 2
left_child=8 3 -3 -2 -5 6 -4 11 9 -1 -11 -7 -12 -14
right_child=1 2 5 4 -6 7 -8 -9 -10 10 12 -13 13 -15
leaf_value=0.0040161539862487612 -0.010423558884294913 -0.0056928657207583758 0.18663421359517043 -0.010692786910924509 0.0050575806431168531 0.033118800243030808 -0.0037259916467388731 0.019850891132894132 0.00089603403367937557 0.0022985935755288184 0.02335849580594658 0.0043164673484059578 0.045934329832140748 0.0015902125761337721
leaf_weight=1432.3812127485871 3322.9325165618211 1514.3586275782436 1.6321877390146244 805.2350449450314 947.63900057226419 65.204328440129757 498.03152196668088 384.06212591938674 872.09591191262007 480.61447509378195 902.41435582749546 1050.6767159663141 36.035565603524446 215.90084422379732
leaf_count=29197 144551 52342 17 36522 31234 1440 11577 8492 15400 8423 10829 24586 442 2569
internal_value=-0.000286623 -0.00399401 0.00118003 -0.00757598 -0.00217782 0.00638507 -0.00310417 0.00954615 0.00779716 0.00975926 0.0147908 0.00599948 0.0199919 0.00793295
internal_weight=12529.2 8589.77 3513.97 5075.81 1752.87 1999.61 499.664 1499.94 3939.44 3067.35 1634.97 1115.88 1154.35 251.936
internal_count=377621 310761 98454 212307 67756 46112 11594 34518 66860 51460 22263 26026 13840 3011
is_linear=0
shrinkage=0.03


Tree=38
num_leaves=15
num_cat=0
split_feature=3 9 7 4 7 6 11 1 8 2 1 0 11 7
split_gain=352.957 176.947 108.477 68.6842 68.6304 108.052 65.0411 63.5092 129.785 113.983 60.1829 88.4629 49.3175 57.9689
threshold=3192.4809570312505 17.500000000000004 0.046304237097501762 3.5000000000000004 0.015626878477633003 1.0000000180025095e-35 6672.5000000000009 11.500000000000002 1921.5000000000002 1.0000000180025095e-35 1.5000000000000002 2.5000000000000004 3699.5000000000005 0.016770836897194389
decision_type=2 2 2 2 2 2 2 2 2 2 2 2 2 2
left_child=7 4 12 -4 -2 -6 -7 9 -9 -1 11 -11 -3 -14
right_child=1 2 3 -5 5 6 -8 8 -10 10 -12 -13 13 -15
leaf_value=0.0025637550080878334 -0.013444680685838086 -0.023493878193211543 0.021007094485781502 0.0045408596925070824 -0.0081216053814076126 -0.0037276032957939739 0.01000254633187274 -0.011013921696822358 0.0074248532011400806 0.018051378387705482 0.011237935002914765 0.048874483900286182 -0.0058278342948156819 0.004581379756665384
leaf_weight=903.97255836986005 1100.9375797212124 89.107501344755292 355.53939435444772 635.49270619452 3023.766253253445 702.94016215577722 556.2106780782342 443.01187039539218 1530.4186775740236 396.07931439951062 773.76519954390824 106.28981201723218 970.79865241795778 955.34812184982002
leaf_count=15267 52335 3297 5208 10201 127361 26270 17657 14825 27158 3023 12041 491 33763 29315
internal_value=3.23208e-05 -0.00350842 0.00232187 0.0104482 -0.00676399 -0.0050467 0.00233748 0.00718461 0.00328557 0.010714 0.0164874 0.0245728 -0.00167439 -0.000664976
internal_weight=12543.7 8390.14 3006.29 991.032 5383.85 4282.92 1259.15 4153.54 1973.43 2180.11 1276.13 502.369 2015.25 1926.15
internal_count=378212 305407 81784 15409 223623 171288 43927 72805 41983 30822 15555 3514 66375 63078
is_linear=0
shrinkage=0.03


Tree=39
num_leaves=15
num_cat=0
split_feature=3 12 7 7 6 11 7 4 9 9 4 7 9 8
split_gain=391.791 153.2 118.207 83.3894 93.342 76.8134 61.1134 68.0211 105.867 91.6087 84.5128 72.4825 63.3964 59.3944
threshold=2860.7170410156255 214066.00000000003 0.016770836897194389 0.015181225724518301 1.0000000180025095e-35 7484.5000000000009 0.022166866809129718 11.500000000000002 32.500000000000007 93.500000000000014 3.5000000000000004 0.18883550167083743 8.5000000000000018 9467.5000000000018
decision_type=2 2 2 2 2 2 2 2 2 2 2 2 2 2
left_child=6 3 -3 -2 -5 -6 -1 8 10 11 12 -10 -8 -4
right_child=1 2 13 4 5 -7 7 -9 9 -11 -12 -13 -14 -15
leaf_value=-0.0016188468174632147 -0.013099030762978321 -0.0060889060910554104 0.0064444949101557765 -0.0073854778892287172 -0.0028600356573214233 0.010763593953600107 0.0042914511224868817 -0.0039933705572505179 0.029427905206920364 0.0079218281755848979 -0.0095676329640520391 0.0050205868167626892 0.016385788535246765 0.026508965468641801
leaf_weight=559.59766958653927 1225.2391470037401 766.69461823813617 1177.8359377104789 3300.8614725805819 1283.0370709765702 524.83405371196568 1103.7144538853317 326.12731734476984 550.80583932437003 523.75097205676138 267.57517499476671 136.67836640775204 603.27936301007867 149.65049702487886
leaf_count=11522 57484 26216 23733 136238 44817 16302 22337 6029 6483 6706 6655 1400 8589 2731
internal_value=-5.29008e-05 -0.00374448 0.00328974 -0.00607017 -0.00438443 0.00109497 0.00758874 0.00905589 0.0103917 0.0173743 0.00610851 0.0245755 0.00856579 0.00870641
internal_weight=12499.7 8428.15 2094.18 6333.97 5108.73 1807.87 4071.53 3511.93 3185.8 1211.24 1974.57 687.484 1706.99 1327.49
internal_count=377242 307521 52680 254841 197357 61119 69721 58199 52170 14589 37581 7883 30926 26464
is_linear=0
shrinkage=0.03


Tree=40
num_leaves=15
num_cat=0
split_feature=2 12 7 7 9 9 4 1 7 9 4 8 0 9
split_gain=319.91 162.866 105.523 79.2931 129.512 58.6008 94.6511 88.7633 78.0161 61.1805 58.5654 66.6798 58.0378 57.0788
threshold=28.500000000000004 70493.000000000015 0.019868137314915661 0.14290695637464526 9.5000000000000018 10.500000000000002 5.5000000000000009 38.500000000000007 0.022166866809129718 53.500000000000007 1.0000000180025095e-35 6506.5000000000009 935.50000000000011 374.50000000000006
decision_type=2 2 2 2 2 2 2 2 2 2 2 2 2 2
left_child=5 3 -3 -2 10 -1 8 9 -7 -8 -5 -12 -6 -9
right_child=1 2 -4 4 12 6 7 13 -10 -11 11 -13 -14 -15
leaf_value=0.0021732062340336636 -0.010009043721569588 -0.0049645838542988962 0.0048300139479253443 -0.0094010647345977652 0.070719292234267372 0.00046313009964352923 -0.015006586279916703 0.053180486039019696 0.016695682184598652 0.0043638735725708118 -0.0020346278461548552 0.02201617541268169 -0.0063621769191039646 0.26686619807836731
leaf_weight=1550.9445874094963 3091.0946209020913 1661.2244270276278 2449.9276891816407 576.9095131829381 32.068458814173937 328.97046601772308 187.13470692001283 16.789818288758401 1402.6475879177451 679.99296162836254 386.2503861989826 141.84820165671408 12.111617013812063 1.2058359310030926
leaf_count=32993 138002 59792 61696 27095 825 6089 4986 254 17553 10420 13405 4368 354 24
internal_value=5.28697e-06 -0.00338249 0.000872237 -0.00750766 -0.000779404 0.00679391 0.0095326 0.00155214 0.0136118 0.000183537 -0.00279318 0.00442546 0.049588 0.0674989
internal_weight=12519.1 8351.43 4111.15 4240.28 1149.19 4167.69 2616.74 885.123 1731.62 867.128 1105.01 528.099 44.1801 17.9957
internal_count=377856 305537 121488 184049 46047 72319 39326 15684 23642 15406 44868 17773 1179 278
is_linear=0
shrinkage=0.03


Tree=41
num_leaves=15
num_cat=0
split_feature=3 12 7 7 9 6 4 1 11 3 8 11 9 7
split_gain=320.364 155.923 98.8696 81.0172 117.403 78.0927 55.7533 80.4718 163.823 108.02 62.5317 54.9292 51.1117 64.4869
threshold=3192.4809570312505 214066.00000000003 0.016336422413587574 0.10256844386458398 11.500000000000002 1.0000000180025095e-35 11.500000000000002 3.5000000000000004 1995.5000000000002 100.0279998779297 8185.5000000000009 5790.5000000000009 36.500000000000007 0.11397409811615945
decision_type=2 2 2 2 2 2 2 2 2 2 2 2 2 2
left_child=6 3 11 -2 5 -5 7 9 -9 12 -8 -3 -1 -14
right_child=1 2 -4 4 -6 -7 10 8 -10 -11 -12 -13 13 -15
leaf_value=0.0033309633130357212 -0.0079412424960332521 0.25387861046760352 0.0084151657611877782 -0.0068864243024766344 0.020105688780831767 0.0096522360005475618 -0.0063711752619695534 -0.0080300672695388983 0.0092203544085720564 0.032646075741715228 0.11687114545621331 -0.0054852956740900271 0.034827050499364361 0.010606519977032478
leaf_weight=540.8353713825345 4474.8213287275285 0.73563322983682056 1367.0827367976308 1181.5240634605289 221.34775952808559 328.36280178464949 331.0833474881947 673.67971524223685 1873.035566771403 226.46560895442963 3.7472332976758471 734.72806701809168 129.54245400428772 418.7175748758018
leaf_count=7246 188179 19 27301 50744 3794 9825 6181 20500 31096 1389 40 25432 1447 4543
internal_value=-4.41385e-06 -0.00341713 0.00364358 -0.00580922 -0.000298453 -0.00328968 0.0067514 0.00776946 0.00465712 0.0137944 -0.00499192 -0.00522587 0.00987445 0.0163293
internal_weight=12505.7 8308.6 2102.55 6206.06 1731.23 1509.89 4197.11 3862.28 2546.72 1315.56 334.831 735.464 1089.1 548.26
internal_count=377736 305294 52752 252542 64363 60569 72442 66221 51596 14625 6221 25451 13236 5990
is_linear=0
shrinkage=0.03


Tree=42
num_leaves=15
num_cat=0
split_feature=3 12 7 7 4 9 12 4 8 6 9 7 4 8
split_gain=319.348 162.414 94.1639 70.8407 87.4723 62.4649 57.0619 57.2221 58.082 64.0984 56.3228 56.0072 52.9563 82.9982
threshold=3192.4809570312505 70493.000000000015 0.01785963494330645 0.083362780511379256 1.0000000180025095e-35 8.5000000000000018 219449.50000000003 19.500000000000004 9324.5000000000018 2.5000000000000004 152.50000000000003 0.11766499280929567 6.5000000000000009 23.500000000000004
decision_type=2 2 2 2 2 2 2 2 2 2 2 2 2 2
left_child=12 3 -3 -2 -5 -4 11 8 -8 -10 -11 -7 13 -1
right_child=1 2 5 4 -6 6 7 -9 9 10 -12 -13 -14 -15
leaf_value=0.016372434950103654 -0.010830007168860994 -0.005349180457107635 0.033722696320993846 -0.010314823509136985 0.003215118105455615 -0.0033278025534828138 0.0066819163310412452 -0.01624515896387848 0.017477004665407136 0.1021809401262241 0.017529925206003848 0.013767588316292524 -0.0004600675821469926 0.0056624564894888832
leaf_weight=866.9268091917038 2434.5002644974738 1425.6979146394879 62.964506138116121 784.56638653017581 951.73857433907688 1155.8173457235098 965.94787992723286 81.299940120428801 179.43656830117106 16.397862400859598 12.440906286239622 202.72757843881845 750.12518109753728 2617.412131100893
leaf_count=9217 113688 52606 1918 37470 32656 39975 18814 1605 2973 280 157 3167 13536 50041
internal_value=7.00566e-05 -0.0033593 0.000878697 -0.00752813 -0.00289852 0.00419546 0.00348424 0.00809488 0.00978011 0.024149 0.0656629 -0.000776759 0.00677053 0.00832717
internal_weight=12508 8273.54 4102.73 4170.81 1736.3 2677.03 2614.07 1255.52 1174.22 208.275 28.8388 1358.54 4234.46 3484.34
internal_count=378103 305309 121495 183814 70126 68889 66971 23829 22224 3410 437 43142 72794 59258
is_linear=0
shrinkage=0.03


Tree=43
num_leaves=15
num_cat=0
split_feature=0 12 7 9 7 4 4 12 11 7 8 12 0 4
split_gain=273.573 152.642 113.546 76.6545 72.1812 101.2 48.4491 46.3066 53.8008 45.5034 51.4103 44.0328 44.1628 43.3394
threshold=134.50000000000003 70493.000000000015 0.097576983273029341 8.5000000000000018 0.083362780511379256 1.0000000180025095e-35 18.500000000000004 14943.500000000002 646.50000000000011 0.21437478065490725 9693.5000000000018 93546.000000000015 162.50000000000003 11.500000000000002
decision_type=2 2 2 2 2 2 2 2 2 2 2 2 2 2
left_child=13 4 3 -3 -2 -6 -4 8 -7 -9 -11 12 -5 -1
right_child=1 2 6 11 5 7 -8 9 -10 10 -12 -13 -14 -15
leaf_value=0.0078509779131694657 -0.010010702534825772 0.0248171512563778 0.011606051807587723 0.22743956804612095 -0.010195964826289233 0.027768162120645767 -0.0175468012111674 0.0049822302275855154 -0.0050877358217722435 0.022930925522545029 0.16691934199360453 -0.0009897476059808146 -0.011703367542968022 -0.0042109502716733017
leaf_weight=3274.8471746630967 2641.5045946706086 96.226983714848757 934.13638474419713 0.69612963497638602 845.51721591874957 49.047138011083007 54.287354659289122 394.67736945301294 524.70402421802282 127.72344148345292 2.2713962327688924 2815.9208814334124 427.58915844559669 292.00203466415405
leaf_count=46196 122237 3220 11951 20 39996 1662 1004 13401 18234 3873 63 92759 17439 5271
internal_value=-0.000158008 -0.00296751 0.00107284 -0.00157012 -0.00678177 -0.00239418 0.0100049 0.00361129 -0.00227905 0.0100526 0.0254468 -0.0023528 -0.0113147 0.00686352
internal_weight=12481.2 8914.3 4328.86 3340.43 4585.45 1943.94 988.424 1098.42 573.751 524.672 129.995 3244.21 428.285 3566.85
internal_count=377326 325859 126393 113438 199466 77229 12955 37233 19896 17337 3936 110218 17459 51467
is_linear=0
shrinkage=0.03


Tree=44
num_leaves=15
num_cat=0
split_feature=2 12 7 7 4 9 6 12 7 8 1 11 2 3
split_gain=267.252 137.223 122.509 67.3289 69.2397 66.1118 78.0283 69.1202 104.787 73.274 53.1686 123.511 103.857 53.57
threshold=30.500000000000004 63135.500000000007 0.024592309258878235 0.095247998833656325 1.0000000180025095e-35 8.5000000000000018 1.0000000180025095e-35 116876.50000000001 0.16002207249403003 6251.5000000000009 11.500000000000002 1879.5000000000002 1.0000000180025095e-35 1823.3979492187502
decision_type=2 2 2 2 2 2 2 2 2 2 2 2 2 2
left_child=10 3 -3 -2 -5 6 -4 8 -7 -9 12 -12 -1 -14
right_child=1 2 5 4 -6 7 -8 9 -10 -11 11 -13 13 -15
leaf_value=0.0017437971074393912 -0.010404175698132807 -0.0044962391628101169 0.014766808213710205 -0.0091892891396760067 0.0034771927728872707 -0.0086349267309026798 0.074572856235871413 -0.0032350960467466302 0.032093957184564703 0.011732879830495707 -0.011405719829156705 0.0065901488294259443 0.014145057411803143 0.06980935714805972
leaf_weight=933.28928861021996 2284.1612867563963 2124.4612004831433 92.005140252411366 716.80843851342797 847.77813121303916 532.89175211638212 24.960307069122791 400.36378074809909 63.641587441787124 1111.6444459855556 437.06610969826579 1599.0072822384536 1310.7518188189715 15.746973264962433
leaf_count=15277 108448 76991 3481 34923 28414 19497 709 8822 1180 21440 14997 28306 15339 240
internal_value=0.000181893 -0.00299405 0.000656672 -0.00712021 -0.0023259 0.00557562 0.0275294 0.0043578 -0.00428974 0.00776952 0.00624323 0.00272713 0.00941124 0.0148059
internal_weight=12494.6 8198.72 4349.97 3848.75 1564.59 2225.51 116.965 2108.54 596.533 1512.01 4295.86 2036.07 2259.79 1326.5
internal_count=378064 303905 132120 171785 63337 55129 4190 50939 20677 30262 74159 43303 30856 15579
is_linear=0
shrinkage=0.03


Tree=45
num_leaves=15
num_cat=0
split_feature=1 12 7 7 3 1 6 8 7 9 4 9 9 6
split_gain=251.784 150.689 127.715 87.6755 82.6938 79.782 77.3703 80.3305 60.9824 54.7323 48.6666 57.0783 106.469 46.7393
threshold=11.500000000000002 96484.000000000015 0.019868137314915661 0.015181225724518301 100.0279998779297 1.5000000000000002 1.0000000180025095e-35 6675.5000000000009 0.089290667325258269 3.5000000000000004 11.500000000000002 44.500000000000007 47.500000000000007 1.5000000000000002
decision_type=2 2 2 2 2 2 2 2 2 2 2 2 2 2
left_child=4 3 -3 -2 10 13 9 8 -8 -5 11 -1 -13 -6
right_child=1 2 -4 6 5 -7 7 -9 -10 -11 -12 12 -14 -15
leaf_value=0.0015242319399856087 -0.013498859829758594 -0.0046319818241348223 0.0061613190521915846 -0.010367617629217901 0.049720023899981182 0.01146764093079705 -0.00780564622499567 0.012902241539415039 0.0062704072385015115 -0.0027334483358992449 -0.0099456166463917448 0.054604321562493792 0.0098760632276717903 0.019557814921585873
leaf_weight=772.70581389032304 962.08623850718141 1561.0013092774898 2681.8100740015507 1531.8597669359297 89.287516437470913 576.70799743570387 702.89136162959039 431.56814445741475 457.17095426656306 1885.5782581530511 176.78559820912778 52.90302150696516 506.1082196906209 95.900483511388302
leaf_count=10976 47564 54272 54442 66780 459 8996 27456 13923 12423 70447 3485 378 5998 637
internal_value=-0.00012388 -0.00213254 0.00219028 -0.00520412 0.00891257 0.0169688 -0.00361096 0.00185239 -0.00225839 -0.00615545 0.00484363 0.00680691 0.014109 0.0341004
internal_weight=12484.4 10214 4242.81 5971.15 2270.4 761.896 5009.07 1591.63 1160.06 3417.44 1508.5 1331.72 559.011 185.188
internal_count=378236 347307 108714 238593 30929 10092 191029 53802 39879 137227 20837 17352 6376 1096
is_linear=0
shrinkage=0.03


Tree=46
num_leaves=15
num_cat=0
split_feature=3 12 7 9 7 9 4 7 9 8 0 8 7 0
split_gain=262.655 126.916 69.3736 117.427 68.2933 54.291 76.0384 83.9024 61.8246 53.8213 83.6397 79.8728 61.8305 59.006
threshold=3192.4809570312505 96484.000000000015 0.14290695637464526 8.5000000000000018 0.021038182079792026 3.5000000000000004 5.5000000000000009 0.029778043739497665 49.500000000000007 23.500000000000004 1.5000000000000002 2182.5000000000005 0.035790616646409042 19.500000000000004
decision_type=2 2 2 2 2 2 2 2 2 2 2 2 2 2
left_child=5 2 -2 -4 -3 -1 7 -7 -8 10 12 13 -9 -11
right_child=1 4 3 -5 -6 6 8 9 -10 11 -12 -13 -14 -15
leaf_value=-0.0016405153788663853 -0.0084613508171175935 -0.0035079174782997238 -0.0027171581069053963 0.033566463318959072 0.004933082137207662 0.00041132789651857657 -0.014293061212280515 0.056323612562447826 0.0042614898974446796 0.011373122457761627 0.036919279368763082 0.01507731013139438 0.010303410107808653 -0.0091571993596108077
leaf_weight=699.0263806283474 3531.0568694267422 1553.5596916582435 1062.6595007907599 86.836743766441941 1939.71345144324 621.40898539312184 208.20050635375082 28.02016319707036 722.4494762904942 231.61113277822733 189.71537332236767 902.46845674328506 421.9554735571146 276.29250136949122
leaf_count=15661 161259 55189 44143 2203 42422 11581 5692 178 10838 2806 1203 12335 4592 7806
internal_value=9.73285e-06 -0.00314799 -0.00637748 2.38265e-05 0.00117913 0.00601061 0.00749539 0.010068 0.000110556 0.0129951 0.0202128 0.00972146 0.0131691 0.000204913
internal_weight=12475 8173.83 4680.55 1149.5 3493.27 4301.15 3602.12 2671.47 930.65 2050.06 639.691 1410.37 449.976 507.904
internal_count=377908 305216 207605 46346 97611 72692 57031 40501 16530 28920 5973 22947 4770 10612
is_linear=0
shrinkage=0.03


Tree=47
num_leaves=15
num_cat=0
split_feature=3 6 7 8 7 9 8 0 8 9 9 4 12 2
split_gain=229.716 122.561 130.451 105.734 62.3011 87.3367 56.0737 109.898 85.7241 59.3701 56.2727 55.2943 53.9806 52.9057
threshold=3192.4809570312505 1.0000000180025095e-35 0.015395920258015396 6770.5000000000009 0.12000766769051553 5.5000000000000009 23.500000000000004 2.5000000000000004 2095.5000000000005 52.500000000000007 93.500000000000014 5.5000000000000009 49.500000000000007 78.500000000000014
decision_type=2 2 2 2 2 2 2 2 2 2 2 2 2 2
left_child=6 4 -3 -4 -2 -6 7 11 9 -8 -11 12 -1 -5
right_child=1 2 3 13 5 -7 8 -9 -10 10 -12 -13 -14 -15
leaf_value=0.0019041739610756014 -0.008798611760247892 -0.0072811800662353592 -0.0012298347327605395 0.032162536919395003 -0.0068564338197557488 0.0087516182307681278 -0.0069546122758589899 0.033829284425220069 0.0072643815953065622 0.028014553418841858 -0.0017109966171408315 -0.0021662307888473207 0.018842661329361621 0.0090145745497390069
leaf_weight=273.79487637802958 2908.690092921257 1174.8362761512399 1348.6735395863652 95.69036334939301 869.28906724974513 513.11083198525012 844.54492107406259 166.32152761891484 1998.4999801237136 94.266899121925235 146.22510241344571 349.87309022992849 443.79360754042864 1245.4079796988517
leaf_count=3647 126113 49918 44674 2178 39722 9974 22985 1224 31682 1398 2338 5344 4057 32891
internal_value=0.000145658 -0.00281649 0.00105874 0.00470145 -0.00630658 -0.00106313 0.00574136 0.0111464 0.0035787 -0.00320987 0.00994068 0.00761217 0.0123798 0.0106662
internal_weight=12473 8155.7 3864.61 2689.77 4291.09 1382.4 4317.32 1233.78 3083.54 1085.04 240.492 1067.46 717.588 1341.1
internal_count=378145 305470 129661 79743 175809 49696 72675 14272 58403 26721 3736 13048 7704 35069
is_linear=0
shrinkage=0.03


Tree=48
num_leaves=15
num_cat=0
split_feature=7 9 9 12 7 4 6 12 7 7 6 11 2 11
split_gain=207.211 225.291 90.1522 153.867 78.2717 74.8389 72.4653 71.5347 63.8088 63.6891 63.0364 67.768 77.9678 51.9441
threshold=0.095247998833656325 3.5000000000000004 44.500000000000007 343.50000000000006 0.024311616085469726 14.500000000000002 7.5000000000000009 1920.5000000000002 0.17908392101526263 0.015181225724518301 1.0000000180025095e-35 2193.5000000000005 38.500000000000007 7176.5000000000009
decision_type=2 2 2 2 2 2 2 2 2 2 2 2 2 2
left_child=2 -2 9 4 -4 6 -3 -8 -9 -1 -11 -12 -13 -14
right_child=1 5 3 -5 -6 -7 7 8 -10 10 11 12 13 -15
leaf_value=-0.009895765035998717 -0.0054449233493848118 0.0091030843936934936 -0.029282277849090217 0.001609352311523871 0.07517408431618941 -0.009279142351482356 -0.0069415627702139378 0.10024487804156275 -0.03381024323212737 -0.0061587747599870469 -0.010531444172215259 0.023141345365777111 -0.0038585658297345029 0.0082706746274372449
leaf_weight=1713.938929695636 1464.9925783239305 3350.9668221827596 7.7735429592430583 1360.3804659601301 38.097694292664528 200.81580517441034 12.793435640633104 21.374371640384201 3.7573888488113871 2485.9994666296989 356.25545649789274 170.29289058968425 713.89667703025043 572.67895050905645
leaf_count=74875 52690 56447 67 35040 241 3283 83 201 58 94736 11478 3024 27715 18373
internal_value=-0.000215187 0.00446926 -0.00340665 0.00343158 0.0574724 0.00851533 0.00956978 0.050806 0.0802026 -0.00500589 -0.00305643 0.00119724 0.00406532 0.00154039
internal_weight=12474 5054.7 7419.31 1406.25 45.8712 3589.71 3388.89 37.9252 25.1318 6013.06 4299.12 1813.12 1456.87 1286.58
internal_count=378311 112762 265549 35348 308 60072 56789 342 259 230201 155326 60590 49112 46088
is_linear=0
shrinkage=0.03


Tree=49
num_leaves=15
num_cat=0
split_feature=3 12 7 8 7 9 4 6 9 6 7 9 10 4
split_gain=202.103 111.671 101.392 65.831 85.3754 56.3245 79.5146 52.2539 69.8578 54.2174 44.1839 61.693 52.5098 50.4421
threshold=3192.4809570312505 54364.000000000007 0.016551553271710876 8344.5000000000018 0.28642150759696966 16.500000000000004 1.5000000000000002 1.5000000000000002 171.50000000000003 7.5000000000000009 0.095247998833656325 3.5000000000000004 25.087862014770511 6.5000000000000009
decision_type=2 2 2 2 2 2 2 2 2 2 2 2 2 2
left_child=10 -2 -3 4 -4 6 -6 -5 9 -9 13 -12 -13 -1
right_child=1 2 3 7 5 -7 -8 8 -10 -11 11 12 -14 -15
leaf_value=0.003699795841490482 -0.0069439365934421795 -0.0066003778168337831 -0.00067134650134545427 0.0055496516763611338 0.083514100412291098 0.01106068683031346 0.35166193460905104 0.02985853518672979 -0.001263248860536004 0.12777334227829248 -0.0020364811654125089 0.0085771982312782772 0.02697251558050922 -0.010160072482770281
leaf_weight=1497.0213399175555 3481.2425949927419 1394.4157380610704 2008.5115881562233 993.16934048570693 3.3941851370036584 4.1313483640551567 1.4081903472542761 147.68250787630677 80.715094473212957 5.2712702862918368 478.57626383565366 1922.7521777618676 150.59738276153803 280.6317303031683
leaf_count=28928 159388 56340 57458 27344 95 61 29 3447 1153 46 10340 24099 2091 7189
internal_value=-9.17071e-05 -0.00288282 0.000164955 0.00307274 -0.000259755 0.0922756 0.162143 0.00855279 0.0213171 0.033233 0.00514291 0.00767233 0.00991334 0.00151179
internal_weight=12449.5 8119.94 4638.7 3244.28 2017.45 8.93372 4.80238 1226.84 233.669 152.954 4329.58 2551.93 2073.35 1777.65
internal_count=378008 305361 145973 89633 57643 185 124 31990 4646 3493 72647 36530 26190 36117
is_linear=0
shrinkage=0.03


Tree=50
num_leaves=15
num_cat=0
split_feature=2 6 7 11 2 7 9 12 9 4 7 1 9 9
split_gain=230.449 114.085 106.359 104.464 54.7167 54.3342 67.4524 47.598 44.8327 74.9822 62.3065 52.2477 49.5122 54.2118
threshold=26.500000000000004 1.0000000180025095e-35 0.015395920258015396 6836.5000000000009 78.500000000000014 0.11766499280929567 4.5000000000000009 67203.000000000015 10.500000000000002 5.5000000000000009 0.03178303316235543 38.500000000000007 53.500000000000007 97.500000000000014
decision_type=2 2 2 2 2 2 2 2 2 2 2 2 2 2
left_child=8 5 7 -4 -5 -2 -7 -3 -1 10 -10 12 -11 -14
right_child=1 2 3 4 -6 6 -8 -9 9 11 -12 -13 13 -15
leaf_value=0.0014951991057501239 -0.008831412297805586 -0.017143299420278296 -0.0019008610262791271 0.031460861958483848 0.0081141574218832144 -0.0074324120174186084 0.0057181274867260292 -0.0033343109005152258 0.0030505614483667346 -0.014384107630337657 0.015113806494217412 0.053400249029269022 0.021130443425160371 -0.00060556559358932664
leaf_weight=1558.3403283879161 2857.3374087754637 306.52120735868812 1397.7115395963192 97.356008175760508 1254.8225404787809 799.81041559204459 625.62307989411056 841.08748206309974 557.11528575792909 177.8425184674561 1249.7992708068341 16.639611525461078 126.33826870471239 565.59920664690435
leaf_count=31670 125952 17292 46179 2111 32469 37341 13700 32394 9389 4797 13699 233 1502 8741
internal_value=-0.000120376 -0.00306503 0.000648786 0.00385029 0.00979511 -0.00644477 -0.00166064 -0.00702263 0.00554518 0.00788846 0.0113944 0.000741782 -0.000265619 0.00336313
internal_weight=12431.9 8180.27 3897.5 2749.89 1352.18 4282.77 1425.43 1147.61 4251.67 2693.33 1806.91 886.42 869.78 691.937
internal_count=377469 307438 130445 80759 34580 176993 51041 49686 70031 38361 23088 15273 15040 10243
is_linear=0
shrinkage=0.03


Tree=51
num_leaves=15
num_cat=0
split_feature=7 9 9 12 7 4 6 8 2 11 6 12 12 2
split_gain=175.259 188.104 85.4594 143.516 65.4159 56.9328 74.0496 64.0336 50.0869 60.3438 54.2752 54.0252 52.5793 44.8141
threshold=0.095247998833656325 4.5000000000000009 42.500000000000007 343.50000000000006 0.028796550817787651 14.500000000000002 6.5000000000000009 18.500000000000004 20.500000000000004 1696.5000000000002 5.5000000000000009 59031.500000000007 63135.500000000007 1.5000000000000002
decision_type=2 2 2 2 2 2 2 2 2 2 2 2 2 2
left_child=2 -2 8 4 -4 6 -3 -8 9 -1 -11 -12 -10 -9
right_child=1 5 3 -5 -6 -7 7 13 12 10 11 -13 -14 -15
leaf_value=-0.0081860789405454864 -0.0039511659600323153 0.0085737735262405874 -0.0094285176003302412 0.0014702693908670878 0.071733121009332615 -0.0073456389919449574 -0.0038405042337968688 0.17788934697411596 -0.0094582855630564629 0.0055869855533183695 0.18905134349847108 -0.032118569550672903 -0.0031404936201591392 0.056409646414938092
leaf_weight=415.02410796284676 1745.8005800209939 3090.0261323414743 11.619180541485546 1434.2346429992467 38.727490205317736 199.43057548068464 17.236649744212627 2.9715201556682578 2287.2815946880728 696.47877199947834 2.840321220457553 1.5291405990719793 2461.3730820529163 34.058367006480694
leaf_count=9578 62096 47252 96 36966 241 3263 124 33 112917 12821 42 32 92391 331
internal_value=-0.000248494 0.00403062 -0.00321193 0.00321788 0.0530024 0.00819801 0.00918388 0.0439244 -0.00483961 0.000879715 0.00624824 0.111651 -0.00618358 0.066158
internal_weight=12438.6 5089.52 7349.11 1484.58 50.3467 3343.72 3144.29 54.2665 5864.53 1115.87 700.848 4.36946 4748.65 37.0299
internal_count=378183 113099 265084 37303 337 51003 47740 488 227781 22473 12895 74 205308 364
is_linear=0
shrinkage=0.03


Tree=52
num_leaves=15
num_cat=0
split_feature=1 12 3 7 7 12 9 1 8 6 2 3 8 6
split_gain=176.299 110.691 87.3433 78.1212 66.9693 86.0026 66.4357 62.4231 49.8281 80.048 71.5882 62.8617 49.2458 66.9208
threshold=11.500000000000002 96484.000000000015 250.00250244140628 0.035455202683806426 0.028553660027682785 13629.500000000002 103.50000000000001 6.5000000000000009 7344.5000000000009 1.0000000180025095e-35 239.50000000000003 13997.770996093752 2095.5000000000005 1.0000000180025095e-35
decision_type=2 2 2 2 2 2 2 2 2 2 2 2 2 2
left_child=2 4 -1 -3 -2 -6 8 -4 11 -10 -11 -5 -7 -14
right_child=1 3 7 6 5 12 -8 -9 9 10 -12 -13 13 -15
leaf_value=0.0045216633141101021 -0.0096161088853028986 -0.0015323678255518812 0.036824937125567961 0.014938414022069026 -0.0079538538523522846 -0.014078439241045435 -0.00017000577901308211 0.012283965041869233 0.010291096982223124 0.031092502005293499 0.10933188891236401 -0.0044130101712851573 -0.0010641481433804679 0.010000387573160135
leaf_weight=1855.5692971590906 1611.3457094039768 2470.6538834962994 128.56208562292159 321.72138844430447 1579.4659868739545 183.57761164940894 750.23773799464107 339.94159240834415 309.37273836135864 136.36760258302093 11.405579417943953 284.83568480610847 1757.3383621647954 683.24325488507748
leaf_count=24464 77246 81057 1172 4220 62521 6976 9905 5241 5740 2015 187 5793 69987 21614
internal_value=-5.86592e-06 -0.0017202 0.00744399 0.00193865 -0.00441611 -0.00242284 0.0066663 0.0190183 0.011488 0.0189672 0.0371313 0.0058511 0.000906249 0.00203338
internal_weight=12423.6 10099.6 2324.07 4284.59 5814.97 4203.63 1813.94 468.504 1063.7 457.146 147.773 606.557 2624.16 2440.58
internal_count=378138 347261 30877 108917 238344 161098 27860 6413 17955 7942 2202 10013 98577 91601
is_linear=0
shrinkage=0.03


Tree=53
num_leaves=15
num_cat=0
split_feature=7 9 9 12 4 6 2 11 7 12 7 9 12 6
split_gain=182.685 175.187 73.9608 115.348 62.1233 66.8958 54.2012 79.4441 53.3189 43.1043 50.3098 86.5048 68.5082 51.225
threshold=0.095247998833656325 4.5000000000000009 42.500000000000007 343.50000000000006 14.500000000000002 13.500000000000002 20.500000000000004 1696.5000000000002 0.024311616085469726 63135.500000000007 0.024592309258878235 8.5000000000000018 116876.50000000001 1.0000000180025095e-35
decision_type=2 2 2 2 2 2 2 2 2 2 2 2 2 2
left_child=2 -2 6 8 5 -3 7 -1 -4 -8 -11 13 -13 -12
right_child=1 4 3 -5 -6 -7 9 -9 -10 10 11 12 -14 -15
leaf_value=-0.0092509265073066633 -0.0035814159838487639 0.0089633205091016761 -0.019823324620258629 0.0012067433916646136 -0.0080871518589904559 0.09437890931468447 -0.0091558117205934823 0.0073116453360745331 0.062385872936081853 -0.0070671959481856768 0.016222489085694895 -0.0093414476327189008 0.0069675692528286346 0.066711407915996015
leaf_weight=413.55556591972709 1729.7223481908441 3160.0826507098973 8.6104375235736352 1436.6237308084965 199.16428582184017 8.2737603671848756 2251.7610436938703 704.92578191310167 40.487559370696545 1418.4156845305115 77.739566519856453 465.98451117984951 461.27328098006546 23.568670308217406
leaf_count=9622 61814 47655 74 37083 3265 48 112664 12808 254 56416 3019 18074 14108 617
internal_value=-0.000179767 0.00417876 -0.00322189 0.00275206 0.00816477 0.00918637 -0.00474764 0.00118768 0.0479686 -0.00616048 -0.00340412 0.00164735 -0.00122837 0.0279684
internal_weight=12400.2 5097.24 7302.95 1485.72 3367.52 3168.36 5817.22 1118.48 49.098 4698.74 2446.98 1028.57 927.258 101.308
internal_count=377521 112782 264739 37411 50968 47703 227328 22430 328 204898 92234 35818 32182 3636
is_linear=0
shrinkage=0.03


Tree=54
num_leaves=15
num_cat=0
split_feature=3 12 7 7 4 11 6 9 1 8 7 4 9 0
split_gain=179.472 106.232 62.1824 51.7381 65.0957 42.5743 62.5822 46.8162 42.6933 38.7232 38.2471 50.0682 68.8087 58.263
threshold=3192.4809570312505 68014.500000000015 0.019868137314915661 0.028553660027682785 1.0000000180025095e-35 6293.5000000000009 1.5000000000000002 314.50000000000006 11.500000000000002 6595.5000000000009 0.022166866809129718 5.5000000000000009 15.500000000000002 816.50000000000011
decision_type=2 2 2 2 2 2 2 2 2 2 2 2 2 2
left_child=10 3 -3 -2 -5 8 -7 -8 -4 -6 -1 12 -12 -13
right_child=1 2 5 4 9 6 7 -9 -10 -11 11 13 -14 -15
leaf_value=-0.0021614661853752845 -0.011872432203945521 -0.0039043484064741995 0.12066936871498876 -0.01018431243913419 -0.0039432083970620847 0.0028367896544140123 0.019581651392508354 -0.0075586293253942522 -0.0037068671819270893 0.0052513965121564043 0.003830343132175138 -0.0012668287224875073 0.01313186581317328 0.048632690602888121
leaf_weight=588.67322953231633 1048.9183907713741 1609.4706522878259 2.4938373416662207 1000.3557137157768 1143.1297603845596 1494.2366723045707 386.21714646928012 67.14681788906455 620.8107825499028 644.74666713550687 1602.867191651836 888.21009582839906 1293.3247460257262 21.570689663290977
leaf_count=12162 57566 61025 20 51614 46178 37838 8233 1182 16102 25586 30622 15491 14095 305
internal_value=8.23067e-05 -0.00258847 0.000719983 -0.00619286 -0.00405623 0.00361497 0.00579896 0.015562 -0.00320924 -0.000627436 0.00495483 0.00605552 0.00798404 -8.37228e-05
internal_weight=12412.2 8017.53 4180.38 3837.15 2788.23 2570.91 1947.6 453.364 623.305 1787.88 4394.65 3805.97 2896.19 909.781
internal_count=378019 305344 124400 180944 123378 63375 47253 9415 16122 71764 72675 60513 44717 15796
is_linear=0
shrinkage=0.03


Tree=55
num_leaves=15
num_cat=0
split_feature=9 7 9 12 4 7 9 7 0 12 7 6 7 9
split_gain=156.239 96.6743 106.878 79.2147 64.1142 89.4139 68.5594 63.8824 78.749 65.0764 62.4144 55.3253 48.273 63.6623
threshold=31.500000000000004 0.027400672435760502 1.5000000000000002 173281.00000000003 11.500000000000002 0.02158414572477341 93.500000000000014 0.18883550167083743 134.50000000000003 237404.00000000003 0.15687003731727603 2.5000000000000004 0.12000766769051553 10.500000000000002
decision_type=2 2 2 2 2 2 2 2 2 2 2 2 2 2
left_child=1 -1 -3 12 5 -2 7 8 11 -10 -8 -7 -4 -14
right_child=4 2 3 -5 -6 6 10 -9 9 -11 -12 -13 13 -15
leaf_value=-0.0070484377643616923 -0.0014298373256712725 -0.009897291334079893 -0.0017410025713064381 0.024497702546006077 -0.0044688866184611894 0.019652075763447959 0.0068428079239346053 -0.00049266550536489532 -0.010320900861214542 0.013799839535906711 -0.013145316073543288 0.042728176509932277 0.0016234404539631638 0.014622975554182727
leaf_weight=2756.7129911128432 938.68866550177336 870.97220196947455 2717.557929046452 131.29201513901353 570.55922757089138 480.24011635966599 758.85288758389652 242.72179758921266 126.52608799189329 492.54046648368239 172.57358692213893 116.11493208445609 1605.1319950539619 429.85270754061639
leaf_count=116807 28191 36101 98138 2860 10833 4748 8763 2510 3333 9521 1906 1160 47752 5441
internal_value=-0.000150786 -0.00242896 -0.000216102 0.00151042 0.0048227 0.00641555 0.00949743 0.0135588 0.0163649 0.00886999 0.00313943 0.0241452 0.000875381 0.00436935
internal_weight=12410.3 8511.52 5754.81 4883.83 3898.82 3328.26 2389.57 1458.14 1215.42 619.067 931.426 596.355 4752.54 2034.98
internal_count=378064 307099 190292 154191 70965 60132 31941 21272 18762 12854 10669 5908 151331 53193
is_linear=0
shrinkage=0.03


Tree=56
num_leaves=15
num_cat=0
split_feature=2 6 7 8 12 7 1 3 7 9 10 12 6 3
split_gain=148.851 92.3729 86.7752 94.0729 56.2278 76.2013 48.192 40.1976 64.6147 38.0537 36.0665 34.9609 32.2003 53.4418
threshold=30.500000000000004 1.0000000180025095e-35 0.016551553271710876 6295.5000000000009 37105.500000000007 0.12821616232395175 41.500000000000007 7648.3850097656259 0.1511223986744881 32.500000000000007 34.366380691528327 67203.000000000015 2.5000000000000004 43094.187500000007
decision_type=2 2 2 2 2 2 2 2 2 2 2 2 2 2
left_child=-1 4 11 6 -2 -6 -4 8 -8 -7 -10 -3 -9 -14
right_child=1 2 3 -5 5 9 7 12 10 -11 -12 -13 13 -15
leaf_value=0.0044420094707191054 -0.0093016619885240327 -0.014529188542762651 -0.0049485213328633896 0.0090341104444872783 -0.0051375903217555485 0.017212892153553084 0.016757928183039218 -0.00035067673894305888 0.11659934119055716 6.733878135772704e-05 0.35748680144632738 -0.0027521899398627496 0.02441446616683153 0.25043092307174075
leaf_weight=4437.0957829877734 1908.2224511764944 301.92055156826973 978.38566159084439 1472.5077585559338 1763.5329785663635 229.28980928473175 4.4010801874101153 100.66662646271288 1.4144658930599692 236.84401927143335 0.92535590566694725 912.49922592006624 52.408539248630404 0.9587744977325191
leaf_count=73998 96070 17892 32640 37407 70417 6007 169 3662 29 2530 23 35424 1836 33
internal_value=3.86561e-05 -0.00241465 0.000945356 0.00402618 -0.00552148 -0.00228627 -0.0024472 0.0127745 0.0844815 0.00850118 0.211866 -0.0056801 0.00963639 0.028475
internal_weight=12401.1 7963.98 3826.09 2611.67 4137.89 2229.67 1139.16 160.775 6.7409 466.134 2.33982 1214.42 154.034 53.3673
internal_count=378137 304139 129115 75799 175024 78954 38392 5752 221 8537 52 53316 5531 1869
is_linear=0
shrinkage=0.03


Tree=57
num_leaves=15
num_cat=0
split_feature=9 7 7 8 9 9 6 11 0 3 7 8 9 2
split_gain=124.185 168.748 61.6592 58.716 54.7078 65.6713 54.9009 48.8007 56.5049 58.9746 48.2908 47.3694 46.107 54.7517
threshold=3.5000000000000004 0.097576983273029341 0.014803769532591106 9755.5000000000018 94.500000000000014 10.500000000000002 12.500000000000002 9057.5000000000018 69.500000000000014 724.55349731445324 0.15687003731727603 2095.5000000000005 4.5000000000000009 50.500000000000007
decision_type=2 2 2 2 2 2 2 2 2 2 2 2 2 2
left_child=-1 2 -2 4 5 -3 -7 8 9 -4 -6 12 13 -10
right_child=1 3 7 -5 10 6 -8 -9 11 -11 -12 -13 -14 -15
leaf_value=-0.0060083038979091303 -0.0067569325063109656 0.0030592031009581203 0.0036386058208018285 0.048591925915886174 0.0035073673483238346 0.01233651851844854 0.091161731567030058 0.0075525614422714592 0.10834330459847116 0.032319213899199541 -0.013069044918219565 -0.0017256475523404033 -0.018003049394070152 -0.014521649459215946
leaf_weight=2503.4290801193565 1538.545470232144 1096.377483939752 650.80186537839472 29.668571043759584 898.8296069316566 1457.7580016516149 7.9958972781896582 686.97706190310419 5.8202794324606639 71.627062795683742 191.94880596920848 2991.0166581366211 246.76263906061649 7.4329767096787691
leaf_count=104751 64762 29344 10339 463 10744 16011 48 23935 230 1108 2297 102690 10427 351
internal_value=-3.99591e-05 0.00147208 -0.00154957 0.00655851 0.00621711 0.0086126 0.0127665 0.000169535 -0.00110693 0.00648222 0.000590347 -0.00279335 -0.0150754 0.0394355
internal_weight=12385 9881.56 6198.98 3682.58 3652.91 2562.13 1465.75 4660.44 3973.46 722.429 1090.78 3251.03 260.016 13.2533
internal_count=377500 272749 213842 58907 58444 45403 16059 149080 125145 11447 13041 113698 11008 581
is_linear=0
shrinkage=0.03


Tree=58
num_leaves=15
num_cat=0
split_feature=7 9 7 8 9 4 8 8 6 4 9 6 10 6
split_gain=134.435 123.91 85.5789 72.0864 69.1178 68.114 58.8903 58.5876 49.3689 47.8168 43.5475 42.6244 39.6611 36.9909
threshold=0.017606118693947796 3.5000000000000004 0.097576983273029341 14.500000000000002 31.500000000000004 10.500000000000002 9665.5000000000018 9047.5000000000018 1.0000000180025095e-35 21.500000000000004 154.50000000000003 14.500000000000002 24.253586769104007 1.0000000180025095e-35
decision_type=2 2 2 2 2 2 2 2 2 2 2 2 2 2
left_child=-1 13 3 4 -3 -6 9 -5 -9 11 -8 -4 -10 -2
right_child=1 2 6 7 5 -7 10 8 12 -11 -12 -13 -14 -15
leaf_value=-0.0064007418144357937 -0.0073395247583638605 -0.0034758942934425361 0.0062815354904443496 -0.0021072099622287854 0.055254062174880311 0.007380796564116378 0.052221065850028267 0.0018942431115754291 0.20896488455570092 -0.019645950870849818 -0.00076858363684540376 0.074805183908895082 0.019364617683986372 0.0022748234204557354
leaf_weight=2448.040345447138 1574.9639276694506 75.264494828879833 3561.9932622741908 3439.6012365203351 60.112931430339813 48.191649299114943 43.106010956689715 383.54253069683909 0.9979650080204 64.389574956148863 20.642025232315063 8.1887424588203412 197.77225167863071 466.94153066165745
leaf_count=103025 68618 968 56767 110827 413 1060 730 14850 23 1186 198 52 5216 14202
internal_value=-0.000103001 0.00144713 0.00314911 0.000221722 0.0186064 0.0339522 0.00647795 -0.000617396 0.00818262 0.00597659 0.0350627 0.0064387 0.0203165 -0.00514092
internal_weight=12393.7 9945.71 7903.8 4205.48 183.569 108.305 3698.32 4021.91 582.313 3634.57 63.748 3570.18 198.77 2041.91
internal_count=378135 275110 192290 133357 2441 1473 58933 130916 20089 58005 928 56819 5239 82820
is_linear=0
shrinkage=0.03


Tree=59
num_leaves=15
num_cat=0
split_feature=7 9 9 11 9 7 6 6 2 8 7 12 4 7
split_gain=131.432 120.226 66.6887 92.9675 64.6713 57.0731 52.5138 44.7766 44.623 56.4157 43.8499 42.5767 35.1595 34.8769
threshold=0.095247998833656325 5.5000000000000009 42.500000000000007 71.500000000000014 93.500000000000014 0.15687003731727603 1.0000000180025095e-35 12.500000000000002 27.500000000000004 1230.5000000000002 0.030433002859354023 47801.000000000007 20.500000000000004 0.024592309258878235
decision_type=2 2 2 2 2 2 2 2 2 2 2 2 2 2
left_child=2 6 8 10 7 12 -2 -3 9 -1 -4 -10 -6 -13
right_child=1 4 3 -5 5 -7 -8 -9 11 -11 -12 13 -14 -15
leaf_value=-0.0084805929667702319 -0.0048762159186077894 0.010128856093582135 -0.0015716404764513589 0.0017007471105647107 0.0063601071837285413 -0.013104884183796133 0.0068172870995133368 0.074201681789359195 -0.0091494579260540804 0.0053818674591942289 0.060334445345787982 -0.0061217059349513584 -0.015045891811358469 0.00062172985235152097
leaf_weight=384.21282552182674 1488.2469616271555 2074.0790466647595 14.324879657477139 1444.7497374340892 854.18066570907831 198.14336924254894 450.19997391663492 9.8629277311265451 1694.110513266176 846.00106503069401 36.630756724625826 1551.8333009146154 75.132209859788418 1243.2942313384265
leaf_count=9219 57316 30457 109 37170 9683 2377 11366 56 88670 17367 193 66400 1393 45998
internal_value=7.8448e-05 0.00373946 -0.00253461 0.00310538 0.00730071 0.00151279 -0.00216043 0.0104321 -0.00400954 0.00105243 0.0429311 -0.0053967 0.0046295 -0.00312217
internal_weight=12365 5149.85 7215.16 1495.71 3211.4 1127.46 1938.45 2083.94 5719.45 1230.21 50.9556 4489.24 929.313 2795.13
internal_count=377774 112648 265126 37472 43966 13453 68682 30513 227654 26586 302 201068 11076 112398
is_linear=0
shrinkage=0.03


Tree=60
num_leaves=15
num_cat=0
split_feature=1 6 7 3 1 9 7 8 7 1 9 8 3 2
split_gain=108.337 85.5881 83.9585 66.3792 65.5179 56.4882 69.1728 55.3626 59.1171 53.06 51.3818 44.9297 52.4722 48.1478
threshold=11.500000000000002 1.0000000180025095e-35 0.0056861259508878001 250.00250244140628 6.5000000000000009 3.5000000000000004 0.11113308742642404 3255.5000000000005 0.024592309258878235 42.500000000000007 333.50000000000006 6295.5000000000009 7648.3850097656259 52.500000000000007
decision_type=2 2 2 2 2 2 2 2 2 2 2 2 2 2
left_child=3 5 -3 -1 -5 -2 -7 9 -9 -4 11 12 -10 -13
right_child=1 2 7 4 -6 6 -8 8 10 -11 -12 13 -14 -15
leaf_value=0.0030501415772384256 -0.0086483849145087728 -0.016797642398479529 -0.0065264354580512754 0.033230303480876605 0.0086790066998473255 -0.0049698858936585936 0.003752298897502854 -0.00035693953441884156 0.012278441362643217 0.044772321616320589 -0.01141201001791553 0.040624800052759646 -0.0020153407232710602 0.011423601031849591
leaf_weight=1890.9726300667971 1688.4744072388858 216.22376176528633 709.64467124640942 134.97303999774158 355.44597963616252 2413.7000168636441 1238.0799635816365 1666.6937584262341 392.85654277354479 18.622858611866832 124.51843561604619 53.841784365475178 561.51341740973294 904.87114552408457
leaf_count=24414 82188 12923 23814 1184 5330 93653 25590 61367 5152 727 2173 972 17588 20927
internal_value=-0.000149089 -0.00151988 0.00145642 0.00560086 0.015436 -0.0041108 -0.00201276 0.00234687 0.00383347 -0.00521465 0.0072611 0.00847649 0.00386855 0.0130636
internal_weight=12370.4 9989.04 4648.79 2381.39 490.419 5340.25 3651.78 4432.56 3704.3 728.268 2037.6 1913.08 954.37 958.713
internal_count=378002 347074 145643 30928 6514 201431 119243 132720 108179 24541 46812 44639 22740 21899
is_linear=0
shrinkage=0.03


Tree=61
num_leaves=15
num_cat=0
split_feature=3 6 7 0 4 0 9 9 7 12 7 9 12 8
split_gain=130.776 78.12 74.0993 56.548 44.2262 58.7323 58.3057 53.9485 51.5251 40.0378 60.3392 39.4481 76.2244 65.5399
threshold=6939.5461425781259 1.5000000000000002 0.0056861259508878001 734.50000000000011 5.5000000000000009 816.50000000000011 53.500000000000007 10.500000000000002 0.030772473663091663 12744.500000000002 0.028553660027682785 8.5000000000000018 70493.000000000015 9231.5000000000018
decision_type=2 2 2 2 2 2 2 2 2 2 2 2 2 2
left_child=4 9 -3 -4 7 6 -6 -1 -9 -2 -11 12 -5 -14
right_child=1 2 3 11 5 -7 -8 8 -10 10 -12 -13 13 -15
leaf_value=0.00153755189235145 -0.0097645603956319355 -0.017338921520847889 -0.017143705265361502 0.014132393598845586 -0.015397396784054797 0.027890763362727364 0.00095149212200439938 0.0015071990457915868 0.011649708615651075 -0.0077300828631879492 -0.0003838578169848979 0.0037638299090193084 0.22927489037522397 0.035198918992641076
leaf_weight=1881.2590461373329 1011.3436066750437 154.95497322827578 104.67414308153093 228.81572059728205 264.02392508462071 57.591846069321036 765.67133940756321 651.78569824621081 1461.773965453729 1607.1117864530534 2691.517190111801 1490.9413454104215 2.7631473354995242 3.6147489752620459
leaf_count=46118 51279 9592 3619 9424 8086 967 11257 12816 16582 69533 92957 45789 83 117
internal_value=7.81191e-05 -0.00249553 0.0025808 0.00426676 0.00377278 -0.00159155 -0.00324052 0.00523281 0.00852193 -0.00439392 -0.00313036 0.0055651 0.0169837 0.11928
internal_weight=12377.8 7295.74 1985.76 1830.81 5082.11 1087.29 1029.7 3994.82 2113.56 5309.97 4298.63 1726.13 235.194 6.3779
internal_count=378219 282393 68624 59032 95826 20310 19343 75516 29398 213769 162490 55413 9624 200
is_linear=0
shrinkage=0.03


Tree=62
num_leaves=15
num_cat=0
split_feature=7 9 9 7 9 6 6 4 2 4 9 7 7 2
split_gain=130.9 96.554 65.6558 58.4286 58.0194 68.7608 54.9481 71.2874 49.2024 48.0597 45.5866 44.942 42.4248 44.9603
threshold=0.095247998833656325 4.5000000000000009 93.500000000000014 0.014803769532591106 88.500000000000014 3.5000000000000004 1.0000000180025095e-35 5.5000000000000009 38.500000000000007 10.500000000000002 11.500000000000002 0.15687003731727603 0.029127937741577629 143.50000000000003
decision_type=2 2 2 2 2 2 2 2 2 2 2 2 2 2
left_child=3 -2 4 -1 9 -6 8 -8 -5 10 -3 -4 13 -9
right_child=1 2 11 6 5 -7 7 12 -10 -11 -12 -13 -14 -15
leaf_value=-0.0072737580092987007 -0.0024400245298073111 0.0037901112962454428 0.0030705120443847386 0.0022614445323775887 0.014591108014001129 0.07570838674750531 0.004669547851376468 -0.0070121755231375722 -0.0068747708260017068 -0.019670192341574334 0.012499338065784836 -0.012776628534895565 -0.011000763078211408 0.026649727705138248
leaf_weight=1924.0628439011052 1689.4096106477082 910.73087169229984 941.13279477506876 743.12285228818655 48.942767895758152 25.045479815453291 2003.4194251261652 83.376166174188256 1854.2770402953029 54.029499866068363 1332.0248633343726 194.3168655410409 496.03287570551038 62.463910842314363
leaf_count=85497 61889 22459 11106 15644 462 179 60290 2522 84135 770 13754 2350 14588 2193
internal_value=-0.000173954 0.00345166 0.00629046 -0.00280239 0.0091315 0.0352797 -0.0011614 0.00188195 -0.00426088 0.00828916 0.00896272 0.000358488 -0.0068187 0.00740536
internal_weight=12362.4 5195.63 3506.22 7166.76 2370.77 73.9882 5242.69 2645.29 2597.4 2296.79 2242.76 1135.45 641.873 145.84
internal_count=377838 112969 51080 264869 37624 641 179372 79593 99779 36983 36213 13456 19303 4715
is_linear=0
shrinkage=0.03


Tree=63
num_leaves=15
num_cat=0
split_feature=2 6 7 0 7 12 8 4 8 0 8 9 6 0
split_gain=107.378 78.3193 65.0605 46.7151 40.2838 34.4939 32.2385 30.8573 43.1413 78.1166 57.8656 64.8653 44.1768 38.6367
threshold=54.500000000000007 1.0000000180025095e-35 0.0056861259508878001 549.50000000000011 0.02127883676439524 2786747.0000000005 9023.5000000000018 11.500000000000002 23.500000000000004 1.0000000180025095e-35 1979.5000000000002 46.500000000000007 1.0000000180025095e-35 2.5000000000000004
decision_type=2 2 2 2 2 2 2 2 2 2 2 2 2 2
left_child=5 -2 -3 -4 -5 7 -7 8 9 -1 11 -10 -11 -13
right_child=1 2 3 4 -6 6 -8 -9 10 12 -12 13 -14 -15
leaf_value=-0.00095737201043997176 -0.0054311014292860735 -0.016309412754365551 -0.016618298412401405 -0.0015782343293583132 0.0051732017065409521 0.15965905828958427 0.030721332284220051 -0.0052583763028009782 -0.0069859014649641567 0.024689833876688248 0.0048452230939841859 -0.0026046337966709873 0.0091316222930686308 0.022284845096373664
leaf_weight=439.15815549716353 3767.3422996290028 190.32557554263622 120.65969284810126 1353.7777860853821 1928.3819619584829 2.1877145394682875 8.6291180327534658 362.70284465700388 905.64427549671382 270.21881418675184 2377.5753558557481 102.93687903881073 418.86462496966124 123.44985614344478
leaf_count=6094 163550 11988 4344 52876 52510 35 96 6930 27041 2322 44371 1123 3025 1768
internal_value=-0.000102763 -0.00240891 0.0007598 0.00171451 0.00238847 0.00328441 0.0567991 0.00316865 0.00382769 0.00893083 0.00218717 -0.00339548 0.0152327 0.0109677
internal_weight=12371.9 7360.49 3593.15 3402.82 3282.16 5011.37 10.8168 5000.55 4637.85 1128.24 3509.61 1132.03 689.083 226.387
internal_count=378073 285268 121718 109730 105386 92805 131 92674 85744 11441 74303 29932 5347 2891
is_linear=0
shrinkage=0.03


Tree=64
num_leaves=15
num_cat=0
split_feature=1 3 12 7 9 1 9 9 8 8 0 3 2 12
split_gain=109.598 85.5554 82.5919 85.6161 68.421 51.8444 51.4274 68.7928 67.7985 49.6282 53.3372 47.0096 46.2264 40.6269
threshold=11.500000000000002 100.0279998779297 54364.000000000007 0.034527704119682319 8.5000000000000018 1.5000000000000002 13.500000000000002 103.50000000000001 7344.5000000000009 7672.5000000000009 1072.5000000000002 6939.5461425781259 98.500000000000014 55862.000000000007
decision_type=2 2 2 2 2 2 2 2 2 2 2 2 2 2
left_child=1 -1 -2 -4 11 -3 -6 8 12 10 -10 13 -8 -5
right_child=2 5 3 4 6 -7 7 -9 9 -11 -12 -13 -14 -15
leaf_value=0.0016775090306157157 -0.0045501298521411502 0.027180898796340402 -0.0023937421241821064 0.19114188026419365 -0.0079331208589094142 0.0093904473977091032 0.01124058009070839 -0.0017182816856152812 0.031610869696748797 0.015530014398642858 0.10717781178780467 0.017600214667958792 -0.0027958736383193253 0.052081287770829765
leaf_weight=1599.5434004906565 4316.3796712365001 193.68538699299097 3082.890886683017 2.1606692597270039 301.35741731896996 617.24354454874992 454.67996763624251 773.45014570653439 42.4872608166188 373.03326155431569 10.479892117902635 174.31128596141934 394.27013004571199 15.139152988791464
leaf_count=20851 186037 1106 111292 76 10682 8964 6405 9948 799 5575 170 6628 8917 482
internal_value=-3.70867e-05 0.00570178 -0.00142869 0.00096689 0.00504361 0.0136396 0.00363795 0.00534027 0.00962235 0.0193884 0.0465623 0.0222815 0.00472176 0.0694493
internal_weight=12351.1 2410.47 9940.64 5624.26 2541.37 810.929 2349.76 2048.4 1274.95 426 52.9672 191.611 848.95 17.2998
internal_count=377932 30921 347011 160974 49682 10070 42496 31814 21866 6544 969 7186 15322 558
is_linear=0
shrinkage=0.03


Tree=65
num_leaves=15
num_cat=0
split_feature=7 9 0 3 12 8 9 6 7 1 9 7 11 11
split_gain=102.687 91.6417 49.1047 71.4019 49.3531 41.1396 40.9402 48.7558 44.2969 40.8913 40.0982 94.0109 37.8885 37.6033
threshold=0.095247998833656325 3.5000000000000004 69.500000000000014 724.55349731445324 63135.500000000007 9755.5000000000018 103.50000000000001 14.500000000000002 0.17193329334259036 7.5000000000000009 8.5000000000000018 0.028553660027682785 9109.5000000000018 1818.5000000000002
decision_type=2 2 2 2 2 2 2 2 2 2 2 2 2 2
left_child=2 -2 3 -1 -4 6 7 -3 -8 -5 11 -6 -13 -11
right_child=1 5 4 9 10 -7 8 -9 -10 13 -12 12 -14 -15
leaf_value=0.0013319657845935653 -0.0034307346855511817 0.006951661630244417 -0.0065759787416416488 0.067696941005424033 -0.0050210241772359176 0.038865173594143092 0.00209207151329017 0.078120970275151955 -0.019931794654022041 -0.021777307599368825 -0.0019275968477076681 0.01056438103654872 0.049366843876977977 0.03035130149830852
leaf_weight=808.73801738768816 1388.8060186058283 2755.594524892047 2501.4048298662528 19.580239076167345 135.50581650808454 33.104685580357909 935.26013362780213 8.6906129345297796 90.110856745392084 15.989787943661211 3509.2684528585523 37.574878944084048 57.011412737891078 56.324598366394639
leaf_count=12792 53137 47208 122636 226 6613 480 11141 47 1052 471 118267 1382 1792 710
internal_value=-3.24708e-05 0.00316938 -0.00236908 0.00417933 -0.00331411 0.0055672 0.00527632 0.00717541 0.000156587 0.0292382 -0.00113212 0.0110002 0.0339524 0.0188249
internal_weight=12353 5211.57 7141.4 900.633 6240.77 3822.76 3789.66 2764.29 1025.37 91.8946 3739.36 230.092 94.5863 72.3144
internal_count=377954 113065 264889 14199 250690 59928 59448 47255 12193 1407 128054 9787 3174 1181
is_linear=0
shrinkage=0.03


Tree=66
num_leaves=15
num_cat=0
split_feature=7 9 9 11 7 7 4 6 12 6 11 2 4 8
split_gain=117.504 96.1464 57.8641 98.4398 46.6588 44.8303 41.1515 42.2981 48.2158 39.8419 51.6506 48.1622 36.6379 36.5575
threshold=0.095247998833656325 2.5000000000000004 42.500000000000007 71.500000000000014 0.024311616085469726 0.014803769532591106 14.500000000000002 7.5000000000000009 1920.5000000000002 1.0000000180025095e-35 2193.5000000000005 40.500000000000007 3.5000000000000004 7176.5000000000009
decision_type=2 2 2 2 2 2 2 2 2 2 2 2 2 2
left_child=2 -2 5 4 -4 -1 7 -3 -9 -7 12 -12 -11 -13
right_child=1 6 3 -5 -6 9 -8 8 -10 10 11 13 -14 -15
leaf_value=-0.0084835837009146608 -0.0048483749650667946 0.0056402154139184027 -0.018270575798333161 0.0011170479896026604 0.055636539645043455 -0.0049817888614145153 -0.0081493353634592269 -0.013648800929234924 0.054508853417004281 0.003744000562085585 0.018000719388774695 -0.0034766036920244282 -0.017225816686651286 0.0067429401118723337
leaf_weight=1500.9177282461897 1048.434526367113 3934.3726430423558 9.3220278024673444 1442.893550414592 43.853767264634371 2359.286402862519 194.80703126825392 13.150744268670676 32.24631086550653 116.25160279031843 178.52707014419138 666.39702389389277 211.25272013805807 597.4914020318538
leaf_count=72597 41463 67899 77 37151 234 95169 3234 92 268 3288 2989 27064 8000 18783
internal_value=-0.00014456 0.00327362 -0.00264986 0.00259435 0.0426802 -0.00404338 0.00531344 0.00597244 0.0347648 -0.00242941 0.000972875 0.00341487 -0.00978233 0.00135459
internal_weight=12349.2 5223.01 7126.19 1496.07 53.1758 5630.12 4174.58 3979.77 45.3971 4129.21 1769.92 1442.42 327.504 1263.89
internal_count=378308 112956 265352 37462 311 227890 71493 68259 360 155293 60124 48836 11288 45847
is_linear=0
shrinkage=0.03


Tree=67
num_leaves=15
num_cat=0
split_feature=2 6 7 0 1 12 7 12 4 9 9 1 8 0
split_gain=91.3123 75.9036 67.6196 45.7931 42.8224 54.0053 37.0468 52.1332 35.5609 49.7853 46.1621 42.5625 83.8687 79.8288
threshold=56.500000000000007 1.5000000000000002 0.0056861259508878001 806.50000000000011 42.500000000000007 643351.00000000012 0.12246135249733926 12744.500000000002 6.5000000000000009 54.500000000000007 58.500000000000007 3.5000000000000004 1979.5000000000002 2.5000000000000004
decision_type=2 2 2 2 2 2 2 2 2 2 2 2 2 2
left_child=4 6 -3 -4 8 -6 -2 -8 11 -10 -11 13 -13 -1
right_child=1 2 3 -5 5 -7 7 -9 9 10 -12 12 -14 -15
leaf_value=0.0050382968152293175 -0.0054394960913436135 -0.016450957107556962 -0.0083921627591757742 0.0063730268839887723 0.013690485566178962 0.076002078264758424 -0.0078554710042945276 0.0038146289860580065 -0.016568744293787706 0.049826485209086981 -0.00014889249851486049 -0.0068797411431037632 0.0050132353999698632 0.02448636395455521
leaf_weight=996.09888431429863 3695.2951183551922 147.59868223126978 213.95020171999931 1623.9981556553394 96.142866646870971 14.392098205164073 508.40273854695261 1068.7282398808748 182.11745153646916 17.072679813951254 648.50983577780426 708.44888979848474 2162.9418587759137 234.71371294185519
leaf_count=10298 162375 9670 7130 52045 3363 131 24392 27969 5961 235 9753 22732 39690 1767
internal_value=0.000242783 -0.00191394 0.00308537 0.00465425 0.00333608 0.0218037 -0.00379664 5.26645e-05 0.00292369 -0.00266998 0.00113301 0.00407959 0.00207892 0.00874701
internal_weight=12318.4 7257.97 1985.55 1837.95 5060.44 110.535 5272.43 1577.13 4949.9 847.7 665.583 4102.2 2871.39 1230.81
internal_count=377511 283581 68845 59175 93930 3494 214736 52361 90436 15949 9988 74487 62422 12065
is_linear=0
shrinkage=0.03


Tree=68
num_leaves=15
num_cat=0
split_feature=3 6 7 7 12 0 9 4 4 8 8 0 9 8
split_gain=95.9832 61.6767 65.7166 36.14 44.5291 33.2757 39.5308 31.0174 30.8956 44.5423 60.322 57.8157 38.6415 36.1994
threshold=6939.5461425781259 1.5000000000000002 0.0056861259508878001 0.029416977427899841 13629.500000000002 754.50000000000011 8.5000000000000018 4.5000000000000009 6.5000000000000009 23.500000000000004 1979.5000000000002 1.5000000000000002 54.500000000000007 2550.5000000000005
decision_type=2 2 2 2 2 2 2 2 2 2 2 2 2 2
left_child=8 3 -3 -2 7 -4 -7 -5 9 11 -11 -1 -10 -12
right_child=1 2 5 4 -6 6 -8 -9 12 10 13 -13 -14 -15
leaf_value=0.0051910297527554871 -0.0075254068889414969 -0.017282294024512541 -0.011285504404165588 -0.0089030413194139558 -0.0003848494449366492 0.016209524982136264 0.0029327920841152591 0.070715497063213714 -0.014465554311062508 -0.0038620791602562393 0.014363274907262257 0.02174237988980076 0.0010798847448735081 0.0035147090782601475
leaf_weight=689.80993330106139 1813.2664729217067 145.60741148795933 124.98042655643076 798.34992106631398 2611.0721533168107 233.85251412540674 1474.1506240153685 4.4281401988118878 182.0253894329071 979.06756826117635 321.38839746732265 262.11742091923952 687.26043829135597 1996.2413434525952
leaf_count=7397 84235 9682 4382 39810 89623 9424 45057 159 6168 25700 5240 1792 10279 39092
internal_value=-0.000163736 -0.00239504 0.00211621 -0.00410265 -0.00228466 0.00365718 0.00475059 -0.00846386 0.0029778 0.00403214 0.00238152 0.00974852 -0.00217528 0.00501909
internal_weight=12323.6 7205.71 1978.59 5227.12 3413.85 1832.98 1708 802.778 5117.91 4248.62 3296.7 951.927 869.286 2317.63
internal_count=378040 282372 68545 213827 129592 58863 54481 39969 95668 79221 70032 9189 16447 44332
is_linear=0
shrinkage=0.03


Tree=69
num_leaves=15
num_cat=0
split_feature=1 2 12 9 7 7 4 8 3 12 9 4 3 9
split_gain=87.0898 71.5519 58.7733 57.7066 51.8795 36.9304 46.0274 43.8077 43.7109 36.8792 35.0062 30.5519 30.1988 37.6755
threshold=11.500000000000002 1.0000000180025095e-35 70493.000000000015 8.5000000000000018 0.097576983273029341 0.029416977427899841 1.0000000180025095e-35 6595.5000000000009 27659.520507812504 124834.50000000001 103.50000000000001 5.5000000000000009 503.94200134277349 42.500000000000007
decision_type=2 2 2 2 2 2 2 2 2 2 2 2 2 2
left_child=1 11 5 -4 -5 -2 -7 -8 -9 12 -6 -1 13 -3
right_child=2 9 3 4 10 6 7 8 -10 -11 -12 -13 -14 -15
leaf_value=0.0020039841123820033 -0.0084348193704001512 0.0040711765243906101 0.022752706268801326 -0.0018051962953022356 0.0087615988345444706 -0.0070453016752599915 -0.002504967220607258 0.012660159173887079 -0.0030000593951480213 -0.005338696954037556 -0.00052453464883817416 -0.0095003570762702601 0.021272516944709084 0.015467306948758032
leaf_weight=706.11803623661399 1219.2754741990939 643.94673987105489 104.69911671057343 3404.3150943461806 875.69832102768123 1257.586258629337 1708.621278995648 409.77503175474703 263.60237733274698 143.67543721199036 626.92067512497306 294.36879443004727 204.07298824004829 439.13448351807892
leaf_count=9656 66404 7639 3398 114249 9611 58282 61446 15978 10396 1880 7081 5533 2727 3329
internal_value=-0.000312205 0.00477371 -0.00156498 0.000714419 0.000244189 -0.00391604 -0.00240223 4.90991e-05 0.00652976 0.00907722 0.00488725 -0.00138089 0.0106864 0.00869173
internal_weight=12301.8 2431.32 9870.49 5011.63 4906.93 4858.86 3639.58 2382 673.377 1430.83 1502.62 1000.49 1287.15 1083.08
internal_count=377609 30764 346845 134339 130941 212506 146102 87820 26374 15575 16692 15189 13695 10968
is_linear=0
shrinkage=0.03


Tree=70
num_leaves=15
num_cat=0
split_feature=7 9 6 8 2 8 12 10 6 4 11 3 11 1
split_gain=88.0908 84.8084 45.5139 111.537 111.922 82.3618 88.4574 79.3546 53.2787 47.0132 32.1243 32.6951 32.0012 53.8697
threshold=0.018303121440112594 1.5000000000000002 1.0000000180025095e-35 57.500000000000007 1.0000000180025095e-35 6295.5000000000009 17438.500000000004 39.388044357299812 4.5000000000000009 11.500000000000002 1995.5000000000002 9556.7656250000018 4003.5000000000005 42.500000000000007
decision_type=2 2 2 2 2 2 2 2 2 2 2 2 2 2
left_child=-1 -2 3 4 -3 9 8 -8 -7 12 -5 -12 13 -4
right_child=1 2 5 10 -6 6 7 -9 -10 -11 11 -13 -14 -15
leaf_value=-0.0051277165719036408 -0.0078271455817823278 0.0040382253820900049 0.0045023499521038507 -0.0095306392095463113 0.032070981941289566 0.052937542609635978 0.032357472365865475 0.0068901953103851568 0.32086633793080616 -0.0077018162739360095 0.0028223012180014148 -0.0029596403600590402 -0.0022888586659791086 0.039583917834231472
leaf_weight=2456.0693287141621 851.25758761540055 467.71178439259529 1635.7700108774006 422.53186277113855 176.57293508574367 33.189305495470762 121.25798368453979 1198.368992857635 0.68169002048671146 428.21929878927767 1402.2520094681531 2364.1952881738544 700.30488915368915 40.366036955267191
leaf_count=106782 37981 6034 31690 12941 937 995 2280 28476 19 8611 27554 93494 18348 1519
internal_value=-4.5042e-05 0.00122325 0.00208009 0.000100347 0.0117209 0.00438126 0.010459 0.00923033 0.0583299 0.00144819 -0.00168695 -0.000807018 0.00309697 0.00534721
internal_weight=12298.7 9842.68 8991.42 4833.26 644.285 4158.16 1353.5 1319.63 33.871 2804.66 4188.98 3766.45 2376.44 1676.14
internal_count=377661 270879 232898 140960 6971 91938 31770 30756 1014 60168 133989 121048 51557 33209
is_linear=0
shrinkage=0.03


Tree=71
num_leaves=15
num_cat=0
split_feature=3 6 7 0 12 8 4 7 8 8 0 7 9 8
split_gain=71.4435 66.5852 68.087 37.7165 28.8901 50.4981 36.0254 31.8277 38.7554 36.2766 52.6826 46.3634 83.1386 43.244
threshold=6939.5461425781259 1.0000000180025095e-35 0.0056861259508878001 549.50000000000011 2786747.0000000005 9023.5000000000018 11.500000000000002 0.022166866809129718 9201.5000000000018 23.500000000000004 2.5000000000000004 0.037743763998150832 44.500000000000007 1979.5000000000002
decision_type=2 2 2 2 2 2 2 2 2 2 2 2 2 2
left_child=4 -2 -3 -4 6 -6 7 -1 9 10 11 12 -9 -11
right_child=1 2 3 -5 5 -7 -8 8 -10 13 -12 -13 -14 -15
leaf_value=-0.0025623082030994371 -0.0048691051559562005 -0.01722909185163406 -0.015885274470043485 0.002440218860342248 0.15243335945233966 0.016431847062493829 -0.0066280916348783227 -0.013129856620566016 0.024080283655071838 -0.0030171488686141722 0.025474571507729193 0.0039719611961304014 0.054005179813617084 0.0047216090935690075
leaf_weight=734.11577272415161 3641.9438624391332 176.85045471228659 104.32556702569127 3248.39593451377 3.0756493583321562 12.21862645447254 362.52091713622212 26.355310972779989 86.614543108269572 996.41251908056438 142.60573685914278 861.2143901437521 44.857974048703909 1868.5636094771326
leaf_count=18936 161905 11980 3843 104485 42 133 7007 366 2092 26261 922 8876 239 30952
internal_value=-8.87577e-05 -0.00202334 0.000913024 0.00186999 0.0026112 0.0437815 0.0024883 0.00318249 0.00422986 0.00379348 0.00849281 0.00589561 0.0291592 0.00203014
internal_weight=12310.1 7171.52 3529.57 3352.72 5138.56 15.2943 5123.26 4760.74 4026.62 3940.01 1075.03 932.428 71.2133 2864.98
internal_count=378039 282213 120308 108328 95826 175 95651 88644 69708 67616 10403 9481 605 57213
is_linear=0
shrinkage=0.03


Tree=72
num_leaves=15
num_cat=0
split_feature=7 9 6 8 2 4 8 7 8 12 10 8 9 8
split_gain=81.5604 82.5064 46.1113 108.931 100.644 59.9896 43.882 38.7256 51.5525 48.8111 40.2674 33.4874 33.1041 31.3848
threshold=0.014803769532591106 1.5000000000000002 1.0000000180025095e-35 57.500000000000007 1.0000000180025095e-35 5.5000000000000009 3255.5000000000005 0.028175028041005138 7407.5000000000009 17094.500000000004 47.276037216186531 7596.5000000000009 314.50000000000006 9665.5000000000018
decision_type=2 2 2 2 2 2 2 2 2 2 2 2 2 2
left_child=-1 -2 3 4 -3 7 -7 -4 -9 10 -10 -12 -8 -11
right_child=1 2 5 -5 -6 6 12 8 9 13 11 -13 -14 -15
leaf_value=-0.0059678536344080248 -0.0080472198860861328 0.0038298127295428347 0.0015271985101065286 -0.0020334140604401454 0.030205288604224716 -0.0063925691424197685 0.0078028128241293647 0.0059169387285778457 0.037222688099089143 0.012992927468698135 -0.031255803977705603 0.16987372175974386 -0.0079289567163134747 0.042841730237523537
leaf_weight=1854.386545159854 858.97391713690013 470.91195398569107 1076.4183957669884 4366.0607746737078 179.96530142053962 732.30239610094577 524.10965067148209 1586.0899673234671 13.568518403917553 434.9410417471081 0.90004392713308234 4.3257053885608912 156.28087163344026 34.196148378774524
leaf_count=85402 38881 6052 31927 141829 943 16520 10269 33305 348 8901 24 116 2626 650
internal_value=-0.000170167 0.000859731 0.00165835 -0.000326614 0.0111225 0.00384072 -0.00129604 0.0061441 0.00854028 0.0170678 0.0644744 0.135233 0.00418934 0.0151687
internal_weight=12293.4 10439 9580.07 5016.94 650.877 4563.13 1412.69 3150.44 2074.02 487.931 18.7943 5.22575 680.391 469.137
internal_count=377793 292391 253510 148824 6995 104686 29415 75271 43344 10039 488 140 12895 9551
is_linear=0
shrinkage=0.03


Tree=73
num_leaves=15
num_cat=0
split_feature=9 7 9 8 11 7 7 6 7 6 8 12 9 1
split_gain=72.5632 57.0862 61.2991 56.6229 51.4921 47.4748 43.394 40.2378 72.5317 39.8859 37.9189 37.8605 37.4228 34.8942
threshold=10.500000000000002 0.095247998833656325 93.500000000000014 14.500000000000002 2193.5000000000005 0.15687003731727603 0.0068349780049175033 1.0000000180025095e-35 0.0070644598454236993 8.5000000000000018 2.5000000000000004 725.00000000000011 44.500000000000007 12.500000000000002
decision_type=2 2 2 2 2 2 2 2 2 2 2 2 2 2
left_child=7 3 9 10 -5 -4 -6 13 -9 -3 -2 -11 -12 -1
right_child=1 2 5 4 6 -7 -8 8 -10 11 12 -13 -14 -15
leaf_value=0.0024286798636898696 -0.0079604685727346861 0.0087694363655026527 0.0030068902300111528 -0.010650584040851925 0.020677111280682815 -0.013209142063816664 -0.00015586919917775252 -0.014475449504910297 0.0039525566750152775 -0.019364778112505466 0.0023595890562026693 0.068478906182485727 0.036951841475734798 -0.0054628245007073521
leaf_weight=599.44050178863108 41.110704611986876 1545.3845784272999 963.78955908864737 426.09278850443661 92.377063788473606 195.43479566276073 3474.9511534357443 222.68542055413127 1405.37933699321 5.8005721643567112 42.568429805338383 18.496682781726122 83.076449926942587 3176.8190679140389
leaf_count=9325 612 16123 11161 12830 3286 2338 108538 14731 45514 36 499 118 1056 151612
internal_value=9.18445e-05 0.00213327 0.00550511 -7.85238e-05 -0.000793727 0.000273013 0.000383607 -0.00251043 0.00143199 0.00936907 0.017049 0.0475077 0.025232 -0.00421013
internal_weight=12293.4 6889.08 2728.91 4160.18 3993.42 1159.22 3567.33 5404.32 1628.06 1569.68 166.756 24.2973 125.645 3776.26
internal_count=377779 156597 29776 126821 124654 13499 111824 221182 60245 16277 2167 154 1555 160937
is_linear=0
shrinkage=0.03


Tree=74
num_leaves=15
num_cat=0
split_feature=7 9 9 7 9 11 6 7 11 12 6 8 6 4
split_gain=78.7977 64.6512 44.7814 42.8315 41.3312 69.0859 40.7615 31.1607 31.0364 66.5276 63.7928 39.6652 32.6244 30.1068
threshold=0.095247998833656325 5.5000000000000009 93.500000000000014 0.15687003731727603 42.500000000000007 71.500000000000014 11.500000000000002 0.014803769532591106 8372.5000000000018 37105.500000000007 4.5000000000000009 8770.5000000000018 1.5000000000000002 20.500000000000004
decision_type=2 2 2 2 2 2 2 2 2 2 2 2 2 2
left_child=4 -2 6 13 7 -6 -3 -1 -9 10 11 -10 -11 -4
right_child=1 2 3 -5 5 -7 -8 8 9 12 -12 -13 -14 -15
leaf_value=-0.0071257432393216245 -0.0017109033058135608 0.0074428421081971612 0.0045586991441494548 -0.012342529949035308 0.036994032349035505 0.0010769165998102842 0.062666947246694069 -0.0036185365677450358 0.0082602932669640396 0.0042964304754097389 0.28125382724416553 -0.01813814213654226 0.023202469456695646 -0.015566328110443083
leaf_weight=1450.8625164786354 1903.787326136604 2168.7780130188912 892.56903273239732 195.68991734832525 49.864962566643953 1441.7895685322583 12.096238676458595 2970.2135943640023 68.630817974917591 764.45354450121522 0.67181986197829147 202.00412984844297 92.035411706194282 72.322138212621212
leaf_count=72610 68880 30401 9751 2379 293 37087 64 108739 3557 29289 18 10859 2591 1375
internal_value=-8.19312e-05 0.0027016 0.00521562 0.000454819 -0.00215568 0.0022776 0.00774914 -0.00334745 -0.00200977 0.00222713 -0.0107189 -0.0114437 0.00632801 0.00305025
internal_weight=12285.8 5245.24 3341.46 1160.58 7040.53 1491.65 2180.87 5548.87 4098.01 1127.8 271.307 270.635 856.489 964.891
internal_count=377893 112850 43970 13505 265043 37380 30465 227663 155053 46314 14434 14416 31880 11126
is_linear=0
shrinkage=0.03


Tree=75
num_leaves=15
num_cat=0
split_feature=9 7 8 10 0 3 7 11 9 1 12 7 12 6
split_gain=60.3407 72.5979 55.4858 65.4455 41.7999 79.5391 34.3649 36.5759 52.7799 53.8289 179.443 201.343 43.5711 37.6205
threshold=3.5000000000000004 0.014803769532591106 9087.5000000000018 26.925265312194828 47.500000000000007 400.09950256347662 0.097576983273029341 2193.5000000000005 4.5000000000000009 26.500000000000004 5359.5000000000009 0.047653455287218101 21650.500000000004 7.5000000000000009
decision_type=2 2 2 2 2 2 2 2 2 2 2 2 2 2
left_child=-1 -2 4 -4 5 -3 7 8 9 10 -6 -12 13 -9
right_child=1 2 3 -5 6 -7 -8 12 -10 -11 11 -13 -14 -15
leaf_value=-0.0044462071994217974 -0.0053223897178311811 0.0028870920503722463 0.050561019282902714 0.0072112955746283054 0.014979499386166821 0.023574839881413023 0.0026603376469273039 0.016087723729086179 -0.015719076231067084 -0.006065055149190487 0.72139063178194873 0.045127810561615599 -0.0018999246369920063 0.19600291483803312
leaf_weight=2357.829101187177 1444.6711168251932 1764.6529020294547 32.40538115426898 956.63372173719108 4.573809001594781 184.77574527449906 2189.2409899234772 102.14174129720777 262.16654606536031 8.5353736318647844 0.79748178645968415 0.78750610537827015 2960.2004259545356 1.056823257356881
leaf_count=104804 65003 21153 499 26346 160 2335 40591 4005 11447 405 31 28 101073 44
internal_value=-0.000132661 0.000893363 0.0019538 0.00863163 0.0010707 0.00484797 -0.000260983 -0.00217565 -0.012618 0.0427095 0.110305 0.385387 -0.0012319 0.0179302
internal_weight=12270.5 9912.64 8467.97 989.039 7478.93 1949.43 5529.5 3340.26 276.861 14.6942 6.1588 1.58499 3063.4 103.199
internal_count=377924 273120 208117 26845 181272 23488 157784 117193 12071 624 219 59 105122 4049
is_linear=0
shrinkage=0.03


Tree=76
num_leaves=15
num_cat=0
split_feature=2 6 7 4 9 9 7 8 7 9 3 7 9 9
split_gain=69.334 63.914 49.16 39.4687 57.6848 50.7349 39.5121 59.0184 42.5845 45.6674 46.0395 39.5056 60.5165 48.3822
threshold=56.500000000000007 1.0000000180025095e-35 0.0056861259508878001 3.5000000000000004 42.500000000000007 10.500000000000002 0.014608417171984913 9201.5000000000018 0.019611102528870109 19.500000000000004 6176.5871582031259 0.1858543008565903 93.500000000000014 85.500000000000014
decision_type=2 2 2 2 2 2 2 2 2 2 2 2 2 2
left_child=3 -2 -3 5 -5 -1 -7 -8 9 -9 -11 12 13 -6
right_child=1 2 -4 4 11 6 7 8 -10 10 -12 -13 -14 -15
leaf_value=0.0013863343583374421 -0.0045418104611086689 -0.014658673735197926 0.0019106388597580231 -0.0097196119651366038 0.0090329524343724724 -0.0053892249913455176 0.009516789903656106 0.02856204003933429 0.032571350456260167 0.13220632537978994 0.38924060057775023 -0.017223479981848422 -0.00077971316353483879 0.038196370651129692
leaf_weight=1791.7008578088135 3612.4615679457784 169.20072071347386 3389.3628616072237 473.26641841139644 344.34039730578661 156.89241139777005 1313.7952130101621 3.0224976409226647 26.504337053745985 3.1194868125021462 0.78500530682504166 85.591752711683512 831.0905049238354 60.139500364661217
leaf_count=42878 162641 12020 109107 13314 4506 3726 15965 102 409 82 23 857 11640 537
internal_value=0.000169876 -0.00173079 0.00112281 0.00284749 -0.000732626 0.0047967 0.00885912 0.0105184 0.0498808 0.116111 0.183884 0.00248669 0.00385207 0.0133691
internal_weight=12261.3 7171.03 3558.56 5090.25 1794.43 3295.82 1504.12 1347.23 33.4313 6.92699 3.90449 1321.16 1235.57 404.48
internal_count=377807 283768 121127 94039 30854 63185 20307 16581 616 207 105 17540 16683 5043
is_linear=0
shrinkage=0.03


Tree=77
num_leaves=15
num_cat=0
split_feature=2 6 7 0 0 1 0 8 11 0 9 0 1 7
split_gain=69.4387 67.2476 46.6877 39.5473 28.2139 51.1333 124.697 59.6918 42.3353 37.4546 36.8735 36.7166 40.451 41.0819
threshold=54.500000000000007 1.0000000180025095e-35 0.0056861259508878001 549.50000000000011 1.0000000180025095e-35 1.5000000000000002 4.5000000000000009 2095.5000000000005 2491.5000000000005 1.5000000000000002 17.500000000000004 10.500000000000002 22.500000000000004 0.1926996782422066
decision_type=2 2 2 2 2 2 2 2 2 2 2 2 2 2
left_child=4 -2 -3 -4 -1 6 9 11 10 -6 -9 -7 -13 -14
right_child=1 2 3 -5 5 7 -8 8 -10 -11 -12 12 13 -15
leaf_value=-0.0036436237671818904 -0.0048579106840328954 -0.014507979769517784 -0.015788119152067258 0.0023044836463511271 0.0030466510323017264 0.0045223500789618246 0.058799707161174546 0.026194828644269023 0.0033212085544642384 0.017697464162481732 0.0013930105206015821 -0.011674020755580619 -0.005856147033631692 0.018431167122295769
leaf_weight=574.89786180108786 3608.8929127426818 167.66585205122828 112.44214477203786 3295.3028946211562 528.0294536575675 353.37550528906286 45.031582355499268 142.96654245816171 2281.4620353803039 223.52513501793146 86.646986950188875 558.91022800002247 187.32481564022601 94.201618865132332
leaf_count=8587 163245 12079 4299 105109 4988 3862 229 2054 41905 1507 1100 16938 8102 3547
internal_value=-7.11438e-05 -0.00196894 0.000947088 0.0017075 0.0026147 0.00341397 0.0103095 0.00193137 0.00455697 0.00740405 0.0168356 -0.00359135 -0.00700289 0.00227064
internal_weight=12260.7 7184.3 3575.41 3407.75 5076.37 4501.47 796.586 3704.89 2511.08 751.555 229.614 1193.81 840.437 281.526
internal_count=377551 284732 121487 109408 92819 84232 6724 77508 45059 6495 3154 32449 28587 11649
is_linear=0
shrinkage=0.03


Tree=78
num_leaves=15
num_cat=0
split_feature=7 9 9 11 7 4 6 9 9 12 11 9 1 12
split_gain=63.4137 48.6846 36.2874 66.0346 40.871 33.3998 39.0861 35.059 55.5996 34.8281 50.682 30.8787 35.5707 30.2981
threshold=0.095247998833656325 2.5000000000000004 42.500000000000007 71.500000000000014 0.030433002859354023 12.500000000000002 3.5000000000000004 56.500000000000007 94.500000000000014 615972.00000000012 3948.5000000000005 156.50000000000003 39.500000000000007 1560.5000000000002
decision_type=2 2 2 2 2 2 2 2 2 2 2 2 2 2
left_child=2 -2 -1 4 -4 6 -3 -8 13 -10 -11 12 -12 -9
right_child=1 5 3 -5 -6 -7 7 8 9 10 11 -13 -14 -15
leaf_value=-0.0029891303753281058 -0.0034051862130328246 0.0038573521940649283 -0.0079935224297569343 0.0010410983894707498 0.050160869152786065 -0.0065494838617432887 0.00044684839343133971 0.013997257613358126 -0.0098487008222718844 0.15433192340215568 0.13035864436254238 0.0059500516333975371 0.007868843596535743 0.059538372188933583
leaf_weight=5510.2234759647399 1014.9045735727996 3755.2265939190984 14.89553379639983 1449.1381531972438 40.312212664633989 258.06154525838792 78.299159929156303 18.501087460666895 42.527609400451183 2.7033575922250739 4.3639755472540838 30.603443004190922 4.175049252808094 45.438326317816973
leaf_count=227842 41364 64866 109 37131 206 4142 1092 110 402 25 40 290 38 352
internal_value=5.01617e-06 0.00249688 -0.0018617 0.00226791 0.0344703 0.00390965 0.00458751 0.016687 0.0252607 0.00927068 0.0287016 0.020025 0.0704688 0.0463609
internal_weight=12269.4 5254.8 7014.57 1504.35 55.2077 4239.9 3981.84 226.612 148.313 84.3734 41.8458 39.1425 8.53902 63.9394
internal_count=378009 112721 265288 37446 315 71357 67215 2349 1257 795 393 368 78 462
is_linear=0
shrinkage=0.03


Tree=79
num_leaves=15
num_cat=0
split_feature=7 9 11 4 6 8 3 8 12 0 3 7 0 9
split_gain=69.3515 61.0953 36.1696 31.6709 68.5753 64.5787 51.3173 35.2322 67.2012 67.3796 39.6503 30.1083 26.687 25.8481
threshold=0.018303121440112594 1.5000000000000002 7918.5000000000009 5.5000000000000009 1.5000000000000002 57.500000000000007 100.0279998779297 7810.5000000000009 16790.500000000004 963.50000000000011 20583.484375000004 0.021038182079792026 1.5000000000000002 11.500000000000002
decision_type=2 2 2 2 2 2 2 2 2 2 2 2 2 2
left_child=-1 2 -2 4 5 6 12 11 9 10 -9 -6 -3 -7
right_child=1 3 -4 -5 7 13 -8 8 -10 -11 -12 -13 -14 -15
leaf_value=-0.0045131220574324005 -0.002799941684094059 0.0031372948029729513 -0.016905288500428665 -0.0017988686938774422 -0.0083431449251948411 -0.0015280886295967982 0.030275172429330907 0.22757800920580404 0.017764787708741465 0.35628614862690311 -0.014530468018930612 0.0085570328938115066 0.016605841523290834 0.0027085333831902108
leaf_weight=2406.0557340160012 598.82702086679637 508.96468378975987 225.12204867973924 1709.1424076054245 106.01839972473681 3090.6265930756927 93.981263712048531 0.92681495845317829 222.90006355009973 1.0049439240247009 1.7742057554423807 902.51767774112523 178.95858230441809 2232.1554545592517
leaf_count=106932 25729 5422 12190 33560 3014 119252 512 23 4580 20 42 19476 1363 46003
internal_value=5.39519e-05 0.00116696 -0.00665385 0.00187908 0.00273552 0.00143119 0.00948176 0.00918219 0.0198713 0.146572 0.0685454 0.00678047 0.00664105 0.000248576
internal_weight=12279 9872.92 823.949 9048.97 7339.83 6104.69 781.905 1235.14 226.606 3.70596 2.70102 1008.54 687.923 5322.78
internal_count=378118 271186 37919 233267 199707 172552 7297 27155 4665 85 65 22490 6785 165255
is_linear=0
shrinkage=0.03


Tree=80
num_leaves=15
num_cat=0
split_feature=2 6 7 0 12 8 7 4 1 4 6 9 7 12
split_gain=59.0395 60.1899 45.6879 49.9654 37.9936 41.5591 32.8137 29.3846 45.4449 28.7888 29.5745 34.1775 29.7499 28.5901
threshold=54.500000000000007 1.5000000000000002 0.0056861259508878001 695.50000000000011 2786747.0000000005 9023.5000000000018 0.12246135249733926 11.500000000000002 42.500000000000007 18.500000000000004 6.5000000000000009 34.500000000000007 0.021859849803149704 45111.000000000007
decision_type=2 2 2 2 2 2 2 2 2 2 2 2 2 2
left_child=4 6 -3 -4 7 -6 13 -1 -9 10 12 -12 -5 -2
right_child=1 2 3 9 5 -7 -8 8 -10 -11 11 -13 -14 -15
leaf_value=0.0029919481377739753 -0.0085778570863417024 -0.01459004817966132 -0.017232520627031664 0.00034068964356924995 0.14388950792088415 0.022077313993502917 0.00018499724593900693 -0.0065789603824359015 0.18815487007231349 -0.015143276127122567 0.040724546467417397 0.0094712799257928772 0.0086296570834934316 -0.0030098245495217171
leaf_weight=4711.7832956546918 1297.9294309122488 128.88812146987766 95.768128200434148 779.2651421809569 3.3882074281573287 9.8455326557159406 1565.7776770368218 351.90488752350211 1.0818771980702866 61.565781183540821 43.585416200570762 113.49170829541981 779.52561388164759 2301.8969534300268
leaf_count=85682 73097 9589 3683 29602 41 102 52791 6823 13 1243 1748 3333 19843 89971
internal_value=2.43282e-05 -0.00172898 0.00268685 0.00387561 0.00249915 0.0532646 -0.00344047 0.0023665 -0.00598212 0.00501292 0.00573613 0.0181434 0.00448587 -0.0050174
internal_weight=12245.7 7167.69 2002.09 1873.2 5078 13.2337 5165.6 5064.77 352.987 1777.43 1715.87 157.077 1558.79 3599.83
internal_count=377561 284900 69041 59452 92661 143 215859 92518 6836 55769 54526 5081 49445 163068
is_linear=0
shrinkage=0.03


Tree=81
num_leaves=15
num_cat=0
split_feature=2 6 7 0 0 1 0 8 6 0 10 3 0 1
split_gain=48.0979 49.7012 52.746 50.655 33.3417 64.6468 113.526 58.569 40.9249 38.4366 54.0015 35.7869 34.2167 30.9461
threshold=54.500000000000007 1.5000000000000002 0.0056861259508878001 734.50000000000011 1.0000000180025095e-35 1.5000000000000002 4.5000000000000009 1921.5000000000002 1.0000000180025095e-35 10.500000000000002 10.732646465301515 48.790500640869148 1.5000000000000002 22.500000000000004
decision_type=2 2 2 2 2 2 2 2 2 2 2 2 2 2
left_child=4 -2 -3 -4 -1 6 8 9 12 10 -7 -12 -6 -11
right_child=1 2 3 -5 5 7 -8 -9 -10 13 11 -13 -14 -15
leaf_value=-0.0045682304818904463 -0.0031258850592152916 -0.016168465048776736 -0.01675501183479294 0.0048769468249456145 0.0098667191702671853 0.0017268273488084825 0.056225627933274881 0.0039033646321373302 0.0027150802896978854 -0.012533370418835061 0.19024915399776915 0.045103221766702326 0.032419412423728283 0.00045217730284689427
leaf_weight=572.50883177295327 5146.7575204623863 128.48753795027733 103.05026852712035 1784.9699899135157 184.66357588768005 350.68769778497517 46.758499842137098 2615.6572344759479 475.10191482305527 497.78030042629689 1.8736520521342743 8.3069610446691495 90.080413352698088 247.18897488340735
leaf_count=8581 215918 9706 3963 55622 1806 3756 237 47674 4057 15532 28 102 593 10310
internal_value=2.27233e-05 -0.00156172 0.00243051 0.00369625 0.00225228 0.00311654 0.0108728 0.00145626 0.00804474 -0.0043319 0.00370414 0.0718161 0.0172611 -0.00822462
internal_weight=12253.9 7163.27 2016.51 1888.02 5090.61 4518.1 796.604 3721.49 749.846 1105.84 360.868 10.1806 274.744 744.969
internal_count=377885 285209 69291 59585 92676 84095 6693 77402 6456 29728 3886 130 2399 25842
is_linear=0
shrinkage=0.03


Tree=82
num_leaves=15
num_cat=0
split_feature=7 9 8 2 7 4 7 10 11 0 0 9 6 6
split_gain=54.4276 58.7502 67.8549 40.5378 38.0563 32.8854 30.1824 28.5661 54.6883 27.1363 34.0412 65.8626 96.9238 42.7546
threshold=0.014803769532591106 3.5000000000000004 9087.5000000000018 70.500000000000014 0.090923395007848754 1.0000000180025095e-35 0.50925925374031078 49.826141357421882 7753.5000000000009 98.500000000000014 695.50000000000011 4.5000000000000009 2.5000000000000004 3.5000000000000004
decision_type=2 2 2 2 2 2 2 2 2 2 2 2 2 2
left_child=-1 5 4 -4 9 -2 -5 -6 -9 -3 11 12 -11 -12
right_child=1 2 3 6 7 -7 -8 8 -10 10 13 -13 -14 -15
leaf_value=-0.0048812039823966299 -0.0078646865957760926 0.0034043500702871103 0.024219649619330003 0.0065231596233150347 0.0028212565682581886 -5.8865229198673217e-05 0.13661279989648675 0.11151280253234799 0.011969174655128914 0.033215022650095988 -0.0025238084566432256 -0.011367253917370647 0.33246259501667774 0.010052801505319609
leaf_weight=1798.8732749847695 965.34360786899924 885.25740190781653 139.43007463403046 849.59374311752617 3613.9153089243919 977.71770077385008 1.6081696916371573 6.1823999211192158 25.270369218662381 10.65142001211643 2194.7442213669419 491.48900578916073 1.072172613814472 273.60260489024222
leaf_count=85426 46704 13563 2866 23904 56697 37605 60 92 462 310 85193 15840 32 8898
internal_value=-6.17547e-05 0.000768993 0.00184565 0.0092251 0.000871228 -0.00393692 0.00676894 0.00306901 0.0315356 -0.00120606 -0.00257955 -0.00969101 0.0605825 -0.00112976
internal_weight=12234.8 10435.9 8492.82 990.632 7502.18 1943.06 851.202 3645.37 31.4528 3856.82 2971.56 503.213 11.7236 2468.35
internal_count=377652 292226 207917 26830 181087 84309 23964 57251 554 123836 110273 16182 342 94091
is_linear=0
shrinkage=0.03


Tree=83
num_leaves=15
num_cat=0
split_feature=7 9 8 10 0 3 6 12 7 3 2 9 6 9
split_gain=52.4134 54.1366 35.6522 49.0775 44.179 70.025 36.7372 67.5859 55.3702 47.9378 55.8898 41.9017 34.8754 44.9715
threshold=0.018303121440112594 1.5000000000000002 8297.5000000000018 35.082370758056648 47.500000000000007 350.00250244140631 1.0000000180025095e-35 17094.500000000004 0.12497414276003839 21838.797851562504 216.50000000000003 167.50000000000003 1.5000000000000002 6.5000000000000009
decision_type=2 2 2 2 2 2 2 2 2 2 2 2 2 2
left_child=-1 -2 4 -4 5 -3 -5 8 9 -8 -11 -9 -6 -14
right_child=1 2 3 6 12 -7 7 11 -10 10 -12 -13 13 -15
leaf_value=-0.004197219932324095 -0.0066502934249717399 0.0022264746937446954 0.022731338661525352 0.00031365921454681796 -0.002459639746362114 0.019605509944426926 0.35624207439142785 0.012714890110365598 0.0014938971607262367 0.0045228169761450041 0.27442450376154232 -0.0061959403546034192 0.017964373191307396 0.0011331719028354443
leaf_weight=2384.6314636738971 814.08867635205388 1828.8264399580657 133.50959374569356 1019.4483132902533 3813.5853912401944 235.53631934709847 1.0068466160446399 478.54041570425034 2.7172118090093136 1.6799519639462235 1.1723721846938131 135.25679692998528 161.71044297330081 1226.474629137665
leaf_count=107063 37990 22133 2961 38542 117343 2989 30 10637 56 47 18 1657 5324 31303
internal_value=-0.000206329 0.000759495 0.00142682 0.00524054 0.000496059 0.00420936 0.00381649 0.00957264 0.105235 0.178278 0.115459 0.00854769 -0.000977593 0.00309385
internal_weight=12238.2 9853.55 9039.46 1773.33 7266.13 2064.36 1639.82 620.374 6.57638 3.85917 2.85232 613.797 5201.77 1388.19
internal_count=378093 271030 233040 53948 179092 25122 50987 12445 151 95 65 12294 153970 36627
is_linear=0
shrinkage=0.03


Tree=84
num_leaves=15
num_cat=0
split_feature=7 9 11 4 6 8 8 0 8 10 12 6 7 6
split_gain=49.7289 61.9113 40.3979 29.6376 50.7263 42.1702 33.6042 55.0342 35.6924 42.0611 27.2099 27.0246 23.9376 24.4543
threshold=0.014803769532591106 1.5000000000000002 7918.5000000000009 11.500000000000002 2.5000000000000004 9324.5000000000018 23.500000000000004 1.5000000000000002 8344.5000000000018 39.388044357299812 37105.500000000007 4.5000000000000009 0.02158414572477341 1.0000000180025095e-35
decision_type=2 2 2 2 2 2 2 2 2 2 2 2 2 2
left_child=-1 2 -2 4 6 -6 7 -3 12 -10 -11 -5 -8 -14
right_child=1 3 -4 11 5 -7 8 -9 9 10 -12 -13 13 -15
leaf_value=-0.0047767450252369885 -0.0031733363843362127 0.0019075198939907719 -0.01809158475697956 -0.00023813741553855672 0.0064891210181494833 0.036353519168822061 -0.0072816758708657038 0.018644488183987212 0.015856206240653949 -0.0065966598379056905 0.0039375116464330819 -0.013671800824074831 -0.0020291488768544434 0.0024369888451323636
leaf_weight=1784.6423891438171 594.22977837454528 675.38246701285243 225.31062912102789 357.9610214298591 1096.1406415672973 44.272720167413354 502.95396676566452 239.52365001291037 229.619853512384 267.90756329987198 1251.9545270763338 216.16434189118445 3024.6630976833403 1737.0939541198313
leaf_count=85436 26082 7192 12671 6565 26032 682 16831 1543 6040 13883 37240 4647 90945 42216
internal_value=-0.000148117 0.000641361 -0.00727471 0.00131409 0.00173253 0.00764851 0.000881655 0.00628928 0.000176304 0.00388869 0.00208064 -0.00529606 -0.00105733 -0.000399897
internal_weight=12247.8 10463.2 819.54 9643.64 9069.51 1140.41 7929.1 914.906 7014.19 1749.48 1519.86 574.125 5264.71 4761.76
internal_count=378005 292569 38753 253816 242604 26714 215890 8735 207155 57163 51123 11212 149992 133161
is_linear=0
shrinkage=0.03


Tree=85
num_leaves=15
num_cat=0
split_feature=7 9 4 9 8 6 8 2 7 9 4 0 7 10
split_gain=51.3448 56.6829 74.5587 38.2935 35.1759 31.0242 34.1516 36.5601 28.595 36.0425 27.5844 32.8472 30.7883 48.9724
threshold=0.022166866809129718 15.500000000000002 5.5000000000000009 86.500000000000014 9441.5000000000018 1.0000000180025095e-35 23.500000000000004 1.0000000180025095e-35 0.11397409811615945 118.50000000000001 2.5000000000000004 1147.5000000000002 0.024001627229154113 43.509477615356452
decision_type=2 2 2 2 2 2 2 2 2 2 2 2 2 2
left_child=-1 5 3 -3 8 6 7 -2 9 -5 -7 12 13 -12
right_child=1 2 -4 4 -6 10 -8 -9 -10 -11 11 -13 -14 -15
leaf_value=-0.003444375303106166 0.0014115218892532357 0.008438164598893955 -0.0016052978098396995 -0.0080088769533239595 0.023981499819472327 0.004737647869062756 -0.0034784165485176538 0.028329259896881741 -0.0065990620501845407 0.028474806439483909 0.012662277495931316 0.21669580184444426 -0.0068819170854840335 0.1675979271506999
leaf_weight=3021.3892316063866 178.23606170341372 2144.3945014327765 1558.5248502315953 45.493550639599562 47.948899380862713 1151.6506422292441 3231.9574036085978 60.938562262803316 388.86347662657499 52.486597795039415 9.6226305123418552 0.60129113122820754 340.58414915390313 2.2690259609371415
leaf_count=128113 2594 34925 28582 672 396 30987 134997 328 3784 508 401 13 11591 100
internal_value=-5.06329e-05 0.00106227 0.00361204 0.00664705 -0.000534888 -0.00110925 -0.00266892 0.00826981 -0.00294949 0.0115349 0.0024886 -0.00484723 -0.00522516 0.0422253
internal_weight=12235 9213.57 4237.71 2679.19 534.793 4975.86 3471.13 239.175 486.844 97.9801 1504.73 353.077 352.476 11.8917
internal_count=377991 249878 68867 40285 5360 181011 137919 2922 4964 1180 43092 12105 12092 501
is_linear=0
shrinkage=0.03


Tree=86
num_leaves=15
num_cat=0
split_feature=7 9 8 7 9 12 7 4 7 9 0 11 0 8
split_gain=56.6643 41.185 35.4625 45.3204 34.5363 58.0044 38.9175 27.2069 25.0155 40.534 24.0907 24.5611 57.2024 23.1904
threshold=0.090923395007848754 2.5000000000000004 9665.5000000000018 0.14280740171670916 42.500000000000007 343.50000000000006 0.024311616085469726 7.5000000000000009 0.035455202683806426 47.500000000000007 885.50000000000011 9709.5000000000018 849.50000000000011 2037.5000000000002
decision_type=2 2 2 2 2 2 2 2 2 2 2 2 2 2
left_child=4 -2 -3 -4 13 6 -6 8 -7 -10 11 12 -5 -1
right_child=1 2 3 10 5 7 -8 -9 9 -11 -12 -13 -14 -15
leaf_value=-0.0084646481907007451 -0.0032892362969164347 0.0030813641509926282 0.0024668410192107758 0.3522137502735741 -0.026629209392863132 0.0023600175972556103 0.045363670786977138 -0.0074806006843638091 0.057080834765249451 -0.022479428078048418 0.094573019971358141 0.024660182472026122 0.047424411420268826 -0.0023315265044565195
leaf_weight=628.03273574169725 1006.1948718419299 4282.9894544724375 41.760277345776558 0.70179553516209425 8.0476913973689062 1124.2471345812082 42.164221994578838 273.8640410117805 18.139082251116637 8.4471599422395212 7.9606940411031237 23.987885193899274 2.6348832305520773 4762.7444625431672
leaf_count=21588 41903 72730 609 15 68 29741 243 6335 350 155 149 390 74 203983
internal_value=-0.000127914 0.00218168 0.00344424 0.0236168 -0.0019331 0.00213471 0.033825 0.00101782 0.00304019 0.0318024 0.0486479 0.0352681 0.11153 -0.00304604
internal_weight=12231.9 5366.23 4360.03 77.0455 6865.69 1474.91 50.2119 1424.7 1150.83 26.5862 35.2853 27.3246 3.33668 5390.78
internal_count=378333 115870 73967 1237 262463 36892 311 36581 30246 505 628 479 89 225571
is_linear=0
shrinkage=0.03


Tree=87
num_leaves=15
num_cat=0
split_feature=7 9 8 4 9 12 8 2 4 8 9 7 9 9
split_gain=49.4598 45.9198 36.6775 27.4774 27.1994 62.6057 39.4656 26.83 44.1319 31.55 25.8108 43.4664 32.1064 55.9615
threshold=0.095247998833656325 2.5000000000000004 9589.5000000000018 19.500000000000004 42.500000000000007 343.50000000000006 2.5000000000000004 30.500000000000004 3.5000000000000004 6999.5000000000009 6.5000000000000009 0.024592309258878235 8.5000000000000018 15.500000000000002
decision_type=2 2 2 2 2 2 2 2 2 2 2 2 2 2
left_child=4 -2 3 -3 7 6 -6 8 -1 -9 -11 -12 -13 -14
right_child=1 2 -4 -5 5 -7 -8 9 -10 10 11 12 13 -15
leaf_value=0.0036254350027943956 -0.0037889564189240148 0.0032854961821518675 0.020832292989411697 -0.014051501127875685 -0.013638805436683141 0.00060468658051806353 0.048919372658450276 -0.0076510191264394572 -0.010953200917059506 -0.0063658152092073237 -0.0036682430985564632 0.017095160065462238 -0.0073121335809966225 0.011980130125001268
leaf_weight=1042.3532691653818 990.19512950442731 4099.5768972299993 105.68838370032609 83.960380658507347 11.812915377318857 1455.3548835534602 39.172875728458166 1393.9870192166418 227.70344592537731 879.92953099962324 1184.810669651255 169.80711083300412 276.07416321523488 265.41943164356053
leaf_count=21044 41260 68120 1676 1613 131 37188 197 69090 7241 51621 54175 6608 10492 7573
internal_value=-0.000154564 0.00203418 0.00337849 0.00293756 -0.00181805 0.00174943 0.0344252 -0.00280588 0.00101169 -0.00396859 -0.00211946 -0.000148844 0.0057134 0.0021442
internal_weight=12225.8 5279.42 4289.23 4183.54 6946.43 1506.34 50.9858 5440.08 1270.06 4170.03 2776.04 1896.11 711.301 541.494
internal_count=378029 112669 71409 69733 265360 37516 328 227844 28285 199559 130469 78848 24673 18065
is_linear=0
shrinkage=0.03


Tree=88
num_leaves=15
num_cat=0
split_feature=9 7 8 12 12 1 8 8 9 6 7 7 2 3
split_gain=39.6582 47.5653 36.109 32.8523 49.7297 32.8492 29.0994 28.5711 62.01 42.0454 34.8703 114.584 34.4696 32.6049
threshold=3.5000000000000004 0.01852169539779425 9087.5000000000018 78461.000000000015 153804.50000000003 47.500000000000007 9087.5000000000018 9270.5000000000018 5.5000000000000009 1.5000000000000002 0.035020904615521438 0.03922423534095288 151.50000000000003 22251.602539062504
decision_type=2 2 2 2 2 2 2 2 2 2 2 2 2 2
left_child=6 -2 -3 7 -5 -6 -1 8 -4 10 -10 -12 13 -13
right_child=1 2 3 4 5 -7 -8 -9 9 -11 11 12 -14 -15
leaf_value=-0.0023261044400861115 -0.0033551723647349402 0.0011121985092425785 0.00050994256522983591 -0.010575714865093993 0.008035734940729268 0.098500329977903325 -0.012663421890954067 0.010691722886199337 -0.00065448571442338168 0.17550119457770921 0.25049914788106448 0.073213269522174648 0.017372108249132181 0.26201126342789527
leaf_weight=2009.1664941282943 1989.2315236311406 7053.4206213466823 28.794288830831647 160.82512357831001 470.26731651648879 3.6404789127409449 279.13039252720773 193.00991575792432 8.9290491975843889 2.599963415414094 2.7677076496183899 7.7515374105423707 14.21386365406215 0.92106858454644669
leaf_count=89042 85919 164824 1350 5216 7137 61 15943 7559 354 46 82 232 456 30
internal_value=-2.64361e-05 0.00079356 0.00183202 0.00751299 0.00383892 0.00873067 -0.00358707 0.0165175 0.0335602 0.0591539 0.050407 0.0681791 0.0461308 0.0932644
internal_weight=12224.7 9936.37 7947.14 893.72 634.733 473.908 2288.3 258.987 65.9775 37.1832 34.5832 25.6542 22.8865 8.67261
internal_count=378251 273266 187347 22523 12414 7198 104985 10109 2550 1200 1154 800 718 262
is_linear=0
shrinkage=0.03


Tree=89
num_leaves=15
num_cat=0
split_feature=7 9 8 10 4 1 12 8 6 8 9 7 7 8
split_gain=35.55 39.4508 41.6275 38.1023 30.0764 29.6162 28.0519 33.5911 31.2932 30.8779 56.3767 44.314 158.614 91.9927
threshold=0.015181225724518301 3.5000000000000004 9087.5000000000018 27.901716232299808 1.0000000180025095e-35 42.500000000000007 78461.000000000015 9111.5000000000018 1.5000000000000002 9324.5000000000018 5.5000000000000009 0.034527704119682319 0.040326749905943877 9249.5000000000018
decision_type=2 2 2 2 2 2 2 2 2 2 2 2 2 2
left_child=-1 4 -3 5 -2 -4 9 -8 -9 10 -5 -12 13 -13
right_child=1 2 3 6 -6 -7 7 8 -10 -11 11 12 -14 -15
leaf_value=-0.0043459182462069201 -0.007531071757724047 0.0003011697023814804 0.021839975531722594 -0.00014287745252049069 1.8095127144074585e-05 0.084089367844254886 0.045754468865167784 -0.0021849278507104098 0.013084561621600977 0.0069463267622217528 0.0075969705737766527 0.13894103571707389 0.042139952651616144 0.41987502501400409
leaf_weight=1825.034032962285 939.05774273816496 7478.9530919417739 31.946276756003499 35.320579769089818 961.09382503293455 8.7661217749118787 15.718292579054831 515.99223245494068 157.71413758955896 185.30181160569191 15.573837617412208 3.3401525486260644 29.006141999736428 1.5293435454368589
leaf_count=88206 46669 179487 482 1693 37316 104 341 12133 2523 7402 609 81 876 44
internal_value=-0.000484624 0.000194321 0.00106988 0.00681779 -0.00371271 0.0352434 0.00561166 0.00240113 0.00138965 0.0138073 0.028805 0.0494818 0.0687377 0.227173
internal_weight=12204.3 10379.3 8479.16 1000.21 1900.15 40.7124 959.497 689.425 673.706 270.072 84.7701 49.4495 33.8756 4.8695
internal_count=377966 289760 205775 26288 83985 586 25702 14997 14656 10705 3303 1610 1001 125
is_linear=0
shrinkage=0.03


Tree=90
num_leaves=15
num_cat=0
split_feature=7 9 9 11 7 4 12 9 7 8 9 6 4 7
split_gain=36.898 34.6256 31.1778 55.041 36.073 27.3327 33.235 25.6336 49.605 33.371 31.0443 51.3127 31.4707 28.9414
threshold=0.095247998833656325 3.5000000000000004 42.500000000000007 71.500000000000014 0.030433002859354023 1.0000000180025095e-35 12744.500000000002 93.500000000000014 0.15687003731727603 9665.5000000000018 80.500000000000014 3.5000000000000004 10.500000000000002 0.21437478065490725
decision_type=2 2 2 2 2 2 2 2 2 2 2 2 2 2
left_child=2 5 -1 4 -4 -2 -7 9 -9 10 12 13 -3 -12
right_child=1 7 3 -5 -6 6 -8 8 -10 -11 11 -13 -14 -15
leaf_value=-0.0026775786591794722 -0.0064719568791740964 0.0038610219512212243 -0.0074886146464887672 0.0011115814826194107 0.047753151504912744 -0.001287658091139748 0.016501511175061576 0.00214826016745562 -0.014344312142052756 0.03326664541815065 0.0050203933099529571 0.045658772530581766 -0.02146307605287353 0.067254914989025541
leaf_weight=5412.307414714247 714.96958092413843 2525.2543835304677 14.77200575917959 1449.2684189882129 38.022045236080885 478.49492590688169 117.78815555758774 984.08865163102746 196.98544047027826 36.244510108605027 146.30196100473404 41.01367325335741 44.951435958966613 7.0491404086351386
leaf_count=227740 33484 43578 111 37146 201 15561 3741 11161 2377 620 1243 299 638 53
internal_value=-0.000173244 0.00171183 -0.00161632 0.00220765 0.0322963 -0.00251645 0.00222637 0.00310422 -0.000602453 0.00466729 0.00429234 0.0158528 0.00341812 0.00788115
internal_weight=12207.5 5293.14 6914.37 1502.06 52.7941 1311.25 596.283 3981.89 1181.07 2800.82 2764.57 194.365 2570.21 153.351
internal_count=377953 112755 265198 37458 312 52786 19302 59969 13538 46431 45811 1595 44216 1296
is_linear=0
shrinkage=0.03


Tree=91
num_leaves=15
num_cat=0
split_feature=7 9 8 2 8 12 6 9 9 7 7 0 7 10
split_gain=40.5054 39.0789 36.6304 37.0462 29.8976 31.9601 40.2415 27.0262 26.5965 27.3291 33.3202 40.9075 50.1726 42.2578
threshold=0.014803769532591106 3.5000000000000004 9087.5000000000018 20.500000000000004 8979.5000000000018 13629.500000000002 1.0000000180025095e-35 8.5000000000000018 2.5000000000000004 0.11619782820343973 0.04240024276077748 969.50000000000011 0.04691885598003865 44.123308181762702
decision_type=2 2 2 2 2 2 2 2 2 2 2 2 2 2
left_child=-1 4 -3 -4 5 -2 -7 -5 9 10 -8 12 -12 -14
right_child=1 2 3 7 -6 6 8 -9 -10 -11 11 -13 13 -15
leaf_value=-0.0041873350054875387 -0.0038023533920685934 0.0008882595494625632 0.03407909094136867 0.013632876695982796 -0.012604125817089157 0.0008699355771662143 0.022450135701283645 0.0025920805398595413 0.0077728845904694224 0.016294540038880936 0.29255963327494755 0.17380892711156998 0.15036159599499474 -0.013234627813026287
leaf_weight=1747.41630238574 1296.7520537665114 7528.4884008187801 43.347533833235502 279.05122274067253 259.62186226062477 264.20122088585049 8.9923199592158216 700.28287678584456 39.362361214123666 18.805814515799284 0.74134937301277926 4.236317427828908 1.9813763648271558 5.0247337352484465
leaf_count=85420 53013 181361 612 10927 14480 14652 323 15360 1245 406 21 112 51 145
internal_value=4.03869e-05 0.000747273 0.00161194 0.00693931 -0.00314483 -0.00164745 0.00649121 0.00573804 0.0252563 0.0425553 0.066099 0.0988521 0.0578656 0.0330315
internal_weight=12198.3 10450.9 8551.17 1022.68 1899.72 1640.1 343.345 979.334 79.1443 39.7819 20.9761 11.9838 7.74746 7.00611
internal_count=378128 292708 208260 26899 84448 69968 16955 26287 2303 1058 652 329 217 196
is_linear=0
shrinkage=0.03


Tree=92
num_leaves=15
num_cat=0
split_feature=2 1 6 7 8 7 3 4 9 9 12 4 1 7
split_gain=33.2589 37.8252 39.5041 33.6077 29.274 31.4367 36.282 27.8061 38.3988 40.0322 120.874 35.7502 26.8113 29.0635
threshold=54.500000000000007 31.500000000000004 1.5000000000000002 0.0025602732785046105 7540.5000000000009 0.017606118693947796 11701.692382812502 3.5000000000000004 26.500000000000004 4.5000000000000009 5122.5000000000009 1.5000000000000002 42.500000000000007 0.18186598271131518
decision_type=2 2 2 2 2 2 2 2 2 2 2 2 2 2
left_child=4 -2 -3 -4 7 -6 -7 11 9 10 -9 -1 13 -10
right_child=1 2 3 -5 5 6 -8 8 12 -11 -12 -13 -14 -15
leaf_value=0.00038756681968548002 -0.015612422489341004 -0.002381323044559255 -0.015988713370537463 0.0034821001585376454 -0.0018952877130623616 0.015247330336386663 0.20885697857061364 -0.00040658791236958903 0.0015312123733300998 -0.012685593913665348 0.37647009154807476 0.0071370350204927767 0.077019438084927852 -0.012516202331712687
leaf_weight=1843.8303348692134 162.34041717648506 4980.1576115041971 83.337452772073448 1870.906107082963 136.73035024665296 256.52954992558807 0.87409130111336608 3.8496813811361781 1270.7391291065142 306.83252973109484 0.95613935776054848 1144.8137357244268 4.0865046717226496 147.99298225715756
leaf_count=34485 7018 211143 6661 60267 5555 6263 32 94 18706 9361 26 16802 63 1580
internal_value=3.13219e-05 -0.00129801 -0.000962901 0.00265178 0.00187489 0.00972971 0.0159048 0.00121942 -0.00180215 -0.0113399 0.0745747 0.00297298 0.000286896 6.58767e-05
internal_weight=12214 7096.74 6934.4 1954.24 5117.24 394.134 257.404 4723.1 1734.46 311.638 4.80582 2988.64 1422.82 1418.73
internal_count=378056 285089 278071 66928 92967 11850 6295 81117 29830 9481 120 51287 20349 20286
is_linear=0
shrinkage=0.03


Tree=93
num_leaves=15
num_cat=0
split_feature=9 7 9 8 11 7 6 7 7 8 8 6 9 3
split_gain=35.0714 36.3304 49.6208 41.7342 51.8872 39.9794 34.3758 48.8895 31.9391 31.33 26.3747 36.7997 32.4681 25.9477
threshold=10.500000000000002 0.099986076354980483 93.500000000000014 14.500000000000002 2193.5000000000005 0.15687003731727603 1.0000000180025095e-35 0.0065432852134108552 0.0068349780049175033 2.5000000000000004 10.500000000000002 7.5000000000000009 56.500000000000007 40050.742187500007
decision_type=2 2 2 2 2 2 2 2 2 2 2 2 2 2
left_child=6 3 10 9 -5 -4 -1 -8 -6 -2 -3 -12 -13 -10
right_child=1 2 5 4 8 -7 7 -9 13 -11 11 12 -14 -15
leaf_value=-0.0033859469580141866 -0.0081565550339481319 -0.00073830798370338091 0.0019120687684356513 -0.010715226089648392 0.017822375363399316 -0.013126628790577938 -0.012542570551100821 0.0037449716906856234 0.00049798056508121194 0.021079731756796564 0.0085860899153558448 -0.031306519083152233 0.055969684534304308 -0.010091744220713196
leaf_weight=3652.037557261996 43.681893263012171 283.81143126636744 920.37295788154006 432.91457428596914 91.041560789570212 192.34427132457495 187.54246995411813 1434.766590744257 3267.6232511922717 134.75155460834503 1289.9634091295302 4.5353394541889456 24.888107780367136 222.4182318020612
leaf_count=160968 657 2255 10252 13168 3269 2347 14077 46349 101258 1664 13346 40 148 7735
internal_value=7.04382e-05 0.00147689 0.00417987 -0.000274147 -0.000905226 -0.00068752 -0.00177173 0.0018621 0.000280698 0.0139225 0.00755814 0.00934278 0.0425169 -0.000176896
internal_weight=12182.7 6908.35 2715.92 4192.43 4014 1112.72 5274.35 1622.31 3581.08 178.433 1603.2 1319.39 29.4234 3490.04
internal_count=377533 156139 28388 127751 125430 12599 221394 60426 112262 2321 15789 13534 188 108993
is_linear=0
shrinkage=0.03


Tree=94
num_leaves=15
num_cat=0
split_feature=7 9 11 8 7 9 7 8 6 8 2 9 0 12
split_gain=34.6709 33.5811 57.4965 35.447 32.9436 27.3107 78.1692 29.1398 44.715 25.1715 41.7921 24.3924 43.1859 117.358
threshold=0.10001393035054208 44.500000000000007 121.50000000000001 5250.5000000000009 0.023704353719949726 46.500000000000007 0.023084135726094249 7810.5000000000009 1.5000000000000002 5390.5000000000009 211.50000000000003 10.500000000000002 2.5000000000000004 36146.000000000007
decision_type=2 2 2 2 2 2 2 2 2 2 2 2 2 2
left_child=1 -1 4 -4 -3 6 -5 -8 -9 10 -7 -2 -13 -14
right_child=11 2 3 5 -6 9 7 8 -10 -11 -12 12 13 -15
leaf_value=-0.0024458049084573269 -0.0003439890466357725 -0.004639060211932341 -0.0051942188703139125 6.5164486154643819e-05 0.040766920371172341 0.013618269467063107 0.059043858408248329 0.053922927025648777 0.30555998539368256 0.0031121832146839643 0.2560240422718093 -0.0021002656214928542 0.025628550188891569 0.0034062441968256019
leaf_weight=5578.6020102770999 2395.0787919983268 19.667741231620312 493.79346126504242 39.500587226822972 53.499258041381836 2.0065535530447955 17.255774252116684 1.4095916785299771 1.1573704816401003 855.43991622328758 0.9399568773806094 790.38407243043184 244.94383669085801 1686.6683494765311
leaf_count=233643 79786 153 8905 1230 324 53 422 38 27 24803 25 7678 2581 18049
internal_value=-1.63444e-05 -0.00137867 0.00263104 0.0012869 0.0285615 0.00477421 0.0244605 0.0730728 0.167379 0.00341369 0.0909474 0.00186412 0.00380704 0.00622421
internal_weight=12180.3 7063.27 1484.67 1411.5 73.167 917.71 59.3233 19.8227 2.56696 858.386 2.94651 5117.08 2722 1931.61
internal_count=377717 269623 35980 35503 477 26598 1717 487 65 24881 78 108094 28308 20630
is_linear=0
shrinkage=0.03


Tree=95
num_leaves=15
num_cat=0
split_feature=7 9 4 6 2 8 9 12 7 0 11 2 4 9
split_gain=35.3722 35.052 25.3898 21.9285 20.8661 20.2124 19.7736 48.833 34.115 30.1689 24.9559 57.8227 33.5388 29.6983
threshold=0.095247998833656325 2.5000000000000004 21.500000000000004 14.500000000000002 319.50000000000006 9755.5000000000018 44.500000000000007 343.50000000000006 0.024592309258878235 867.50000000000011 2193.5000000000005 19.500000000000004 4.5000000000000009 39.500000000000007
decision_type=2 2 2 2 2 2 2 2 2 2 2 2 2 2
left_child=4 -2 3 5 6 -3 10 8 -8 -9 12 13 -1 -12
right_child=1 2 -4 -5 -6 -7 7 9 -10 -11 11 -13 -14 -15
leaf_value=-0.0032522883875549372 -0.0033466434254224749 0.0029376315270177268 -0.015778413521748705 0.047796650784599055 -0.015602847951534002 0.024555196257141525 -0.026592338013162065 -0.0037297332821134939 0.041249677075178202 0.0052140067821490124 0.0056827943490832715 -0.002647143343506444 -0.01800227304883319 0.038470271332425733
leaf_weight=486.14434554986656 971.22723367903382 4217.2521458901465 64.118934169411659 9.9182656314223987 92.572187486104667 39.289344947785139 7.8942939303815356 667.40003018081188 43.04940576851368 690.76238881982863 624.68966727238148 4052.6382272494957 194.15098637901247 25.893859980627894
leaf_count=15111 41423 69530 1267 57 4128 572 67 14140 262 20230 10469 192018 8288 314
internal_value=-3.76345e-05 0.0018042 0.00295939 0.00324099 -0.0014559 0.00313717 -0.0012631 0.00190068 0.0307368 0.000819059 -0.0020912 -0.00131437 -0.00746182 0.00698777
internal_weight=12187 5301.81 4330.58 4266.46 6885.2 4256.54 6792.62 1409.11 50.9437 1358.16 5383.52 4703.22 680.295 650.584
internal_count=377876 112849 71426 70159 265027 70102 260899 34699 329 34370 226200 202801 23399 10783
is_linear=0
shrinkage=0.03


Tree=96
num_leaves=15
num_cat=0
split_feature=3 6 12 8 4 7 4 9 7 9 1 4 8 10
split_gain=36.13 42.0347 36.245 36.6446 31.2752 30.177 26.0009 42.5523 35.0671 41.9821 31.722 29.7124 34.2508 53.4293
threshold=4670.5500488281259 1.0000000180025095e-35 2786747.0000000005 9023.5000000000018 19.500000000000004 0.0056861259508878001 3.5000000000000004 44.500000000000007 0.18883550167083743 97.500000000000014 41.500000000000007 11.500000000000002 571.50000000000011 10.732646465301515
decision_type=2 2 2 2 2 2 2 2 2 2 2 2 2 2
left_child=2 -2 6 -4 5 -3 -1 10 9 11 -8 12 13 -9
right_child=1 4 3 -5 -6 -7 7 8 -10 -11 -12 -13 -14 -15
leaf_value=0.0036396238174084858 -0.0034825104297926874 -0.011479273356368841 0.14114241376386552 0.020794122787429453 -0.018798732823268473 0.0020321070554057841 -0.0099129433313988047 0.020080624473053435 -0.019386194745248601 -0.0010262910937383388 0.060277937006701698 -0.012930799352225571 0.0048814084916668117 0.11104555118945236
leaf_weight=3127.9031705474481 3649.9809945821762 155.48051126953214 3.2546498104929906 7.5808326601982117 69.990967465564609 3447.7056368691847 435.86695233453065 167.37079041823745 66.43056820705533 792.36595760285854 5.8729163547977796 42.539654739201069 193.60344069078565 6.0203478652983895
leaf_count=54313 169705 12462 33 61 1466 111141 11791 1123 647 11041 159 789 2686 49
internal_value=0.00012755 -0.00120242 0.00213621 0.0569431 0.00106327 0.00144908 0.00201346 -0.000960968 0.00183185 0.0030046 -0.00897976 0.0108036 0.0135547 0.023239
internal_weight=12172 7323.16 4848.81 10.8355 3673.18 3603.19 4837.97 1710.07 1268.33 1201.9 441.74 409.534 366.995 173.391
internal_count=377466 294774 82692 94 125069 123603 82598 28285 16335 15688 11950 4647 3858 1172
is_linear=0
shrinkage=0.03


Tree=97
num_leaves=15
num_cat=0
split_feature=2 1 0 1 0 8 1 8 9 7 0 9 1 11
split_gain=38.4418 33.2731 28.7295 44.3693 99.6469 52.2607 53.3163 40.0766 40.2181 37.5284 28.6813 26.7719 33.8894 30.0889
threshold=54.500000000000007 31.500000000000004 1.0000000180025095e-35 1.5000000000000002 4.5000000000000009 2182.5000000000005 6.5000000000000009 2473.5000000000005 16.500000000000004 0.0094447080045938509 1.5000000000000002 46.500000000000007 22.500000000000004 646.50000000000011
decision_type=2 2 2 2 2 2 2 2 2 2 2 2 2 2
left_child=2 -2 -1 4 10 11 9 8 -8 -7 -4 12 -5 -13
right_child=1 -3 3 5 -6 6 7 -9 -10 -11 -12 13 -14 -15
leaf_value=-0.0041094106101318374 -0.01476665735198643 -0.00091229435072297802 0.0030265075487958654 -0.0091518443075999691 0.053570056905573919 0.19239527269046647 0.028441742967783585 0.0026385444390949198 0.00089619599360237564 0.043612299420898726 0.01563840873263507 0.013379781638022193 0.0035925833389369066 -0.007715921005409499
leaf_weight=578.58107079192996 159.60912976320833 6925.5854245750234 535.79157499410212 708.97684239409864 43.400126483291388 1.7313769683241833 112.75981198623776 2302.3720842394978 82.686251849867404 12.849921599030493 232.79800859838724 155.8422956187278 255.44760868977755 99.829328130930662
leaf_count=8622 7060 278731 5010 18142 223 22 1547 41705 962 144 1530 1497 11097 2221
internal_value=0.000207087 -0.00122439 0.00218682 0.00298843 0.00934386 0.00160583 0.00407962 0.00374571 0.0167882 0.0612787 0.00684652 -0.00348814 -0.00577622 0.00514277
internal_weight=12208.3 7085.19 5123.07 4544.49 811.99 3732.5 2512.4 2497.82 195.446 14.5813 768.59 1220.1 964.424 255.672
internal_count=378513 285791 92722 84100 6763 77337 44380 44214 2509 166 6540 32957 29239 3718
is_linear=0
shrinkage=0.03


Tree=98
num_leaves=15
num_cat=0
split_feature=2 1 6 7 0 1 0 11 8 9 3 1 9 12
split_gain=37.339 41.0883 36.5735 29.864 28.9915 31.0946 90.4615 53.1283 42.4009 33.8816 26.5689 42.0441 28.0715 25.9823
threshold=54.500000000000007 31.500000000000004 1.0000000180025095e-35 0.0056861259508878001 1.0000000180025095e-35 1.5000000000000002 2.5000000000000004 2117.5000000000005 2473.5000000000005 17.500000000000004 611.17098999023449 9.5000000000000018 2.5000000000000004 96484.000000000015
decision_type=2 2 2 2 2 2 2 2 2 2 2 2 2 2
left_child=4 -2 -3 13 -1 6 -6 -7 9 -9 -10 12 -12 -4
right_child=1 2 3 -5 5 7 -8 8 10 -11 11 -13 -14 -15
leaf_value=-0.004283048015882562 -0.016572028980666804 -0.0031444832194484277 -0.013672466512303369 0.0018079099040586111 0.0039496535483314506 -0.0035655923470438891 0.031857440677088775 0.025467408342394991 -0.0017796751314837179 0.0031057022600909246 0.12042036829817844 0.0044291724938221979 0.030021181987554935 0.080028885400933475
leaf_weight=572.88048275187612 154.85715449135751 3430.4680024376139 145.45929008163512 3329.2467238735408 682.94122179783881 1172.0725246584043 123.42539586499333 142.59261000528932 746.43700688332319 106.54743645898998 3.5295796059072044 1539.0276825912297 24.912572544068098 2.7130267173051825
leaf_count=8549 6979 160421 11928 105872 6051 32222 679 1945 9375 1416 49 32031 264 154
internal_value=0.000124337 -0.00128931 -0.000946706 0.0012214 0.00207652 0.00287874 0.00822132 0.00172535 0.00414488 0.0159042 0.00287874 0.0050971 0.0412394 -0.0119568
internal_weight=12177.1 7062.74 6907.89 3477.42 5114.37 4541.49 806.367 3735.12 2563.05 249.14 2313.91 1567.47 28.4422 148.172
internal_count=377935 285354 278375 117954 92581 84032 6730 77302 45080 3361 41719 32344 313 12082
is_linear=0
shrinkage=0.03


Tree=99
num_leaves=15
num_cat=0
split_feature=7 9 11 4 6 11 8 2 11 12 2 6 7 0
split_gain=31.0419 38.5331 35.817 31.2636 40.1513 49.0729 33.3194 55.0225 25.4058 26.443 24.6107 23.3309 25.0662 46.9212
threshold=0.014803769532591106 1.5000000000000002 7918.5000000000009 11.500000000000002 1.5000000000000002 9421.5000000000018 33.500000000000007 1.5000000000000002 8372.5000000000018 37105.500000000007 54.500000000000007 3.5000000000000004 0.015626878477633003 944.50000000000011
decision_type=2 2 2 2 2 2 2 2 2 2 2 2 2 2
left_child=-1 2 -2 4 6 -6 7 -3 -8 -10 -11 12 13 -7
right_child=1 3 -4 -5 5 11 8 -9 9 10 -12 -13 -14 -15
leaf_value=-0.0038297944636197755 -0.0020040614416873678 0.0027521259258554386 -0.016413009762925618 -0.0057754921730497639 0.0040550892775654745 0.026289584556794941 -0.0015713316810948702 0.024192780444484179 -0.0055648353763196783 0.016656137068035343 0.003213279748492644 0.050586796356567772 0.014248040636391604 0.32551227734824895
leaf_weight=1733.275234464556 581.68424357101321 747.10613427683711 211.79462369531393 572.02659696526825 2001.0165572464466 1.5745091382414096 4516.7170301564038 125.87168520689011 278.5020292783156 136.78555440530181 1179.3900775583461 24.976297795772552 74.721710471436381 0.6733633056282996
leaf_count=85354 26292 7816 12661 11202 46136 58 133001 625 14840 2868 35573 300 1269 24
internal_value=-0.000111478 0.000505088 -0.00585008 0.00102714 0.00145535 0.00508948 0.00036113 0.00584358 -0.000422007 0.00283331 0.00461035 0.0253928 0.0172174 0.115923
internal_weight=12186.1 10452.8 793.479 9659.36 9087.33 2102.96 6984.37 872.978 6111.39 1594.68 1316.18 101.946 76.9696 2.24787
internal_count=378019 292665 38953 253712 242510 47787 194723 8441 186282 53281 38441 1651 1351 82
is_linear=0
shrinkage=0.03


Tree=100
num_leaves=15
num_cat=0
split_feature=7 9 4 6 8 0 11 12 11 12 7 11 10 1
split_gain=32.712 41.7184 31.6457 64.595 55.1345 35.8732 33.9559 41.0209 30.057 25.2455 32.2607 27.0176 24.8767 30.8364
threshold=0.02158414572477341 1.5000000000000002 4.5000000000000009 1.0000000180025095e-35 23.500000000000004 1.0000000180025095e-35 6996.5000000000009 17438.500000000004 7918.5000000000009 584032.50000000012 0.016336422413587574 9679.5000000000018 33.075162887573249 43.500000000000007
decision_type=2 2 2 2 2 2 2 2 2 2 2 2 2 2
left_child=9 8 3 4 5 -3 -5 -8 -2 -1 -11 -12 13 -9
right_child=1 2 -4 6 -6 -7 7 12 -10 10 11 -13 -14 -15
leaf_value=-0.0034286153379978457 -0.0023491626207514651 0.0019585164744720779 -0.0017009472758353567 0.0040173682628988879 -0.00091907512667036928 0.019297996906381395 0.045542221659885314 0.030476840749184799 -0.015961952084657408 0.00088753768517878782 0.012593597747350853 0.065006303675403498 0.0093076713791216091 0.15713558418535459
leaf_weight=2740.7873352523893 563.01611401699483 219.6348965279758 2140.8131405264139 1536.7326226830482 3682.2852274281904 210.11251008883119 31.120440177619457 22.110046774148945 197.07931700441986 97.969468513503671 21.813514273613691 14.89600697159767 688.08162783831358 1.8768069650977839
leaf_count=121355 25504 2687 40965 32936 120866 1492 728 350 11884 3286 521 308 15265 26
internal_value=-9.21933e-06 0.000856025 0.00145595 0.00251327 0.000267657 0.0104362 0.00656343 0.0118281 -0.00587872 -0.0028055 0.00987531 0.0338617 0.0103546 0.040387
internal_weight=12168.3 9292.86 8532.77 6391.95 4112.03 429.747 2279.92 743.189 760.095 2875.47 134.679 36.7095 712.068 23.9869
internal_count=378173 252703 215315 174350 125045 4179 49305 16369 37388 125470 4115 829 15641 376
is_linear=0
shrinkage=0.03


Tree=101
num_leaves=15
num_cat=0
split_feature=7 6 10 4 0 7 9 4 8 6 12 7 7 2
split_gain=30.3479 26.9896 24.6249 22.442 41.9743 38.6875 33.9715 55.957 34.8663 34.5695 42.6878 58.0847 24.4264 45.5481
threshold=0.090923395007848754 1.0000000180025095e-35 39.211278915405281 6.5000000000000009 549.50000000000011 0.024592309258878235 29.500000000000004 2.5000000000000004 7.5000000000000009 2.5000000000000004 185917.50000000003 0.030114583671092991 0.031129467301070694 186.50000000000003
decision_type=2 2 2 2 2 2 2 2 2 2 2 2 2 2
left_child=1 2 -1 5 -5 -3 7 9 -8 -7 -11 -12 13 -6
right_child=-2 3 -4 4 12 6 8 -9 -10 10 11 -13 -14 -15
leaf_value=-0.00024083359474817072 0.0015479495549249531 -0.0014814099826163389 -0.0057160870724146697 -0.01351124598848219 -0.0023414569197602198 0.0049245958647280595 0.04339239321328444 -0.0083740129979078311 0.010502058072928266 0.021392621096188766 0.0014980955955627604 0.23489157841644753 -0.0024549971372163455 0.049812178062852763
leaf_weight=1227.9275080086663 5400.7806498287246 1960.7890902431682 1857.7355109453201 271.49156199209392 34.532955161295831 594.02488700859249 32.542134340852499 294.98236316349357 267.07295593153685 69.088941723108292 1.8276150636374944 2.0208052657544613 133.65794397704303 26.741847436875105
leaf_count=35735 115729 77047 98222 9047 1186 17932 165 11113 5220 1993 46 32 3565 944
internal_value=-0.000129522 -0.00146685 -0.00353723 0.000265022 -0.00588543 0.00115528 0.00525337 0.00250591 0.0140744 0.00731786 0.0268093 0.124053 0.00473539 0.0204197
internal_weight=12175.2 6774.44 3085.66 3688.77 466.424 3222.35 1261.56 961.945 299.615 666.962 72.9374 3.84842 194.933 61.2748
internal_count=377976 262247 133957 128290 14742 113548 36501 31116 5385 20003 2071 78 5695 2130
is_linear=0
shrinkage=0.03


Tree=102
num_leaves=15
num_cat=0
split_feature=3 6 7 0 0 9 8 4 2 8 9 0 9 7
split_gain=36.3074 39.9859 35.7286 27.8023 38.6185 36.344 61.4436 34.044 57.7501 74.3749 39.1871 28.7704 33.032 39.9176
threshold=6939.5461425781259 1.5000000000000002 0.0056861259508878001 816.50000000000011 327.50000000000006 14.500000000000002 3024.5000000000005 3.5000000000000004 44.500000000000007 840.50000000000011 36.500000000000007 134.50000000000003 94.500000000000014 0.1858543008565903
decision_type=2 2 2 2 2 2 2 2 2 2 2 2 2 2
left_child=3 -2 -3 4 7 -5 -7 8 -1 -10 -9 12 13 -12
right_child=1 2 -4 5 -6 6 -8 10 9 -11 11 -13 -14 -15
leaf_value=0.0036261325659182274 -0.002744384047620313 -0.014034584877271508 0.0032689460863842058 0.0014731845738398686 -0.0095453062650796942 0.20791139473593304 0.015033918416834269 -0.010893274008880186 0.28687618787512115 0.042912982337261499 0.012078342633794844 -0.019350409223460378 -0.0019650525185160709 -0.013309596335912348
leaf_weight=2706.6761689390987 4956.4885553540662 113.88742659240961 1884.2158623142168 344.80125524662435 282.2264697747305 1.4945571236312378 274.71605887450278 323.66365207359195 1.2275786790996779 13.414255136623977 377.72800023108721 60.699798298999667 763.45423112437129 65.386718209832907
leaf_count=40052 213474 9638 58969 13661 9926 22 5809 9176 52 574 3732 1555 10615 580
internal_value=0.000118933 -0.00130007 0.00228268 0.0020111 0.00120583 0.00796885 0.0160776 0.00190946 0.00394756 0.063367 -0.00157674 0.000802721 0.00181658 0.00833206
internal_weight=12170.1 6954.59 1998.1 5215.49 4594.48 621.012 276.211 4312.25 2721.32 14.6418 1590.93 1267.27 1206.57 443.115
internal_count=377835 282081 68607 95754 76262 19492 5831 66336 40678 626 25658 16482 14927 4312
is_linear=0
shrinkage=0.03


Tree=103
num_leaves=15
num_cat=0
split_feature=7 9 12 4 6 8 2 7 3 8 8 12 9 9
split_gain=33.2725 41.3518 29.3661 25.4758 40.8937 50.1856 68.2985 36.6848 42.2087 65.9527 28.4392 34.6619 21.1826 37.0248
threshold=0.022166866809129718 1.5000000000000002 584032.50000000012 9.5000000000000018 1.0000000180025095e-35 57.500000000000007 1.0000000180025095e-35 0.028175028041005138 23357.672851562504 4844.5000000000009 7480.5000000000009 17438.500000000004 80.500000000000014 93.500000000000014
decision_type=2 2 2 2 2 2 2 2 2 2 2 2 2 2
left_child=2 -2 -1 4 5 6 -3 8 -5 -10 -6 -12 -9 -14
right_child=1 3 -4 7 10 -7 -8 12 9 -11 11 -13 13 -15
leaf_value=-0.0034268291687812023 -0.0058422799055762508 0.0018629172840396939 0.010903498264331657 0.0048149700569027473 0.0030662473169302644 -0.0011433306798482661 0.023676543301628161 -0.013720855307562651 0.45498587261505585 0.017248809334573203 0.044721946097494553 0.0085782403013745911 0.024407349070383687 -0.0035934999353841356
leaf_weight=2814.1006145086139 754.15813175588846 466.72695660218596 134.86744128540158 1.6901774927973741 2478.2304251529276 3827.1232969835401 178.61889338493347 161.63354266062379 0.61730428598821141 0.62181724980473518 24.715596931055188 706.08541493490338 45.873669441789389 577.96990619413555
leaf_count=124149 37288 5528 4067 85 53329 124245 915 4473 20 20 533 13484 443 9834
internal_value=2.45061e-06 0.000889277 -0.00277145 0.00148865 0.00201576 0.00016163 0.0079005 -0.00364698 0.102321 0.23532 0.00459988 0.00980062 -0.00404217 -0.00153449
internal_weight=12173 9224.07 2948.97 8469.91 7681.5 4472.47 645.346 788.406 2.9293 1.23912 3209.03 730.801 785.477 623.844
internal_count=378413 250197 128216 212909 198034 130688 6443 14875 125 40 67346 14017 14750 10277
is_linear=0
shrinkage=0.03


Tree=104
num_leaves=15
num_cat=0
split_feature=9 6 7 7 9 7 6 1 2 8 7 9 12 7
split_gain=27.3673 31.1541 34.4288 24.8592 23.6174 39.2446 26.7644 23.6003 30.3469 41.9912 23.2336 21.9529 45.4859 35.7761
threshold=6.5000000000000009 1.0000000180025095e-35 0.0065432852134108552 0.087325815111398711 99.500000000000014 0.17193329334259036 12.500000000000002 42.500000000000007 245.50000000000003 7645.5000000000009 0.26705427467823034 42.500000000000007 343.50000000000006 0.029127937741577629
decision_type=2 2 2 2 2 2 2 2 2 2 2 2 2 2
left_child=1 -1 -3 11 6 -6 7 -5 10 -10 -9 -2 13 -13
right_child=3 2 -4 4 5 -7 -8 8 9 -11 -12 12 -14 -15
leaf_value=-0.0037304361206260709 -0.001577725369941757 -0.019268751408563895 0.0038164635848150653 0.0038149655575093842 0.001272653887829007 -0.018224221754197044 0.050376288968258312 0.0076715439774645176 0.12457240023364163 0.02303558631136857 0.060448980598503094 -0.013713768056559482 0.0018020923246666546 0.045815230083340652
leaf_weight=2728.6402028612792 3573.3147898800671 61.900024726986885 957.91713663097471 2049.6563684586436 1076.2962674982846 101.69590154290199 11.563119444996117 109.11517661437392 5.2598594278097179 12.094504296779631 8.0615377463400346 12.044426910579203 1408.2952141603455 36.993243891745806
leaf_count=129054 134913 5030 30457 26101 12719 1201 65 1672 56 167 149 94 35970 193
internal_value=7.32734e-05 -0.00205842 0.00241526 0.00102403 0.00301639 -0.000410509 0.00485488 0.00461389 0.0167859 0.0538099 0.0113025 -0.000312117 0.0027911 0.031194
internal_weight=12152.8 3748.46 1019.82 8404.39 3373.74 1177.99 2195.75 2184.19 134.531 17.3544 117.177 5030.65 1457.33 49.0377
internal_count=377841 164541 35487 213300 42130 13920 28210 28145 2044 223 1821 171170 36257 287
is_linear=0
shrinkage=0.03


Tree=105
num_leaves=15
num_cat=0
split_feature=2 1 6 7 4 1 9 9 12 7 11 0 0 7
split_gain=23.1333 36.8872 36.5128 26.3801 23.3202 44.1309 29.9273 31.8814 83.0081 31.208 35.7055 62.3409 29.0556 26.8987
threshold=54.500000000000007 31.500000000000004 1.5000000000000002 0.029416977427899841 3.5000000000000004 42.500000000000007 41.500000000000007 4.5000000000000009 5122.5000000000009 0.1858543008565903 231.50000000000003 2.5000000000000004 10.500000000000002 0.11397409811615945
decision_type=2 2 2 2 2 2 2 2 2 2 2 2 2 2
left_child=4 -2 3 -3 -1 6 7 8 -6 10 11 13 -13 -8
right_child=1 2 -4 -5 5 -7 9 -9 -10 -11 -12 12 -14 -15
leaf_value=0.0028716020977447698 -0.015747399283878732 -0.0053663025363593518 0.0025415024676645535 -0.00072553334663444748 -0.0062144474891986691 0.041678153231581735 0.0188625020843355 -0.0096061855553315426 0.27704415667990212 -0.016718681952035613 -0.0019474477072805507 0.028655090363903742 0.096802965665017962 -0.0012733636134915746
leaf_weight=3353.3284979760647 154.51009892113507 1671.8278390290216 1955.4373616427183 3236.6307856896892 3.552451964467763 21.170169619843364 78.257511280477047 428.20220634434372 1.2618262283504007 89.950386106967926 834.83014306332916 63.830364994704723 6.1755389645695677 251.89964600652456
leaf_count=62307 7124 84216 66483 127494 90 285 695 12709 25 909 12667 460 49 2595
internal_value=-0.000132066 -0.00125145 -0.000925141 -0.00230619 0.00139864 -0.00137761 -0.0018961 -0.00874305 0.0680279 0.000341606 0.00158419 0.00895197 0.0346667 0.00349946
internal_weight=12150.9 7018.41 6863.9 4908.46 5132.46 1779.13 1757.96 433.016 4.81428 1324.94 1234.99 400.163 70.0059 330.157
internal_count=378108 285317 278193 211710 92791 30484 30199 12824 115 17375 16466 3799 509 3290
is_linear=0
shrinkage=0.03


Tree=106
num_leaves=15
num_cat=0
split_feature=7 9 9 7 9 6 4 3 6 4 7 9 8 8
split_gain=30.7236 26.2509 31.0163 30.1963 27.1156 49.0922 46.8862 22.3068 19.408 24.635 28.6179 34.5764 30.9862 30.3045
threshold=0.095247998833656325 4.5000000000000009 93.500000000000014 0.15687003731727603 88.500000000000014 3.5000000000000004 10.500000000000002 54560.964843750007 1.0000000180025095e-35 6.5000000000000009 0.022166866809129718 31.500000000000004 6639.0000000000009 7.5000000000000009
decision_type=2 2 2 2 2 2 2 2 2 2 2 2 2 2
left_child=7 -2 4 -4 6 -6 -3 8 -1 10 -10 12 -12 -13
right_child=1 2 3 -5 5 -7 -8 -9 9 -11 11 13 -14 -15
leaf_value=-0.0028214060761477173 -0.0014416783753444192 0.0050876931303993379 0.0012485632413628211 -0.011777412883915536 0.0050864868377450047 0.054432606087741753 -0.022903861608074724 -0.016861664382433611 -0.0012409349704246534 -0.0058742744226445449 -0.0024280243942441516 0.040631055265701758 0.0079398011181890521 0.009769816905735489
leaf_weight=3087.7364964811131 1592.21674839966 2414.1009658835828 986.90049780532718 191.19818856194615 52.322918158024549 27.777367297559977 55.0847701523453 81.474043203517795 1723.5068403314799 487.03530432470143 642.86309705581516 31.263366125524044 434.98618423938751 340.84255393128842
leaf_count=134673 61878 36272 11035 2371 439 166 783 3639 69902 15328 22376 163 12377 6521
internal_value=7.33682e-05 0.00178277 0.00316014 -0.000865473 0.0050205 0.0221989 0.00446323 -0.00125807 -0.00106968 0.000407953 0.00137209 0.0044781 0.0017561 0.0123627
internal_weight=12149.3 5319.6 3727.38 1178.1 2549.29 80.1003 2469.19 6829.71 6748.23 3660.5 3173.46 1449.96 1077.85 372.106
internal_count=377923 112944 51066 13406 37660 605 37055 264979 261340 126667 111339 41437 34753 6684
is_linear=0
shrinkage=0.03


Tree=107
num_leaves=15
num_cat=0
split_feature=7 9 12 7 9 9 7 8 8 1 7 4 3 11
split_gain=40.3437 26.3966 39.5342 30.8797 25.3032 31.8135 36.9912 28.3956 42.9494 75.5552 34.451 27.1265 24.1522 25.5448
threshold=0.085775598883628859 42.500000000000007 343.50000000000006 0.024311616085469726 4.5000000000000009 101.50000000000001 0.15687003731727603 7513.5000000000009 7672.5000000000009 42.500000000000007 0.20019646733999255 7.5000000000000009 6432.7849121093759 8068.5000000000009
decision_type=2 2 2 2 2 2 2 2 2 2 2 2 2 2
left_child=1 -1 3 -3 -2 7 -7 -6 9 -9 -11 12 13 -10
right_child=4 2 -4 -5 5 6 -8 8 11 10 -12 -13 -14 -15
leaf_value=-0.0025286808183744959 -0.0011498153875754335 -0.026660064387838429 0.0011482191282711197 0.039731295870421179 0.0036151199340007669 0.0012859666830210734 -0.014115470809367127 0.013356391321406855 0.073524828149472726 0.086280608085797739 0.22982881543170713 0.061548076068451765 0.0056043876342368607 0.017878285484333935
leaf_weight=5133.1084603620693 1657.060694466345 7.5037166923284522 1404.0196231128648 39.472167305648327 2233.2439329531044 1000.612025918439 163.25025120005012 22.008401384577155 8.8416976649314147 8.6520963460206968 1.8214668799191702 8.7464524805545789 394.52302080951631 46.321284843608737
leaf_count=220657 65103 63 35917 212 33707 11806 2052 461 118 117 30 41 6908 485
internal_value=6.90561e-05 -0.00151875 0.00205401 0.0291262 0.00195439 0.00327739 -0.000874331 0.00505116 0.0115839 0.0449199 0.111245 0.0092219 0.00820415 0.0267975
internal_weight=12129.2 6584.1 1451 46.9759 5545.08 3888.02 1163.86 2724.16 490.914 32.482 10.4736 458.432 449.686 55.163
internal_count=377677 256849 36192 275 120828 55725 13858 41867 8160 608 147 7552 7511 603
is_linear=0
shrinkage=0.03


Tree=108
num_leaves=15
num_cat=0
split_feature=7 9 8 8 12 12 12 6 12 10 9 9 7 7
split_gain=22.9296 26.9856 31.5512 30.6269 32.794 30.4458 29.5081 29.3681 27.4271 26.7491 24.4869 26.9276 41.3522 42.9158
threshold=0.014803769532591106 3.5000000000000004 9087.5000000000018 9087.5000000000018 78461.000000000015 13629.500000000002 21650.500000000004 1.5000000000000002 8098.5000000000009 26.925265312194828 93.500000000000014 44.500000000000007 0.18883550167083743 0.02127883676439524
decision_type=2 2 2 2 2 2 2 2 2 2 2 2 2 2
left_child=-1 2 5 10 -5 8 7 -7 -2 -6 11 -3 13 -13
right_child=1 3 -4 4 9 6 -8 -9 -10 -11 -12 12 -14 -15
leaf_value=-0.0032684953089310207 -0.0010590772507942314 0.00027961419080826792 -0.013486440276863279 0.014658530978751369 0.031450681486959654 0.008987888679577994 -0.0072801797185300561 0.047930868370346644 -0.011353523511694313 0.0016170680685661414 -0.0032516872593810059 -0.0041081641368777245 -0.0090092471096896998 0.0099913801119317636
leaf_weight=1699.8785070106387 977.80853783898056 4925.7700116671622 218.92312551476061 286.88611082173884 28.100204395130277 235.01571294944733 101.23558358289301 18.824483845382929 305.76023105159402 722.55306952260435 1277.4962859358639 245.57823237217963 164.57306450605392 930.2862986009568
leaf_count=85492 39351 144090 12796 11035 297 12022 5243 444 14423 15585 17443 6073 1531 12273
internal_value=-3.73937e-05 0.000488766 -0.00278965 0.00119844 0.00603111 -0.00136056 0.00641428 0.0118759 -0.00351133 0.00273387 0.000533768 0.00130551 0.00507542 0.0070467
internal_weight=12138.7 10438.8 1857.57 8581.24 1037.54 1638.64 355.076 253.84 1283.57 750.653 7543.7 6266.21 1340.44 1175.86
internal_count=378098 292606 84279 208327 26917 71483 17709 12466 53774 15882 181410 163967 19877 18346
is_linear=0
shrinkage=0.03


Tree=109
num_leaves=15
num_cat=0
split_feature=7 9 8 11 1 2 11 1 6 4 9 3 1 9
split_gain=27.72 25.9778 35.2435 30.1045 37.745 51.2636 26.2858 33.3932 31.7287 30.5283 33.8232 29.6722 27.7305 29.2727
threshold=0.015181225724518301 1.5000000000000002 8344.5000000000018 7918.5000000000009 45.500000000000007 201.50000000000003 4003.5000000000005 42.500000000000007 1.5000000000000002 6.5000000000000009 79.500000000000014 25.006999969482425 15.500000000000002 17.500000000000004
decision_type=2 2 2 2 2 2 2 2 2 2 2 2 2 2
left_child=-1 3 6 4 -2 -6 7 9 -9 -3 -11 -12 -8 -14
right_child=1 2 -4 -5 5 -7 12 8 -10 10 11 -13 13 -15
leaf_value=-0.0032530264795629839 -0.00141741069255789 0.0029467976407562867 0.0048427263381340168 -0.014545879680209921 0.053831229468318025 0.44758488578070549 -0.009068440536801229 0.0071080252886393282 0.047063722012390348 -0.01158909894615206 -0.0065824903154863114 0.0086905286031647763 -0.0032666455147832732 0.0023875895503706274
leaf_weight=1761.5737199671566 567.22943825088441 3120.1063144402578 1949.6626336006448 198.70471112523228 1.4215570287778962 0.37636435963213433 389.2439037784934 49.620592947117984 27.969256177544594 300.28660765476525 220.08250419795513 238.59921918064356 1749.2554641058668 1558.0344703681767
leaf_count=88193 26056 57523 59494 12546 80 19 4579 2059 970 9554 4280 2890 75430 34352
internal_value=0.000226338 0.000817351 0.0012419 -0.00449291 -0.00098241 0.136257 0.000324582 0.00202397 0.0215111 0.00163419 -0.00376193 0.0013623 -0.0014944 -0.000602986
internal_weight=12132.2 10370.6 9602.86 767.732 569.027 1.79792 7653.2 3956.66 77.5898 3879.07 758.968 458.682 3696.53 3307.29
internal_count=378025 289832 251131 38701 26155 99 191637 77276 3029 74247 16724 7170 114361 109782
is_linear=0
shrinkage=0.03


Tree=110
num_leaves=15
num_cat=0
split_feature=4 7 9 0 6 12 0 8 8 8 1 0 7 1
split_gain=22.3936 29.224 45.8497 24.7688 24.6427 39.3912 41.3962 26.4673 24.0615 43.3554 19.8839 68.7675 23.5639 46.5896
threshold=1.5000000000000002 0.03178303316235543 13.500000000000002 1.0000000180025095e-35 1.0000000180025095e-35 12744.500000000002 36.500000000000007 1730.5000000000002 14.500000000000002 2.5000000000000004 1.5000000000000002 4.5000000000000009 0.22246482223272326 22.500000000000004
decision_type=2 2 2 2 2 2 2 2 2 2 2 2 2 2
left_child=1 -1 4 -2 8 -6 7 -7 9 -3 11 -5 -12 -14
right_child=3 2 -4 10 5 6 -8 -9 -10 -11 12 -13 13 -15
leaf_value=-0.0040763630764484122 -0.0059633595274439051 -0.011259210854068669 0.0078057941404268564 0.0047592288237796555 -0.0038286640356610729 -0.012422947243835147 0.0087162886120822434 0.13727680816945487 -0.003145372297328555 0.022373466521580582 0.00089050314888030246 0.051330549306770515 -0.0079090678938218105 0.021358501559136905
leaf_weight=2043.3940594820306 383.17732598818839 56.142752859741449 623.78033842518926 557.27249231189489 349.43177451007068 1.4942316822707642 422.39046029932797 3.6826469227671623 2460.1543137598783 89.465303476899862 4905.3426133152097 30.07576397806406 75.573280833661556 138.95546530932188
leaf_count=99671 5785 809 9209 4782 8980 25 10480 44 105011 1033 127208 161 1292 3397
internal_value=0.000135998 -0.00115675 0.000332288 0.00142016 -0.00104582 0.00364325 0.00974971 0.0940681 -0.00244404 0.00940556 0.00191589 0.00714396 0.00131612 0.0110482
internal_weight=12140.3 6049.94 4006.54 6090.4 3382.76 776.999 427.567 5.17688 2605.76 145.608 5707.22 587.348 5119.87 214.529
internal_count=377887 235262 135591 142625 126382 19529 10549 69 106853 1842 136840 4943 131897 4689
is_linear=0
shrinkage=0.03


Tree=111
num_leaves=15
num_cat=0
split_feature=6 8 2 4 7 11 2 6 11 6 0 12 7 11
split_gain=28.5917 37.9989 62.9015 25.7026 29.0706 28.4983 24.2988 24.6999 23.6242 23.5742 22.4694 19.5626 27.6388 30.723
threshold=1.0000000180025095e-35 57.500000000000007 1.0000000180025095e-35 11.500000000000002 0.021038182079792026 6333.5000000000009 80.500000000000014 1.5000000000000002 4682.5000000000009 4.5000000000000009 695.50000000000011 584032.50000000012 0.016980389133095745 9421.5000000000018
decision_type=2 2 2 2 2 2 2 2 2 2 2 2 2 2
left_child=1 2 -1 4 11 8 -7 10 -6 -5 -8 -2 -13 -14
right_child=3 -3 -4 9 5 6 7 -9 -10 -11 -12 12 13 -15
leaf_value=-0.0004410380413930474 -0.0019344589125529434 -0.0022338510224560312 0.018761785319683134 0.00051638477982539918 0.0030716674354538532 0.019503855692239683 0.11386827644708383 0.011369353737806823 -0.0049787110741440505 -0.012606466057067703 0.0019350525353493304 0.0031935946346313806 -0.014246127127679215 0.060225376906736496
leaf_weight=550.88417029194534 1591.6806005137041 5461.1316356807947 212.83755210787058 299.01989940553904 2067.2787884492427 132.82810668461025 1.6180436071008433 445.46292122080922 389.95432303659618 209.53904740139842 652.98947826400399 89.542257308959961 6.9570250250399139 17.595107566565275
leaf_count=7102 67713 209333 1257 5566 40483 2170 23 8670 11841 4635 15722 2943 156 330
internal_value=6.12453e-05 -0.00135732 0.00491049 0.00155678 0.00216444 0.00366156 0.00738349 0.00592002 0.0017941 -0.00489056 0.00221173 -0.0010743 0.0109254 0.0391233
internal_weight=12129.3 6224.85 763.722 5904.47 5395.91 3690.13 1232.9 1100.07 2457.23 508.559 654.608 1705.77 114.094 24.5521
internal_count=377944 217692 8359 160252 150051 78909 26585 24415 52324 10201 15745 71142 3429 486
is_linear=0
shrinkage=0.03


Tree=112
num_leaves=15
num_cat=0
split_feature=7 9 8 8 4 7 9 9 0 6 9 11 0 8
split_gain=19.166 23.2804 21.9516 24.7312 43.6929 51.8386 39.7827 29.6283 47.324 26.6898 27.6677 28.8656 37.5979 41.1784
threshold=0.018303121440112594 1.5000000000000002 2.5000000000000004 14.500000000000002 2.5000000000000004 0.035790616646409042 44.500000000000007 143.50000000000003 1.5000000000000002 1.0000000180025095e-35 211.50000000000003 71.500000000000014 41.500000000000007 3255.5000000000005
decision_type=2 2 2 2 2 2 2 2 2 2 2 2 2 2
left_child=-1 -2 -3 4 -4 6 -6 -7 -9 -5 11 -11 -13 -14
right_child=1 2 3 9 5 7 -8 8 -10 10 -12 12 13 -15
leaf_value=-0.0025388769340674495 -0.0045517343034913909 -0.0075779934921637575 0.016548176934646545 -0.00085974201950280295 -0.026796955341844807 -0.0094701166560874194 0.045044660530910205 -0.0012510515010140659 0.040591890892970488 -0.014567977468321607 -0.0046572977317371044 0.013439466659118366 -0.0039634300116444853 0.0046597603690672141
leaf_weight=2252.857372706756 750.22749640699476 264.01734628528357 253.93316074460745 4355.7169362064451 8.5812506657093746 232.3057883810252 36.209642741829157 111.0117369890213 31.153247140347958 77.949744829908013 423.2055395655334 334.44420019164681 632.44615447893739 2351.4504414461553
leaf_count=106623 37927 3197 2172 136389 128 1995 203 1867 252 722 6233 4157 21410 54045
internal_value=-4.22926e-05 0.000527985 0.000946199 0.00120054 0.00672756 0.000779524 0.0312809 -0.00286878 0.00791818 0.000745416 0.00257592 0.00347724 0.00390113 0.00283205
internal_weight=12115.5 9862.65 9112.43 8848.41 673.195 419.262 44.7909 374.471 142.165 8175.21 3819.5 3396.29 3318.34 2983.9
internal_count=377320 270697 232770 229573 6617 4445 331 4114 2119 222956 86567 80334 79612 75455
is_linear=0
shrinkage=0.03


Tree=113
num_leaves=15
num_cat=0
split_feature=4 7 9 11 1 8 10 11 1 6 4 9 6 12
split_gain=22.8283 22.9855 35.537 25.3814 25.1183 19.3126 42.0808 36.7822 36.332 33.0846 32.2424 33.8484 30.2372 43.4416
threshold=24.500000000000004 0.01852169539779425 1.5000000000000002 7918.5000000000009 45.500000000000007 6770.5000000000009 39.211278915405281 4003.5000000000005 42.500000000000007 1.0000000180025095e-35 6.5000000000000009 79.500000000000014 1.5000000000000002 16790.500000000004
decision_type=2 2 2 2 2 2 2 2 2 2 2 2 2 2
left_child=1 -1 3 4 -3 7 9 8 10 -7 -4 -12 -8 -14
right_child=-2 2 5 -5 -6 6 12 -9 -10 -11 11 -13 13 -15
leaf_value=-0.0026566626280159654 -0.014416826166638468 -0.0027906034668592527 0.0028071153504979651 -0.015166139866844187 0.10337103744577157 0.0064377007538913775 0.00019666725981010844 -0.0030984395457721811 0.022129541644618146 0.02480964644702351 -0.012249535600228357 0.0011932843354993425 0.07173662462554499 0.0070538158781666685
leaf_weight=2296.3866351591423 99.063584288582206 557.65531434770674 3067.1840824829414 187.33904639258981 2.0130881853401652 295.62196973804384 2203.5198676502332 2016.0742691438645 78.314781174995005 125.74139693379402 286.71681651566178 409.12831526249647 9.5189444050192815 510.83470145612955
leaf_count=108431 2086 25732 56059 12087 95 8602 77518 57587 2970 1905 9199 6092 175 9659
internal_value=-7.43967e-05 4.35517e-05 0.000679547 -0.00560812 -0.00240875 0.00120127 0.00309747 0.000183081 0.00190534 0.0119202 0.00148444 -0.00434571 0.00173266 0.00823707
internal_weight=12145.1 12046 9749.66 747.007 559.668 9002.66 3145.24 5857.42 3841.34 421.363 3763.03 695.845 2723.87 520.354
internal_count=378197 376111 267680 37914 25827 229766 97859 131907 74320 10507 71350 15291 87352 9834
is_linear=0
shrinkage=0.03


Tree=114
num_leaves=15
num_cat=0
split_feature=3 9 6 7 7 7 4 8 11 0 8 0 1 7
split_gain=25.2666 21.2412 26.5533 28.8514 23.3311 23.274 36.9258 35.7441 36.6185 32.425 37.2698 31.5391 65.1679 39.2799
threshold=106449.06640625001 10.500000000000002 1.0000000180025095e-35 0.0070644598454236993 0.0068349780049175033 0.097576983273029341 3.5000000000000004 14.500000000000002 2193.5000000000005 1002.5000000000001 9529.5000000000018 2.5000000000000004 2.5000000000000004 0.18186598271131518
decision_type=2 2 2 2 2 2 2 2 2 2 2 2 2 2
left_child=1 2 -1 -4 -3 7 9 -6 -9 -7 -11 -8 13 -13
right_child=-2 4 3 -5 5 6 11 8 -10 10 -12 12 -14 -15
leaf_value=-0.0026178305355765742 -0.025168317021847363 0.016230765519725566 -0.0092664109689370461 0.0034272454694648249 0.01334591601573579 0.0058804077006589083 -0.006189306665705282 -0.0095265429792841926 0.0001045672720100965 0.021385127783912695 0.12252793299606972 0.036993207599433788 0.00089693950153182803 -0.017298445782688777
leaf_weight=3552.3244345756248 35.192411197349429 93.875392463058233 181.38901753630489 1444.4306112350896 165.52973666787148 1156.765170995146 480.3226218521595 396.3573499424383 3429.594378715381 75.104684563353658 3.4285925403237334 72.304662007838488 1023.7702611088753 14.378557719290255
leaf_count=160965 1488 3297 14615 45507 2208 10200 5368 12894 108098 827 29 468 12186 80
internal_value=0.000214431 0.000288319 -0.00116447 0.00201104 0.00137677 0.00117223 0.00325537 -0.000302681 -0.000893187 0.00714683 0.0258008 0.000233503 0.00301167 0.0279876
internal_weight=12124.8 12089.6 5178.14 1625.82 6911.43 6817.56 2826.07 3991.48 3825.95 1235.3 78.5333 1590.78 1110.45 86.6832
internal_count=378230 376742 221087 60122 155655 152358 29158 123200 120992 11056 856 18102 12734 548
is_linear=0
shrinkage=0.03


Tree=115
num_leaves=15
num_cat=0
split_feature=11 11 6 6 7 1 3 1 12 7 1 8 12 10
split_gain=22.5479 36.7981 34.2474 34.0475 32.0689 31.9834 63.0695 47.1076 30.2346 31.9529 28.9813 51.3795 34.724 34.6908
threshold=4003.5000000000005 3428.5000000000005 5.5000000000000009 1.5000000000000002 1.0000000180025095e-35 13.500000000000002 250.00250244140628 38.500000000000007 13629.500000000002 0.22246482223272326 6.5000000000000009 1730.5000000000002 2858.5000000000005 18.762073516845707
decision_type=2 2 2 2 2 2 2 2 2 2 2 2 2 2
left_child=1 5 -3 4 -2 6 -1 -7 -6 -10 13 -12 -13 -8
right_child=3 2 -4 -5 8 7 10 -9 9 -11 11 12 -14 -15
leaf_value=0.00025821953920259557 0.020630719576475939 0.0068297830548453365 0.044874111252629578 0.0023745396094053514 -0.008727377108504528 -0.0057910065926929672 0.02177771110916378 0.0083495864338979358 -0.0022708352897757651 0.0073579070153545652 -0.013147548322482928 0.060307884948462322 0.011573502187174116 0.12937624032307882
leaf_weight=2001.3236482981592 54.968645826913416 683.48857015464455 21.980500172823668 2025.7139047477394 604.47370889224112 1115.3340589767322 136.49019020982087 261.80018083192408 4555.4245255049318 332.84337731730193 81.304489200934768 13.906444827094672 244.60166646726429 2.7511273548007003
leaf_count=24857 3670 13127 489 63127 35668 42159 1155 12176 165216 10902 2148 218 2964 29
internal_value=4.9466e-05 0.00171537 0.00801514 -0.000954242 -0.00216973 0.00056326 0.0025987 -0.00310281 -0.0023979 -0.00161521 0.0123764 0.00765308 0.0141952 0.0239036
internal_weight=12136.4 4562.98 705.469 7573.42 5547.71 3857.51 2480.38 1377.13 5492.74 4888.27 479.054 339.813 258.508 139.241
internal_count=377905 99322 13616 278583 215456 85706 31371 54335 211786 176118 6514 5330 3182 1184
is_linear=0
shrinkage=0.03


Tree=116
num_leaves=15
num_cat=0
split_feature=7 9 8 2 8 10 4 12 9 0 7 0 11 6
split_gain=20.8293 22.3318 26.6899 29.5997 23.6031 22.3927 22.9783 34.6989 27.1746 26.3474 62.5825 21.565 29.1641 20.8771
threshold=0.014803769532591106 1.5000000000000002 8297.5000000000018 17.500000000000004 7888.5000000000009 58.306219100952156 1.0000000180025095e-35 17438.500000000004 191.50000000000003 819.50000000000011 0.073182873427867903 974.50000000000011 8398.5000000000018 1.5000000000000002
decision_type=2 2 2 2 2 2 2 2 2 2 2 2 2 2
left_child=-1 4 -3 -4 -2 6 -5 9 13 10 -8 -11 -13 -9
right_child=1 2 3 5 -6 -7 7 8 -10 11 -12 12 -14 -15
leaf_value=-0.0030550431389365289 -0.0013000327510791381 0.00011913321471300867 0.024886866491550162 -0.0034038368123542424 -0.013420867327145845 -0.026121040054785785 0.29040720875416415 0.0043296149250176413 -0.0063298523368294111 -0.0030455166888089086 -0.008745099355194727 0.16695168418163697 0.035586232951114738 0.013632162297573452
leaf_weight=1678.2681127348915 562.12901478540152 7649.0021396353841 59.170413052663207 339.08914724458009 194.66536738537252 22.928601710125804 1.2116976482793718 1157.0701838098466 178.89069701358676 8.4984101923182624 1.3096116986125705 1.9291649209335426 7.1888444563373923 267.27935555391014
leaf_count=85644 26168 191136 996 16557 12859 777 38 36022 2086 301 31 24 253 5380
internal_value=4.72858e-05 0.000545502 0.000932996 0.00397777 -0.0044178 0.00335462 0.003699 0.00518263 0.00469107 0.0443174 0.135022 0.0313355 0.0633802 0.00607524
internal_weight=12128.6 10450.4 9693.57 2044.57 756.794 1985.4 1962.47 1623.38 1603.24 20.1377 2.52131 17.6164 9.11801 1424.35
internal_count=378272 292628 253601 62465 39027 61469 60692 44135 43488 647 69 578 277 41402
is_linear=0
shrinkage=0.03


Tree=117
num_leaves=15
num_cat=0
split_feature=3 7 9 4 6 9 9 7 7 11 11 7 7 8
split_gain=17.0911 15.3403 21.9132 28.3312 47.0817 28.709 26.3655 26.1337 40.7519 23.2386 22.68 21.6012 19.9502 36.2883
threshold=106449.06640625001 0.021038182079792026 1.5000000000000002 5.5000000000000009 2.5000000000000004 15.500000000000002 159.50000000000003 0.10811696574091913 0.10001393035054208 7031.5000000000009 7574.5000000000009 0.11397409811615945 0.035020904615521438 9652.5000000000018
decision_type=2 2 2 2 2 2 2 2 2 2 2 2 2 2
left_child=1 -1 10 4 5 -4 12 8 9 -6 -3 -8 -7 -14
right_child=-2 2 3 -5 7 6 11 -9 -10 -11 -12 -13 13 -15
leaf_value=-0.001677410302457535 -0.020755538266574142 -0.00075392135892424282 -0.00016889571163960601 -0.0022299915420389872 0.0089976670598822216 0.00034329095661090632 0.015640510387492503 0.0024290650193125197 0.061193800864421694 0.02845815120353953 -0.012496683480147375 -0.014742788223553356 0.0057196863382271614 0.033656952492167012
leaf_weight=2711.739990982227 34.76567146461457 514.05858414713293 3937.7739359755069 1649.7845361856744 240.09766660351306 679.85369041096419 26.06059130653739 211.93799450807273 16.983348419889808 71.72391913831234 207.89300770126283 109.7434721365571 1640.6117571787909 42.939996812492609
leaf_count=121896 1513 23503 137259 32127 6272 16040 244 2341 188 1532 13618 1124 19301 455
internal_value=0.000248655 0.000309198 0.000885399 0.00130554 0.00214146 0.00142722 0.00394208 0.0106438 0.0159387 0.0134739 -0.00413536 -0.00891228 0.0046807 0.00643224
internal_weight=12096 12061.2 9349.46 8627.51 6977.73 6436.98 2499.21 540.743 328.805 311.822 721.952 135.804 2363.41 1683.55
internal_count=377413 375900 254004 216883 184756 174423 37164 10333 7992 7804 37121 1368 35796 19756
is_linear=0
shrinkage=0.03


Tree=118
num_leaves=15
num_cat=0
split_feature=3 9 4 6 9 6 8 8 7 7 9 9 12 9
split_gain=19.923 19.2026 20.0254 29.6108 31.5979 21.9275 21.7823 51.3696 21.2836 24.7406 30.6265 21.0922 20.5095 19.8337
threshold=106449.06640625001 10.500000000000002 11.500000000000002 6.5000000000000009 12.500000000000002 4.5000000000000009 3318.5000000000005 3785.5000000000005 0.02158414572477341 0.0068349780049175033 56.500000000000007 100.50000000000001 584032.50000000012 13.500000000000002
decision_type=2 2 2 2 2 2 2 2 2 2 2 2 2 2
left_child=1 -1 3 8 -5 11 -6 -8 9 10 -3 -4 13 -11
right_child=-2 2 5 4 6 -7 7 -9 -10 12 -12 -13 -14 -15
leaf_value=-0.0013054146929314706 -0.023047310091499278 0.037702508501173876 -0.017387392147927883 0.11641950072618817 -0.0027163807992888278 -0.012048600337822794 0.10092026832442297 0.014048226324238758 0.0023038532632054945 0.0064417446497564979 -0.00041868953024037383 0.0033352736056876209 0.010475469265072266 -0.0045264104873591121
leaf_weight=5151.1303526256233 33.613366167992353 31.474342616274953 51.925067380070686 2.6057559037581077 67.630110261961818 208.0496823946014 6.4146917108446351 136.19897358864546 4442.5852080946788 166.67556806653738 47.732269417494535 297.32578676566482 103.56645830534399 1351.8534473953769
leaf_count=220515 1507 1232 1174 72 1622 4680 119 4129 78007 6776 1539 5332 2978 47980
internal_value=1.69206e-05 8.11772e-05 0.00111422 0.00159227 0.0125928 -0.00433857 0.011306 0.0179557 0.00121117 -0.00164214 0.0147295 0.00025432 -0.00244157 -0.00332253
internal_weight=12098.8 12065.2 6914.04 6356.74 212.85 557.301 210.244 142.614 6143.89 1701.3 79.2066 349.251 1622.1 1518.53
internal_count=377662 376155 155640 144454 5942 11186 5870 4248 138512 60505 2771 6506 57734 54756
is_linear=0
shrinkage=0.03


Tree=119
num_leaves=15
num_cat=0
split_feature=7 2 8 0 7 2 9 0 10 9 9 8 0 0
split_gain=19.7998 18.482 15.8213 42.5311 19.015 18.9505 18.3417 25.7506 27.2922 17.137 14.7351 35.4123 37.4978 30.07
threshold=0.095247998833656325 251.50000000000003 9665.5000000000018 695.50000000000011 0.18186598271131518 162.50000000000003 3.5000000000000004 911.50000000000011 45.646087646484382 159.50000000000003 44.500000000000007 18.500000000000004 695.50000000000011 1.0000000180025095e-35
decision_type=2 2 2 2 2 2 2 2 2 2 2 2 2 2
left_child=1 10 -2 4 -4 6 -5 9 -9 -8 -1 13 -13 -12
right_child=2 -3 3 5 -6 -7 7 8 -10 -11 11 12 -14 -15
leaf_value=-0.0015894539857876878 0.0010676540789158796 -0.0093450357601974985 0.060505621329352104 -0.012778305797590674 0.19137874260512872 -0.019586710586675764 0.027385168792068246 0.021833834792052743 0.15203768237647153 -0.0088036821746679053 -0.0026545570928186877 -0.0070087874695469428 0.0039906788547806422 0.029950490326754991
leaf_weight=5159.0073005352169 5233.5569635182619 238.88322421163321 3.1397353820502749 16.704295713454485 1.4655489725992081 17.313699258491397 38.780114801600575 3.0987142045050851 2.7212952002882957 16.912956971675158 39.818774569779634 409.45225116424263 875.07687184214592 70.580214597284794
leaf_count=219850 110596 11273 45 915 34 403 516 39 29 146 867 7311 25327 708
internal_value=-7.43639e-05 -0.00114853 0.00129366 0.0131059 0.102154 0.00881314 0.0150996 0.02267 0.082714 0.0163953 -0.000849781 0.00188583 0.000484525 0.0181905
internal_weight=12126.5 6792.82 5333.69 100.136 4.60528 95.5311 78.2174 61.5131 5.82001 55.6931 6553.94 1394.93 1284.53 110.399
internal_count=378059 265336 112723 2127 79 2048 1645 730 68 662 254063 34213 32638 1575
is_linear=0
shrinkage=0.03


Tree=120
num_leaves=15
num_cat=0
split_feature=3 8 6 7 1 11 7 9 0 9 12 11 7 12
split_gain=19.8602 28.1547 24.4443 23.0548 21.1888 23.7903 24.3236 27.2218 19.0857 19.3953 55.9343 76.2483 117.714 20.0229
threshold=6939.5461425781259 2.5000000000000004 1.5000000000000002 0.0034980330383405094 42.500000000000007 9693.5000000000018 0.013193211983889343 7.5000000000000009 695.50000000000011 23.500000000000004 214066.00000000003 9465.5000000000018 0.009662640746682884 143639.00000000003
decision_type=2 2 2 2 2 2 2 2 2 2 2 2 2 2
left_child=1 -1 -2 -4 -3 -6 -7 -8 -5 10 -10 12 -12 -11
right_child=2 4 3 8 5 6 7 -9 9 13 11 -13 -14 -15
leaf_value=-0.0075283724987974254 -0.0022336690060598885 0.0015908266217388185 -0.013096702493420544 -0.01195788053052394 0.010271660140424469 -0.030854080278227065 0.21326968784226621 0.059118749623772365 0.0064116019985163098 0.02086182008062494 0.5319320821518454 0.036915015036240402 -0.030780869838803404 -3.5714818918260584e-06
leaf_weight=302.01772326789796 4890.6715784557164 4793.1206761756912 90.461269005201757 79.814349241554737 114.7579393601045 2.1369786746799928 1.2243269598111508 6.5301043577492237 639.68458875175565 42.946953749284148 0.79978549107909092 3.9232766963541508 0.57520918548107147 1143.2299864236265
leaf_count=3814 213780 88328 8182 3386 3500 86 33 82 24181 1216 35 121 24 31098
internal_value=-3.35344e-05 0.00136237 -0.00109074 0.00170211 0.00190839 0.0141195 0.058761 0.0834572 0.00240266 0.00302859 0.00721563 0.104289 0.296529 0.000751885
internal_weight=12111.9 5219.79 6892.11 2001.44 4917.77 124.649 9.89141 7.75443 1910.97 1831.16 644.983 5.29827 1.37499 1186.18
internal_count=377866 95843 282023 68243 92029 3701 201 115 60061 56675 24361 180 59 32314
is_linear=0
shrinkage=0.03


Tree=121
num_leaves=15
num_cat=0
split_feature=3 7 4 0 3 1 8 10 11 8 6 7 10 7
split_gain=21.3091 17.6738 22.488 19.1811 55.9858 43.0194 30.9257 36.0881 29.3129 62.6242 26.754 35.1847 43.3483 30.2363
threshold=106449.06640625001 0.097576983273029341 22.500000000000004 69.500000000000014 724.55349731445324 7.5000000000000009 6770.5000000000009 11.641574382781984 3699.5000000000005 3454.5000000000005 1.0000000180025095e-35 0.026756892912089828 30.560774803161625 1.0000000180025095e-35
decision_type=2 2 2 2 2 2 2 2 2 2 2 2 2 2
left_child=1 3 -3 4 -1 -6 7 8 9 -5 13 -12 -13 -8
right_child=-2 2 -4 6 5 -7 10 -9 -10 -11 11 12 -14 -15
leaf_value=0.00051222422629863438 -0.024446412142584129 0.0015621154018697304 -0.01825196679851147 0.014244392706235018 0.061747174174531065 0.013934534614809537 0.030901100450348145 -0.0050514222397951645 -0.0065346747578708224 0.11116669154215285 0.00023675491770170937 0.066300937421169923 0.0081928118502485464 -0.0030191005619099307
leaf_weight=808.24384294636548 31.988028028979897 5259.5964038111269 52.062206741422415 24.900195358321071 21.699467981234193 77.158881459385157 23.973547860048711 2107.4148378558457 23.070818275213242 7.9043998420238486 1468.5375064034015 11.851756542921065 460.24061183445156 1759.3168685175478
leaf_count=12876 1489 110507 1096 815 219 1189 1814 85988 333 97 60787 196 11615 89133
internal_value=6.87919e-06 7.1493e-05 0.00136791 -0.000942018 0.00311878 0.0244294 -0.00156771 -0.00442049 0.0193759 0.0375982 8.95253e-05 0.00252708 0.0096516 -0.0025631
internal_weight=12138 12106 5311.66 6794.31 907.102 98.8583 5887.21 2163.29 55.8754 32.8046 3723.92 1940.63 472.092 1783.29
internal_count=378154 376665 111603 265062 14284 1408 250778 87233 1245 912 163545 72598 11811 90947
is_linear=0
shrinkage=0.03


Tree=122
num_leaves=15
num_cat=0
split_feature=3 7 4 8 8 2 9 10 1 7 7 9 12 8
split_gain=17.0635 16.4992 16.3079 27.578 27.5026 27.1263 20.9601 20.6921 20.0727 28.337 39.5049 18.5511 18.0424 53.8295
threshold=43794.537109375007 0.015181225724518301 1.0000000180025095e-35 23.500000000000004 8297.5000000000018 1.0000000180025095e-35 6.5000000000000009 39.388044357299812 45.500000000000007 0.05887944623827935 0.041689535602927215 167.50000000000003 21650.500000000004 6506.5000000000009
decision_type=2 2 2 2 2 2 2 2 2 2 2 2 2 2
left_child=1 -1 3 5 8 -3 -5 -6 12 10 -10 -9 13 -4
right_child=-2 2 4 6 7 -7 -8 11 9 -11 -12 -13 -14 -15
leaf_value=-0.0026523175147996859 -0.0066654841548486618 0.0019235726604542433 0.0011846133630624201 -0.0052926522085687657 0.012955777430187903 0.029555622211653778 0.0031030538326191136 0.0045194456251936932 0.05555849296844699 0.00040764288396639081 0.28602841713002297 -0.0063673349824208084 -0.0010361698712034757 0.021221301437489338
leaf_weight=1653.2819600887597 342.62729726172984 110.96153973788023 2617.8685182332993 1166.3796078450978 231.20808510575444 44.918351359665394 347.3110428629443 1211.7292883219197 3.1246428191661821 5.652949720621109 0.85185543075203884 159.39914090558887 4089.9009102815762 126.5046371370554
leaf_count=83472 14413 1553 57875 57894 4832 230 7691 36829 126 177 34 1886 105921 5189
internal_value=-6.59634e-05 0.000126165 0.000580267 -0.00212898 0.00111581 0.00988602 -0.00336629 0.00465375 0.00028748 0.0435705 0.10493 0.00325381 0.000226494 0.00210822
internal_weight=12111.7 11769.1 10115.8 1669.57 8446.24 155.88 1513.69 1602.34 6843.9 9.62945 3.9765 1371.13 6834.27 2744.37
internal_count=378122 363709 280237 67368 212869 1783 65585 43547 169322 337 160 38715 168985 63064
is_linear=0
shrinkage=0.03


Tree=123
num_leaves=15
num_cat=0
split_feature=7 0 3 1 8 1 8 10 11 12 9 7 7 4
split_gain=27.5432 16.8548 44.8838 30.2229 23.8559 43.7128 22.7 28.9772 26.0927 34.6836 34.5961 24.3235 30.6843 23.1195
threshold=0.095247998833656325 69.500000000000014 724.55349731445324 7.5000000000000009 1801.5000000000002 14.500000000000002 6770.5000000000009 11.641574382781984 4060.5000000000005 19721.000000000004 44.500000000000007 1.0000000180025095e-35 0.0051786652766168126 1.0000000180025095e-35
decision_type=2 2 2 2 2 2 2 2 2 2 2 2 2 2
left_child=1 2 -1 -4 -5 -6 7 8 9 -3 -11 -8 -13 -14
right_child=-2 6 3 4 5 -7 11 -9 -10 10 -12 12 13 -15
leaf_value=-0.00010978431537317151 0.0013416463455028762 -0.0049090033718530365 0.051675863593776357 -0.022701627267240978 0.015328334181396971 0.14812999905674659 0.028914375039015006 -0.0051699178284356617 -0.019341053916914198 0.068440984824226767 -0.016439317562723973 -0.014201429758568584 -0.0079448717101817442 0.00041877930650628702
leaf_weight=794.38858070597053 5346.5879101902246 17.118172447197139 22.574782609939575 14.332269059494136 62.467789759859443 2.3133248016238204 24.771931427530944 2077.269788255915 13.754684418439863 20.145937275141481 5.5019947141408911 150.03871464915574 327.6346028605476 3229.8410494476557
leaf_count=12675 112925 611 225 471 695 26 1829 85414 205 334 81 12233 20173 129964
internal_value=-0.000267453 -0.00153971 0.00229243 0.0210586 0.012322 0.0200707 -0.00212509 -0.00459324 0.0166009 0.0281608 0.0502325 -0.000714019 -0.000911983 -0.000351492
internal_weight=12108.7 6762.15 896.077 101.688 79.1134 64.7811 5866.08 2133.79 56.5208 42.7661 25.6479 3732.29 3707.51 3557.48
internal_count=377861 264936 14092 1417 1192 721 250844 86645 1231 1026 415 164199 162370 150137
is_linear=0
shrinkage=0.03


Tree=124
num_leaves=15
num_cat=0
split_feature=3 4 6 7 0 3 1 8 7 7 10 12 9 6
split_gain=16.6785 17.1897 33.8475 23.3033 22.8107 50.9758 43.4099 37.1584 34.842 23.2546 20.4454 20.0964 33.6214 30.9308
threshold=54560.964843750007 11.500000000000002 3.5000000000000004 0.0056861259508878001 57.500000000000007 100.0279998779297 2.5000000000000004 1730.5000000000002 0.0034980330383405094 0.037743763998150832 14.924035072326662 4260.5000000000009 12.500000000000002 7.5000000000000009
decision_type=2 2 2 2 2 2 2 2 2 2 2 2 2 2
left_child=1 2 4 -4 5 -1 -7 -8 10 -10 -9 -5 13 -13
right_child=-2 -3 3 11 -6 6 7 8 9 -11 -12 12 -14 -15
leaf_value=-0.00069921998180672907 -0.012371786336634766 -0.0051477866526812395 -0.010082895370346434 -0.0037563182806196766 -0.00096752036302533509 0.022281883067357389 -0.0080522396294392395 0.041105621960653801 0.00042944763779765053 0.01591142684168884 0.14639738093828925 0.020333678159065071 0.0064712161186105685 0.080602237870570054
leaf_weight=1414.783428138122 99.038183889351785 558.84616065304726 79.784816826693714 138.02873971965164 8361.8154634842649 172.97392385452986 143.39339200407267 5.7030839491635543 165.43947941809893 184.91082026809454 2.341111846268177 79.232246983796358 706.76888014096767 8.4846278624609095
leaf_count=16633 4396 11218 7151 1850 304725 911 3144 89 2182 2331 30 2739 20584 262
internal_value=-0.000111037 -1.00367e-05 0.000240425 0.0054783 -0.000266905 0.00253677 0.00932174 0.00485417 0.010018 0.00860066 0.0717488 0.00680969 0.00864536 0.0261633
internal_weight=12121.5 12022.5 11463.7 1012.3 10451.4 2089.55 674.762 501.788 358.394 350.35 8.0442 932.514 794.486 87.7169
internal_count=378245 373849 362631 32586 330045 25320 8687 7776 4632 4513 119 25435 23585 3001
is_linear=0
shrinkage=0.03


Tree=125
num_leaves=15
num_cat=0
split_feature=7 9 9 8 4 9 6 12 8 3 8 7 1 2
split_gain=19.8775 30.7618 23.8808 28.8498 24.2316 40.9846 26.1338 24.2105 33.7438 25.8714 22.5571 32.0966 22.237 25.659
threshold=0.034527704119682319 44.500000000000007 1.5000000000000002 4844.5000000000009 3.5000000000000004 13.500000000000002 1.5000000000000002 336394.50000000006 7344.5000000000009 3793.1574707031255 14.500000000000002 0.024001627229154113 45.500000000000007 201.50000000000003
decision_type=2 2 2 2 2 2 2 2 2 2 2 2 2 2
left_child=1 -1 3 12 5 6 -4 8 -7 -10 11 -3 -2 -14
right_child=2 10 4 -5 -6 7 -8 -9 9 -11 -12 -13 13 -15
leaf_value=-0.003200066417140956 0.00087928955218712643 -0.016535391948893811 -0.00022741604902943698 -0.010954582955957311 -0.0011896385273594482 0.0060059322692058931 0.0091272764127021799 -0.00087604219529079693 0.06237155802745499 0.016289382886042005 0.0016650666084141528 0.039992212426205577 0.023417915358400591 0.26632538079447521
leaf_weight=3248.189508613199 351.65901499520987 12.735273152589796 2900.0652845613658 327.54627468530089 2288.5778102017939 972.09517961367965 296.22748963348567 309.72654632106423 11.502661446109412 234.44550142809749 1112.8604650488123 31.158209796994925 1.1078965961933125 0.6051676608622073
leaf_count=148268 13881 109 100277 20632 39866 11607 6530 2674 138 4459 29393 186 50 19
internal_value=-9.69273e-05 -0.00170398 0.00082319 -0.00454064 0.00134401 0.00257144 0.000639562 0.00661318 0.00851755 0.0184446 0.00249707 0.0235913 0.00140454 0.109229
internal_weight=12098.5 4404.94 7693.56 680.918 7012.64 4724.06 3196.29 1527.77 1218.04 245.948 1156.75 43.8935 353.372 1.71306
internal_count=378089 177956 200133 34582 165551 125685 106807 18878 16204 4597 29688 295 13950 69
is_linear=0
shrinkage=0.03


Tree=126
num_leaves=15
num_cat=0
split_feature=3 4 9 8 7 9 8 12 6 0 3 9 10 7
split_gain=16.8016 14.9718 24.4968 29.2252 28.9342 33.9975 36.3794 29.3641 41.1331 29.0891 62.8156 26.8829 25.5283 24.4308
threshold=106449.06640625001 1.5000000000000002 93.500000000000014 9441.5000000000018 0.10477616265416147 42.500000000000007 7.5000000000000009 1560.5000000000002 7.5000000000000009 150.50000000000003 912.15200805664074 103.50000000000001 49.378746032714851 0.17193329334259036
decision_type=2 2 2 2 2 2 2 2 2 2 2 2 2 2
left_child=1 -1 4 13 5 -3 -7 9 12 -6 -11 -5 -9 -4
right_child=-2 2 3 11 7 6 -8 8 -10 10 -12 -13 -14 -15
leaf_value=-0.0011779655430053586 -0.022247302224408523 -0.0020320448901990883 -0.0024304529730471303 0.096201637985304816 -0.0020604946515962097 0.030328195306921837 0.0034004533497227992 0.0065458209556121241 0.044977000533657878 0.33076714545592739 0.029325109333309549 0.010145276263013314 0.043131701906764061 -0.01755327071987902
leaf_weight=5965.6341088050976 30.934274325147271 1967.7656509662047 1276.6642074994743 3.377092830836772 456.8057620935142 47.182883348315954 1050.2136700330302 1034.5621056817472 26.528397617861629 0.66360737569630046 9.9614392146468145 100.24498565867543 17.454355021938682 103.97205121442676
leaf_count=233784 1493 73869 17334 23 4105 290 27315 16275 188 24 357 1046 142 1267
internal_value=-0.000166186 -0.000109553 0.000936116 -0.00241604 0.00201513 0.000327417 0.00455822 0.0053613 0.00808317 -0.000919122 0.0481522 0.0129499 0.00715283 -0.00356931
internal_weight=12092 12061 6095.4 1484.26 4611.14 3065.16 1097.4 1545.98 1078.54 467.431 10.625 103.622 1052.02 1380.64
internal_count=377512 376019 142235 19670 122565 101474 27605 21091 16605 4486 381 1069 16417 18601
is_linear=0
shrinkage=0.03


Tree=127
num_leaves=15
num_cat=0
split_feature=7 9 8 12 7 8 8 3 8 4 4 9 12 3
split_gain=16.5155 25.4832 35.5594 59.3535 67.8858 99.2314 32.4446 30.0787 29.1162 28.7792 24.0699 29.959 30.7127 23.5175
threshold=0.034527704119682319 4.5000000000000009 9087.5000000000018 74758.000000000015 0.03922423534095288 9487.5000000000018 9172.5000000000018 34306.160156250007 9308.5000000000018 1.0000000180025095e-35 3.5000000000000004 13.500000000000002 317922.50000000006 18890.260742187504
decision_type=2 2 2 2 2 2 2 2 2 2 2 2 2 2
left_child=-1 9 10 4 5 6 -4 8 -8 -2 11 -3 -13 -10
right_child=1 2 3 -5 -6 -7 7 -9 13 -11 -12 12 -14 -15
leaf_value=-0.0016583832966295035 -0.0058563461875177159 -0.00017208459918159239 0.024306290016963571 0.0038800231824978309 0.01887734283674318 -0.010418297488321926 0.19402955549324019 0.33560107866783695 0.16332451882716717 0.0011743760017667094 -0.001597770707243076 0.0079021017519514073 -0.0044499549009997174 -0.031037174937478575
leaf_weight=4404.1721241706982 999.95971174165606 1580.6725096926093 1.6058134716004113 477.87624113075435 104.79963649809361 5.8407273683696976 4.6369089875370264 0.89911855943500985 1.0790134109556677 1100.832225820981 2072.5373734869063 1128.8461066447198 215.80209080502391 1.1654789466410873
leaf_count=177988 50189 45543 42 6633 3596 229 88 27 33 39594 37454 14789 1951 43
internal_value=-0.000193248 0.000645142 0.00170284 0.0086171 0.0274774 0.0866667 0.147079 0.172418 0.151096 -0.00217219 0.000875675 0.00262807 0.00591972 0.0623999
internal_weight=12100.7 7696.55 5595.76 597.903 120.027 15.2271 9.38633 7.78052 6.8814 2100.79 4997.86 2925.32 1344.65 2.24449
internal_count=378199 200211 110428 10691 4058 462 233 191 164 89783 99737 62283 16740 76
is_linear=0
shrinkage=0.03


Tree=128
num_leaves=15
num_cat=0
split_feature=3 8 8 0 6 9 11 7 10 9 12 7 3 7
split_gain=15.8688 13.9656 21.5427 26.4266 22.5742 28.758 26.6381 33.3972 31.2646 36.8978 26.6886 28.146 33.4674 34.6969
threshold=106449.06640625001 2.5000000000000004 14.500000000000002 4.5000000000000009 1.0000000180025095e-35 336.50000000000006 95.500000000000014 0.035455202683806426 48.927902221679695 171.50000000000003 102369.00000000001 0.13335363566875461 48682.181640625007 0.049265578389167793
decision_type=2 2 2 2 2 2 2 2 2 2 2 2 2 2
left_child=1 -1 3 -3 -4 6 -6 -8 -9 10 -10 12 -12 -14
right_child=-2 2 4 -5 5 -7 7 8 9 -11 11 -13 13 -15
leaf_value=-0.0065351340527119309 -0.021974484559354485 0.0039823335849795494 -0.0016335158418410319 0.036182687699799959 -0.012603996918983958 -0.01135222936243952 -0.00056898063226198015 0.0036940610925703618 0.014785400031804515 -0.022827543503532253 0.051150192229651732 0.020686648007246202 0.24936898290603685 0.084872816013120841
leaf_weight=300.84780093282461 30.066945246420801 694.14175543747842 5682.0549575388432 23.722267087548971 118.23883857391775 162.30436713062227 2602.1094917953014 2383.7070711469278 35.486153125762939 13.147713601589201 11.274458512663847 13.079268254339693 1.8088696673512448 3.1878717206418514
leaf_count=3809 1479 7022 212108 186 1163 3102 97478 50242 882 127 153 96 28 26
internal_value=-0.000207054 -0.000152719 1.0777e-05 0.00504641 -0.000317064 0.00108258 0.00147204 0.00180071 0.00430558 0.0229975 0.03229 0.0534539 0.0797932 0.144422
internal_weight=12075.2 12045.1 11744.3 717.864 11026.4 5344.34 5182.04 5063.8 2461.69 77.9843 64.8366 29.3505 16.2712 4.99674
internal_count=377901 376422 372613 7208 365405 153297 150195 149032 51554 1312 1185 303 207 54
is_linear=0
shrinkage=0.03


Tree=129
num_leaves=15
num_cat=0
split_feature=7 4 9 11 8 2 12 10 8 0 11 1 6 7
split_gain=20.2674 17.3565 29.1472 23.0419 42.9773 18.7971 17.3985 18.1864 17.3046 23.2329 16.8111 21.8652 25.0256 42.4151
threshold=0.021038182079792026 1.0000000180025095e-35 5.5000000000000009 6672.5000000000009 6474.5000000000009 78.500000000000014 584032.50000000012 45.373495101928718 4011.5000000000005 1068.5000000000002 4003.5000000000005 40.500000000000007 2.5000000000000004 0.026756892912089828
decision_type=2 2 2 2 2 2 2 2 2 2 2 2 2 2
left_child=-1 2 8 10 -5 -6 -7 -8 9 -2 11 -3 -13 -14
right_child=1 3 -4 4 5 6 7 -9 -10 -11 -12 12 13 -15
leaf_value=-0.0023185614054241008 -0.00022867229110577227 0.00069358395048577071 0.003794028267762573 0.16159430411238485 0.0097401912567567049 0.003865446129563588 -0.012600132673020799 0.00077753828142058479 -0.0075358882411941282 0.16497427345299076 -0.002369297862244405 0.0060291866985369173 0.10772037745176001 0.01916658815289082
leaf_weight=2695.327967309393 422.48851615283638 3286.0951766995713 517.25913543347269 1.5481834970414627 369.09470387734473 1675.3014374868944 122.08367389068007 364.59966042637825 739.25107571389526 0.7675347039476027 1688.6344319358468 163.76993381045759 5.8488103542476884 29.028125889599323
leaf_count=122796 11940 63438 11514 28 7856 54841 1447 4053 45295 52 47195 6659 244 872
internal_value=-2.56053e-05 0.000632867 -0.0021303 0.00123519 0.00357978 0.00348312 0.00241491 -0.00257823 -0.00476634 7.09076e-05 8.73918e-05 0.00127785 0.0109431 0.0340169
internal_weight=12081.1 9385.77 1679.77 7706 2532.63 2531.08 2161.98 486.683 1162.51 423.256 5173.38 3484.74 198.647 34.8769
internal_count=378230 255434 68801 186633 68225 68197 60341 5500 57287 11992 118408 71213 7775 1116
is_linear=0
shrinkage=0.03


Tree=130
num_leaves=15
num_cat=0
split_feature=7 8 9 10 8 9 1 7 7 0 11 4 9 0
split_gain=19.6513 15.222 42.8621 28.6311 23.3069 25.5893 20.9976 20.9814 20.3943 26.9031 19.8613 25.1841 33.0904 21.7644
threshold=0.016980389133095745 8297.5000000000018 1.5000000000000002 39.388044357299812 8770.5000000000018 405.50000000000006 45.500000000000007 0.020101304166018966 0.19877672940492633 734.50000000000011 4003.5000000000005 10.500000000000002 89.500000000000014 77.500000000000014
decision_type=2 2 2 2 2 2 2 2 2 2 2 2 2 2
left_child=-1 6 8 4 5 -4 10 -8 -3 -10 11 -2 -13 -12
right_child=1 2 3 -5 -6 -7 7 -9 9 -11 13 12 -14 -15
leaf_value=-0.0027480765027202243 0.0019776501745317025 -0.020523772648356683 0.026863240083919566 0.0025493526331644934 0.0089135943587919896 0.12693964273360056 0.18735675987193473 0.029817430409921977 0.23272596301122325 0.0011107954581919645 -0.0174873596473561 -0.021856108458814898 -0.00092502286917803939 -0.0013804483208529536
leaf_weight=1982.5974566508085 3887.9762866823003 99.396765838377178 46.998854131437838 1648.2431548284367 215.20918795373291 2.4178202487528315 0.82463496457785268 9.836285771802066 0.45568872150033612 47.376170880161226 77.075661335140467 92.087149526923895 259.63085131719708 3700.700670260936
leaf_count=98764 80520 7118 1292 50999 4522 24 30 353 28 3138 916 2731 4898 122505
internal_value=-1.75968e-05 0.000519013 0.00281947 0.00401998 0.0131799 0.0317597 -7.13063e-05 0.0420033 -0.0127782 0.00331737 -0.000127253 0.00128222 -0.00640522 -0.00170907
internal_weight=12070.8 10088.2 2060.1 1912.87 264.626 49.4167 8028.13 10.6609 147.229 47.8319 8017.47 4239.69 351.718 3777.78
internal_count=377838 279074 67121 56837 5838 1316 211953 383 10284 3166 211570 88149 7629 123421
is_linear=0
shrinkage=0.03


Tree=131
num_leaves=15
num_cat=0
split_feature=3 2 9 1 10 7 3 7 6 9 3 3 7 0
split_gain=16.2022 14.0576 13.5428 17.0121 34.2086 23.4267 24.9217 25.1464 22.656 21.2686 27.8934 30.3957 27.4992 20.6832
threshold=40050.742187500007 354.50000000000006 10.500000000000002 42.500000000000007 42.479465484619148 0.0078086180146783599 38650.818359375007 0.0073127360083162793 1.5000000000000002 29.500000000000004 29580.484375000004 33914.130859375007 0.0068349780049175033 965.50000000000011
decision_type=2 2 2 2 2 2 2 2 2 2 2 2 2 2
left_child=1 2 -1 5 8 6 9 -8 -5 10 -4 12 -12 -10
right_child=-2 -3 3 4 -6 -7 7 -9 13 -11 11 -13 -14 -15
leaf_value=-0.00089323926317066993 -0.0048239525202427866 0.13164811440169122 0.024483653054319061 0.011877093054997803 0.0018628507561161659 0.00046949717615390514 0.038378116131012725 0.29809735316449176 0.027537692651426981 0.0078348105806528637 0.34572579695048 -0.0021367998056996506 0.11284895421427757 0.082541660356164115
leaf_weight=4836.5131004815921 578.16973029263318 0.73354987520724435 10.310992257669566 104.29511732421815 410.47731753066182 5972.8227186519653 0.8670637160539616 0.54728773981332779 28.697614666074514 108.75445598550141 0.71738071180880014 1.0516611840575931 1.2542693447321651 7.8319688122719517
leaf_count=205635 24372 26 469 2608 11954 128148 34 22 632 3789 35 50 60 188
internal_value=7.62604e-05 0.000322946 0.000314558 0.0011933 0.00623997 0.000736916 0.0136697 0.138877 0.0189985 0.0122193 0.0479788 0.128109 0.197581 0.0393306
internal_weight=12063 11484.9 11484.1 6647.63 551.302 6096.33 123.503 1.41435 140.825 122.089 13.3343 3.02331 1.97165 36.5296
internal_count=378022 353650 353624 147989 15382 132607 4459 56 3428 4403 614 145 95 820
is_linear=0
shrinkage=0.03


Tree=132
num_leaves=15
num_cat=0
split_feature=0 1 0 6 7 8 8 0 1 11 7 4 7 6
split_gain=17.4556 29.7324 80.9982 31.1089 27.2168 25.4152 37.5715 32.1447 54.8552 29.4318 30.7839 30.137 27.4153 25.831
threshold=1.0000000180025095e-35 1.5000000000000002 4.5000000000000009 1.0000000180025095e-35 0.18883550167083743 1979.5000000000002 3718.5000000000005 175.50000000000003 41.500000000000007 6836.5000000000009 0.016980389133095745 1.0000000180025095e-35 1.0000000180025095e-35 2.5000000000000004
decision_type=2 2 2 2 2 2 2 2 2 2 2 2 2 2
left_child=-1 2 3 -2 -5 -3 7 -7 -9 -8 12 -12 -11 -10
right_child=1 5 -4 4 -6 6 9 8 13 10 11 -13 -14 -15
leaf_value=-0.0049166027702517096 0.011561130251103387 -0.0039135071048938107 0.045530308489476728 0.0033324081051156638 -0.012802415633280297 0.0082859677467505694 -0.0027975959252498793 -0.0051078795801361302 0.010016422663511281 0.029053533780495983 -0.0030184580400850424 0.0039107763835079601 -0.0031392262844305457 0.043237772549679018
leaf_weight=578.99017995409667 284.28880678489804 1309.3882299708202 44.028427679091692 354.65287876315415 128.06902162730694 942.57830168679357 2759.1010616514832 497.79790575802326 115.02884718030691 24.207577546127141 702.5881708515808 2882.546667390503 1441.5567004950717 25.786543249152601
leaf_count=8636 2391 40628 242 3198 878 11156 87263 20071 5166 1766 39869 80394 75356 926
internal_value=0.000166128 0.00042177 0.00595974 0.00368829 -0.000948258 2.02488e-06 0.000547957 0.00476515 -0.0004315 -0.000305844 0.0010553 0.00255284 -0.00260755 0.0161
internal_weight=12090.6 11511.6 811.039 767.011 482.722 10700.6 9391.19 1581.19 638.613 7810 5050.9 3585.13 1465.76 140.815
internal_count=377940 369304 6709 6467 4076 362595 321967 37319 26163 284648 197385 120263 77122 6092
is_linear=0
shrinkage=0.03


Tree=133
num_leaves=15
num_cat=0
split_feature=4 6 6 11 11 8 1 0 1 1 8 0 3 12
split_gain=15.0391 26.8099 24.6811 21.7395 28.2738 27.8148 30.1521 47.0302 46.5142 38.0325 26.9359 23.9004 29.5964 38.6411
threshold=11.500000000000002 4.5000000000000009 3.5000000000000004 3763.5000000000005 6533.5000000000009 2095.5000000000005 3.5000000000000004 2.5000000000000004 22.500000000000004 1.5000000000000002 6474.5000000000009 98.500000000000014 1050.0159912109377 3264.5000000000005
decision_type=2 2 2 2 2 2 2 2 2 2 2 2 2 2
left_child=2 -2 3 5 -5 6 7 -1 -8 -9 -6 12 -7 -14
right_child=1 -3 -4 4 10 11 8 9 -10 -11 -12 -13 13 -15
leaf_value=-0.00021272090901747987 8.152698976881593e-05 -0.01368005814511601 0.0045630213217621434 -0.0042104960948226066 0.067300880149784567 0.0072114957152860266 -0.010656541681019403 0.029021905409473834 0.0029347290967780778 0.0050171694582414779 -9.1713827154719631e-05 0.0015635267473412707 0.13707228940009253 0.0236517098866359
leaf_weight=1130.5055124741048 349.60278128366917 200.46803019661456 1035.1115488158539 2074.1812842069194 5.343619253486394 495.41008543595672 509.57892508804798 95.615200474858284 408.13421589042991 156.84433082491159 4775.7449884498492 747.25128222908825 2.821479905396699 64.589348245412111
leaf_count=11691 6543 4627 33595 64711 58 5541 15608 523 18632 1360 190014 23575 37 693
internal_value=-8.78093e-05 -0.00493375 0.00014396 -0.000293094 -0.00128539 0.00159085 -0.000396065 0.00240163 -0.0046121 0.0141086 -1.6392e-05 0.00508017 0.00974918 0.0283989
internal_weight=12051.2 550.071 11501.1 10466 6855.27 3610.75 2300.68 1382.97 917.713 252.46 4781.09 1310.07 562.821 67.4108
internal_count=377208 11170 366038 332443 254783 77660 47814 13574 34240 1883 190072 29846 6271 730
is_linear=0
shrinkage=0.03


Tree=134
num_leaves=15
num_cat=0
split_feature=4 6 6 7 7 2 1 3 10 7 12 11 12 9
split_gain=15.4788 29.1698 25.0719 26.2296 23.1596 20.7494 20.7463 22.3669 31.6996 23.6841 20.6816 33.7508 24.6852 31.1073
threshold=11.500000000000002 4.5000000000000009 3.5000000000000004 0.0056861259508878001 0.034221833571791656 178.50000000000003 17.500000000000004 1212.0750122070315 21.50512790679932 0.085775598883628859 8098.5000000000009 7315.5000000000009 68014.500000000015 8.5000000000000018
decision_type=2 2 2 2 2 2 2 2 2 2 2 2 2 2
left_child=2 5 4 -4 10 6 -2 8 -8 -10 11 -1 -12 -14
right_child=1 -3 3 -5 -6 -7 7 -9 9 -11 12 -13 13 -15
leaf_value=0.0025737778131270021 -0.0032836824555338706 -0.013942221500096556 -0.011452104879386527 0.0061875827192302913 0.00093708794996467471 -0.017658317772852646 0.015440003217344789 0.0078467859361395411 0.0061205059947854268 0.14399234719951798 -0.0068749024890809559 0.043052697762002413 0.019085122498653326 -0.001716510481240889
leaf_weight=346.67109816148877 175.07949153706431 199.90149667207152 82.38454204890877 958.96884774509817 6870.2593991225585 49.070819215849042 10.574962272308769 109.08864342048764 1.5736150611191977 3.901837307959795 942.81597831659019 19.585563172586262 66.603121950291097 2265.2634364608675
leaf_count=13481 3372 4656 7568 26076 185360 828 233 2026 34 55 51389 1371 2769 79383
internal_value=0.000117916 -0.00480297 0.000351848 0.00479205 -8.80475e-05 0.000427511 0.00338365 0.0127118 0.0457772 0.104369 -0.00202242 0.00473839 -0.00277859 -0.00112237
internal_weight=12101.7 549.191 11552.6 1041.35 10511.2 349.289 300.219 125.139 16.0504 5.47545 3640.94 366.257 3274.68 2331.87
internal_count=378601 11204 367397 33644 333753 6548 5720 2348 322 89 148393 14852 133541 82152
is_linear=0
shrinkage=0.03


Tree=135
num_leaves=15
num_cat=0
split_feature=3 7 4 4 0 9 8 8 9 4 7 7 12 8
split_gain=15.2079 13.407 17.3836 13.7351 29.4281 27.4117 30.2896 21.9262 21.0315 21.5725 18.7066 17.8891 17.7852 24.2914
threshold=106449.06640625001 0.095247998833656325 21.500000000000004 6.5000000000000009 695.50000000000011 32.500000000000007 7.5000000000000009 18.500000000000004 48.500000000000007 7.5000000000000009 0.029127937741577629 0.035455202683806426 349889.00000000006 3454.5000000000005
decision_type=2 2 2 2 2 2 2 2 2 2 2 2 2 2
left_child=1 3 -3 5 7 -1 10 8 -5 -10 -7 -8 13 -13
right_child=-2 2 -4 4 -6 6 11 -9 9 -11 -12 12 -14 -15
leaf_value=-0.0015373826347265392 -0.021665306441242628 0.0013664361491854027 -0.015095986091097505 -0.027637128623664957 0.0029620024324416043 -0.00051594301815178643 0.001566787749359934 -0.01606952987250709 0.13491297920212106 0.0084179028027924121 0.040306901816975972 -0.0019355585169632216 -0.027943211384882073 0.034418744955223721
leaf_weight=4744.2572387559339 29.058448899537325 5277.2080821339041 58.367734765633941 16.09868935868144 216.05667721666396 14.93777998536825 1323.1280102021992 230.7350655850023 1.2399195283651341 56.682689044624567 31.210606142878532 26.286499217152596 7.3967970721423617 44.621800243854523
leaf_count=209998 1466 111349 1247 314 6193 117 35447 9166 15 1257 171 414 140 877
internal_value=1.15779e-05 6.38592e-05 0.00118635 -0.000828355 -0.00550742 -0.000434786 0.00317883 -0.0115118 0.00269529 0.0111257 0.0270929 0.00239135 0.0163241 0.0209418
internal_weight=12077.3 12048.2 5335.58 6712.65 520.813 6191.84 1447.58 304.756 74.0213 57.9226 46.1484 1401.43 78.3051 70.9083
internal_count=378171 376705 112596 264109 16945 247164 37166 10752 1586 1272 288 36878 1431 1291
is_linear=0
shrinkage=0.03


Tree=136
num_leaves=15
num_cat=0
split_feature=3 4 6 9 12 11 7 9 4 7 9 0 12 2
split_gain=16.1652 14.2944 19.9277 29.7676 23.4046 38.4677 22.8754 20.9969 29.8291 22.0196 22.4755 26.0163 57.9987 55.0656
threshold=106449.06640625001 15.500000000000002 3.5000000000000004 302.50000000000006 615972.00000000012 3948.5000000000005 0.024592309258878235 15.500000000000002 3.5000000000000004 0.1926996782422066 7.5000000000000009 202.50000000000003 12744.500000000002 15.500000000000002
decision_type=2 2 2 2 2 2 2 2 2 2 2 2 2 2
left_child=1 2 6 4 -4 -6 -1 9 -9 -8 -11 -12 13 -13
right_child=-2 -3 3 -5 5 -7 7 8 -10 10 11 12 -14 -15
leaf_value=-0.0026506440914620894 -0.022534270175122665 -0.0062161167456780799 0.0035752699113924149 -0.021412805832446258 0.10183843473823638 0.014801817399083768 -0.0022142203467043044 0.0051159255911079728 -0.00054356629920405334 0.00083465333832111026 0.0031068847857214821 0.35768213654590914 0.018707520526722705 0.082113716263977204
leaf_weight=2617.4037052001804 28.683342838659883 322.57659491896629 986.88673435710371 40.030122188851237 4.8193838223814955 88.389550369232893 3056.3309297300875 1738.669122191146 1618.2930108802393 1392.75935576763 115.8423368986696 0.7715185396373262 66.689633572474122 4.234990406781435
leaf_count=114721 1503 6730 33024 639 45 1411 120277 24547 23952 48414 1186 22 1409 117
internal_value=-3.9515e-05 1.40142e-05 0.000185327 0.00399094 0.00493244 0.0193021 -0.000216404 0.000580659 0.00238765 -0.00072762 0.0021475 0.0118974 0.0261005 0.12458
internal_weight=12082.4 12053.7 11731.1 1120.13 1080.1 93.2089 10611 7993.59 3356.96 4636.63 1580.3 187.538 71.6961 5.00651
internal_count=377997 376494 369764 35119 34480 1456 334645 219924 48499 171425 51148 2734 1548 139
is_linear=0
shrinkage=0.03


Tree=137
num_leaves=15
num_cat=0
split_feature=7 0 4 4 9 7 0 1 9 9 12 7 10 7
split_gain=14.5626 17.718 16.0664 15.5113 25.4506 31.1057 20.6729 18.1925 47.8456 17.3523 37.9104 36.5276 46.043 32.2339
threshold=0.085775598883628859 1508.5000000000002 5.5000000000000009 5.5000000000000009 32.500000000000007 0.035020904615521438 695.50000000000011 43.500000000000007 34.500000000000007 23.500000000000004 207563.50000000003 0.052676333114504821 23.440893173217777 0.054807467386126525
decision_type=2 2 2 2 2 2 2 2 2 2 2 2 2 2
left_child=1 3 -3 4 9 -6 -5 -7 -9 10 -1 -11 -13 -14
right_child=-2 2 -4 6 5 7 -8 8 -10 11 -12 12 13 -15
leaf_value=-0.0014074165578335288 0.00096050774170860164 0.026780496675635337 0.17283924269364948 -0.010814629101883086 0.0016778724448547897 0.017507300057553896 0.00033894421536443504 0.20561244036154397 -0.015956217452889394 -0.0083885792048106651 0.030337517365122833 -0.024840541622389196 0.17969335869542083 0.047707543781757636
leaf_weight=3916.7309383144602 5575.1044812686741 10.918889639899131 0.72266582399606782 331.00437764078379 1300.2679539639503 81.69818008877337 272.83930900972337 1.6400087550282472 1.8856599815189836 520.21046338044107 34.152542505413294 7.598090365529063 1.9899540431797493 10.208661422133444
leaf_count=180288 120783 473 7 12085 34483 1299 8523 30 37 18278 1191 145 53 247
internal_value=-0.000164098 -0.00112989 0.0358473 -0.00119632 -0.000725822 0.00282868 -0.00577502 0.0203867 0.0871092 -0.00182243 -0.001133 -0.00686649 0.0331303 0.0692383
internal_weight=12067 6491.87 11.6416 6480.23 5876.38 1385.49 603.844 85.2238 3.52567 4490.89 3950.88 540.007 19.7967 12.1986
internal_count=377922 257139 480 256659 236051 35849 20608 1366 67 200202 181479 18723 445 300
is_linear=0
shrinkage=0.03


Tree=138
num_leaves=15
num_cat=0
split_feature=2 7 0 6 8 12 12 8 0 9 4 0 10 12
split_gain=14.7515 24.8024 40.9637 29.9262 22.1684 23.833 44.2111 20.8726 48.0098 40.6274 34.5718 23.1424 20.5669 23.4272
threshold=30.500000000000004 0.14290695637464526 635.50000000000011 1.5000000000000002 3193.5000000000005 98024.500000000015 85611.500000000015 9529.5000000000018 806.50000000000011 4.5000000000000009 1.0000000180025095e-35 1014.5000000000001 22.282862663269047 185917.50000000003
decision_type=2 2 2 2 2 2 2 2 2 2 2 2 2 2
left_child=12 2 4 -4 -2 6 -6 -3 9 10 -9 -10 13 -1
right_child=1 7 3 -5 5 -7 -8 8 11 -11 -12 -13 -14 -15
leaf_value=0.0013420128457730699 -0.016345492368507058 0.0018750674445613352 -0.002551323616128821 0.0021363167798116589 0.045272923615317283 -0.0041470261663069741 0.33486598684585811 0.088237628162339918 0.0045883553906127875 0.030153503653699901 0.26851704572879942 0.091657865340071171 0.0055964187515310099 -0.0064708208209580502
leaf_weight=3355.4995738454163 208.60765743907541 1503.9324008841068 3823.8049584981054 1803.9495153073221 2.7445628931745873 6.2491017319262028 0.57362043019384135 3.031303985975681 68.804480553604662 7.3468692265450954 1.3992780465632675 2.8616403546184292 896.74435240402818 385.05724360607564
leaf_count=51045 10837 49883 176511 64241 94 133 18 191 1857 79 33 56 18384 4699
internal_value=0.000188178 -0.000640176 -0.00154318 -0.00104872 -0.0142976 0.0303561 0.0953354 0.00268538 0.0172899 0.0734233 0.145174 0.00806506 0.00151598 0.000537751
internal_weight=12070.6 7433.31 5845.93 5627.75 218.175 9.56729 3.31818 1587.38 83.4436 11.7775 4.43058 71.6661 4637.3 3740.56
internal_count=378061 303933 251834 240752 11082 245 112 52099 2216 303 224 1913 74128 55744
is_linear=0
shrinkage=0.03


Tree=139
num_leaves=15
num_cat=0
split_feature=3 8 8 6 0 9 9 7 10 12 6 11 0 10
split_gain=15.6236 11.821 21.1493 22.4793 22.1251 20.2912 19.8683 19.9355 36.3296 20.5143 19.353 18.9992 33.3288 32.2269
threshold=43794.537109375007 2.5000000000000004 14.500000000000002 1.0000000180025095e-35 4.5000000000000009 2.5000000000000004 302.50000000000006 0.035455202683806426 49.258537292480476 643351.00000000012 5.5000000000000009 6592.5000000000009 175.50000000000003 27.421432495117191
decision_type=2 2 2 2 2 2 2 2 2 2 2 2 2 2
left_child=1 -1 4 -4 10 -6 7 -5 11 -10 -3 12 13 -9
right_child=-2 2 3 6 5 -7 -8 8 9 -11 -12 -13 -14 -15
leaf_value=-0.0058075518155851821 -0.0065276474917487001 0.0054171477750562056 -0.0014721491421146426 -0.00020985647014806416 -0.028525588600878699 0.047270910121575721 -0.0074665802498950079 0.0047831412525355128 0.048371775599190044 -0.003615394155786697 -0.015932880835081979 0.0073963312980517039 -0.0026666618299221521 0.044253548565967242
leaf_weight=303.27576135843992 335.45018740464002 668.88109415955842 5540.4480730043724 2507.8649066956714 3.829441603273156 18.70656581223011 223.83201597630978 847.99795007426292 25.043005803599954 9.3938718587160093 40.526761012151837 683.09505559876561 867.79690051078796 19.035237984731793
leaf_count=3858 14430 6578 205433 93131 56 122 3971 11095 484 75 552 11585 26629 174
internal_value=-0.000143693 3.84117e-05 0.000193166 -0.000143574 0.00512711 0.0343912 0.00127634 0.00167086 0.00359415 0.0341904 0.00419747 0.00315839 0.00148968 0.00564969
internal_weight=12095.2 11759.7 11456.5 10724.5 731.944 22.536 5184.06 4960.23 2452.36 34.4369 709.408 2417.93 1734.83 867.033
internal_count=378173 363743 359885 352577 7308 178 147144 143173 50042 559 7130 49483 37898 11269
is_linear=0
shrinkage=0.03


Tree=140
num_leaves=15
num_cat=0
split_feature=3 6 0 8 3 1 2 7 4 11 7 11 0 12
split_gain=14.9367 16.0098 31.3886 29.9255 57.8012 26.0037 20.8863 19.9589 41.6393 25.0997 36.3868 37.1205 20.3609 67.2475
threshold=40050.742187500007 1.5000000000000002 2.5000000000000004 57.500000000000007 100.0279998779297 2.5000000000000004 1.5000000000000002 0.22246482223272326 1.5000000000000002 1753.5000000000002 1.0000000180025095e-35 9709.5000000000018 150.50000000000003 884.50000000000011
decision_type=2 2 2 2 2 2 2 2 2 2 2 2 2 2
left_child=1 3 -3 4 6 -6 -1 9 -9 -5 11 -11 -10 -14
right_child=-2 2 -4 7 5 -7 -8 8 12 10 -12 -13 13 -15
leaf_value=0.00058771620198125633 -0.0045927975850893095 -0.0054042062218293283 0.0034065196505270196 -0.0088287893289151469 0.02808723948518942 -0.012106161831615361 0.017916448690606157 0.00045870143568845412 -0.0040567039943364865 0.014456542387906555 -0.001486696245488281 0.19089581602275646 0.20766703587271129 0.020780759779086229
leaf_weight=912.86617438495159 571.95995760988444 420.91030487045646 2687.0880432529375 411.59569008182734 114.37422646582127 16.587632829323411 67.208342120051384 951.94496532529593 30.147763229906559 104.80669875815511 5650.6740056378767 1.084266218356787 1.7604045998305071 110.75697618350387
leaf_count=10464 24335 5074 78588 13927 571 301 347 35108 597 5800 200057 77 63 2676
internal_value=0.000138817 0.00037452 0.0022133 -0.000307956 0.00427734 0.0229963 0.00177603 -0.0010094 0.00272385 -0.00167191 -0.00116019 0.0162632 0.0178382 0.0237047
internal_weight=12053.8 11481.8 3108 8373.81 1111.04 130.962 980.075 7262.77 1094.61 6168.16 5756.56 105.891 142.665 112.517
internal_count=377985 353650 83662 269988 11683 872 10811 258305 38444 219861 205934 5877 3336 2739
is_linear=0
shrinkage=0.03


Tree=141
num_leaves=15
num_cat=0
split_feature=10 4 6 9 2 1 0 9 8 12 2 6 7 7
split_gain=12.8906 11.0056 21.2506 20.2971 18.8179 21.0596 27.4174 36.2665 22.2225 18.979 22.2994 18.4956 16.4655 34.6944
threshold=51.126605987548835 11.500000000000002 4.5000000000000009 86.500000000000014 178.50000000000003 17.500000000000004 162.50000000000003 337.50000000000006 3454.5000000000005 6962.5000000000009 1.5000000000000002 3.5000000000000004 0.1858543008565903 0.1483944579958916
decision_type=2 2 2 2 2 2 2 2 2 2 2 2 2 2
left_child=1 11 3 -3 5 9 7 8 -7 10 -5 -1 13 -13
right_child=-2 2 -4 4 -6 6 -8 -9 -10 -11 -12 12 -14 -15
leaf_value=-0.00015029189700120209 -0.0095524140255031607 -0.020313083887594549 -0.012151355959935601 0.0020810674716101023 -0.016105260337310686 0.04578382253583077 0.010668848364895584 -0.023302816939622266 0.14180221301031362 -0.011483900561085728 0.044564631552386311 0.0035603604717059909 -0.010457178700098033 0.026562731499922741
leaf_weight=10383.403350122273 127.6749318446964 38.17541825864464 192.44709842465818 65.281826883554459 40.655647300183773 4.5810531079769117 93.648809630423784 3.4827014915645114 4.1206285953521729 79.220839694142342 13.402654808014629 890.17582034692168 65.56318087130785 63.204318135976791
leaf_count=328803 5959 995 4642 1417 681 63 1495 68 53 1606 121 30720 801 559
internal_value=-7.05221e-05 3.08906e-05 -0.00417431 0.000306993 0.00289305 0.00582166 0.0161766 0.058509 0.0912527 -0.00111854 0.00931747 0.000228206 0.00408523 0.0050853
internal_weight=12065 11937.4 535.017 342.57 304.394 263.739 105.833 12.1844 8.70168 157.905 78.6845 11402.3 1018.94 953.38
internal_count=377983 372024 11141 6499 5504 4823 1679 184 116 3144 1538 360883 32080 31279
is_linear=0
shrinkage=0.03


Tree=142
num_leaves=15
num_cat=0
split_feature=3 4 6 12 8 8 4 4 7 9 9 7 10 0
split_gain=14.2129 11.3915 22.3482 19.7852 17.8109 22.9648 17.6275 17.0335 26.3514 32.7784 22.812 16.3575 16.1132 15.8536
threshold=54560.964843750007 11.500000000000002 3.5000000000000004 576.50000000000011 14.500000000000002 2.5000000000000004 1.5000000000000002 1.5000000000000002 0.043017761781811721 20.500000000000004 1.5000000000000002 0.018088296055793766 1.3950805664062502 1508.5000000000002
decision_type=2 2 2 2 2 2 2 2 2 2 2 2 2 2
left_child=1 2 4 -3 5 -1 -4 10 9 -9 -7 -11 -5 -14
right_child=-2 3 6 12 -6 7 -8 8 -10 11 -12 -13 13 -15
leaf_value=-0.003752599093918999 -0.011779306333307574 -0.023852422893917664 -0.004074595377887659 0.053115620903686531 -0.00065944198527633565 -0.0081663046108884554 0.0061716522726013388 -0.027277964217502733 0.00033856986197412065 -0.022349767428634704 0.018700580791567941 0.041631811664712214 -0.0034204261725614784 0.11809354527874069
leaf_weight=246.37998918816447 94.148419104516506 43.081558145582676 184.012900326401 4.6195498555898658 9578.093557995744 34.195863120257854 845.20700439345092 9.2320647314190847 329.19935543835163 3.9879129081964484 169.05978096649051 36.615944337099791 485.65761918760836 0.96823719888925452
leaf_count=2990 4373 753 8905 118 321833 495 23626 117 2873 41 1515 235 10240 7
internal_value=-0.000168687 -7.73675e-05 0.000122677 -0.00435883 -0.000294387 0.00392506 0.00433974 0.00717364 0.00341626 0.0237465 0.0141805 0.0353479 -0.00264927 -0.00317865
internal_weight=12064.5 11970.3 11436 534.327 10406.8 828.671 1029.22 582.291 379.035 49.8359 203.256 40.6039 491.245 486.626
internal_count=378121 373748 362630 11118 330099 8266 32531 5276 3266 393 2010 276 10365 10247
is_linear=0
shrinkage=0.03


Tree=143
num_leaves=15
num_cat=0
split_feature=7 8 0 7 0 7 9 0 9 2 0 7 12 4
split_gain=11.9871 15.0813 30.4582 56.2525 31.3013 28.1366 20.9106 20.3834 15.0435 27.4592 31.5988 30.0699 40.7542 83.1922
threshold=0.017181112430989746 9589.5000000000018 802.50000000000011 0.32071428000926977 784.50000000000011 0.01785963494330645 3.5000000000000004 695.50000000000011 5.5000000000000009 70.500000000000014 852.50000000000011 0.066671270877122893 48399.000000000007 1.0000000180025095e-35
decision_type=2 2 2 2 2 2 2 2 2 2 2 2 2 2
left_child=-1 -2 3 5 7 -3 -4 -5 9 10 -8 -11 -13 -14
right_child=1 2 6 4 -6 -7 8 -9 -10 11 -12 12 13 -15
leaf_value=-0.0021872344233765878 0.00012272194416209183 0.19816980257504571 -0.014266276314985176 0.24693370124729716 0.32846389759906852 0.017435992813974129 0.20457758563230996 0.022458061150395715 0.0032350013246314389 -0.01389527108207078 0.037353770850837416 0.017267822658546785 -0.030810924540843818 0.2689963999240173
leaf_weight=2011.4224678343162 9680.0650286134332 0.78593166265636583 55.047368076629937 0.53830139897763674 0.7509772079065441 56.98220126144588 1.5228788442909706 1.124795055016875 220.10081544332206 16.064146175980571 3.0614452287554741 10.534026667475699 1.4883017372339957 1.8918415047228334
leaf_count=100016 266235 33 3437 19 32 1717 43 52 4953 802 98 378 61 39
internal_value=-7.32103e-05 0.000349896 0.00629501 0.025824 0.167706 0.0198949 0.00250019 0.095115 0.00612438 0.0245245 0.0929043 0.0140677 0.0463515 0.136989
internal_weight=12061.4 10050 369.893 60.1822 2.41407 57.7681 309.711 1.6631 254.663 34.5626 4.58432 29.9783 13.9142 3.38014
internal_count=377915 277899 11664 1853 103 1750 9811 71 6374 1421 141 1280 478 100
is_linear=0
shrinkage=0.03


Tree=144
num_leaves=15
num_cat=0
split_feature=3 8 8 0 1 7 9 9 6 9 11 0 3 8
split_gain=14.4635 11.0234 18.0379 21.101 29.6524 23.9007 33.2695 22.5821 18.6467 22.4464 23.9092 31.6571 32.7446 29.0947
threshold=106449.06640625001 2.5000000000000004 14.500000000000002 2.5000000000000004 1.5000000000000002 0.10256844386458398 23.500000000000004 44.500000000000007 1.0000000180025095e-35 211.50000000000003 95.500000000000014 27.500000000000004 503.94200134277349 1921.5000000000002
decision_type=2 2 2 2 2 2 2 2 2 2 2 2 2 2
left_child=1 -1 3 5 -5 7 -7 -3 -4 10 -10 12 -12 -13
right_child=-2 2 8 4 -6 6 -8 -9 9 -11 11 13 -14 -15
leaf_value=-0.0057246457263717037 -0.021989920949588977 0.00038689145041978713 -0.0013760846899374202 0.031479674855403782 -0.0026371202890357608 0.010543022857438234 -0.0063783759747252132 0.02289843555030157 -0.011512815142859529 -0.0056587788700877958 0.0086244385829173913 -0.0066786150349076702 0.044155251609914757 0.0021125586629288972
leaf_weight=296.77082773111761 27.015854926779866 73.540139235556126 5643.2303303210065 57.371617909520864 38.190400920808315 157.26521069556475 312.10179275274277 88.209665697067976 121.11478489078581 409.15198445878923 233.52628942392766 368.51883023232222 25.936502149328589 4203.4315309813246
leaf_count=3824 1471 946 211853 308 334 1506 2985 1155 1171 6164 2892 15142 350 127644
internal_value=-6.38025e-05 -1.45561e-05 0.00012989 0.00470771 0.0178452 0.00271846 -0.000708724 0.0126635 -0.000172393 0.00109451 0.00165243 0.00198246 0.0121762 0.00140395
internal_weight=12055.4 12028.4 11731.6 726.679 95.562 631.117 469.367 161.75 11004.9 5361.68 4952.53 4831.41 259.463 4571.95
internal_count=377745 376274 372450 7234 642 6592 4491 2101 365216 153363 147199 146028 3242 142786
is_linear=0
shrinkage=0.03


Tree=145
num_leaves=15
num_cat=0
split_feature=3 0 8 6 12 9 7 9 8 11 0 1 7 12
split_gain=13.0263 12.4032 22.9976 32.2523 22.0348 27.9103 19.3355 30.2173 18.362 30.0682 27.0386 43.7196 39.529 40.2873
threshold=106449.06640625001 1.0000000180025095e-35 23.500000000000004 1.0000000180025095e-35 1560.5000000000002 99.500000000000014 0.040882240980863578 44.500000000000007 1979.5000000000002 4003.5000000000005 162.50000000000003 38.500000000000007 0.0012305529089644553 3867.5000000000005
decision_type=2 2 2 2 2 2 2 2 2 2 2 2 2 2
left_child=1 -1 3 -3 6 -6 7 -5 -4 10 12 -12 13 -10
right_child=-2 2 8 4 5 -7 -8 -9 9 -11 11 -13 -14 -15
leaf_value=-0.004188843701571356 -0.020818856156581054 0.012751837273929589 -0.0034046042256177102 -0.013840022727010027 0.051580936872727148 0.0065658553166213027 -0.0055936134419368819 0.029867649710993805 0.029550266483213464 -0.00043437782351479494 -0.0078146698994052376 0.0068614844216434356 0.0058023094130612539 0.14574610912397293
leaf_weight=572.51517913676798 26.797691876534373 312.60002121701837 1284.0514097390696 23.28094450943172 14.009966492652891 107.62465781718493 340.56858407147229 36.641050931066275 23.670877406373624 7467.1871225293726 377.56319736503065 353.92576968856156 1131.4641844462603 3.0291984155774108
leaf_count=8584 1480 2445 40804 254 67 1205 2508 209 350 277095 14478 15746 13008 47
internal_value=7.41493e-05 0.00012062 0.000335618 0.00513065 0.000567794 0.0117507 -0.00282862 0.0128863 -4.05288e-05 0.000421128 0.00380176 -0.000713716 0.0066537 0.042733
internal_weight=12074.9 12048.1 11475.6 834.725 522.125 121.635 400.491 59.922 10640.9 9356.84 1889.65 731.489 1158.16 26.7001
internal_count=378280 376800 368216 6688 4243 1272 2971 463 361528 320724 43629 30224 13405 397
is_linear=0
shrinkage=0.03


Tree=146
num_leaves=15
num_cat=0
split_feature=7 9 11 8 2 11 12 12 7 12 11 8 9 7
split_gain=12.5177 19.3968 17.1825 15.5816 17.1336 18.6623 25.1151 30.5233 19.974 25.7929 19.1017 26.2343 25.4067 21.8081
threshold=0.014803769532591106 1.5000000000000002 7918.5000000000009 8297.5000000000018 614.50000000000011 8924.5000000000018 37105.500000000007 78461.000000000015 0.020556487143039707 108735.00000000001 9092.5000000000018 9324.5000000000018 5.5000000000000009 0.034527704119682319
decision_type=2 2 2 2 2 2 2 2 2 2 2 2 2 2
left_child=-1 2 -2 -3 5 -5 -7 10 -9 -10 -8 12 -12 -14
right_child=1 3 -4 4 -6 6 7 8 9 -11 11 -13 13 -15
leaf_value=-0.0022801582737329261 -0.0015507451399942741 0.00027490531668831526 -0.012241740897004937 0.007932225580167155 -0.02485297339686109 -0.0088894892245246441 -0.0088148251105966482 0.0089858537716622118 -0.016313710210837617 0.0003243326869116584 0.00065276220855211393 0.008002945845280612 0.010844611734589699 0.05047069538331244
leaf_weight=1635.1879774560221 554.01568867545575 7619.2432406069711 179.01678152102977 599.47082696855068 19.382505972869694 178.82392517663538 37.936164810322225 193.67689392063767 96.328899772837758 647.66961574181914 21.913051998242736 198.77518042828888 17.932555726729333 41.257964011281729
leaf_count=85407 26263 190893 12628 20442 851 9818 1542 6243 3377 9966 977 7586 697 1072
internal_value=0.000159929 0.000543383 -0.00416164 0.000899957 0.0032195 0.00348704 0.00162918 0.00312739 0.000404117 -0.00182987 0.0111621 0.0138699 0.028249 0.0384654
internal_weight=12040.6 10405.4 733.032 9672.41 2053.17 2033.79 1434.31 1255.49 937.675 743.999 317.815 279.879 81.1036 59.1905
internal_count=377762 292355 38891 253464 62571 61720 41278 31460 19586 13343 11874 10332 2746 1769
is_linear=0
shrinkage=0.03


Tree=147
num_leaves=15
num_cat=0
split_feature=2 1 6 7 7 7 2 11 4 8 11 0 0 0
split_gain=11.2672 24.3666 20.0597 22.6201 21.3137 20.9975 20.5805 62.8915 18.4 17.0439 30.9643 33.7552 37.934 58.8641
threshold=54.500000000000007 31.500000000000004 3.5000000000000004 0.0056861259508878001 0.22246482223272326 0.32071428000926977 66.500000000000014 5839.5000000000009 12.500000000000002 2095.5000000000005 646.50000000000011 150.50000000000003 23.500000000000004 2.5000000000000004
decision_type=2 2 2 2 2 2 2 2 2 2 2 2 2 2
left_child=9 -2 4 6 -3 -6 7 -4 -5 10 11 12 13 -1
right_child=1 2 3 8 5 -7 -8 -9 -10 -11 -12 -13 -14 -15
leaf_value=-0.0011803295754523422 -0.01320473881443146 -0.0018619546192303893 0.49866357639477604 0.0072303817658015976 0.01098974588497454 -0.00042048060139411044 -0.01444761439569626 0.01058976938951338 -0.0081371392043609724 0.002628096414106921 -0.006816705349334636 0.028963841765251647 -0.014416409446121353 0.012236903092553058
leaf_weight=1395.5046139564365 142.5278978291899 5377.8519486575387 0.28356146719306607 626.29238541796803 239.05005635973066 369.53313960693777 71.821742772590369 1.466236177831888 78.962818831205368 2609.0855691898614 594.44201377313584 38.10355912707746 142.97041330020875 372.92704365588725
leaf_count=15827 6952 222254 27 19715 8097 19155 6928 136 1724 45214 21648 1543 5037 3662
internal_value=-0.000137217 -0.000929178 -0.000670561 0.00385847 -0.00125978 0.00406143 -0.011971 0.089684 0.00550978 0.000924429 -0.00082286 0.00100478 0.000447419 0.0016491
internal_weight=12060.8 6907.79 6765.26 778.827 5986.44 608.583 73.5715 1.7498 705.255 5153.03 2543.95 1949.51 1911.4 1768.43
internal_count=377919 284988 278036 28530 249506 27252 7091 163 21439 92931 47717 26069 24526 19489
is_linear=0
shrinkage=0.03


Tree=148
num_leaves=15
num_cat=0
split_feature=7 8 11 0 7 1 0 2 6 10 2 1 0 3
split_gain=13.2837 26.9149 20.1875 38.3474 18.1939 21.0223 15.577 26.0272 15.2028 25.6974 33.0636 29.3352 24.1113 23.8409
threshold=1.0000000180025095e-35 1678.5000000000002 9601.5000000000018 823.50000000000011 0.0046307018492370853 13.500000000000002 57.500000000000007 4.5000000000000009 1.0000000180025095e-35 9.8068680763244647 1.0000000180025095e-35 1.5000000000000002 36.500000000000007 25.006999969482425
decision_type=2 2 2 2 2 2 2 2 2 2 2 2 2 2
left_child=1 -1 6 -4 5 -2 7 -3 9 10 12 -12 -6 -10
right_child=4 2 3 -5 8 -7 -8 -9 13 -11 11 -13 -14 -15
leaf_value=-0.0048026869731105223 0.077036316849132425 0.01680690136118267 0.34446354797129497 0.040586885038920703 -0.0027720294858580956 -0.011498398244927125 0.011677711510376986 0.1151626239923612 -0.0055735471936806755 -0.0022150551781256519 0.019998809620831316 0.0036209128035088775 0.022346850904464945 0.0014709989357477148
leaf_weight=90.170531415380538 2.4498868677765122 7.3038226552307588 0.47997066844254677 1.6888831928372381 616.75939758494496 163.70515058981255 99.439436658285558 3.6223352961242199 470.71090962085873 4788.9892885424197 150.81925197690725 283.33942457940429 36.423554915003479 5308.6949038575403
leaf_count=3806 32 126 29 113 8320 14360 5993 40 7094 190663 746 4368 570 141389
internal_value=-0.000205209 0.00740956 0.0171949 0.107835 -0.000335776 -0.010193 0.0154137 0.0494146 -0.000195259 -0.00126975 0.00289369 0.00931031 -0.00137132 0.000897247
internal_weight=12024.6 202.705 112.534 2.16885 11821.9 166.155 110.366 10.9262 11655.7 5876.33 1087.34 434.159 653.183 5779.41
internal_count=377649 10107 6301 142 367542 14392 6159 166 353150 204667 14004 5114 8890 148483
is_linear=0
shrinkage=0.03


Tree=149
num_leaves=15
num_cat=0
split_feature=3 4 6 8 2 0 0 11 12 7 3 12 9 4
split_gain=14.6909 13.4248 12.9553 28.6561 40.8178 25.7346 21.9178 27.4704 33.5706 27.3465 36.8163 25.8989 25.0708 50.539
threshold=106449.06640625001 24.500000000000004 1.0000000180025095e-35 33.500000000000007 1.0000000180025095e-35 2.5000000000000004 27.500000000000004 95.500000000000014 56634.500000000007 0.1926996782422066 560.61798095703136 7805.5000000000009 6.5000000000000009 1.5000000000000002
decision_type=2 2 2 2 2 2 2 2 2 2 2 2 2 2
left_child=1 2 3 4 -1 -4 7 -7 9 10 12 -12 13 -9
right_child=-2 -3 5 -5 -6 6 -8 8 -10 -11 11 -13 -14 -15
leaf_value=0.00029922353408723455 -0.022780606095704752 -0.011847707122186309 -0.0045645861818768242 -0.0018345740713503636 0.016746383273092934 -0.0036339711554009605 0.001150173457236501 0.010966165303112833 -0.0075009237814229711 -0.0065604236799009473 -6.5018203473052948e-05 0.095137385651183015 0.019817987839501255 0.21415263703392767
leaf_weight=518.78233765251935 26.028052959125489 88.669405506923795 687.89591654203832 5413.9512688433751 183.9586662966758 90.297984402626753 4847.9258501762524 2.7829347029328337 40.451374892145395 22.862932089716196 3.3205818738788357 11.404033817350863 99.478249924257398 1.82375081628561
leaf_count=6566 1499 2047 7469 209951 1005 766 146130 56 807 308 51 111 1207 30
internal_value=-0.000266467 -0.000217689 -0.000131213 -0.00109478 0.00460465 0.000883523 0.00161545 0.00989538 0.0166033 0.0234857 0.0292676 0.0736681 0.0229864 0.0914061
internal_weight=12039.6 12013.6 11924.9 6116.69 702.741 5808.24 5120.35 272.422 182.124 141.672 118.81 14.7246 104.085 4.60669
internal_count=378003 376504 374457 217522 7571 156935 149466 3336 2570 1763 1455 162 1293 86
is_linear=0
shrinkage=0.03


Tree=150
num_leaves=15
num_cat=0
split_feature=7 9 9 6 7 12 7 2 11 8 8 4 12 12
split_gain=11.9619 13.6918 36.6416 40.7763 28.924 18.379 27.9922 28.3141 31.3083 23.5323 38.7226 23.3344 23.2448 48.9593
threshold=0.014803769532591106 93.500000000000014 79.500000000000014 3.5000000000000004 0.17193329334259036 13629.500000000002 0.22246482223272326 26.500000000000004 6996.5000000000009 14.500000000000002 4.5000000000000009 6.5000000000000009 17753.000000000004 37105.500000000007
decision_type=2 2 2 2 2 2 2 2 2 2 2 2 2 2
left_child=-1 2 5 -4 -3 9 7 -7 -9 10 -2 -12 -10 -14
right_child=1 4 3 -5 -6 6 -8 8 12 -11 11 -13 13 -15
leaf_value=-0.0022277053983447777 -0.0040637897508823163 -0.00091623066649575884 0.0056842788977956218 0.033711767377432304 -0.016550739392392533 0.0048576201561492515 0.0082889151420721154 -0.0035240233251493513 0.016131109921449144 -0.0030676235874434409 0.012614480080248649 -0.015121145812085329 -0.0097606115767891258 0.0028735343843196899
leaf_weight=1634.7538779634051 325.8248807489872 1383.051981523633 215.86638099327683 59.620899250730872 115.37991605140269 1269.3055872488767 509.48939567897469 1617.9628139743581 98.103052742779255 1998.5747634321451 323.56075921654701 29.815748758614063 317.08019751310349 2133.2302204919979
leaf_count=85570 3534 18528 2100 504 1384 19879 13572 62299 4925 75371 2583 343 17458 69938
internal_value=0.000157822 0.000532911 0.000979658 0.01175 -0.00212009 0.000635566 0.00156509 0.000934858 -0.000260229 -0.00142815 0.00339607 0.0102743 0.00181192 0.00123862
internal_weight=12031.6 10396.9 8898.43 275.487 1498.43 8622.95 5945.17 5435.68 4166.38 2677.78 679.201 353.377 2548.41 2450.31
internal_count=377988 292418 272506 2604 19912 269902 188071 174499 154620 81831 6460 2926 92321 87396
is_linear=0
shrinkage=0.03


Tree=151
num_leaves=15
num_cat=0
split_feature=3 4 9 7 9 4 0 9 0 1 11 7 9 0
split_gain=12.5935 19.0072 32.8938 68.5017 40.2284 29.3461 27.1344 25.4144 23.8162 39.5155 30.5309 21.516 21.8692 21.4305
threshold=6939.5461425781259 3.5000000000000004 4.5000000000000009 0.04240024276077748 27.500000000000004 1.5000000000000002 884.50000000000011 33.500000000000007 134.50000000000003 19.500000000000004 3763.5000000000005 0.19877672940492633 21.500000000000004 895.50000000000011
decision_type=2 2 2 2 2 2 2 2 2 2 2 2 2 2
left_child=1 5 3 -3 11 -1 8 -8 9 -6 -11 -4 -13 -9
right_child=-2 2 4 -5 6 -7 7 13 -10 10 -12 12 -14 -15
leaf_value=0.00033397670103430541 -0.00076933721036138829 0.27874972174776252 -0.015009416152109141 0.011918966834759369 0.00053445305626961684 0.0060626488613215795 0.088450526173786237 0.077299826227653121 -0.011003476542617088 0.035251885505145068 0.17006293175843337 0.017660573908830437 -0.027878232787942995 0.0093591851474604301
leaf_weight=2132.1752352770418 6827.2413727557287 1.154613148421048 254.28183817304671 3.4630247857421637 1221.4970134655014 1292.7435059696436 4.4487072620540848 4.5020909048616877 166.89977248385549 10.447497751563786 1.7677526921033848 38.255154008045793 12.622624371200798 58.124821016564965
leaf_count=44364 282336 17 9342 92 15450 19674 93 46 4579 133 20 658 156 748
internal_value=7.79816e-05 0.00118994 -0.00132717 0.0786384 -0.00153546 0.00249628 0.000525167 0.019165 -0.000367498 0.00107136 0.0547613 -0.0114462 0.00636253 0.0142433
internal_weight=12029.6 5202.38 1777.46 4.61764 1772.85 3424.92 1467.69 67.0756 1400.61 1233.71 12.2153 305.16 50.8778 62.6269
internal_count=377708 95372 31334 109 31225 64038 21069 887 20182 15603 153 10156 814 794
is_linear=0
shrinkage=0.03


Tree=152
num_leaves=15
num_cat=0
split_feature=3 2 1 3 8 6 8 1 7 12 10 9 3 8
split_gain=12.1145 10.1185 22.6924 40.0979 30.9484 27.8312 22.3911 45.7242 32.0513 25.6274 25.475 33.7485 24.755 30.3538
threshold=40050.742187500007 1.0000000180025095e-35 6.5000000000000009 503.94200134277349 1678.5000000000002 1.0000000180025095e-35 2095.5000000000005 22.500000000000004 0.11397409811615945 8240.5000000000018 11.641574382781984 21.500000000000004 31187.719726562504 1502.5000000000002
decision_type=2 2 2 2 2 2 2 2 2 2 2 2 2 2
left_child=1 -1 3 5 -5 -3 7 -4 9 -9 11 -11 -10 -14
right_child=-2 2 6 4 -6 -7 -8 8 12 10 -12 -13 13 -15
leaf_value=-0.0026099307241839007 -0.0043050792935417411 0.011718830183242232 -0.011639634599443883 0.020007564579920444 0.081255373695384381 -0.00027286030321201728 0.00050363417152522857 0.0053110584485096795 0.0081450635040668309 -0.00040632759222823298 -0.017655687979971746 0.2909625925463914 0.038016659292095425 0.20694386095751385
leaf_weight=1056.1534693799913 566.65076515404508 251.36787330359221 420.39261696580797 47.652575794607401 8.795556113123892 567.29501221887767 8702.0755274118856 92.685401338152587 222.964474465698 0.99114132393151411 111.3885717317462 0.55987575091421604 6.0986000522971144 1.1355726057663558
leaf_count=15814 24351 1869 14647 375 94 4359 296171 5493 8249 48 6422 33 241 47
internal_value=-2.29301e-05 0.00018826 0.000471516 0.0050954 0.029551 0.00340915 4.81749e-05 -0.00458084 0.00222802 -0.00637998 -0.0159744 0.10477 0.00991712 0.0645337
internal_weight=12056.2 11489.6 10433.4 875.111 56.4481 818.663 9558.29 856.216 435.824 205.625 112.94 1.55102 230.199 7.23417
internal_count=378213 353862 338048 6697 469 6228 331351 35180 20533 11996 6503 81 8537 288
is_linear=0
shrinkage=0.03


Tree=153
num_leaves=15
num_cat=0
split_feature=4 7 1 12 7 9 7 9 12 12 7 12 12 7
split_gain=11.8799 16.8944 35.4273 40.0816 21.4493 20.5874 14.4314 26.2243 22.8789 27.903 28.1623 37.1721 20.6321 21.0702
threshold=1.5000000000000002 0.22246482223272326 22.500000000000004 576.50000000000011 0.23087757080793384 81.500000000000014 0.030114583671092991 13.500000000000002 12744.500000000002 17438.500000000004 0.076930459588766112 16467.000000000004 7508.5000000000009 0.18883550167083743
decision_type=2 2 2 2 2 2 2 2 2 2 2 2 2 2
left_child=6 -2 4 -4 -3 -6 -1 8 12 10 11 -10 -8 -14
right_child=1 2 3 -5 5 -7 7 -9 9 -11 -12 -13 13 -15
leaf_value=-0.0030713902372024285 0.00061388674108337165 0.025269101214763081 0.18907706177779068 0.016860888034978299 -0.0079099500796187168 0.096501913839303025 -0.0014495875971253609 0.005522036979598681 0.012146323414251876 -0.00038346697905334567 0.0046127145636837901 0.060775123662373177 -0.015843292481400238 -0.0027461228354149049
leaf_weight=1890.8206266872585 5779.2794540990144 22.140930058434606 1.226327896118163 148.69614479131997 133.64214039593935 1.7214875146746624 1008.8254776634276 670.60821219906211 47.663823116570711 1627.7368630981073 233.32178732939065 20.118830836378038 218.63468330446631 223.6182299759239
leaf_count=96856 137206 207 37 3400 1812 10 34321 9864 1998 62432 8056 755 12012 9415
internal_value=4.69232e-05 0.000978419 0.00783121 0.0182696 -0.00210467 -0.00658209 -0.000907362 0.000102825 -0.000972399 0.00116844 0.00955785 0.02658 -0.0038181 -0.00922091
internal_weight=12028.1 6086.71 307.427 149.922 157.505 135.364 5941.35 4050.53 3379.92 1928.84 301.104 67.7827 1451.08 442.253
internal_count=378381 142672 5466 3437 2029 1822 235709 138853 128989 73241 10809 2753 55748 21427
is_linear=0
shrinkage=0.03


Tree=154
num_leaves=15
num_cat=0
split_feature=7 8 12 7 8 6 0 11 7 12 12 8 3 3
split_gain=11.7851 12.7418 28.4713 20.1213 21.9017 37.005 27.7454 25.3585 20.0049 41.2243 28.8252 45.8137 18.6094 34.9894
threshold=0.017181112430989746 8297.5000000000018 37105.500000000007 0.1858543008565903 8441.5000000000018 1.0000000180025095e-35 953.50000000000011 8421.5000000000018 0.018921285867691044 457462.50000000006 39108.500000000007 9637.5000000000018 9556.7656250000018 6432.7849121093759
decision_type=2 2 2 2 2 2 2 2 2 2 2 2 2 2
left_child=-1 -2 3 4 5 -3 7 -7 9 10 11 -4 13 -11
right_child=1 2 8 -5 -6 6 -8 -9 -10 12 -12 -13 -14 -15
leaf_value=-0.0020632367301298281 -8.1851980951286589e-05 -0.0065937576583526914 0.011581574325110823 0.0065714827742706537 -0.010761537737557371 -0.012112736843565321 0.136392043209946 0.10400785044674665 0.0035419855471872947 0.039447720796884793 0.0035929780077685698 0.41031690265210646 0.038687421386197851 0.22091168003608785
leaf_weight=1999.688624328468 7992.5955596640706 22.578865606337786 0.71121187228709348 114.11702752672136 287.15998679678887 4.6957816779613477 3.1318693459033966 2.6464920826256275 1509.1739372257143 2.5151368007063892 73.838735222816467 0.40818045660853386 22.667816074565053 1.5429864097386596
leaf_count=100043 211306 1472 39 6329 17847 140 42 56 37292 44 2728 21 558 31
internal_value=3.98578e-05 0.000458828 0.00257181 -0.00424494 -0.00809968 0.0150262 0.0616317 0.0297424 0.00440978 0.0172894 0.00588357 0.156978 0.0492794 0.108444
internal_weight=12037.5 10037.8 2045.19 434.33 320.213 33.053 10.4741 7.34227 1610.86 101.684 74.9581 1.11939 26.7259 4.05812
internal_count=377948 277905 66599 25886 19557 1710 238 196 40713 3421 2788 60 633 75
is_linear=0
shrinkage=0.03


Tree=155
num_leaves=15
num_cat=0
split_feature=7 4 9 9 12 6 7 8 0 6 7 10 9 7
split_gain=9.76724 16.0746 37.0898 35.7048 41.6928 34.3912 31.0839 45.0054 43.539 31.5935 31.3972 28.432 24.3049 26.402
threshold=0.034221833571791656 4.5000000000000009 13.500000000000002 33.500000000000007 219449.50000000003 6.5000000000000009 0.19877672940492633 8015.5000000000009 784.50000000000011 1.0000000180025095e-35 0.041689535602927215 48.763376235961921 55.500000000000007 0.1858543008565903
decision_type=2 2 2 2 2 2 2 2 2 2 2 2 2 2
left_child=-1 2 -2 4 -4 -5 7 8 -6 11 -11 -9 -3 -14
right_child=1 12 3 5 6 -7 -8 9 -10 10 -12 -13 13 -15
leaf_value=-0.0012501516478751898 -0.00036168922027529627 -0.0075229948221644484 0.0073768957048829121 0.00064529023602083056 0.15725263303463966 0.077517273749321797 -0.005851270743749048 0.034742218337818646 -0.0076148088520756798 0.17041974666266851 0.065874392474940383 0.18216364053515152 0.0011762378235668401 -0.018623512147442782
leaf_weight=4302.1366719529033 3964.8575563663617 505.12661434710026 798.10658191889524 1054.1548352241516 1.5771713778376604 5.264017902314662 14.681195765733717 19.172597980126746 16.773719115182757 4.2759045399725419 6.539294172078371 1.2544480673968781 1252.5033816061914 63.694480467587709
leaf_count=176082 145582 15107 13211 9026 31 30 108 280 309 58 63 21 16674 720
internal_value=-0.000105003 0.00053415 0.0012962 0.00471657 0.00924883 0.00102725 0.032493 0.0438442 0.00655476 0.065747 0.107208 0.0437955 -0.00192884 0.000218073
internal_weight=12010.1 7707.98 5886.66 1921.8 862.381 1059.42 64.2743 49.5931 18.3509 31.2422 10.8152 20.427 1821.32 1316.2
internal_count=377302 201220 168719 23137 14081 9056 870 762 340 422 121 301 32501 17394
is_linear=0
shrinkage=0.03


Tree=156
num_leaves=15
num_cat=0
split_feature=4 6 0 10 12 0 12 10 3 0 7 1 6 2
split_gain=11.2876 11.7517 29.0959 20.9742 23.6611 18.8616 21.5223 35.9811 44.4868 109.432 20.5177 28.9206 43.0979 19.8667
threshold=24.500000000000004 2.5000000000000004 873.50000000000011 39.388044357299812 2786747.0000000005 1070.5000000000002 62022.000000000007 50.218528747558601 48682.181640625007 1002.5000000000001 0.0060050261672586211 39.500000000000007 9.5000000000000018 188.50000000000003
decision_type=2 2 2 2 2 2 2 2 2 2 2 2 2 2
left_child=1 3 -3 4 -1 6 7 10 -9 -10 -4 12 -12 -13
right_child=-2 2 5 -5 -6 -7 -8 8 9 -11 11 13 -14 -15
leaf_value=0.0012143188029680831 -0.010419607363292581 -0.0012011166931561303 -0.0027276692878111354 -0.0014348057912835055 0.042869271629237753 -0.0052202245001515841 0.005403553623964749 0.051158576216050758 0.85273497157722777 0.080534887318208737 0.0022174612503607217 0.020370230320778233 0.19532931489232594 0.054704916175363612
leaf_weight=4896.0180942406878 88.402353733778 977.83199337124825 40.228203831240535 5052.4953118748963 12.303661540150641 116.59372317045927 708.85245904047042 2.1207350753247733 0.23775312304496754 0.54100923053920269 52.318141320720315 32.699747406877577 1.0612098909914482 28.287836995907128
leaf_count=103571 2040 21940 3908 214954 103 5104 21128 139 18 52 2032 1201 43 1024
internal_value=0.000260737 0.000339936 0.00246288 -7.79629e-05 0.00131874 0.00610783 0.00763237 0.0176638 0.122368 0.316285 0.0157001 0.022182 0.00605663 0.0362957
internal_weight=12010 11921.6 1960.77 9960.82 4908.32 982.941 866.347 157.495 2.8995 0.778762 154.595 114.367 53.3794 60.9876
internal_count=377257 375217 56589 318628 103674 34649 29545 8417 209 70 8208 4300 2075 2225
is_linear=0
shrinkage=0.03


Tree=157
num_leaves=15
num_cat=0
split_feature=8 3 2 7 1 12 12 12 6 7 9 7 0 0
split_gain=12.6756 16.631 28.8857 25.2973 15.7805 17.2439 60.1488 17.6115 16.2393 21.711 18.3113 16.8449 13.9543 35.7243
threshold=2.5000000000000004 6939.5461425781259 74.500000000000014 0.11766499280929567 31.500000000000004 173281.00000000003 181511.50000000003 363062.50000000006 1.5000000000000002 0.0025602732785046105 333.50000000000006 0.22246482223272326 816.50000000000011 362.50000000000006
decision_type=2 2 2 2 2 2 2 2 2 2 2 2 2 2
left_child=-1 2 12 -4 5 -3 -7 -8 11 -10 -11 -6 13 -2
right_child=1 4 3 -5 8 6 7 -9 9 10 -12 -13 -14 -15
leaf_value=-0.0061634833867567872 0.0013764960428639661 -0.015113582979310064 0.010285074718773676 0.10024547581762336 -0.0022392585003521391 0.27563328141063193 0.031528128532889936 -0.028505786281046695 -0.015108193338199068 0.0027337488025096384 -0.015899908526682726 0.0032868518653674842 0.0055637222575981131 -0.011111720345700975
leaf_weight=294.99509995058179 4068.6038533393294 118.51760420389473 6.5364612769335491 4.9390602326020598 4142.7016971921548 0.76965000852942722 9.8600258715450781 7.9389083478599778 67.079847262706608 1855.6201460338198 48.710014563053846 564.03740271180868 618.59784958790988 217.1641155583784
leaf_count=3848 64673 6054 300 86 183167 8 265 183 6619 58657 943 26189 19252 7437
internal_value=-2.15472e-05 0.000132901 0.0014629 0.049004 -0.000826433 -0.0109021 0.0159788 0.00475103 -0.000619605 0.00166625 0.00225713 -0.00157703 0.00135166 0.000743706
internal_weight=12026.1 11731.1 4915.84 11.4755 6815.24 137.086 18.5686 17.7989 6678.15 1971.41 1904.33 4706.74 4904.37 4285.77
internal_count=377681 373833 91748 386 282085 6510 456 448 275575 66219 59600 209356 91362 72110
is_linear=0
shrinkage=0.03


Tree=158
num_leaves=15
num_cat=0
split_feature=0 1 0 6 2 3 8 7 7 1 6 9 7 1
split_gain=11.169 16.8796 73.0543 21.358 23.6333 22.6794 18.2815 23.5206 24.0908 37.9915 18.0644 22.2346 19.8852 42.2947
threshold=1.0000000180025095e-35 1.5000000000000002 4.5000000000000009 1.0000000180025095e-35 1.0000000180025095e-35 783.21551513671886 1730.5000000000002 1.0000000180025095e-35 0.0046307018492370853 13.500000000000002 1.5000000000000002 314.50000000000006 0.035455202683806426 8.5000000000000018
decision_type=2 2 2 2 2 2 2 2 2 2 2 2 2 2
left_child=-1 2 3 4 -2 -5 -3 -8 9 -9 -10 12 -12 -14
right_child=1 6 -4 5 -6 -7 7 8 10 -11 11 -13 13 -15
leaf_value=-0.0041231547813941798 0.00053361684640634865 -0.0036977510059925424 0.043785345510251428 -0.0023172578896259589 0.017614061309306647 0.058063153243212533 0.013959390314421428 0.10917057470206676 -0.000444794192979589 -0.01335809438133799 0.0010374689558702486 -0.010168456952537989 0.089032127996730021 0.006194739893244052
leaf_weight=561.31585816852748 152.31380944699049 1139.0209416504949 40.257230877876282 469.68082895688713 139.84533362090588 5.6661833599209777 112.507777903229 2.3117879629135123 6770.9274777881801 153.44634700939059 1471.0705197076313 117.88719145953655 5.5821129307150832 887.43585054110736
leaf_count=8520 1714 34828 233 4031 681 32 6249 25 240853 13760 48861 2139 64 16055
internal_value=8.72831e-06 0.000210969 0.00439216 0.0023259 0.00870937 -0.00159752 -0.000105855 0.000323845 0.000160792 -0.0115395 0.000357748 0.00254712 0.00318119 0.00671254
internal_weight=12029.3 11468 807.763 767.506 292.159 475.347 10660.2 9521.17 9408.66 155.758 9252.9 2481.98 2364.09 893.018
internal_count=378045 369525 6691 6458 2395 4063 362834 328006 321757 13785 307972 67119 64980 16119
is_linear=0
shrinkage=0.03


Tree=159
num_leaves=15
num_cat=0
split_feature=3 7 2 8 12 1 8 7 6 0 0 2 8 0
split_gain=12.5317 11.5616 15.1068 14.1624 31.7858 21.0119 20.5493 23.44 22.6921 18.1034 18.0393 42.6729 22.9378 20.6255
threshold=43794.537109375007 0.014803769532591106 279.50000000000006 8297.5000000000018 37105.500000000007 45.500000000000007 8441.5000000000018 0.1483944579958916 1.0000000180025095e-35 953.50000000000011 806.50000000000011 185.50000000000003 9589.5000000000018 784.50000000000011
decision_type=2 2 2 2 2 2 2 2 2 2 2 2 2 2
left_child=1 -1 3 5 6 -3 8 -8 -5 -10 11 12 -9 -14
right_child=-2 2 -4 4 -6 -7 7 10 9 -11 -12 -13 13 -15
leaf_value=-0.0023107761774173344 -0.0058835681104288133 -0.00021540653856468839 0.024727927972215551 0.0006273609516803943 0.0044693959699469736 0.038861854085743344 -0.01228896402980326 -0.016760312549047807 0.026032798174601888 0.10594411352745779 0.00064052433816964784 0.35176646893792374 0.02323137570347282 0.16189312662740779
leaf_weight=1552.107350458391 323.6702221846208 8037.8897592024878 23.051526402123272 28.906143229454756 1663.1772762099281 12.403067989274858 250.86750965286046 4.2934911390766466 8.8352336660027486 3.5874126255512229 108.95984249096364 0.39145015459507781 2.2191416034474973 1.7089620865881441
leaf_count=81071 14335 213424 883 1892 43222 410 16038 240 220 47 6013 15 108 72
internal_value=-6.05424e-05 0.000100569 0.000469439 0.0004142 0.00262547 -0.0001552 -0.00485869 -0.00710874 0.0152002 0.0491096 0.00394439 0.0457401 0.0311695 0.0835576
internal_weight=12022.1 11698.4 10146.3 10123.2 2072.95 8050.29 409.769 368.44 41.3288 12.4226 117.573 8.61304 8.22159 3.9281
internal_count=377990 363655 282584 281701 67867 213834 24645 22486 2159 267 6448 435 420 180
is_linear=0
shrinkage=0.03


Tree=160
num_leaves=15
num_cat=0
split_feature=0 1 0 3 8 11 6 7 7 11 9 11 11 7
split_gain=11.0064 16.7389 68.4378 19.4312 16.8263 27.9947 23.5012 22.9924 19.4985 20.029 19.0993 18.2315 21.8437 19.8893
threshold=1.0000000180025095e-35 1.5000000000000002 4.5000000000000009 783.21551513671886 1979.5000000000002 2703.5000000000005 3.5000000000000004 0.099986076354980483 1.0000000180025095e-35 9601.5000000000018 314.50000000000006 6836.5000000000009 4003.5000000000005 0.024001627229154113
decision_type=2 2 2 2 2 2 2 2 2 2 2 2 2 2
left_child=-1 2 3 -2 -3 7 8 -6 9 -7 -8 12 -10 -14
right_child=1 4 -4 -5 5 6 10 -9 11 -11 -12 -13 13 -15
leaf_value=-0.0041729671952934234 0.0017978477756504102 -0.0034238315916784059 0.042724189347930222 0.047769778128293465 0.0017543975265411481 0.010745765692320317 0.0055238403333632419 0.013454884384655459 0.00079454038536770448 0.094747842422403611 -0.012127134398247188 0.0003291033869493194 -0.011937915957003654 -0.0032871224299701363
leaf_weight=566.13116146437824 772.71465037018061 1286.0333887822926 39.583482932299376 8.3643613532185537 387.80368268117309 86.286373613402247 845.42994072334841 247.6991511574015 1102.7301033353433 2.6325348420068613 59.024496933445334 4531.7996914121322 275.13302399683744 1831.1431570285931
leaf_count=8599 6540 40764 224 42 8872 4852 28166 6125 24093 149 1163 178900 11713 58180
internal_value=-8.94975e-05 0.000111941 0.00424043 0.00229015 -0.00020602 0.00023564 -0.000206688 0.00631488 -0.000735591 0.0132327 0.00437194 -0.000896045 -0.00262622 -0.00441714
internal_weight=12042.5 11476.4 820.662 781.079 10655.7 9369.68 8734.18 635.503 7829.72 88.9189 904.454 7740.81 3209.01 2106.28
internal_count=378382 369783 6806 6582 362977 322213 307216 14997 277887 5001 29329 272886 93986 69893
is_linear=0
shrinkage=0.03


Tree=161
num_leaves=15
num_cat=0
split_feature=3 7 7 9 11 7 8 11 10 7 12 12 4 7
split_gain=11.8062 8.59455 14.5734 13.229 17.1696 18.1442 12.8351 23.1166 24.708 36.2649 22.39 37.3416 28.6556 24.5288
threshold=106449.06640625001 0.01852169539779425 1.0000000180025095e-35 1.5000000000000002 7918.5000000000009 0.19877672940492633 6770.5000000000009 4003.5000000000005 44.842964172363288 0.029127937741577629 18343.000000000004 37105.500000000007 1.0000000180025095e-35 0.020362668670713905
decision_type=2 2 2 2 2 2 2 2 2 2 2 2 2 2
left_child=1 2 -1 4 -3 -6 7 8 -5 -10 12 -12 13 -8
right_child=-2 3 -4 6 5 -7 10 -9 9 -11 11 -13 -14 -15
leaf_value=0.0059542551358456658 -0.020325661825868466 -0.00095819522884330803 -0.0024357489989493357 0.0011722287376397774 -0.019425459148690351 0.001429809101136338 0.27193065656973253 -0.0027304448729582836 0.28091754201003533 0.031628306304245388 -0.0070972959864455927 0.002924366795251362 0.024307803239707031 -0.00089975870225416906
leaf_weight=205.44440128281713 25.684851053636521 537.54249721113592 2002.548936012201 3892.6756983622909 106.05952709820122 58.118341966532171 0.29762374889105458 1997.0189371909946 0.67311454005539362 2.389948490075767 383.39221309125423 2630.5724711408839 91.359468813985586 84.106924527324736
leaf_count=10121 1512 25601 97407 75268 8166 3830 21 58023 22 83 20163 68993 3045 5311
internal_value=-7.98606e-06 3.55303e-05 -0.00165509 0.000417052 -0.0035516 -0.0120428 0.000723673 -0.000106056 0.00123925 0.0864101 0.00225653 0.00164956 0.0126647 6.22844e-05
internal_weight=12017.9 11992.2 2207.99 9784.21 701.72 164.178 9082.49 5892.76 3895.74 3.06306 3189.73 3013.96 175.764 84.4045
internal_count=377566 376054 107528 268526 37597 11996 230929 133396 75373 105 97533 89156 8377 5332
is_linear=0
shrinkage=0.03


Tree=162
num_leaves=15
num_cat=0
split_feature=7 2 12 6 0 9 3 12 4 8 9 7 9 8
split_gain=17.8091 17.3477 14.6303 13.5084 14.0676 25.6572 29.6489 37.8152 22.935 23.0884 23.5984 20.5949 26.3216 28.0597
threshold=0.034221833571791656 248.50000000000003 725.00000000000011 3.5000000000000004 810.50000000000011 13.500000000000002 5656.3562011718759 20434.500000000004 4.5000000000000009 5390.5000000000009 65.500000000000014 0.030772473663091663 22.500000000000004 4536.5000000000009
decision_type=2 2 2 2 2 2 2 2 2 2 2 2 2 2
left_child=1 3 -3 -1 5 6 7 -5 -6 10 11 12 -10 -14
right_child=-2 2 -4 4 8 -7 -8 -9 9 -11 -12 -13 13 -15
leaf_value=-0.0019588102079363917 0.00080463733542740815 0.077430856695438185 -0.011786642008542778 0.021735673119593651 0.0020373818725979128 -0.0080132596614475391 -0.021221924724021794 0.13951880597194835 0.017299058289976136 0.0010788044124011903 0.21671830576851051 -0.0089588640993292865 0.221655691053081 0.054697328393317118
leaf_weight=3483.6298012156039 7723.5418323753402 1.670407561585306 170.83811850566417 7.7054536072537321 375.9506864361465 165.66262172628194 6.4878629129379979 3.5991436019539833 26.834685381501913 41.64686861820519 0.6046694740653028 10.845911538228391 0.94984585605561989 19.608045371249318
leaf_count=142803 201613 158 8894 194 16421 4525 525 46 1141 1117 15 331 30 660
internal_value=-5.78854e-05 -0.00160137 -0.0109227 -0.00121329 0.00272235 -0.00433649 0.0298973 0.0592353 0.00544039 0.0181716 0.0302692 0.0283334 0.0368678 0.0624114
internal_weight=12039.6 4316.03 172.509 4143.53 659.896 183.455 17.7925 11.3046 476.441 100.49 58.8432 58.2385 47.3926 20.5579
internal_count=378473 176860 9052 167808 25005 5290 765 240 19715 3294 2177 2162 1831 690
is_linear=0
shrinkage=0.03


Tree=163
num_leaves=15
num_cat=0
split_feature=3 7 8 9 11 7 12 10 7 0 10 6 0 9
split_gain=11.7056 10.047 23.2619 25.0142 21.5186 22.587 26.8873 42.4632 20.779 20.4746 18.1915 63.9677 17.8193 58.4439
threshold=43094.187500000007 0.016980389133095745 8297.5000000000018 1.5000000000000002 8645.5000000000018 0.019149955362081531 584032.50000000012 47.798164367675788 0.19877672940492633 695.50000000000011 41.316108703613288 1.5000000000000002 976.50000000000011 17.500000000000004
decision_type=2 2 2 2 2 2 2 2 2 2 2 2 2 2
left_child=1 -1 -3 8 12 6 10 -8 -4 -10 11 -6 -5 -14
right_child=-2 2 3 4 5 -7 7 -9 9 -11 -12 -13 13 -15
leaf_value=-0.0017197548161816947 -0.0052092295035670684 -4.2717621580913088e-05 -0.017941965880073768 0.008095004970350244 0.019950033187507651 0.0021607422612328776 0.036221162673717659 0.20187764975630437 0.19168883409153853 0.0052141551881487351 0.0040384102814577808 0.2237010653656975 0.0065156907723078064 0.068532277903980449
leaf_weight=1858.8276504799724 357.52368789352477 7828.6550146453083 84.005195941776037 205.47800893429667 15.261109113693239 1435.4548051431775 14.521673563867809 1.540360290557145 0.53644810244440932 43.60281546972692 78.021857758052647 1.5253775119781483 42.769372786395252 20.105172134935856
leaf_count=93196 15858 206058 6679 6543 492 40474 274 30 14 2882 2928 30 1717 386
internal_value=0.000137526 0.000301889 0.000686466 0.00362473 0.00452932 0.0031684 0.0162147 0.0521077 -0.00918522 0.00748048 0.0101338 0.0384648 0.0123713 0.0263465
internal_weight=11987.8 11630.3 9771.48 1942.82 1814.68 1546.33 110.87 16.062 128.144 44.1393 94.8083 16.7865 268.353 62.8745
internal_count=377561 361703 268507 62449 52874 44228 3754 304 9575 2896 3450 522 8646 2103
is_linear=0
shrinkage=0.03


Tree=164
num_leaves=15
num_cat=0
split_feature=4 6 8 2 1 10 3 7 1 9 12 8 7 8
split_gain=11.0643 11.2047 28.4104 35.9021 21.4914 19.9213 19.2282 19.5347 29.6565 18.3614 60.6596 30.1522 59.6827 51.3713
threshold=25.500000000000004 1.0000000180025095e-35 57.500000000000007 1.0000000180025095e-35 2.5000000000000004 5.2113130092620858 100.0279998779297 0.0056861259508878001 11.500000000000002 8.5000000000000018 70493.000000000015 9261.5000000000018 0.012988080736249687 9146.5000000000018
decision_type=2 2 2 2 2 2 2 2 2 2 2 2 2 2
left_child=1 2 3 -1 -5 -4 -3 8 -8 10 -9 12 13 -12
right_child=-2 6 5 4 -6 -7 7 9 -10 -11 11 -13 -14 -15
leaf_value=0.00055942126460557893 -0.011371197509070766 -0.0034397813098072929 -0.013249635717740299 0.01800621636736768 -0.015747762950376734 -0.001320693194075202 0.09825849054097853 0.0041387252854940878 -0.011160229685087225 0.00096265392477935471 0.076026463747339679 0.019780488979958651 0.052069467482060393 0.36132502670645128
leaf_weight=558.56988471187651 76.577186245471239 761.59931963775307 129.12383476272225 193.80977611243725 18.606706615537405 5200.7177928257734 2.2660770528018466 1147.6368103511631 137.56492546992376 3774.7152597280219 1.1245513539761334 16.789758175611496 11.659902308136223 1.1477660927921531
leaf_count=7146 1800 9323 2777 954 301 206656 23 37615 12994 97740 53 412 195 50
internal_value=-4.18165e-06 6.86272e-05 -0.00083106 0.00455163 0.0150495 -0.00160969 0.00100617 0.00167102 -0.00938701 0.0019832 0.00525239 0.046854 0.0794803 0.220133
internal_weight=12031.9 11955.3 6100.83 770.986 212.416 5329.84 5854.5 5092.91 139.831 4953.07 1178.36 30.722 13.9322 2.27232
internal_count=378039 376239 217834 8401 1255 209433 158405 149082 13017 136065 38325 710 298 103
is_linear=0
shrinkage=0.03


Tree=165
num_leaves=15
num_cat=0
split_feature=2 7 12 7 3 7 0 10 3 3 4 0 3 3
split_gain=12.7497 10.8322 29.1818 37.4825 20.6298 22.3196 18.4849 22.3961 13.6519 12.6322 16.921 15.3084 10.1308 9.85127
threshold=248.50000000000003 0.035020904615521438 156859.50000000003 0.048551054671406753 47097.105468750007 0.036314085125923164 802.50000000000011 36.061012268066413 28560.576171875004 51053.386718750007 5.5000000000000009 1078.5000000000002 42494.093750000007 44524.804687500007
decision_type=2 2 2 2 2 2 2 2 2 2 2 2 2 2
left_child=-1 6 8 4 5 -4 7 -2 -3 10 11 -5 -13 -9
right_child=1 2 3 9 -6 -7 -8 13 -10 -11 -12 12 -14 -15
leaf_value=0.0002568351503222526 0.34112035023962428 0.14932573740141419 0.17862426254088226 0.011912268062013415 0.15073302145256404 -0.016555916000793206 -0.012073102829589025 -0.030334685811937181 -0.0076884639928478009 -0.017827778565193464 -0.0046772173940673022 0.037253311949620303 0.10096762241518627 0.088695205288640139
leaf_weight=11627.834571193904 0.24226538371294681 0.50002539250999589 0.71435770019888822 9.6188120804727095 2.7744712308049202 2.0137239769101143 171.85547325946391 1.0675905216485264 150.99291564337909 10.959584565833209 14.802220914512871 4.9334882628172618 4.1230537481606007 1.5121417818590996
leaf_count=360781 20 27 18 96 46 53 8970 99 6946 121 217 45 29 138
internal_value=8.09952e-05 -0.00535528 -0.000614213 0.0192735 0.0931326 0.0345527 -0.0108225 0.0653354 -0.00717021 0.0101277 0.0192795 0.0382678 0.0662597 0.0394361
internal_weight=12003.9 376.11 201.433 49.9397 5.50255 2.72808 174.677 2.822 151.493 44.4372 33.4776 18.6754 9.05654 2.57973
internal_count=377606 16825 7598 625 117 71 9227 257 6973 508 387 170 74 237
is_linear=0
shrinkage=0.03


Tree=166
num_leaves=15
num_cat=0
split_feature=3 0 8 6 8 2 8 7 1 10 9 1 9 4
split_gain=14.3832 10.9338 17.441 24.7144 18.2787 33.9041 27.0736 27.7877 27.8964 24.3208 26.7948 24.3043 29.4021 27.715
threshold=106449.06640625001 1.0000000180025095e-35 14.500000000000002 1.0000000180025095e-35 2095.5000000000005 42.500000000000007 2550.5000000000005 0.036812121048569686 6.5000000000000009 21.919782638549808 43.500000000000007 38.500000000000007 52.500000000000007 12.500000000000002
decision_type=2 2 2 2 2 2 2 2 2 2 2 2 2 2
left_child=1 -1 3 -3 11 6 7 8 -6 10 -8 12 -4 -14
right_child=-2 2 4 -5 5 -7 9 -9 -10 -11 -12 -13 13 -15
leaf_value=-0.0043115314290506713 -0.023352770106565179 0.013256010026271386 -0.0064965483315366944 0.00044821892950863354 0.069391002879313976 -0.00088536338958545853 0.0023405908940607482 0.01967075608427547 -0.0015882360925752151 0.0052723916878132365 -0.0076382575922688918 0.014260649101679372 0.0068772098127086031 -0.014174381402552153
leaf_weight=565.99413050338626 24.284143000375479 209.48462726175785 1136.4098844854161 384.42801704257727 5.1906071901321402 6833.0726878996938 692.71288721449673 169.88644054811448 124.85620787553489 1058.9149768678471 372.35297890938818 67.987014404498041 314.71569508127868 68.542556039057672
leaf_count=8639 1506 1605 37678 3085 48 279014 9621 2062 1470 21075 4208 3317 3207 1648
internal_value=-0.000288007 -0.000241349 -3.99509e-05 0.00496578 -0.000314092 0.000195978 0.00324431 0.0116815 0.00124478 0.00205286 -0.00114807 -0.00328811 -0.00407321 0.00311231
internal_weight=12028.8 12004.5 11438.6 593.913 10844.6 9256.99 2423.91 299.933 130.047 2123.98 1065.07 1587.66 1519.67 383.258
internal_count=378183 376677 368038 4690 363348 317498 38484 3580 1518 34904 13829 45850 42533 4855
is_linear=0
shrinkage=0.03


Tree=167
num_leaves=15
num_cat=0
split_feature=3 0 1 0 10 9 3 12 6 4 3 6 7 9
split_gain=15.5358 7.47471 67.2956 36.702 21.5655 20.8994 24.3116 15.5634 15.0911 14.7826 14.6418 13.9414 22.4577 16.3218
threshold=43794.537109375007 1.5000000000000002 1.5000000000000002 4.5000000000000009 1.3950805664062502 126.50000000000001 25.006999969482425 164.50000000000003 5.5000000000000009 1.0000000180025095e-35 912.15200805664074 1.0000000180025095e-35 0.0063338105101138362 97.500000000000014
decision_type=2 2 2 2 2 2 2 2 2 2 2 2 2 2
left_child=1 10 3 4 -3 9 -7 -4 -8 -6 -1 -9 -13 -14
right_child=-2 2 7 -5 5 6 8 11 -10 -11 -12 12 13 -15
leaf_value=-0.0024853688149222863 -0.0067336277944787066 0.047037900240142504 -0.012072748697317611 0.042144414138079782 0.024380938286569304 -0.0018760445280670234 0.049041122115530328 -0.001116844235787165 -0.0079726156275732492 -0.00067645261512043269 0.077824952150720716 -0.0089472162101684582 0.0022251388044457836 -0.0027221601704749878
leaf_weight=1117.4379367027432 317.40079712308943 13.686840966343878 97.581080593168736 38.429826740175486 24.894428465515375 19.352725299075246 27.931790802627802 5234.355304681696 4.9133247174322596 142.37939243018627 2.0468695908784857 192.56380245834589 4101.4504216276109 703.04645818285644
leaf_count=13727 14360 95 1533 226 169 242 154 202344 40 822 12 14331 120902 9492
internal_value=-0.000184531 -7.16981e-06 0.000239036 0.0149799 0.0105026 0.00822413 0.0247966 -0.000148557 0.0405124 0.0030527 -0.00233853 -3.48317e-05 0.00109856 0.0015012
internal_weight=12037.5 11720.1 10600.6 271.588 233.159 219.472 52.1978 10329 32.8451 167.274 1119.48 10231.4 4997.06 4804.5
internal_count=378449 364089 350350 1748 1522 1427 436 348602 194 991 13739 347069 144725 130394
is_linear=0
shrinkage=0.03


Tree=168
num_leaves=15
num_cat=0
split_feature=9 7 9 6 8 11 12 0 1 6 2 3 1 7
split_gain=12.6907 35.7136 21.3491 36.8711 19.8463 34.7698 20.0813 46.2964 28.1368 20.3672 30.2157 19.2461 18.7227 18.5289
threshold=99.500000000000014 0.17193329334259036 79.500000000000014 3.5000000000000004 9467.5000000000018 9664.5000000000018 8098.5000000000009 2.5000000000000004 2.5000000000000004 4.5000000000000009 1.0000000180025095e-35 28560.576171875004 40.500000000000007 0.13954563438892367
decision_type=2 2 2 2 2 2 2 2 2 2 2 2 2 2
left_child=2 4 -1 -4 6 12 7 9 -9 10 -2 13 -6 -5
right_child=1 -3 3 11 5 -7 -8 8 -10 -11 -12 -13 -14 -15
leaf_value=-4.1252708458219414e-05 -0.0051110291252934635 -0.020043774180565462 0.0026477346847816707 0.0061205029846260924 0.10382762397276607 0.0057454262995654554 -0.0050855966288310874 0.039012145775037928 -0.021597997773206059 -0.018558598972408337 0.015927780847222121 -0.011188682778895289 0.017819452022384875 0.042957027573568306
leaf_weight=10255.495612545405 174.99933839589357 100.55772047117352 301.8422331623733 16.923861723393202 5.3009379655122739 84.688226170837879 841.21798506192863 43.943641725927591 8.1758031807839853 50.073471643030643 94.675407204777002 10.429021395742891 3.9942844100296497 44.879490602761507
leaf_count=355779 3109 1231 3097 209 42 869 11577 300 79 892 732 142 43 339
internal_value=-0.000138953 -0.00281574 0.000215523 0.00725519 -0.00149033 0.0117907 -0.00251927 0.00328613 0.0295044 -0.000987499 0.00227512 0.0265087 0.0668687 0.0328699
internal_weight=12037.2 1407.63 10629.6 374.075 1307.07 93.9834 1213.09 371.868 52.1194 319.748 269.675 72.2324 9.29522 61.8034
internal_count=378440 18874 359566 3787 17643 954 16689 5112 379 4733 3841 690 85 548
is_linear=0
shrinkage=0.03


Tree=169
num_leaves=15
num_cat=0
split_feature=7 2 10 9 8 7 0 0 7 9 6 7 0 1
split_gain=13.4443 16.1724 23.0732 16.6985 18.0233 21.9554 17.6304 15.6068 21.3232 19.1874 14.8201 24.0214 24.3327 18.4213
threshold=0.034527704119682319 248.50000000000003 36.061012268066413 44.500000000000007 14.500000000000002 0.024001627229154113 838.50000000000011 1134.5000000000002 0.015181225724518301 32.500000000000007 6.5000000000000009 0.015181225724518301 892.50000000000011 36.500000000000007
decision_type=2 2 2 2 2 2 2 2 2 2 2 2 2 2
left_child=1 3 -3 7 5 -5 -6 10 9 -9 -1 -12 -13 -14
right_child=-2 2 -4 4 6 -7 -8 8 -10 -11 11 12 13 -15
leaf_value=-0.0026694338545495172 0.00080057116559407429 0.238604465621851 -0.01082994164108125 -0.011921331935080796 -0.003457658640327964 0.034991697554419561 0.004390434118029465 -0.016267706154287787 0.052142562047381172 0.15001115306275045 -0.0047889563233459425 -4.7838093611625997e-05 0.12947744207155343 0.036082785249504777
leaf_weight=2892.8549225525931 7670.1916131307371 0.33441770542412896 170.35400669183582 12.725446008145807 413.99672157783061 30.49143285676837 682.01995614916086 10.533059364184737 11.194994035176931 0.66394500434398729 53.571020079776645 20.664362815208733 2.0568600092083242 25.039032967761159
leaf_count=132267 200229 20 9187 109 8355 187 19979 717 438 29 4598 885 71 819
internal_value=4.63052e-05 -0.00129089 -0.0103412 -0.000919169 0.00217528 0.0211779 0.00142599 -0.00208781 0.0228647 -0.00640792 -0.00227442 0.00900272 0.0244724 0.0431724
internal_weight=11996.7 4326.5 170.688 4155.81 1139.23 43.2169 1096.02 3016.58 22.392 11.197 2994.19 101.331 47.7603 27.0959
internal_count=377890 177661 9207 168454 28630 296 28334 139824 1184 746 138640 6373 1775 890
is_linear=0
shrinkage=0.03


Tree=170
num_leaves=15
num_cat=0
split_feature=11 8 0 0 7 2 3 9 1 9 9 7 9 6
split_gain=9.64045 34.7384 21.0443 18.0117 29.9053 19.8722 20.8434 26.5793 20.6125 56.2336 15.9959 23.1237 19.9728 30.1705
threshold=9601.5000000000018 9441.5000000000018 1022.5000000000001 802.50000000000011 0.20019646733999255 13.500000000000002 2087.5529785156255 49.500000000000007 33.500000000000007 50.500000000000007 97.500000000000014 0.17193329334259036 79.500000000000014 3.5000000000000004
decision_type=2 2 2 2 2 2 2 2 2 2 2 2 2 2
left_child=1 10 3 4 -2 6 7 -5 9 -7 12 -12 -1 -14
right_child=2 -3 -4 5 -6 8 -8 -9 -10 -11 11 -13 13 -15
leaf_value=0.00032317623698507105 0.010026584794804623 -0.010344317849408155 0.036975298319664215 -0.017318247096572363 0.076077878795688114 0.25804548055034171 0.16489568731448356 0.072002609367703183 -0.00062831423629561929 -0.0074081397699953411 -0.0018392066515257903 -0.017118930252442644 0.0030209246406376063 0.024873307068579743
leaf_weight=9395.7598320557736 97.44009917974472 290.55633860826492 16.521203888580203 6.1839538216590864 6.5861654737964264 1.0336616802960628 1.0579065931960929 5.8203819990158081 565.08017398323864 2.3535752147436142 1178.0176104791462 96.436604522168636 259.80119955167174 72.795520456507802
leaf_count=319043 3692 13380 165 169 165 23 19 48 20383 53 16231 1213 2679 659
internal_value=0.000106581 -0.000105471 0.00351758 0.00271128 0.0142085 0.000654618 0.0372395 0.0259896 -0.00018603 0.0735987 0.000164911 -0.00299541 0.000578925 0.00780376
internal_weight=11995.4 11293.4 702.077 685.556 104.026 581.53 13.0622 12.0043 568.467 3.38724 11002.8 1274.45 9728.36 332.597
internal_count=377922 353205 24717 24552 3857 20695 236 217 20459 76 339825 17444 322381 3338
is_linear=0
shrinkage=0.03


Tree=171
num_leaves=15
num_cat=0
split_feature=3 0 0 2 11 4 8 3 0 10 12 0 3 0
split_gain=9.05635 22.9572 24.9341 23.8031 27.5162 19.1324 18.7905 18.751 18.4051 17.0099 31.376 30.6309 30.2345 39.7482
threshold=6939.5461425781259 816.50000000000011 362.50000000000006 74.500000000000014 4609.5000000000009 4.5000000000000009 1433.5000000000002 6674.4331054687509 849.50000000000011 22.282862663269047 153804.50000000003 257.50000000000006 912.15200805664074 284.50000000000006
decision_type=2 2 2 2 2 2 2 2 2 2 2 2 2 2
left_child=1 2 9 5 -5 -3 -4 8 -6 10 11 -1 13 -13
right_child=-2 3 6 4 7 -7 -8 -9 -10 -11 -12 12 -14 -15
leaf_value=0.00078930596068613862 -0.00058213080986971452 0.0037008649342286939 0.14954797399904274 0.22396136488623689 0.11764855690048369 0.018860779394463206 -0.010062598188428093 -0.031764514519416386 -0.019426703654401183 0.0049421047467407778 -0.0077500425342456776 0.25662592829477981 0.011738540446530077 0.058220429081328261
leaf_weight=3172.7137172296643 6810.1528663025238 533.20710287056863 0.66587169840931792 0.82268847897648711 2.9471012856811285 87.172557911835611 216.72106058243662 2.1805894998833537 1.2578497854992745 751.66915525496006 417.72090944461524 1.1469648629426945 9.8525458220392448 4.3758946917951107
leaf_count=47241 282365 17908 36 31 64 1345 7604 72 40 15790 4992 40 402 185
internal_value=0.000137824 0.00108026 0.000342148 0.00646083 0.0606628 0.00583106 -0.0095737 0.039624 0.0766445 0.000836832 -1.89558e-05 0.000994014 0.0432354 0.0994245
internal_weight=12012.6 5202.45 4574.87 627.588 7.20823 620.38 217.387 6.38554 4.20495 4357.48 3605.81 3188.09 15.3754 5.52286
internal_count=378115 95750 76290 19460 207 19253 7640 176 104 68650 52860 47868 627 225
is_linear=0
shrinkage=0.03


Tree=172
num_leaves=15
num_cat=0
split_feature=4 4 1 10 8 7 10 0 3 4 9 9 2 12
split_gain=9.9404 9.86722 15.8191 27.5764 19.0546 33.8737 27.4712 13.2657 18.1574 20.0323 15.6186 58.5218 43.1802 14.5937
threshold=24.500000000000004 1.5000000000000002 42.500000000000007 42.56871414184571 3718.5000000000005 0.024001627229154113 44.890916824340827 917.50000000000011 3388.192016601563 8.5000000000000018 35.500000000000007 32.500000000000007 66.500000000000014 615972.00000000012
decision_type=2 2 2 2 2 2 2 2 2 2 2 2 2 2
left_child=1 -1 -3 7 5 6 -5 13 -9 10 11 -10 -13 -4
right_child=-2 2 3 4 -6 -7 -8 8 9 -11 -12 12 -14 -15
leaf_value=-0.00059620312821293572 -0.0098155088344228127 0.00065667975926324501 -0.0022295558235449573 0.082127487230654939 0.0009413360433504945 0.01159153972361442 0.31463119645059207 -0.010832672379354103 0.029001100363743485 0.082498794707588613 0.0043996378644339165 0.34029767124978705 0.058485838057272289 0.030495301742126044
leaf_weight=5906.3649314059876 88.530210034921765 5483.3327544517815 42.415691982954741 1.8570115128532036 374.76430974435061 7.7004394242540002 0.60681402496993531 10.302889754995702 37.417105423286557 6.3840350676327935 19.259603979066014 0.96407040767371543 0.99373046681284904 17.253484707325697
leaf_count=234850 2101 125712 1306 72 11079 248 15 197 1370 71 383 18 26 171
internal_value=0.000199916 0.000274365 0.00113088 0.00613208 0.00204057 0.0425701 0.139391 0.0177991 0.0261696 0.032033 0.0265383 0.0373671 0.197257 0.00723291
internal_weight=11998.1 11909.6 6003.25 519.919 384.929 10.1643 2.46383 134.991 75.3214 65.0185 58.6345 39.3749 1.9578 59.6692
internal_count=377619 375518 140668 14956 11414 335 87 3542 2065 1868 1797 1414 44 1477
is_linear=0
shrinkage=0.03


Tree=173
num_leaves=15
num_cat=0
split_feature=7 4 11 8 0 9 9 4 8 0 7 2 12 7
split_gain=10.3843 13.3498 24.7999 29.4822 25.675 23.2054 21.2998 22.5335 16.4501 20.8337 15.7066 15.4367 17.5797 18.0679
threshold=0.034527704119682319 1.0000000180025095e-35 6592.5000000000009 6474.5000000000009 695.50000000000011 5.5000000000000009 103.50000000000001 5.5000000000000009 4011.5000000000005 1068.5000000000002 0.1483944579958916 21.500000000000004 140980.50000000003 0.0450515914708376
decision_type=2 2 2 2 2 2 2 2 2 2 2 2 2 2
left_child=-1 5 -3 -4 -5 8 7 11 9 -2 -9 12 -6 -14
right_child=1 2 3 4 6 -7 -8 10 -10 -11 -12 -13 13 -15
leaf_value=-0.001286130025363662 1.7440931709605432e-05 -5.5492018608213674e-05 0.075112796318573233 0.071356156166190038 0.0091776815502798235 0.0034872067361340514 -0.0021000014133972355 0.013175151618074718 -0.0072412653617310307 0.15066734870919818 0.065712698300678524 0.0044627217667273945 0.11690811742586758 0.032814194550788392
leaf_weight=4319.5056397262961 421.1110433479771 4275.8726488472894 5.2509393170475951 5.0675753382965913 32.802474640309811 496.38781044911593 429.19492415711284 11.487664928659798 673.60844794008881 0.82779673393815656 9.2412610799074155 1306.2057182546705 2.795253310352563 12.963394977152346
leaf_count=177523 11939 92998 66 72 723 10693 4626 82 42446 48 50 36517 36 71
internal_value=-0.000109283 0.000552375 0.0011917 0.00412989 0.00392393 -0.00189374 0.00373458 0.00555514 -0.00433182 0.000312999 0.0365972 0.00508018 0.0216886 0.0477307
internal_weight=12002.3 7682.82 6090.88 1815.01 1809.76 1591.94 1804.69 1375.5 1095.55 421.939 20.7289 1354.77 48.5611 15.7586
internal_count=377890 200367 135241 42243 42177 65126 42105 37479 54433 11987 132 37347 830 107
is_linear=0
shrinkage=0.03


Tree=174
num_leaves=15
num_cat=0
split_feature=7 12 11 9 1 11 0 12 11 10 0 12 6 12
split_gain=8.86702 13.6502 25.4767 22.7126 26.1506 19.83 19.6426 28.3491 24.3001 23.4178 29.347 21.4937 32.0815 17.5981
threshold=0.034527704119682319 13629.500000000002 4060.5000000000005 103.50000000000001 15.500000000000002 1641.5000000000002 865.50000000000011 914117.00000000012 2055.5000000000005 45.883115768432624 802.50000000000011 16790.500000000004 5.5000000000000009 47162.000000000007
decision_type=2 2 2 2 2 2 2 2 2 2 2 2 2 2
left_child=-1 2 -2 5 -5 -3 9 8 -8 -7 -11 12 -10 -13
right_child=1 3 -4 4 -6 6 7 -9 11 10 -12 13 -14 -15
leaf_value=-0.0011000945139783536 0.00022230044550108056 -0.010268598634546379 -0.0073448539604532743 -0.012040869034364705 0.00016895889235342407 0.004549623243336528 0.10679719110627379 0.066197882248105411 0.010796212990032378 0.038532117085089357 0.0062430391411400664 -0.0034829534129424498 0.13528508312272014 0.0022524614470660815
leaf_weight=4310.0031028455123 2505.3400498665869 104.93995394743979 476.59871853562072 208.87715739756823 646.51768822036684 1433.4346796041355 1.9504952169954766 6.0103866979479781 130.60253526829183 42.307966914027929 63.142121964134276 769.51827623602003 1.8900603372603644 1286.3230624254793
leaf_count=177712 51639 3891 28593 2954 8141 27639 45 41 5799 1282 2204 35798 22 31841
internal_value=-1.11236e-05 0.000600208 -0.000987146 0.00160827 -0.00281253 0.00259302 0.00295437 0.00113331 0.000954768 0.00555337 0.0191978 0.000860429 0.0125721 0.000105649
internal_weight=11987.5 7677.45 2981.94 4695.51 855.395 3840.12 3735.18 2196.29 2190.28 1538.88 105.45 2188.33 132.493 2055.84
internal_count=377601 199889 80232 119657 11095 108562 104671 73546 73505 31125 3486 73460 5821 67639
is_linear=0
shrinkage=0.03


Tree=175
num_leaves=15
num_cat=0
split_feature=2 0 8 0 9 7 9 7 12 3 6 3 10 9
split_gain=9.58377 9.52052 17.7063 22.3696 23.1301 21.1047 31.8725 21.8213 15.1499 15.1342 16.6546 19.6985 13.1701 13.9973
threshold=632.50000000000011 1.0000000180025095e-35 23.500000000000004 2.5000000000000004 7.5000000000000009 0.076915774494409575 44.500000000000007 0.023704353719949726 8659.5000000000018 783.21551513671886 1.5000000000000002 100.0279998779297 5.2113130092620858 52.500000000000007
decision_type=2 2 2 2 2 2 2 2 2 2 2 2 2 2
left_child=1 -1 3 5 -5 6 -3 -8 -9 10 11 -7 13 -4
right_child=-2 2 12 4 -6 9 7 8 -10 -11 -12 -13 -14 -15
leaf_value=-0.003812664861972181 -0.020523542077741482 -0.002086594810363808 -0.011507766670234551 -0.0044806114065818227 0.021059273927246523 0.00056207792366865265 -0.018001384225510206 0.041474595271032255 -0.0315005969125614 0.065500104930016081 -0.0077897962307810166 0.023096779772656607 4.7017157001845234e-05 0.0025614480602554443
leaf_weight=557.54787796922028 20.481975468806922 56.111840957775712 180.88468584697694 43.317443244159222 121.23027795739472 306.0579584967345 7.3938948437571517 45.374846033751965 2.7134804856032124 3.1126920506358138 197.45801632292569 39.406939081847668 10319.783719174564 98.189713966101408
leaf_count=8580 1295 578 3289 385 802 2441 41 391 68 17 1700 193 356934 1171
internal_value=-1.98238e-05 1.52352e-05 0.000202104 0.00444321 0.0143359 0.00196793 0.013856 0.0299795 0.0373568 -0.000461644 -0.000839817 0.0031326 -0.000126888 -0.00655765
internal_weight=11999.1 11978.6 11421 822.177 164.548 657.63 111.594 55.4822 48.0883 546.036 542.923 345.465 10598.9 279.074
internal_count=377885 376590 368010 6616 1187 5429 1078 500 459 4351 4334 2634 361394 4460
is_linear=0
shrinkage=0.03


Tree=176
num_leaves=15
num_cat=0
split_feature=4 6 3 2 8 3 1 10 0 9 7 1 12 12
split_gain=10.9091 10.323 20.4039 22.1728 16.2239 23.8908 23.7081 15.6319 15.4505 14.8597 13.293 12.5232 18.5691 21.4435
threshold=27.500000000000004 1.5000000000000002 250.00250244140628 1.5000000000000002 23.500000000000004 100.0279998779297 1.5000000000000002 3.4867182970047002 2.5000000000000004 371.50000000000006 1.0000000180025095e-35 11.500000000000002 7805.5000000000009 37105.500000000007
decision_type=2 2 2 2 2 2 2 2 2 2 2 2 2 2
left_child=1 4 -3 -4 5 8 -7 -6 -1 10 -9 12 -5 -14
right_child=-2 2 3 11 7 6 -8 9 -10 -11 -12 -13 13 -15
leaf_value=0.00050312389770638174 -0.013561834942681539 -0.0037487888414668713 0.079978567458240168 -0.0021407915180993919 -0.0097157878331816747 0.025936756863092235 -0.011655444125601785 0.0076253275004146397 0.015325694752922989 0.025267750289194254 -0.00092938497132590307 0.0019867531216683802 0.041831635085475299 0.010378199985849065
leaf_weight=758.20574230328202 52.737565262243152 546.55786121916026 3.3287865612655869 64.768420323729515 176.00307273864746 71.316845498979092 19.154087986797094 167.17798387818038 69.054677845910192 19.82386527210474 7382.6718061892316 2569.9991281894036 26.140546353533864 76.878831570968032
leaf_count=8541 1282 6932 35 611 2447 363 158 9564 513 380 264409 81533 289 986
internal_value=5.25955e-05 0.000112673 0.00154394 0.00259927 -0.000430477 0.00334113 0.0179779 -0.000877349 0.00174042 -0.000671846 -0.000739956 0.00250519 0.010446 0.0183593
internal_weight=12003.8 11951.1 3287.67 2741.12 8663.41 917.731 90.4709 7745.68 827.26 7569.67 7549.85 2737.79 167.788 103.019
internal_count=378043 376761 90386 83454 286375 9575 521 276800 9054 274353 273973 83419 1886 1275
is_linear=0
shrinkage=0.03


Tree=177
num_leaves=15
num_cat=0
split_feature=8 8 6 7 12 9 0 9 7 0 4 4 9 4
split_gain=12.1168 10.8066 14.9269 13.5519 28.0954 24.9874 16.6425 20.8048 16.0746 15.7721 18.8775 14.0631 12.31 15.1539
threshold=2.5000000000000004 14.500000000000002 4.5000000000000009 0.12246135249733926 164.50000000000003 23.500000000000004 2.5000000000000004 141.50000000000003 0.30048544704914099 4.5000000000000009 2.5000000000000004 10.500000000000002 189.50000000000003 1.5000000000000002
decision_type=2 2 2 2 2 2 2 2 2 2 2 2 2 2
left_child=-1 2 3 4 -2 8 -7 -8 9 10 -5 -6 13 -3
right_child=1 12 -4 5 11 6 7 -9 -10 -11 -12 -13 -14 -15
leaf_value=-0.0061184885988991092 -0.0035377878534524152 -0.0009710733893392874 -0.010365485532915438 0.020871481934201089 0.025890328427872682 -0.006022929297595383 0.0033432189468419115 0.061270384285022211 0.00014753547787547236 0.070199333582519952 -0.015938096986990547 0.0032970772882748227 -0.0042530258281117074 0.0013287785245485783
leaf_weight=290.97676257230341 71.719169152900577 5585.5364219867624 62.733038611710072 88.322170529514551 93.962898258119822 250.68346825987101 22.689774021506313 7.3999648466706267 75.783876311033964 5.0013561360537997 14.613822653889654 33.683672845363617 622.43523666448891 4789.5483889323659
leaf_count=3827 881 231501 819 710 757 2320 139 37 804 37 126 694 8815 126222
internal_value=-7.11862e-05 7.88998e-05 0.00362236 0.00494417 0.0114867 0.00213604 -0.00349247 0.0175892 0.0107378 0.0181734 0.0156456 0.0199284 -0.000155212 9.0629e-05
internal_weight=12015.1 11724.1 726.593 663.86 199.366 464.494 280.773 30.0897 183.721 107.937 102.936 127.647 10997.5 10375.1
internal_count=377689 373862 7324 6505 2332 4173 2496 176 1677 873 836 1451 366538 357723
is_linear=0
shrinkage=0.03


Tree=178
num_leaves=15
num_cat=0
split_feature=9 7 9 6 4 12 0 9 0 7 11 4 0 9
split_gain=9.49539 25.3616 21.3114 24.3877 18.8181 21.0302 59.7618 17.4119 17.3509 28.3958 35.3415 35.0155 36.3939 30.2368
threshold=97.500000000000014 0.17193329334259036 79.500000000000014 3.5000000000000004 7.5000000000000009 6021.5000000000009 27.500000000000004 31.500000000000004 998.50000000000011 0.030772473663091663 4682.5000000000009 10.500000000000002 1042.5000000000002 29.500000000000004
decision_type=2 2 2 2 2 2 2 2 2 2 2 2 2 2
left_child=2 -2 4 -4 -1 -6 -7 8 -8 10 -10 13 -13 -12
right_child=1 -3 3 -5 5 6 7 -9 9 -11 11 12 -14 -15
leaf_value=0.00037032854167888996 -0.0011192235170437725 -0.016762610043766311 0.0036993078702874287 0.023560732462789412 -0.021313362033201808 0.09571209509192681 -0.0020887284728301164 -0.011346934156567701 0.22416487324435966 -0.011358035909624999 -0.0040792931279305935 0.25359389877805949 0.040485348769326066 0.21546311785149291
leaf_weight=9929.5488345324993 1320.4786706864834 100.3627181276679 273.58217546157539 69.845856584608555 72.025556093081832 5.4125358406454316 66.928591286763549 149.40421152673662 1.0586067773401762 9.1094142924994213 7.8104466926306468 1.2639908734709018 1.6795709431171415 0.60859465599060047
leaf_count=345567 17841 1259 2786 632 1159 48 3357 4810 39 286 268 37 57 20
internal_value=7.86182e-05 -0.00222421 0.000387635 0.00773869 0.000141213 -0.00707416 -0.00285842 -0.00510138 0.00544713 0.0288726 0.0583767 0.0429309 0.131996 0.011791
internal_weight=12009.1 1420.84 10588.3 343.428 10244.9 315.302 243.276 237.863 88.4592 21.5306 12.4212 11.3626 2.94356 8.41904
internal_count=378166 19100 359066 3418 355648 10081 8922 8874 4064 707 421 382 94 288
is_linear=0
shrinkage=0.03


Tree=179
num_leaves=15
num_cat=0
split_feature=3 1 0 7 7 7 4 8 8 11 12 7 9 7
split_gain=9.5534 11.3373 16.9379 31.181 14.4661 17.3227 9.09 7.8074 31.969 20.9835 18.9109 21.1449 29.993 26.0445
threshold=54560.964843750007 42.500000000000007 1113.5000000000002 0.040882240980863578 0.050039123743772514 0.2494444474577904 2.5000000000000004 8297.5000000000018 8123.5000000000009 8897.5000000000018 37105.500000000007 0.0046307018492370853 8.5000000000000018 0.028175028041005138
decision_type=2 2 2 2 2 2 2 2 2 2 2 2 2 2
left_child=7 2 -2 6 -5 -6 -4 8 -1 -9 -11 -12 13 -13
right_child=1 -3 3 4 5 -7 -8 9 -10 10 11 12 -14 -15
leaf_value=-0.00010682699262481894 -0.00692325800096658 -0.01628888309403281 -0.030740544648191585 0.21340886239929477 -0.0014879223382624543 0.21717293757438746 0.12526937136236621 0.0054879210295236489 -0.010891419982725201 -0.0068333991343612639 -0.018315502822003588 -0.0016773992707966453 -0.00045861414922971543 0.014630213126143139
leaf_weight=8616.5407694261521 16.089524414390329 64.597014902625233 2.6808358002454038 1.0901870364323261 1.0038666203618047 0.48294340539723624 0.38431135751307 807.89259536936879 254.69144867174327 325.88310147635639 49.731263796798885 135.53819860704243 1462.785598969087 252.0495084868744
leaf_count=243999 755 3403 142 14 42 18 15 34414 10278 21829 4315 7683 42491 8549
internal_value=-3.92796e-05 -0.00998311 0.00876068 0.0534861 0.130401 0.0695372 -0.0111799 3.28271e-05 -0.000416451 0.00134654 -0.000156519 0.000988619 0.00150744 0.00892749
internal_weight=11991.4 86.3287 21.7317 5.64214 2.577 1.48681 3.06515 11905.1 8871.23 3033.88 2225.99 1900.1 1850.37 387.588
internal_count=377947 4389 986 231 74 60 157 373558 254277 119281 84867 63038 58723 16232
is_linear=0
shrinkage=0.03


Tree=180
num_leaves=15
num_cat=0
split_feature=2 9 7 8 0 1 2 3 10 1 3 3 2 0
split_gain=9.41506 8.28096 18.6323 17.6839 22.6196 15.6852 13.668 12.8103 21.0703 12.4727 14.9069 21.0005 11.8191 21.0391
threshold=293.50000000000006 180.50000000000003 0.1483944579958916 14.500000000000002 1.5000000000000002 1.5000000000000002 2.5000000000000004 48.790500640869148 8.5902013778686541 15.500000000000002 38340.970703125007 37485.792968750007 62.500000000000007 1109.5000000000002
decision_type=2 2 2 2 2 2 2 2 2 2 2 2 2 2
left_child=1 -1 3 4 6 -6 -3 -5 -9 -10 11 12 13 -11
right_child=-2 2 -4 7 5 -7 -8 8 9 10 -12 -13 -14 -15
leaf_value=0.00060902063813529736 -0.0077972396394951279 0.0055572407833148381 -0.022341405103708814 -0.012858667856280936 0.048606563286364007 -0.0041900883923513344 -0.03486553610169358 0.025882132442340906 -0.011844262542153318 0.0063186336881598778 -0.026491751087135987 0.08176360789583885 -0.0035915969010294189 0.10086314218899141
leaf_weight=11087.530364010483 127.5234921304509 96.516451438888907 40.701025955379009 110.75450831651688 18.313406229019169 7.0000957548618308 8.1651820838451368 23.930458065122366 109.7842416651547 117.74296374805272 18.630643416196108 2.8769788816571227 230.72720395959914 2.157161481678485
leaf_count=360241 6371 1886 477 2028 126 85 84 221 1578 1515 283 43 3115 15
internal_value=0.000310842 0.000397915 -0.00257509 -0.00149752 0.00855803 0.0340064 0.00240426 -0.00361747 -0.00159414 -0.00295852 -0.000337116 0.00104131 0.00037896 0.00801961
internal_weight=12002.4 11874.8 787.3 746.599 129.995 25.3135 104.682 616.604 505.85 481.919 372.135 353.504 350.627 119.9
internal_count=378068 371697 11456 10979 2181 211 1970 8798 6770 6549 4971 4688 4645 1530
is_linear=0
shrinkage=0.03


Tree=181
num_leaves=15
num_cat=0
split_feature=0 1 0 8 6 10 0 10 9 1 0 10 11 10
split_gain=11.8761 14.0673 58.2852 17.8678 18.1917 22.2138 17.9537 18.0097 21.9723 17.5648 35.4642 31.6424 51.8109 24.1385
threshold=1.0000000180025095e-35 1.5000000000000002 4.5000000000000009 1979.5000000000002 1.5000000000000002 39.740694046020515 802.50000000000011 45.336460113525398 513.50000000000011 22.500000000000004 23.500000000000004 19.227847099304203 1936.5000000000002 10.732646465301515
decision_type=2 2 2 2 2 2 2 2 2 2 2 2 2 2
left_child=-1 2 -2 9 5 -5 -7 8 -8 10 13 12 -11 -3
right_child=1 3 -4 4 -6 6 7 -9 -10 11 -12 -13 -14 -15
leaf_value=-0.0042462683286332795 0.0022858112961910916 -0.0028494576838560166 0.04099457369109577 0.0017861315783744974 0.0025614665079916436 0.0050228427579482237 -0.0050377215632589215 -0.00074568947529515621 0.14964114719866389 0.021713866301461313 -0.013066640447495019 -0.00093976976708376762 0.22405400132482106 0.019505425300554321
leaf_weight=559.94307597354054 778.20901671238244 438.00634591840208 36.658356167376041 2573.295473662205 2535.8749362612143 325.77224758826196 1457.3242259314284 2470.7574812094681 0.82699241861700912 35.369187047705054 358.5732804806903 397.7073176773265 1.1768333464860905 48.261745095252991
leaf_count=8647 6527 5636 223 58317 74208 13997 66776 108815 16 1459 13647 19065 47 788
internal_value=1.97766e-05 0.000228258 0.0040272 -6.26043e-05 0.000391703 -0.000414136 -0.00174489 -0.00230605 -0.00495 -0.00338844 -0.00590888 0.00151507 0.0282295 -0.000630752
internal_weight=12017.8 11457.8 814.867 10642.9 9363.85 6827.98 4254.68 3928.91 1458.15 1279.09 844.841 434.253 36.546 486.268
internal_count=378168 369521 6750 362771 322129 247921 189604 175607 66792 40642 20071 20571 1506 6424
is_linear=0
shrinkage=0.03


Tree=182
num_leaves=15
num_cat=0
split_feature=9 4 7 7 12 12 7 0 12 12 12 0 3 0
split_gain=9.79982 15.1124 17.6313 13.8326 12.6694 11.2347 68.3239 27.515 30.3769 22.5327 20.3072 80.255 22.5921 21.8504
threshold=6.5000000000000009 1.5000000000000002 0.010827365331351759 0.011629232671111824 56634.500000000007 34444.000000000007 0.10001393035054208 974.50000000000011 42953.500000000007 21650.500000000004 21051.500000000004 114.50000000000001 33288.310546875007 150.50000000000003
decision_type=2 2 2 2 2 2 2 2 2 2 2 2 2 2
left_child=1 4 -3 -4 -1 9 -7 8 -8 10 13 -12 -13 -5
right_child=-2 2 3 5 -6 6 7 -9 -10 -11 11 12 -14 -15
leaf_value=-0.0018658399258328511 0.00054336818689384948 -0.025391438620215544 0.13740807993845541 -0.0051642781063110967 -0.020704753946731106 -0.0031787430674146428 0.29979326221097136 0.025368993004256123 0.072075054335157138 -0.014233805273489303 0.29197517090332054 -0.022696293091226491 0.18096406851785754 0.010672002515934999
leaf_weight=3134.5314890309237 8379.9360413379036 17.908027580473572 0.70872235205024381 114.76379280537367 32.460833545774221 11.957779377698897 1.3584985584020612 1.0555601958185432 0.86159215681254853 54.063505907543004 1.1072463691234578 3.6274587493389845 0.56681411527097214 247.57354197185487
leaf_count=146421 213298 1575 31 2179 1592 578 34 28 17 2395 13 155 26 9839
internal_value=-2.02452e-05 -0.00132404 0.00378495 0.00497883 -0.00205893 0.00476402 0.0300744 0.151465 0.211418 0.00384972 0.00650901 0.0647987 0.00482637 0.00565615
internal_weight=12002.5 3622.54 455.553 437.645 3166.99 436.936 15.2334 3.27565 2.22009 421.702 367.639 5.30152 4.19427 362.337
internal_count=378181 164883 16870 15295 148013 15264 657 79 51 14607 12212 194 181 12018
is_linear=0
shrinkage=0.03


Tree=183
num_leaves=15
num_cat=0
split_feature=7 11 7 10 8 3 6 7 11 1 12 3 7 7
split_gain=10.7452 11.8374 23.482 15.3106 46.5886 45.3572 28.4188 13.2997 14.6503 17.3611 30.3763 14.5903 13.2184 19.8581
threshold=0.021038182079792026 8509.5000000000018 0.016980389133095745 42.479465484619148 8561.5000000000018 12179.974609375002 3.5000000000000004 0.0012305529089644553 1696.5000000000002 13.500000000000002 18343.000000000004 724.55349731445324 0.0051786652766168126 0.0078086180146783599
decision_type=2 2 2 2 2 2 2 2 2 2 2 2 2 2
left_child=1 7 12 4 5 -4 -6 8 -1 10 11 -10 -3 -14
right_child=-2 2 3 -5 6 -7 -8 -9 9 -11 -12 -13 13 -15
leaf_value=-0.0055036493921526162 0.00063300689446810915 -0.011189397489288004 0.04715285202336017 0.0054967002195490658 0.015165657059750291 0.34055753607566597 0.19821996608488171 -0.0045066590659124696 0.006816205254872012 0.0052694130233643935 0.16555840428671456 0.061640203020173381 0.0079453795491163937 -0.0027305604622500333
leaf_weight=88.997192221693695 9353.6026463536546 109.4750561453402 1.1493545845150936 186.07024301402271 41.929748428054154 0.80723626352846611 0.77743895724415679 1252.3620023829862 12.927890053018933 97.443131024949253 1.4971759393811215 6.5988483093678942 207.77588309021667 639.24886295897886
leaf_count=3886 255213 9724 36 6612 1298 27 10 53069 198 6448 13 79 10002 31426
internal_value=0.000155458 -0.001532 0.000692589 0.00928287 0.0250561 0.168204 0.018498 -0.0033412 0.00369414 0.0106039 0.0353285 0.0253434 -0.00137962 -0.000111743
internal_weight=12000.7 2647.06 1187.23 230.734 44.6638 1.95659 42.7072 1459.83 207.464 118.467 21.0239 19.5267 956.5 847.025
internal_count=378041 122828 59135 7983 1371 63 1308 63693 10624 6738 290 277 51152 41428
is_linear=0
shrinkage=0.03


Tree=184
num_leaves=15
num_cat=0
split_feature=9 9 7 7 9 8 4 12 0 12 9 9 3 7
split_gain=9.99917 24.8179 23.2147 35.0804 24.2858 22.9826 21.0975 22.4331 48.9815 28.0138 23.7327 20.744 21.9867 18.8683
threshold=94.500000000000014 79.500000000000014 0.16002207249403003 0.16674222052097323 90.500000000000014 9467.5000000000018 6.5000000000000009 6021.5000000000009 23.500000000000004 6226.5000000000009 31.500000000000004 103.50000000000001 40050.742187500007 0.15687003731727603
decision_type=2 2 2 2 2 2 2 2 2 2 2 2 2 2
left_child=1 6 -3 -4 -5 13 -1 -8 -9 -10 -11 -7 -13 -2
right_child=5 2 3 4 -6 11 7 8 9 10 -12 12 -14 -15
leaf_value=0.0003467912857596515 -0.0020346596821773375 0.0038435149442745983 0.086932807958471886 0.026147265333938918 -0.014909467698306179 0.098137315788361393 -0.018891439443311536 0.082148987171444976 0.18668876992038066 0.0042383410212118331 -0.012030780090999551 0.0064820722669316506 0.080062120216557023 -0.012749163694528293
leaf_weight=9803.9264240683988 1191.3360097780824 225.72222024016082 6.98246781900525 55.2572857812047 16.942283347249031 2.4227053523063651 99.899560246616602 6.0154571644961825 0.69014692399650712 147.75592868216336 177.80940913874656 95.740335769951344 3.8000353276729575 168.89186686091125
leaf_count=341450 16394 2219 51 447 160 15 1655 52 36 6707 5472 958 32 2230
internal_value=-1.04199e-05 0.00031207 0.00874635 0.0227227 0.0165129 -0.00233526 6.08367e-05 -0.00642613 -0.00267835 -0.00424239 -0.00464713 0.0114021 0.00929105 -0.00336502
internal_weight=12003.2 10541 304.904 79.182 72.1996 1462.19 10236.1 432.171 332.271 326.255 325.565 101.963 99.5404 1360.23
internal_count=377878 358249 2877 658 607 19629 355372 13922 12267 12215 12179 1005 990 18624
is_linear=0
shrinkage=0.03


Tree=185
num_leaves=15
num_cat=0
split_feature=2 1 1 4 7 9 0 8 11 7 9 12 11 6
split_gain=10.1735 21.829 17.2516 28.5878 20.597 20.4288 19.2498 18.0472 35.0612 27.8909 25.4489 13.0762 20.213 12.5837
threshold=54.500000000000007 31.500000000000004 41.500000000000007 5.5000000000000009 0.054807467386126525 52.500000000000007 1056.5000000000002 8739.5000000000018 8764.5000000000018 0.051894953474402435 8.5000000000000018 173281.00000000003 2266.5000000000005 3.5000000000000004
decision_type=2 2 2 2 2 2 2 2 2 2 2 2 2 2
left_child=2 11 -1 7 -5 -6 -7 -4 9 10 -9 -2 -13 -3
right_child=1 13 3 4 5 6 -8 8 -10 -11 -12 12 -14 -15
leaf_value=0.00061899014668090585 -0.015811694162451841 -0.0010479642824566338 -0.0017503770278268487 -0.031428658929202796 0.13592003865069993 0.026667058356356233 0.11408704671707962 0.33505960567062698 0.014953945779167204 -0.03127171193307085 0.087552667564551184 0.14108033508068418 0.0041114575631137785 0.002992690003957969
leaf_weight=4951.814148270525 124.45446551404893 5953.4590745051391 99.520431692712009 2.8415397033095386 2.4537276457995203 12.416693087667225 2.7733207568526259 0.73744082357734375 51.04185972828418 0.60889588575810183 0.75838759355247021 1.0365875903517032 15.023079834878443 785.14205433614552
leaf_count=87632 6588 250020 3337 80 28 93 21 27 1420 20 24 18 403 28507
internal_value=-6.73757e-05 -0.000821203 0.000944468 0.0102525 0.0435299 0.055602 0.0426278 0.00578726 0.019902 0.139897 0.209573 -0.0125242 0.0129523 -0.000577171
internal_weight=12004.1 6879.12 5124.97 173.152 20.4853 17.6437 15.19 152.667 53.1466 2.10472 1.49583 140.514 16.0597 6738.6
internal_count=378218 285536 92682 5050 222 142 114 4828 1491 71 51 7009 421 278527
is_linear=0
shrinkage=0.03


Tree=186
num_leaves=15
num_cat=0
split_feature=8 8 6 9 4 7 9 9 7 11 0 6 11 9
split_gain=9.83639 18.3123 15.4419 23.0057 15.1174 29.6662 28.89 19.3584 17.012 14.909 13.292 13.2837 24.4633 16.5256
threshold=2.5000000000000004 14.500000000000002 4.5000000000000009 323.50000000000006 2.5000000000000004 0.14290695637464526 22.500000000000004 1.5000000000000002 0.062563132494688048 36.500000000000007 2.5000000000000004 1.0000000180025095e-35 71.500000000000014 336.50000000000006
decision_type=2 2 2 2 2 2 2 2 2 2 2 2 2 2
left_child=-1 2 3 4 7 6 -6 -2 -8 -9 -10 -3 -13 -14
right_child=1 11 -4 -5 5 -7 8 9 10 -11 -12 12 13 -15
leaf_value=-0.0054692690696192155 -0.011804283703954248 -0.0012087228690605713 -0.0093459052306160816 0.033761858921286657 -0.019995045500670206 -0.0089292745999239951 0.030725486799719579 0.017221384106261003 0.0044192322648334195 0.0015312293343627114 0.037514772748505634 -0.01478507954566647 0.0014265001778902141 -0.0085961929050791565
leaf_weight=290.21310789324343 32.823137357831001 5581.8227170193568 63.784852046519518 26.015312924981117 26.506242953240871 156.46337497234344 40.068834777921438 186.21380052343011 101.27909559011459 77.060859754681587 12.241947822272776 88.271103011444211 5158.0850355732255 152.43304339796305
leaf_count=3843 482 212295 828 492 304 1432 293 1652 1186 550 72 865 150313 3129
internal_value=-1.34319e-05 0.000121862 0.00474833 0.0061132 0.00497626 0.000626535 0.0089284 0.00992038 0.01392 0.0126289 0.00798821 -0.000182531 0.000878451 0.00113881
internal_weight=11993.3 11703.1 722.457 658.673 632.657 336.559 180.096 296.098 153.59 263.275 113.521 10980.6 5398.79 5310.52
internal_count=377736 373893 7291 6463 5971 3287 1855 2684 1551 2202 1258 366602 154307 153442
is_linear=0
shrinkage=0.03


Tree=187
num_leaves=15
num_cat=0
split_feature=3 0 7 0 0 7 7 12 1 6 9 8 4 0
split_gain=7.23829 10.5616 10.724 11.6728 25.841 30.2119 17.376 32.34 13.6303 27.1379 29.7135 15.8052 13.4597 19.4756
threshold=43794.537109375007 904.50000000000011 0.035020904615521438 1080.5000000000002 1097.5000000000002 0.048551054671406753 0.19877672940492633 30054.000000000004 37.500000000000007 2.5000000000000004 95.500000000000014 9467.5000000000018 2.5000000000000004 1436.5000000000002
decision_type=2 2 2 2 2 2 2 2 2 2 2 2 2 2
left_child=-1 -2 -3 8 5 -5 -7 -8 9 -4 -11 -10 -6 -14
right_child=1 2 3 4 12 6 7 -9 11 10 -12 -13 13 -15
leaf_value=0.0001777341054088976 -0.0192895936278232 -0.0082706916504727539 0.006358909192613298 0.24761414027538431 -0.0034263981396482172 0.016191137349795822 0.00056521985619016081 0.24709820249196227 -0.01040443681900358 0.22410995314640131 0.014717138245483617 0.053863450940299443 0.0019946480315922097 0.10431224003169653
leaf_weight=11687.443619292229 37.901684634387493 138.89985238527879 13.599184340797366 0.75408104900270601 27.904426496941596 4.7050467086955905 0.96136261057108618 0.95420889556407928 74.851060536690056 1.169803969562053 1.2743456065654752 3.6100268894806495 4.1569619681686154 2.8034368995577097
leaf_count=363559 1709 7441 599 34 1340 107 57 16 2862 26 23 97 50 29
internal_value=5.7058e-05 -0.00444116 -0.00239946 0.00356434 0.0166749 0.0676947 0.047202 0.123371 -0.00229555 0.0229002 0.114935 -0.00744744 0.00588309 0.0432051
internal_weight=12001 313.545 275.644 136.744 42.2395 7.3747 6.62062 1.91557 94.5044 16.0433 2.44415 78.4611 34.8648 6.9604
internal_count=377949 14390 12681 5240 1633 214 180 73 3607 648 49 2959 1419 79
is_linear=0
shrinkage=0.03


Tree=188
num_leaves=15
num_cat=0
split_feature=9 9 7 9 1 2 1 4 12 2 3 8 7 9
split_gain=10.4948 28.5027 46.5588 31.0332 30.1571 14.8127 22.5712 14.0822 18.0005 13.859 17.4397 21.7423 12.8581 15.4334
threshold=156.50000000000003 146.50000000000003 0.10477616265416147 152.50000000000003 39.500000000000007 206.50000000000003 38.500000000000007 12.500000000000002 191339.50000000003 164.50000000000003 20131.008789062504 4844.5000000000009 0.085775598883628859 44.500000000000007
decision_type=2 2 2 2 2 2 2 2 2 2 2 2 2 2
left_child=1 7 3 4 -3 -4 -7 12 -9 10 -10 -12 13 -1
right_child=-2 2 5 -5 -6 6 -8 8 9 -11 11 -13 -14 -15
leaf_value=-0.0014119280115640347 -0.0031218068787776136 0.15113289892742279 0.003454999040594574 0.0059421959831197644 0.033526025775826113 0.12254978335602558 -0.033035115695519188 -0.021306367569540689 0.0094008233894574949 -0.015294034496226147 0.013441354535020133 0.19608805270838503 0.001393322711543197 0.0023896375729766436
leaf_weight=5059.1537690460682 922.42290465906262 5.0826743915677053 50.171055439859629 4.2423913702368727 3.1963460743427277 2.3166705518960948 1.3158508613705633 61.985887717455626 26.682952828705314 21.827365599572659 1.3269030414521688 1.0513287782669065 4654.5915730809793 1186.5392738692462
leaf_count=222899 13183 42 603 36 19 36 20 1662 590 441 26 18 109148 29457
internal_value=-4.72778e-05 0.000208692 0.0198162 0.0719191 0.105727 0.00769055 0.0661904 9.06092e-05 -0.0104514 0.00277079 0.016339 0.0941827 0.000199773 -0.000689717
internal_weight=12001.9 11079.5 66.325 12.5214 8.27902 53.8036 3.63252 11013.2 112.874 50.8886 29.0612 2.37823 10900.3 6245.69
internal_count=378180 364997 756 97 61 659 56 364241 2737 1075 634 44 361504 252356
is_linear=0
shrinkage=0.03


Tree=189
num_leaves=15
num_cat=0
split_feature=6 12 11 7 12 7 8 2 12 7 8 10 7 8
split_gain=10.5777 20.7826 13.2139 29.4349 15.9435 19.5012 20.3869 19.5918 21.3592 15.738 15.4395 17.969 37.0332 33.9124
threshold=1.5000000000000002 1560.5000000000002 3763.5000000000005 1.0000000180025095e-35 13629.500000000002 0.034527704119682319 6839.5000000000009 17.500000000000004 15327.500000000002 0.10477616265416147 3454.5000000000005 12.580979347229006 0.11619782820343973 3595.5000000000005
decision_type=2 2 2 2 2 2 2 2 2 2 2 2 2 2
left_child=2 -2 10 -4 -5 -6 -7 8 9 -8 -1 12 13 -12
right_child=1 -3 3 4 5 6 7 -9 -10 -11 11 -13 -14 -15
leaf_value=0.00015776300660441599 -0.0056513901341265268 0.0020195446764879879 0.018886563850956575 -0.0065143249518925042 -0.0036261261622786262 -0.002777743177448068 0.21580255368745369 0.0016552429452484196 0.01611653439098357 0.017179914680219645 0.11251631266849188 0.005249713265335838 -0.0047479058728027695 0.011773040627915208
leaf_weight=2748.3038610527292 355.62378577888012 2993.8918195236474 62.204659639857709 593.2458772379905 1978.5853676334955 1223.1457077721134 0.84910515323281177 1728.2400013804436 60.052361069247127 0.62206264398992062 6.972439933568241 240.13208740297705 12.209241561591623 5.2879819422960281
leaf_count=61206 4717 86938 3808 37295 91333 32181 22 54936 924 20 74 4701 129 57
internal_value=-0.000226489 0.00120511 -0.000780213 -0.0016362 -0.00186479 -0.00131219 0.000207386 0.00224746 0.0188832 0.131818 0.000824123 0.00774532 0.0322359 0.0690652
internal_weight=12009.4 3349.52 8659.85 5646.95 5584.74 4991.49 3012.91 1789.76 61.5235 1.47117 3012.91 264.602 24.4697 12.2604
internal_count=378341 91655 286686 220519 216711 179416 88083 55902 966 42 66167 4961 260 131
is_linear=0
shrinkage=0.03


Tree=190
num_leaves=15
num_cat=0
split_feature=2 7 4 10 11 11 10 4 9 12 2 11 0 0
split_gain=9.15769 12.0295 11.3038 10.5442 8.97753 21.4971 20.1781 18.9739 21.1733 19.0503 24.9616 19.7771 19.5335 46.8759
threshold=250.50000000000003 0.027034192346036438 10.500000000000002 39.555328369140632 6952.5000000000009 4003.5000000000005 44.842964172363288 6.5000000000000009 79.500000000000014 363062.50000000006 25.500000000000004 2117.5000000000005 10.500000000000002 150.50000000000003
decision_type=2 2 2 2 2 2 2 2 2 2 2 2 2 2
left_child=4 2 -2 -3 5 6 7 9 -9 11 -11 12 -1 -14
right_child=1 3 -4 -5 -6 -7 -8 8 -10 10 -12 -13 13 -15
leaf_value=0.0021270238159911492 -0.012886660207470249 -0.018254436054492652 0.087948675109392221 0.0020234463085893428 0.0012021968943658667 -0.0027474804169577423 0.065287911375675106 -0.010193822999397631 0.00029415331458563029 -0.025594346447565922 0.073269903098098998 0.0042719857361424992 -0.011341694493118389 0.0030407825122551178
leaf_weight=1311.4554874729365 126.49897553771734 26.296449644491076 1.008530594408511 188.61068478040397 4697.4112341059372 2464.1924290806055 4.3541943356394759 281.79767080023885 449.70252875052392 36.429092712700367 2.4532373771071425 1599.8042991552502 387.937395083718 430.02979856077582
leaf_count=12768 7421 1103 32 7149 183411 81999 159 9742 7252 378 20 35299 11283 19996
internal_value=4.66347e-05 -0.00478903 -0.0120891 -0.000457794 0.000188574 -0.000494735 0.000737779 0.000675315 -0.00374616 0.00153365 -0.0193566 0.00175146 -0.000142172 -0.0037804
internal_weight=12008 342.415 127.508 214.907 11665.6 6968.16 4503.96 4499.61 731.5 3768.11 38.8823 3729.23 2129.42 817.967
internal_count=378012 15705 7453 8252 362307 178896 96897 96738 16994 79744 398 79346 44047 31279
is_linear=0
shrinkage=0.03


Tree=191
num_leaves=15
num_cat=0
split_feature=4 2 0 1 0 3 9 7 9 9 9 7 9 11
split_gain=10.7285 8.91737 7.78308 12.884 56.6873 16.5282 20.7604 19.2277 25.9266 15.2779 25.8494 13.9927 15.8486 13.6925
threshold=25.500000000000004 248.50000000000003 1.0000000180025095e-35 1.5000000000000002 4.5000000000000009 100.0279998779297 10.500000000000002 0.1926996782422066 18.500000000000004 44.500000000000007 52.500000000000007 0.14599545300006869 86.500000000000014 15.500000000000002
decision_type=2 2 2 2 2 2 2 2 2 2 2 2 2 2
left_child=1 2 -1 4 5 7 13 9 -9 -4 -11 -8 -13 -7
right_child=-2 -3 3 -5 -6 6 11 8 -10 10 -12 12 -14 -15
leaf_value=-0.0034224725636908732 -0.011542050880814775 -0.0047066029143398181 -0.0054774209159865802 -3.2600075034401265e-05 0.039692928677753821 0.012007574701573586 0.011056375665340391 0.0012422658265407844 -0.022069644973537503 0.030135358661719375 0.0035881077298164574 -0.020462986747915822 0.023186237413541009 0.041863841008249379
leaf_weight=543.57182158902287 73.730528032407165 360.92991406423971 125.2765485830605 10218.190546780825 37.971867177635431 30.956897750496864 73.044104233384132 102.31906803324819 73.983524363487959 37.967893406748772 252.83293752372265 33.008268125355244 9.6826053336262685 24.980341233313084
leaf_count=8297 1794 16642 1171 345089 231 182 430 936 504 224 2495 159 52 128
internal_value=-0.000133548 -6.30095e-05 8.19267e-05 0.000254781 0.00391616 0.00213813 0.0103345 -0.000237191 -0.00854033 0.00328106 0.0070542 0.00308168 -0.010563 0.0253407
internal_weight=11998.4 11924.7 11563.8 11020.2 802.024 764.052 171.672 592.38 176.303 416.077 290.801 115.735 42.6909 55.9372
internal_count=378334 376540 359898 351601 6512 6281 951 5330 1440 3890 2719 641 211 310
is_linear=0
shrinkage=0.03


Tree=192
num_leaves=15
num_cat=0
split_feature=7 8 12 11 1 8 6 7 9 2 12 7 7 11
split_gain=8.23492 13.4315 30.4489 28.0029 27.7114 24.4779 23.1355 22.6045 17.4431 16.7737 16.2044 123.164 74.5015 37.32
threshold=0.015181225724518301 8344.5000000000018 37105.500000000007 8445.5000000000018 45.500000000000007 8366.5000000000018 1.0000000180025095e-35 0.19877672940492633 1.5000000000000002 70.500000000000014 39108.500000000007 0.023704353719949726 0.021859849803149704 9679.5000000000018
decision_type=2 2 2 2 2 2 2 2 2 2 2 2 2 2
left_child=-1 4 3 5 -2 -3 -7 -5 -8 -4 11 12 13 -11
right_child=1 2 9 7 -6 6 8 -9 -10 10 -12 -13 -14 -15
leaf_value=-0.0017959927864416728 -0.00014124681404492309 -0.030817137848409688 0.011654372509490618 -0.011225838916766472 0.044204256816846692 0.012756764468557795 -0.030930083009907159 0.005317124835557031 0.086607916240692084 0.095989063597627433 0.0026320154171653181 0.0045718516468923956 0.53025097024885792 0.39729938952461424
leaf_weight=1660.8541828184389 8176.5565886497498 6.2967379484325638 243.844552539289 284.90802628779784 12.702111608348785 15.943690047599377 1.3090243153274048 100.5818441817537 8.6142001207917911 3.0783159397542477 1433.1288262587041 36.377025376074016 0.48141610715538252 0.42049727402627457
leaf_count=88168 219791 338 4336 18524 393 1045 48 5610 126 161 37816 1618 27 19
internal_value=0.000164628 0.000480032 0.00259926 -0.00466562 -7.24638e-05 0.0222273 0.0351399 -0.00690946 0.0711029 0.00436608 0.00315995 0.0219076 0.180346 0.132201
internal_weight=11985.1 10324.2 2134.98 417.654 8189.26 32.1637 25.8669 385.49 9.92322 1717.33 1473.49 40.3573 3.98023 3.49881
internal_count=378020 289852 69668 25691 220184 1557 1219 24134 174 43977 39641 1825 207 180
is_linear=0
shrinkage=0.03


Tree=193
num_leaves=15
num_cat=0
split_feature=9 7 9 8 11 1 8 7 1 10 10 3 7 7
split_gain=8.38946 19.5766 28.5973 16.4947 28.8636 57.4026 16.7134 13.1101 11.128 10.6781 17.4904 15.0177 20.2671 11.6684
threshold=10.500000000000002 0.0068349780049175033 54.500000000000007 9723.5000000000018 9724.5000000000018 41.500000000000007 9626.5000000000018 0.0060050261672586211 37.500000000000007 46.140844345092781 47.473730087280281 27817.681640625004 0.0065432852134108552 0.0060050261672586211
decision_type=2 2 2 2 2 2 2 2 2 2 2 2 2 2
left_child=-1 2 3 4 6 -6 9 8 -5 -2 11 12 -11 -12
right_child=1 -3 -4 7 5 -7 -8 -9 -10 10 13 -13 -14 -15
leaf_value=-0.0010101997804259956 0.03519646073594819 0.00040503928024186937 0.0056381290300656058 0.1874369372360401 0.034916698962243357 0.41045468804437224 -0.011983669262757655 -0.023783263422173882 0.0095852619286737935 -0.030606014872546734 0.15779210122462303 0.30646373604481913 0.21726127810503798 0.026609450497824309
leaf_weight=5048.3045371850021 4.9437450524419564 6834.8345539141446 79.158791482448578 0.55031441524624714 0.91273461654782184 0.61191652715206146 3.1947819832712403 4.285976829007268 0.74561640433967113 0.50240125134587266 0.79591795988380942 0.53377074003219593 0.72578692808747292 2.6158224251121283
leaf_count=221663 160 153036 2486 28 36 25 136 175 37 26 38 23 31 115
internal_value=-7.98579e-05 0.000597438 0.0138034 0.045458 0.0619966 0.185638 0.0478359 0.00149799 0.0851096 0.0667251 0.0968524 0.173608 0.115869 0.0572128
internal_weight=11982.7 6934.41 99.5776 20.4188 14.8369 1.52465 13.3122 5.58191 1.29593 10.1174 5.1737 1.76196 1.22819 3.41174
internal_count=378015 156352 3316 830 590 61 529 240 65 393 233 80 57 153
is_linear=0
shrinkage=0.03


Tree=194
num_leaves=15
num_cat=0
split_feature=3 9 9 7 9 7 1 2 4 12 12 7 3 12
split_gain=9.76479 7.30771 23.1617 38.7818 28.3699 19.8627 16.2044 12.9667 11.0584 25.9158 16.0656 19.7849 13.8409 11.0313
threshold=106449.06640625001 156.50000000000003 146.50000000000003 0.10477616265416147 152.50000000000003 0.15387246757745746 38.500000000000007 197.50000000000003 12.500000000000002 245121.00000000003 376918.00000000006 0.031409282237291343 14204.419433593752 775108.50000000012
decision_type=2 2 2 2 2 2 2 2 2 2 2 2 2 2
left_child=1 2 8 4 6 7 -4 -3 -1 -10 11 -11 -13 -12
right_child=-2 5 3 -5 -6 -7 -8 -9 9 10 13 12 -14 -15
leaf_value=0.0001804870160522973 -0.019943974770084485 -0.00039402316764281355 0.12843502316666749 0.0070577215537586929 -0.003129353881935588 -0.01933566931194108 0.040953266659189663 -0.014419103430310089 -0.020830857944406415 0.15276612154763736 -0.010466592388915775 0.05038062517267284 -0.006835680210757299 0.068538712671630017
leaf_weight=10869.082480493933 22.189905056264251 801.56401934288442 5.3676202557980996 53.286738239228725 3.6302041038870803 59.610750431194901 2.9545927345752716 64.070248290896416 68.223026582971215 1.1407318636775041 25.07233566604555 8.0223716553300601 7.2383621986955395 1.6983245313167561
leaf_count=359939 1476 11542 40 652 31 736 19 931 1892 29 487 162 154 28
internal_value=-6.13854e-05 -2.45301e-05 0.000189995 0.0180124 0.066851 -0.00258557 0.0973768 -0.00143209 8.41057e-05 -0.00932004 0.00887001 0.0322507 0.0232422 -0.00545451
internal_weight=11993.2 11971 11045.7 65.2392 11.9524 925.245 8.32221 865.634 10980.5 111.395 43.1721 16.4015 15.2607 26.7707
internal_count=378118 376642 363433 742 90 13209 59 12473 362691 2752 860 345 316 515
is_linear=0
shrinkage=0.03


Tree=195
num_leaves=15
num_cat=0
split_feature=7 12 11 12 7 11 0 1 7 0 0 11 0 8
split_gain=10.0208 17.5958 27.1188 21.1561 29.8443 35.8675 56.7759 35.6689 24.1596 23.4845 20.6244 18.3183 16.7323 33.2666
threshold=0.034527704119682319 13629.500000000002 4060.5000000000005 17094.500000000004 0.080008745193481459 8421.5000000000018 819.50000000000011 36.500000000000007 0.28642150759696966 36.500000000000007 950.50000000000011 5287.5000000000009 47.500000000000007 2182.5000000000005
decision_type=2 2 2 2 2 2 2 2 2 2 2 2 2 2
left_child=-1 2 -2 4 5 -3 7 -7 10 -10 -6 -12 13 -5
right_child=1 3 -4 12 8 6 -8 -9 9 -11 11 -13 -14 -15
leaf_value=-0.0012609315612406001 -2.2294746023649452e-05 0.02017631784636429 -0.0078888147887560371 -0.0034887907575183383 -0.0087092162639217374 0.11254052342406352 -0.0020504535317650134 0.35916490081443603 0.11488784408320796 0.015724986083216153 -0.010791379765601159 0.033353970693321841 0.00079431337984984976 0.02343562595310705
leaf_weight=4308.8823104957119 2495.1753886351362 77.798954015597701 468.45873590465635 79.39199121017009 120.27497828751802 1.2392974961549037 2.0803636088967323 0.91929828003048886 2.2274026311933985 61.409893015399575 13.399885741062461 22.946566167287529 4256.4027475956827 86.081784375011921
leaf_count=177553 51663 3166 28630 1536 3601 30 104 25 28 2043 507 917 107398 759
internal_value=-0.000102795 0.000546321 -0.00126575 0.00168309 0.00936136 0.0248066 0.109788 0.217572 0.0036086 0.0191958 -0.00272469 0.0170789 0.00115818 0.0105177
internal_weight=11996.7 7687.81 2963.63 4724.17 302.297 82.0379 4.23896 2.1586 220.259 63.6373 156.621 36.3465 4421.88 165.474
internal_count=377960 200407 80293 120114 10421 3325 159 55 7096 2071 5025 1424 109693 2295
is_linear=0
shrinkage=0.03


Tree=196
num_leaves=15
num_cat=0
split_feature=7 11 7 1 12 11 1 3 12 1 11 1 7 1
split_gain=8.72832 20.9659 15.7034 16.5409 15.4827 13.3642 18.9248 13.2391 12.078 15.986 12.7907 26.9911 10.9865 17.9371
threshold=1.0000000180025095e-35 9601.5000000000018 0.0051786652766168126 13.500000000000002 18089.000000000004 1818.5000000000002 14.500000000000002 1050.0159912109377 6779.5000000000009 35.500000000000007 1995.5000000000002 25.500000000000004 0.0078086180146783599 42.500000000000007
decision_type=2 2 2 2 2 2 2 2 2 2 2 2 2 2
left_child=1 5 3 4 -2 -1 7 -7 10 -10 11 -8 13 -4
right_child=2 -3 12 -5 -6 6 8 -9 9 -11 -12 -13 -14 -15
leaf_value=-0.00358471044781741 -0.0042560977526824167 0.087710590277021008 0.0096469561636967262 -0.01079338690520136 0.11734434844142061 0.024087972444637642 0.30248070793232257 0.079227297821977183 0.10483593855537929 0.016234947961639438 -0.0044878815225409888 0.025815497725206114 -0.00026415823889188133 -0.010661160371305437
leaf_weight=91.453075594268739 2.0140792764723296 2.788223745301365 214.65466684103012 164.14453098038211 1.7709972411394117 17.424894034862522 0.36020096950232927 5.0561952814459792 1.9953843308612729 22.486675364896655 59.253094086423516 2.668430388905108 11319.027804275509 47.872839118819684
leaf_count=4131 25 147 10630 15537 15 250 19 64 135 1559 3690 210 338581 2469
internal_value=-0.00014882 0.00601132 -0.000255506 -0.00936363 0.0526395 0.0048763 0.0119593 0.0364893 0.00560346 0.0234563 -0.00141422 0.0587198 -0.00012344 0.0059437
internal_weight=11953 203.486 11749.5 167.93 3.78508 200.698 109.245 22.4811 86.7638 24.4821 62.2817 3.02863 11581.6 262.528
internal_count=377462 10205 367257 15577 40 10058 5927 314 5613 1694 3919 229 351680 13099
is_linear=0
shrinkage=0.03


Tree=197
num_leaves=15
num_cat=0
split_feature=3 2 8 12 7 7 7 8 12 0 2 0 8 7
split_gain=9.10267 11.8108 8.81256 18.1077 21.7431 21.5391 18.0781 16.962 15.3931 21.0479 14.0316 18.6311 14.8201 14.7262
threshold=40479.789062500007 354.50000000000006 8297.5000000000018 9789.5000000000018 0.0046307018492370853 0.0012305529089644553 0.19877672940492633 8123.5000000000009 96484.000000000015 784.50000000000011 17.500000000000004 816.50000000000011 8770.5000000000018 0.0078086180146783599
decision_type=2 2 2 2 2 2 2 2 2 2 2 2 2 2
left_child=1 2 7 5 8 -4 -7 -1 -5 -10 11 -6 -12 -14
right_child=-2 -3 3 4 10 6 -8 -9 9 -11 12 -13 13 -15
leaf_value=-0.00038050617579441941 -0.0042010227679587422 0.11355633345671622 0.029569873362876767 -0.016815897499125973 -0.017189209940935882 -0.019759376503121699 0.0040397372713099873 -0.0083328192331449235 0.24173289562570816 0.019671873658852101 0.006353575220645241 0.020350686886899057 0.0089838749200226147 -4.420978997038944e-05
leaf_weight=8311.1247275089845 513.98282823059708 0.82252830173820157 11.983433729037641 73.161829927936196 14.238018248230217 92.940675023943186 41.576247502118349 248.61832702718675 0.44080557301640455 2.9892045129090548 534.99392034951597 72.416477914899588 178.16247515473515 1862.4996742941439
leaf_count=232067 23108 28 774 6848 269 7842 2762 10132 28 188 19643 1475 8630 63634
internal_value=-0.000295376 -0.000119993 -0.000128162 0.00130564 0.00185528 -0.00897024 -0.0124036 -0.000611482 -0.0139038 0.0482099 0.00230866 0.0141826 0.00190917 0.000743998
internal_weight=11960 11446 11445.1 2885.4 2738.9 146.5 134.517 8559.74 76.5918 3.43001 2662.31 86.6545 2575.66 2040.66
internal_count=377428 354320 354292 112093 100715 11378 10604 242199 7064 216 93651 1744 91907 72264
is_linear=0
shrinkage=0.03


Tree=198
num_leaves=15
num_cat=0
split_feature=7 11 7 0 3 12 11 1 3 7 8 8 2 9
split_gain=10.5758 20.7957 19.6922 17.3157 24.2948 14.1094 13.9521 13.9857 12.8117 11.3027 14.2088 22.275 26.0896 15.8939
threshold=1.0000000180025095e-35 1936.5000000000002 0.0051786652766168126 83.500000000000014 724.55349731445324 3867.5000000000005 1995.5000000000002 38.500000000000007 34116.916015625007 0.0078086180146783599 8701.5000000000018 9270.5000000000018 11.500000000000002 1.5000000000000002
decision_type=2 2 2 2 2 2 2 2 2 2 2 2 2 2
left_child=1 8 -2 4 -3 6 7 -5 -1 10 13 12 -12 -4
right_child=2 3 9 5 -6 -7 -8 -9 -10 -11 11 -13 -14 -15
leaf_value=-0.0066631933636778357 -0.010329986174802328 0.019505952475518402 0.039477497585657668 0.18093872857626805 0.096857235135177799 0.019130577574356024 -0.0081969294232553391 -0.030400456080196266 0.038204797705454846 -0.00014388572657007094 0.15686175019393361 0.0017622950593649378 0.020183343056946232 -0.0099793573698179292
leaf_weight=87.985319363884628 168.52306180354208 12.047153037041427 6.4381043110042802 0.70851879380643257 5.2456913813948622 60.763054221868515 34.194250460714102 0.46794324275106192 6.1264770925045005 11345.256683271844 1.2771147172898043 114.26061395462602 79.509728351607919 63.820895534940064
leaf_count=3740 15860 164 535 35 51 3732 1948 36 554 338991 40 5207 3844 3482
internal_value=-3.02454e-05 0.00668305 -0.000148528 0.0153332 0.04297 0.0103618 -0.00470206 0.0968776 -0.00374238 -7.48309e-07 0.00612021 0.0102871 0.022344 -0.00544743
internal_weight=11986.6 207.538 11779.1 113.427 17.2928 96.1338 35.3707 1.17646 94.1118 11610.6 265.306 195.047 80.7868 70.259
internal_count=378219 10260 367959 5966 215 5751 2019 71 4294 352099 13108 9091 3884 4017
is_linear=0
shrinkage=0.03


Tree=199
num_leaves=15
num_cat=0
split_feature=1 3 2 0 2 8 9 9 7 10 11 4 3 2
split_gain=8.83296 36.8755 23.2766 18.7154 15.4824 14.8707 14.6881 14.9619 13.8539 13.8403 15.0825 27.2076 26.2525 45.1174
threshold=11.500000000000002 250.00250244140628 1.5000000000000002 31.500000000000004 2.5000000000000004 840.50000000000011 97.500000000000014 88.500000000000014 0.11619782820343973 16.301134109497074 646.50000000000011 3.5000000000000004 12405.727050781252 20.500000000000004
decision_type=2 2 2 2 2 2 2 2 2 2 2 2 2 2
left_child=1 -1 3 8 5 -2 7 -4 -3 -6 11 12 13 -11
right_child=4 2 6 -5 9 -7 -8 -9 -10 10 -12 -13 -14 -15
leaf_value=-0.00040588717049899026 -0.021221505922301896 0.05478853472404141 0.0083640375044370645 0.12304193279239928 -0.006725546701247467 0.013337301818139668 -0.006508865629461711 0.043690899553403773 -0.005649129407839233 0.0017983249042559093 -0.00054849095260430468 -0.013974306224594382 -0.0053585581986440719 0.06672161519157889
leaf_weight=1956.1670688912272 12.431286931969224 8.5726976133883017 444.22370001673698 2.2947188466787329 325.67830531205982 113.70459034573287 60.5201476495713 11.058569353073834 5.6719643026590338 17.436819077469409 8950.1549141649157 24.80325782764703 18.980331880040467 21.526554428040981
leaf_count=24501 501 83 5527 27 7139 1718 667 96 65 670 333808 997 1068 939
internal_value=-9.15928e-05 0.00149919 0.00849968 0.0435319 -0.000508968 0.00993137 0.00737636 0.00922211 0.0307234 -0.000649684 -0.00043062 0.0123186 0.0235735 0.0376673
internal_weight=11973.2 2488.51 532.342 16.5394 9484.72 126.136 515.802 455.282 14.2447 9358.58 9032.9 82.747 57.9437 38.9634
internal_count=377806 30966 6465 175 346840 2219 6290 5623 148 344621 337482 3674 2677 1609
is_linear=0
shrinkage=0.03


end of trees

feature_importances:
card_device_switch_rate=532
graph_card_shared_deg=410
graph_device_shared_deg=299
dev_unique_cards_24h=247
graph_2hop_neighborhood_size=236
card_unique_devices_24h=202
card_txn_velocity_1h=192
dev_amount_sum_1h=162
dev_unique_emails_24h=161
graph_ring_size=151
dev_txn_velocity_1h=135
graph_burst_score=73

parameters:
[boosting: gbdt]
[objective: binary]
[metric: average_precision]
[tree_learner: serial]
[device_type: cpu]
[data_sample_strategy: bagging]
[data: ]
[valid: ]
[num_iterations: 200]
[learning_rate: 0.03]
[num_leaves: 15]
[num_threads: 10]
[seed: 42]
[deterministic: 0]
[force_col_wise: 0]
[force_row_wise: 0]
[histogram_pool_size: -1]
[max_depth: -1]
[min_data_in_leaf: 20]
[min_sum_hessian_in_leaf: 0.001]
[bagging_fraction: 0.8]
[pos_bagging_fraction: 1]
[neg_bagging_fraction: 1]
[bagging_freq: 1]
[bagging_seed: 400]
[bagging_by_query: 0]
[feature_fraction: 1]
[feature_fraction_bynode: 1]
[feature_fraction_seed: 30056]
[extra_trees: 0]
[extra_seed: 12879]
[early_stopping_round: 0]
[early_stopping_min_delta: 0]
[first_metric_only: 0]
[max_delta_step: 0]
[lambda_l1: 0]
[lambda_l2: 0]
[linear_lambda: 0]
[min_gain_to_split: 0]
[drop_rate: 0.1]
[max_drop: 50]
[skip_drop: 0.5]
[xgboost_dart_mode: 0]
[uniform_drop: 0]
[drop_seed: 17869]
[top_rate: 0.2]
[other_rate: 0.1]
[min_data_per_group: 100]
[max_cat_threshold: 32]
[cat_l2: 10]
[cat_smooth: 10]
[max_cat_to_onehot: 4]
[top_k: 20]
[monotone_constraints: ]
[monotone_constraints_method: basic]
[monotone_penalty: 0]
[feature_contri: ]
[forcedsplits_filename: ]
[refit_decay_rate: 0.9]
[cegb_tradeoff: 1]
[cegb_penalty_split: 0]
[cegb_penalty_feature_lazy: ]
[cegb_penalty_feature_coupled: ]
[path_smooth: 0]
[interaction_constraints: ]
[verbosity: -1]
[saved_feature_importance_type: 0]
[use_quantized_grad: 0]
[num_grad_quant_bins: 4]
[quant_train_renew_leaf: 0]
[stochastic_rounding: 1]
[linear_tree: 0]
[max_bin: 255]
[max_bin_by_feature: ]
[min_data_in_bin: 3]
[bin_construct_sample_cnt: 200000]
[data_random_seed: 175]
[is_enable_sparse: 1]
[enable_bundle: 1]
[use_missing: 1]
[zero_as_missing: 0]
[feature_pre_filter: 1]
[pre_partition: 0]
[two_round: 0]
[header: 0]
[label_column: ]
[weight_column: ]
[group_column: ]
[ignore_column: ]
[categorical_feature: ]
[forcedbins_filename: ]
[precise_float_parser: 0]
[parser_config_file: ]
[objective_seed: 16083]
[num_class: 1]
[is_unbalance: 0]
[scale_pos_weight: 1]
[sigmoid: 1]
[boost_from_average: 1]
[reg_sqrt: 0]
[alpha: 0.9]
[fair_c: 1]
[poisson_max_delta_step: 0.7]
[tweedie_variance_power: 1.5]
[lambdarank_truncation_level: 30]
[lambdarank_norm: 1]
[label_gain: ]
[lambdarank_position_bias_regularization: 0]
[eval_at: ]
[multi_error_top_k: 1]
[auc_mu_weights: ]
[num_machines: 1]
[local_listen_port: 12400]
[time_out: 120]
[machine_list_filename: ]
[machines: ]
[gpu_platform_id: -1]
[gpu_device_id: -1]
[gpu_use_dp: 0]
[num_gpu: 1]

end of parameters

pandas_categorical:[]
