tree
version=v4
num_class=1
num_tree_per_iteration=1
label_index=0
max_feature_idx=22
objective=binary sigmoid:1
feature_names=TransactionAmt TransactionAmt_log hour_sin hour_cos is_night card1_amt_mean card1_amt_std card1_amt_zscore card1_txn_count card1_unique_devices dev_unique_cards_24h dev_unique_emails_24h dev_txn_velocity_1h dev_amount_sum_1h card_unique_devices_24h card_unique_emails_24h card_txn_velocity_1h card_device_switch_rate graph_device_shared_deg graph_card_shared_deg graph_burst_score graph_ring_size graph_2hop_neighborhood_size
feature_infos=[0.29199999999999998:31937.391] [0.25619140536041007:10.37156404479566] [-1:1] [-1:1] [0:1] [0.61499999999999999:3263.4899999999998] [-999:2506.6581839672517] [-5:10] [1:500] [1:50] [0:1533] [0:49] [0:744] [0:135360.640625] [0:44] [0:49] [0:68] [0:1] [0:9842] [0:544] [0.4804530143737793:60.537204742431641] [4:10388] [1:5354048]
tree_sizes=3358 3421 3467 3466 3454 3450 3470 3488 3468 3505 3487 3487 3481 3459 3474 3486 3475 3517 3493 3464 3498 3517 3501 3511 3518 3503 3515 3480 3476 3503 3494 3507 3535 3506 3515 3525 3477 3499 3514 3480 3481 3518 3520 3491 3515 3460 3467 3500 3489 3485 3474 3483 3498 3502 3490 3512 3492 3516 3528 3528 3524 3502 3546 3529 3477 3477 3503 3511 3479 3495 3498 3507 3514 3480 3510 3467 3509 3526 3513 3453 3478 3495 3545 3515 3541 3483 3459 3472 3510 3534 3474 3507 3541 3451 3506 3478 3467 3535 3464 3485 3482 3490 3508 3490 3499 3514 3462 3488 3492 3527 3518 3482 3451 3519 3519 3530 3496 3498 3506 3486 3475 3491 3492 3485 3461 3511 3485 3481 3486 3516 3473 3460 3475 3468 3477 3457 3463 3469 3471 3488 3541 3457 3466 3465 3477 3466 3483 3504 3473 3482 3480 3421 3527 3459 3517 3479 3497 3465 3520 3421 3511 3478 3497 3485 3500 3475 3512 3430 3469 3486 3473 3491 3433 3503 3472 3515 3475 3474 3470 3493 3444 3496 3447 3463 3473 3478 3453 3421 3480 3464 3511 3466 3484 3470 3465 3532 3452 3470 3499 3457 3475 3450 3446 3449 3481 3436 3458 3470 3499 3432 3494 3508 3460 3451 3450 3434 3468 3486 3471 3434 3461 3462 3473 3465 3460 3492 3455 3486 3463 3432 3455 3465 3449 3470 3450 3458 3488 3444 3457 3489 3495 3482 3442 3479 3447 3473 3464 3473 3450 3416

Tree=0
num_leaves=31
num_cat=0
split_feature=5 11 5 9 21 12 7 5 10 11 5 18 19 19 18 18 11 18 13 5 21 19 10 5 14 5 5 14 10 21
split_gain=8567.96 2895.3 2705.12 4137.66 1679.06 2942.78 1075.74 774.797 575.865 962.306 396.19 395.748 2249.69 1456.46 409.347 386.399 709.427 610.763 530.21 423.492 371.506 312.152 307.611 272.13 634.767 269.455 267.018 343.121 260.285 294.572
threshold=57.129780701754392 16.500000000000004 41.268379638916763 7.5000000000000009 231.50000000000003 1.0000000180025095e-35 -0.11802534326926349 183.47462987012989 2.5000000000000004 1.5000000000000002 39.785202697926486 14.500000000000002 44.500000000000007 47.500000000000007 2182.5000000000005 2095.5000000000005 3.5000000000000004 2685.5000000000005 250.00250244140628 182.67751380126185 3428.5000000000005 10.500000000000002 2.5000000000000004 44.677524918831175 7.5000000000000009 40.438652647975083 44.677524918831175 6.5000000000000009 77.500000000000014 2566.5000000000005
decision_type=2 2 2 2 2 2 2 2 2 2 2 2 2 2 2 2 2 2 2 2 2 2 2 2 2 2 2 2 2 2
left_child=2 6 10 -4 5 22 11 -3 26 -10 -1 12 -2 -14 -13 16 18 19 -8 -17 -9 -11 -5 24 -6 -12 27 -7 29 -21
right_child=1 7 3 4 23 8 15 20 9 21 25 14 13 -15 -16 17 -18 -19 -20 28 -22 -23 -24 -25 -26 -27 -28 -29 -30 -31
leaf_value=-3.2976642089303017 -3.290165538617031 -3.3287126460966059 -3.316200789688982 -3.2034310039759228 -3.1661114433098154 -2.957416808651153 -3.2059732919750776 -3.3294698453153524 -2.5634341796782216 -3.1605681890625528 -3.2157935617271969 -3.322648254166908 -2.5651322131879737 -3.1925660850852071 -3.2763076671219062 -3.1723380344944463 -3.3008930351089032 -3.2362592029449146 -2.9406142131858539 -2.8468179064650623 -3.303781087412506 -2.8476503205180319 -3.0106367449157192 -3.2110429092479826 -2.7388687642317544 -3.2759476098220932 -3.0323373873398953 -2.5024612866262559 -3.2198199583942793 -3.1271573138618258
leaf_weight=782.25935194641352 92.718497402966022 10309.381591491401 262.32385115325451 92.277787908911705 54.003863386809826 5.35631538927555 43.291232608258724 685.09985887259245 9.1870979145169276 4.7461022436618787 95.328853636980057 351.88958063721657 6.7801460623741132 6.542840950191021 334.76971182972193 29.730940483510494 103.29552526026964 80.005723536014557 8.0344730839133245 10.441424936056139 1945.3595082163811 7.254756286740303 8.1022745445370656 418.94522519409657 3.3222715705633155 225.67716168612242 28.985124416649342 2.0679445490241051 3.6273781433701506 4.9834073558449736
leaf_count=23075 2735 304105 7738 2722 1593 158 1277 20209 271 140 2812 10380 200 193 9875 877 3047 2360 237 308 57384 214 239 12358 98 6657 855 61 107 147
internal_value=-3.31278 -3.32107 -3.25469 -3.21599 -3.17454 -3.08979 -3.27379 -3.325 -2.91886 -2.79451 -3.28615 -3.29173 -3.23779 -2.87326 -3.30006 -3.22363 -3.2556 -3.18524 -3.16443 -3.10158 -3.31047 -2.9714 -3.18787 -3.20265 -3.14135 -3.25808 -2.99122 -2.83069 -2.99116 -2.93739
internal_weight=16015.8 14016 1999.84 896.573 634.249 157.977 1076.11 12939.8 57.5973 21.188 1103.27 792.701 106.041 13.323 686.659 283.41 154.621 128.789 51.3257 48.7832 2630.46 12.0009 100.38 476.271 57.3261 321.006 36.4094 7.42426 19.0522 15.4248
internal_count=472432 413441 58991 26447 18709 4660 31743 381698 1699 625 32544 23383 3128 393 20255 8360 4561 3799 1514 1439 77593 354 2961 14049 1691 9469 1074 219 562 455
is_linear=0
shrinkage=1


Tree=1
num_leaves=31
num_cat=0
split_feature=5 6 11 0 21 12 0 0 9 0 10 12 5 5 9 21 0 11 21 21 13 9 6 5 6 22 17 7 0 7
split_gain=7643.33 4259.18 2658.95 1574.43 1037.85 1657.42 803.98 563.265 561.411 429.78 417.734 450.652 402.839 392.864 345.378 296.284 295.588 277.22 375.506 440.966 361.399 256.082 239.873 244.57 540.644 537.73 487.852 832.288 705.321 364.924
threshold=57.129780701754392 36.744629843552012 16.500000000000004 266.78000000000003 231.50000000000003 1.0000000180025095e-35 139.96000000000001 129.96000000000001 3.5000000000000004 19.807500000000005 10.500000000000002 1.0000000180025095e-35 243.64987753222837 41.268379638916763 5.5000000000000009 7176.5000000000009 495.07500000000005 1.5000000000000002 2193.5000000000005 2491.5000000000005 100.0279998779297 11.500000000000002 458.29373749271912 285.65054687500003 73.708244266358932 9672.5000000000018 0.068185124546289458 0.25382360678020283 994.47500000000014 1.4970501192344539
decision_type=2 2 2 2 2 2 2 2 2 2 2 2 2 2 2 2 2 2 2 2 2 2 2 2 2 2 2 2 2 2
left_child=1 8 3 7 5 -3 -4 9 -1 10 11 -2 -8 -10 -6 -14 -5 20 -19 -20 -9 -15 23 24 25 -17 27 -25 29 -29
right_child=2 4 6 16 14 -7 12 17 13 -11 -12 -13 15 21 -16 22 -18 18 19 -21 -22 -23 -24 26 -26 -27 -28 28 -30 -31
leaf_value=-0.015038763058772513 0.075046468310744047 0.094867675042129937 -0.016529108492924337 0.20679710448045041 0.013099184197169614 0.26558382288374949 -0.0041143008739002191 0.094647666145295295 0.024210428895527082 0.00845215995723958 0.035805021699502664 0.38427726408009144 0.00095967358038320078 0.040157146976897838 0.093238124610399958 0.064881109497621325 0.074160352232679153 0.013198402762763808 0.2009901400740845 0.060770993205297788 0.34651261769483016 0.13991725557203846 7.8206717274090129e-05 0.055378018929045869 0.027548860877322365 0.76367152513390268 0.02657786281783114 0.36056160836402856 -0.02312447689219517 0.7489534909570229
leaf_weight=326.85290445759892 9.0259886197745818 127.99686585739255 9380.1490704193711 53.557001356035471 52.952051993459463 85.287571810185909 2849.1388173475862 22.171184886246923 868.11870549619198 739.02603410556912 31.379742354154587 8.0015789568424207 270.50982048362494 47.11084133759141 563.093989379704 2.1878776550292964 21.071135055273771 106.96407850459218 25.565209850668907 95.917520992457867 6.6698511801660052 45.548790387809277 79.857534408569336 21.160879194736481 136.0586416721344 1.8118361830711363 36.407651603221893 10.187305331230165 3.7604147195816031 2.769032657146453
leaf_count=9574 241 3396 280175 1407 1563 1818 84926 607 25106 21295 907 160 7991 1323 15065 64 579 3104 635 2638 170 1146 2336 619 3980 53 1065 298 110 81
internal_value=-3.26464e-05 0.0530743 -0.00811304 0.0362255 0.106097 0.163133 -0.0119922 0.0267161 0.0189239 0.0141245 0.100723 0.22036 0.000473673 0.0304778 0.0863498 0.0236214 0.169347 0.0652528 0.0541882 0.0902792 0.152895 0.0891963 0.0444582 0.0609928 0.0376547 0.381427 0.104995 0.180368 0.338587 0.443569
internal_weight=16030.3 2116.96 13913.3 1119.35 829.33 213.284 12794 1044.72 1287.63 787.433 48.4073 17.0276 3413.85 960.778 616.046 564.711 74.6281 257.288 228.447 121.483 28.841 92.6596 294.201 214.344 140.058 3.99971 74.2853 37.8776 16.7168 12.9563
internal_count=472432 58991 413441 31743 21842 5214 381698 29757 37149 22603 1308 401 101523 27575 16628 16597 1986 7154 6377 3273 777 2469 8606 6270 4097 117 2173 1108 489 379
is_linear=0
shrinkage=0.03


Tree=2
num_leaves=31
num_cat=0
split_feature=5 6 10 0 21 5 12 8 14 0 8 0 18 17 0 10 10 18 10 18 18 21 21 0 18 18 12 21 5 6
split_gain=6877.4 3408.28 2397.59 1275.54 758.667 740.212 706.952 490.33 456.439 433.965 397.061 375.375 360.481 355.295 351.677 310.283 292.462 423.526 361.722 239.911 351.126 301.204 221.519 215.439 211.708 211.204 364.734 236.993 201.423 194.784
threshold=57.129780701754392 38.091680187016983 134.50000000000003 129.96000000000001 231.50000000000003 183.47462987012989 1.0000000180025095e-35 28.500000000000004 3.5000000000000004 266.78000000000003 52.500000000000007 19.807500000000005 23.500000000000004 0.090923395007848754 279.97500000000008 1.0000000180025095e-35 57.500000000000007 2182.5000000000005 4.5000000000000009 18.500000000000004 2095.5000000000005 2635.5000000000005 8398.5000000000018 115.07150000000001 2256.5000000000005 14.500000000000002 1.0000000180025095e-35 52.500000000000007 217.6693503937008 32.368564995121005
decision_type=2 2 2 2 2 2 2 2 2 2 2 2 2 2 2 2 2 2 2 2 2 2 2 2 2 2 2 2 2 2
left_child=1 7 3 11 6 23 -3 -1 13 19 -6 12 15 -9 -7 -2 17 18 -11 28 -21 -22 -16 -4 25 26 -13 -28 -5 -15
right_child=2 4 5 9 10 14 -8 8 -10 16 -12 24 -14 29 22 -17 -18 -19 -20 20 21 -23 -24 -25 -26 -27 27 -29 -30 -31
leaf_value=-0.011149641123175917 -0.00069414402810190801 0.097963189477491483 -0.01854069955248721 0.084019531044891169 -0.0042622586319639565 -0.0046576945106489116 0.20942504298869494 -0.021735205922466781 0.017213623586351586 0.23007229997029921 0.088893670500156882 0.0023370370624488926 0.03721241926053101 0.038744685657523613 0.0076807218660190583 0.2819298986997909 0.064199105495661574 0.28345788941570105 0.043861626397855451 0.012237563990969891 0.14184668209775528 0.051007222802487193 0.042139504402615664 -0.0088234524512365384 0.024264671140935893 -0.015952054899478547 0.095468161557662551 0.36040722915847612 0.25515216247478817 0.085850783830064087
leaf_weight=320.39394707605243 4.9155008792877224 112.51332918927073 7044.0878219604492 18.441188305616382 44.650133106857538 1814.1177925169468 93.998582884669304 44.851143542677164 742.30924324691296 15.130408789962528 529.74955341592431 85.014051802456379 43.000687226653099 126.56919265538454 470.25016149133444 12.107170317322014 37.384052623063326 20.084537617862225 24.741222750395536 127.27768531814218 48.102436434477568 103.61541706323624 261.14090126007795 2898.3279147818685 340.58613895252347 412.19558773189783 19.653626266866926 3.5944345891475669 9.3174146227538568 210.21795300021768
leaf_count=9447 132 2731 214154 425 1272 53965 1563 1318 20729 312 13051 2364 1207 3514 13740 175 958 406 619 3654 1077 2767 7430 87369 9667 12189 537 71 223 5366
internal_value=-5.59059e-05 0.0488892 -0.00794084 0.0304276 0.0993824 -0.0120123 0.148698 0.0215891 0.0309216 0.0748639 0.0816523 0.0109323 0.0834695 0.0575844 0.00242254 0.200319 0.130053 0.171115 0.114524 0.057351 0.0489824 0.079808 0.0199841 -0.015708 0.00587575 -0.00615791 0.0311322 0.136431 0.141462 0.0681477
internal_weight=16038.3 2225.25 13813.1 1325.16 780.912 12487.9 206.512 1444.34 1123.95 404.094 574.4 921.067 60.0234 381.638 2545.51 17.0227 97.3402 59.9562 39.8716 306.754 278.996 151.718 731.391 9942.42 861.044 520.458 108.262 23.2481 27.7586 336.787
internal_count=472432 58991 413441 36783 18617 376658 4294 40374 30927 10441 14323 26342 1514 10198 75135 307 2295 1337 931 8146 7498 3844 21170 301523 24828 15161 2972 608 648 8880
is_linear=0
shrinkage=0.03


Tree=3
num_leaves=31
num_cat=0
split_feature=10 9 17 7 6 6 0 0 18 12 6 19 0 18 8 22 12 18 16 19 16 0 6 18 0 13 18 6 9 6
split_gain=5873.67 1638.22 1436.89 861.644 597.535 1182.37 478.155 416.469 385.041 401.688 375.399 390.433 361.732 405.05 351.392 311.455 307.454 365.779 453.92 257.644 278.542 200.477 185.061 173.415 162.861 162.849 162.58 161.443 768.031 160.938
threshold=134.50000000000003 41.500000000000007 0.097576983273029341 0.13044382973715471 56.185516830688655 38.091680187016983 224.09500000000003 129.96000000000001 6390.5000000000009 18.500000000000004 36.744629843552012 9.5000000000000018 24.995000000000001 23.500000000000004 38.500000000000007 164.50000000000003 1.0000000180025095e-35 23.500000000000004 1.0000000180025095e-35 93.500000000000014 3.5000000000000004 111.94300000000003 38.091680187016983 2256.5000000000005 25.665000000000003 6674.4331054687509 6474.5000000000009 52.976352597897836 6.5000000000000009 249.93997822984309
decision_type=2 2 2 2 2 2 2 2 2 2 2 2 2 2 2 2 2 2 2 2 2 2 2 2 2 2 2 2 2 2
left_child=3 6 21 4 5 16 27 12 22 -10 -5 -12 13 15 -7 -6 -1 18 -18 20 -16 -3 -4 -14 -11 -26 -27 28 -2 -8
right_child=1 2 8 10 7 14 29 -9 9 24 11 -13 23 -15 19 -17 17 -19 -20 -21 -22 -23 -24 -25 25 26 -28 -29 -30 -31
leaf_value=0.0002408049900755032 -0.014333219727722481 -0.0084620270225235251 0.012571902250411462 0.041619041148666568 0.041333548163335607 0.0025307134965696049 -0.0045245129045885313 0.055506096896240684 0.32125059123383187 0.04455553797545183 0.059231505778737578 0.12309922726867534 -0.010546421596886013 0.024435823881947972 0.11452111793654861 0.24577142831425547 0.26689275123297129 0.026400960263220828 0.068679791847893037 0.066750476001263492 0.25208673916176472 0.012427243164144564 0.055217107887498916 0.018923283255682023 0.18833534920027103 0.29218310842889222 0.077705670877964844 -0.016614930045425278 0.061788365144812882 0.015197566666967335
leaf_weight=262.39722564071417 873.47918133065104 1003.6297819577157 205.5458772033453 186.21806865185499 11.549029845744373 33.798980392515659 1093.7862143591046 210.29656874388456 5.9554213769733897 115.01703540235758 156.48460206761956 191.64276354759932 449.40342517197132 70.67166406288743 191.10565624013543 15.996172465384005 12.764195587486027 224.94238360971212 56.096170362085104 107.61267412826419 14.233478311449288 703.19527057558298 165.18260596320033 299.46533531323075 14.062183592468498 3.2451485469937316 160.60317650809884 8500.1407693848014 138.15862475335598 564.61566457524896
leaf_count=7139 26540 30478 5530 5097 285 931 32840 5255 145 2827 3746 4027 13235 1961 3889 186 294 6102 1453 2271 231 20834 3886 8322 336 78 3862 261066 3353 16233
internal_value=-7.26735e-05 -0.00786287 0.0147554 0.0422297 0.0330247 0.0509481 -0.0126749 0.0177189 0.0519991 0.0773353 0.0759997 0.0943904 0.00833795 0.0624708 0.0944264 0.160056 0.0238426 0.0449214 0.105421 0.104351 0.124057 0.000144149 0.031573 0.00123823 0.0723763 0.0903621 0.0819536 -0.0152666 -0.00393735 0.00219002
internal_weight=16041.3 13546.6 2376.44 2494.68 1960.33 902.951 11170.2 1057.38 669.611 298.883 534.345 348.127 847.086 98.2169 346.751 27.5452 556.2 293.803 68.8604 312.952 205.339 1706.83 370.728 748.869 292.928 177.911 163.848 9511.78 1011.64 1658.4
internal_count=472432 408008 67976 64424 51554 22310 340032 29244 16664 7248 12870 7773 23989 2432 7322 471 14988 7849 1747 6391 4120 51312 9416 21557 7103 4276 3940 290959 29893 49073
is_linear=0
shrinkage=0.03


Tree=4
num_leaves=31
num_cat=0
split_feature=5 6 11 0 0 19 21 13 14 5 0 0 18 18 10 6 5 14 6 19 6 17 18 6 18 18 18 19 5 19
split_gain=5653.25 2321.3 2127.06 855.576 717.896 435.158 406.287 562.254 404.69 341.94 301.978 274.65 303.208 251.426 234.1 196.815 229.596 416.768 305.996 219.893 213.034 466 171.257 169.527 167.248 271.168 216.37 165.769 164.635 162.717
threshold=57.129780701754392 36.744629843552012 17.500000000000004 129.96000000000001 139.96000000000001 2.5000000000000004 231.50000000000003 1.0000000180025095e-35 3.5000000000000004 243.64987753222837 266.78000000000003 24.995000000000001 23.500000000000004 6595.5000000000009 1.0000000180025095e-35 458.29373749271912 285.65054687500003 1.0000000180025095e-35 72.498747441651545 1.5000000000000002 384.5429111756327 0.044357392936944968 2256.5000000000005 32.368564995121005 18.500000000000004 2095.5000000000005 3955.5000000000005 61.500000000000007 232.58722602739729 16.500000000000004
decision_type=2 2 2 2 2 2 2 2 2 2 2 2 2 2 2 2 2 2 2 2 2 2 2 2 2 2 2 2 2 2
left_child=1 5 3 11 29 -1 7 -3 23 -6 24 12 14 -11 -2 16 18 -18 19 -15 21 -19 -13 -7 -5 -26 -27 -20 -12 -4
right_child=2 6 4 10 9 8 -8 -9 -10 13 28 22 -14 15 -16 -17 17 20 27 -21 -22 -23 -24 -25 25 26 -28 -29 -30 -31
leaf_value=-0.013915751980139538 0.00044131510643399081 0.066982535801797929 -0.018273076276763181 0.11187480389681755 -0.0040627356899207547 0.030529768134724848 0.063612229660308661 0.14897495852807432 0.01282711500589993 -0.0032254860025824911 0.1336709916909512 -0.0063193899054139998 0.022874280976588807 0.050139915699626537 0.18438505762343474 -0.0004504716751630492 0.020721707227572411 0.41283474285326777 0.015435193341883377 0.40962805327316287 0.097467957930806565 0.11075236212468338 0.02232298354353433 0.073530836376001857 0.0077483661575548238 0.086832868274311831 0.0090603132199099049 0.18395472720703893 0.058896261717794191 -0.0089130226762527236
leaf_weight=328.46791523694992 8.5119414925575274 163.68917444348335 6692.5365932546556 33.409455992281437 2800.5487267747521 157.34624768421054 761.12868755310774 139.34948428720236 701.26438283920288 230.28227689117193 69.920322053134441 453.7734185680747 68.783646661788225 2.9452783539891234 23.196214601397514 92.884688135236502 44.468320336192846 7.352827042341235 154.52564278617501 3.190043181180954 30.739702429622412 12.257966760545967 320.62719128280878 173.4945468492806 125.48019558191299 121.56669034063816 43.792558155953884 5.4383638240396968 42.674596831202507 2228.0324387513101
leaf_count=9786 220 3396 209313 648 84422 4164 16628 1818 19089 6730 1298 13327 1857 76 265 2649 1201 142 4318 47 773 337 8698 4110 3363 2594 1060 149 859 69095
internal_value=-8.54639e-05 0.0421184 -0.00760062 0.0287149 -0.0114719 0.0161588 0.0753086 0.104686 0.0257301 0.000291951 0.0630028 0.0115945 0.0582552 0.0211716 0.135006 0.0370512 0.0504014 0.0876482 0.0291389 0.237055 0.146756 0.224014 0.00553949 0.0530797 0.0483046 0.0410021 0.0662361 0.0211644 0.105331 -0.0159353
internal_weight=16041.7 2424.74 13616.9 1311.74 12305.2 1360.57 1064.17 303.039 1032.11 3384.63 436.844 874.892 100.492 584.085 31.7082 353.803 260.918 94.8188 166.099 6.13532 50.3505 19.6108 774.401 330.841 324.249 290.839 165.359 159.964 112.595 8920.57
internal_count=472432 58991 413441 34189 379252 37149 21842 5214 27363 100844 9822 24367 2342 16422 485 9692 7043 2453 4590 123 1252 479 22025 8274 7665 7017 3654 4467 2157 278408
is_linear=0
shrinkage=0.03


Tree=5
num_leaves=31
num_cat=0
split_feature=5 11 9 5 0 0 14 5 21 10 2 0 21 22 2 0 0 8 7 11 5 19 22 21 11 21 11 2 11 21
split_gain=5150.62 1981.57 1250.42 1408.07 730.71 692.254 315.539 314.815 292.437 310.986 247.511 233.611 221.619 220.818 198.056 182.232 522.666 172.16 167.806 158.801 149.552 146.117 463.45 143.441 143.387 162.863 237.646 142.837 147.746 200.234
threshold=57.129780701754392 17.500000000000004 4.5000000000000009 41.268379638916763 129.96000000000001 139.96000000000001 7.5000000000000009 243.64987753222837 121.50000000000001 1.5000000000000002 0.25881904510252091 266.78000000000003 6672.5000000000009 93546.000000000015 0.91597561503675362 994.47500000000014 944.08500000000015 235.00000000000003 1.57879868766391 1.5000000000000002 183.47462987012989 44.500000000000007 343.50000000000006 2341.5000000000005 11.500000000000002 2193.5000000000005 3.5000000000000004 0.78656609248549325 1.5000000000000002 1696.5000000000002
decision_type=2 2 2 2 2 2 2 2 2 2 2 2 2 2 2 2 2 2 2 2 2 2 2 2 2 2 2 2 2 2
left_child=2 4 17 6 10 13 -4 -7 9 -5 21 27 -9 -3 -10 16 -14 -1 -18 -11 -15 23 -23 -2 25 26 -13 28 -6 -30
right_child=1 5 3 8 11 7 -8 12 14 19 -12 24 15 20 -16 -17 18 -19 -20 -21 -22 22 -24 -25 -26 -27 -28 -29 29 -31
leaf_value=-0.012752298672664916 -0.013679921826990495 -0.018742670030722549 0.040616028165402544 0.075622281781874467 0.094534250134141559 -0.0039560240810868176 0.008092464258856312 -0.002774426219182986 0.060291973555970602 0.18221948344535305 0.046700511984299024 0.15506025131934928 0.035701832706834441 -0.011848523946351292 0.11703181020213521 -0.016542164316569376 0.046453955740724188 0.11843688337075114 0.30338317834817918 0.1026022467215592 0.0064399125284507796 0.16969775970857051 0.0090691445457963902 0.016055992156843498 0.052659111418602168 0.17743669517959709 0.021363611787300483 0.12034153893608766 -0.0062154911487558358 0.048986549434594101
leaf_weight=386.07973431423306 371.64929899945855 6227.1999224945903 534.25818283483386 150.06167950481176 38.904606927186251 2789.9717145040631 539.65819652751088 232.99326315149665 748.1395435333252 49.476197019219398 146.74176761880517 23.031105410307646 297.8598565608263 2061.5723348855972 59.792605713009834 53.271045666188002 3.0755634680390349 9.2177568897604925 8.9323555938899499 41.423543259501457 500.02940142154694 19.080449521541595 105.8318062722683 240.46525445953012 48.310505587607622 27.263997636735439 24.904242813587189 21.118203990161419 85.146282162517309 193.61074770987034
leaf_count=11483 10886 197987 13028 2635 717 84422 14521 6826 14827 575 3947 331 7905 65221 1115 1461 72 236 158 571 15200 218 2940 6376 944 371 511 451 2269 4228
internal_value=-9.72029e-05 -0.0074338 0.0392966 0.0484192 0.0271062 -0.0112525 0.0242725 0.00027232 0.073142 0.102148 0.0111199 0.0576677 0.0200615 -0.0156928 0.0644911 0.0347132 0.0435248 -0.00969316 0.237576 0.145937 -0.00827859 0.00403579 0.0336053 -0.00199836 0.0929875 0.118896 0.0855997 0.0447911 0.0397685 0.0321251
internal_weight=16039.1 13521 2518.11 2122.81 1346.06 12174.9 1073.92 3386.1 1048.89 240.961 883.769 462.29 596.132 8788.8 807.932 363.139 309.868 395.297 12.0079 90.8997 2561.6 737.027 124.912 612.115 123.51 75.1993 47.9353 338.78 317.662 278.757
internal_count=472432 413441 58991 47272 34189 379252 27549 100844 19723 3781 24367 9822 16422 278408 15942 9596 8135 11719 230 1146 80421 20420 3158 17262 2157 1213 842 7665 7214 6497
is_linear=0
shrinkage=0.03


Tree=6
num_leaves=31
num_cat=0
split_feature=5 11 6 0 0 19 8 14 5 21 0 7 12 7 2 18 0 19 0 0 0 8 12 6 19 6 18 12 18 16
split_gain=4707.4 1781.6 1682.16 693.385 637.091 410.888 393.858 307.616 287.652 265.836 241.278 231.662 222.057 212.009 211.746 197.25 187.978 165.822 161.249 368.737 131.079 131.535 126.75 116.023 173.584 460.336 115.484 114.638 197.396 319.037
threshold=61.796000000000006 16.500000000000004 36.744629843552012 139.96000000000001 129.96000000000001 2.5000000000000004 42.500000000000007 3.5000000000000004 243.64987753222837 121.50000000000001 24.995000000000001 -0.59001127166077627 1.0000000180025095e-35 -0.52957771348526894 0.91597561503675362 6595.5000000000009 266.78000000000003 16.500000000000004 994.47500000000014 944.08500000000015 19.807500000000005 27.500000000000004 27.500000000000004 204.38570124685731 17.500000000000004 215.10500715626162 2256.5000000000005 1.0000000180025095e-35 57.500000000000007 1.0000000180025095e-35
decision_type=2 2 2 2 2 2 2 2 2 2 2 2 2 2 2 2 2 2 2 2 2 2 2 2 2 2 2 2 2 2
left_child=2 4 5 17 10 -1 -4 20 22 12 11 -2 -8 23 -11 -10 -6 -3 19 -17 -7 -22 -5 -13 25 -25 -12 -9 29 -29
right_child=1 3 6 8 16 7 9 27 15 14 26 13 -14 -15 -16 18 -18 -19 -20 -21 21 -23 -24 24 -26 -27 -28 28 -30 -31
leaf_value=-0.014144406813414319 0.0024495839999640742 -0.017949389636789714 0.0031031454844980075 0.019966973468232771 0.042771263594073676 0.015533909117233565 0.066009619547366616 -0.0072580420250484053 -0.0024834485529502161 0.054403216030230912 -0.006003275965949983 0.028562621316800089 0.12242436111335842 0.015060484709024843 0.10894423040089528 0.033437275940000323 0.085764229847984694 -0.0084214375034809292 -0.01594115897844222 0.1870802736597971 0.0047923418376518674 0.064810805563862456 -0.0053544380910312524 0.66786769781575661 0.13502866351273132 0.027866513956069431 0.018400581216505604 0.27740470164761744 0.011999502608067866 0.046828813353637026
leaf_weight=356.4556643217802 43.387136418372393 6436.7565472889692 96.995553778484464 190.95870799198747 331.76010694354773 97.037215512245893 129.60142943635583 206.67691645771265 235.85113853961229 847.98458046652377 412.13621966540813 7.0057790391147128 121.81759666651487 19.389371942728758 69.299079243093729 310.38731501996517 126.3999256901443 2207.8087916895747 53.207388449460268 14.725275680422781 38.349338877946138 229.73601855896413 2604.9844165667892 2.0167084448039558 24.930444933474064 2.0292372889816761 302.70084263384342 5.9246201030910006 446.90165597945452 61.080635756254196
leaf_count=10887 1071 208161 2664 5671 7121 2260 2334 5556 6905 16250 12129 174 1275 488 1192 7979 1984 69571 1482 231 1051 5069 79153 51 262 53 7875 134 11824 1575
internal_value=-0.000106847 -0.00743413 0.0359536 -0.010997 0.026337 0.0138022 0.0611933 0.0229776 0.000458648 0.0660144 0.010403 0.0543564 0.0933437 0.0950287 0.0585237 0.0190491 0.0546324 -0.015516 0.0324728 0.0403962 0.0454109 0.0562252 -0.00362502 0.13812 0.164609 0.346876 0.00433064 0.0116106 0.0191989 0.0672164
internal_weight=16034.3 13326.4 2707.86 12054.7 1271.76 1442.16 1265.7 1085.71 3410.11 1168.7 813.596 98.7587 251.419 55.3715 917.284 614.171 458.16 8644.57 378.32 325.113 365.123 268.085 2795.94 35.9822 28.9764 4.04595 714.837 720.584 513.907 67.0053
internal_count=472432 410361 62071 379153 31208 38356 23715 27469 101421 21051 22103 2099 3609 1028 17442 16597 9105 277732 9692 8210 8380 6120 84824 540 366 104 20004 19089 13533 1709
is_linear=0
shrinkage=0.03


Tree=7
num_leaves=31
num_cat=0
split_feature=10 9 17 7 0 21 12 11 18 18 19 12 12 11 12 16 18 18 0 21 10 11 16 19 9 6 2 3 12 6
split_gain=4167.85 1355.77 885.61 502.296 416.955 358.953 627.359 443.006 394.484 243.997 232.805 216.771 203.368 184.813 583.011 376.884 331.722 179.484 176.93 168.86 176.425 172.086 155.916 156.232 145.954 583.117 132.422 257.804 144.898 130.652
threshold=134.50000000000003 41.500000000000007 0.097576983273029341 -0.093705357098050043 224.09500000000003 121.50000000000001 1.0000000180025095e-35 3.5000000000000004 2182.5000000000005 6390.5000000000009 51.500000000000007 1.0000000180025095e-35 21.500000000000004 3.5000000000000004 1.0000000180025095e-35 1.0000000180025095e-35 2095.5000000000005 2685.5000000000005 111.94300000000003 435.50000000000006 2.5000000000000004 1.5000000000000002 1.0000000180025095e-35 37.500000000000007 11.500000000000002 85.664168144928695 0.25881904510252091 1.0000000180025095e-35 2.5000000000000004 249.93997822984309
decision_type=2 2 2 2 2 2 2 2 2 2 2 2 2 2 2 2 2 2 2 2 2 2 2 2 2 2 2 2 2 2
left_child=3 4 18 5 24 6 -1 22 10 -4 -7 -12 -11 14 -5 -16 -15 -18 -3 20 -13 -22 -8 -24 -2 -26 -10 28 -28 -6
right_child=1 2 9 13 29 8 7 -9 26 12 11 19 -14 16 15 -17 17 -19 -20 -21 21 -23 23 -25 25 -27 27 -29 -30 -31
leaf_value=0.018009615383322707 -0.016933881273129076 -0.0077868351528189612 0.02348931797546449 0.037192779934898237 -0.0042510823337507482 -0.01785484911844791 0.14769684861935367 -0.012009206303911035 0.024729888326164032 0.18673453186402567 -0.00098612142706170193 0.051133400477489432 0.053075589071884248 0.0060798541731655331 0.19493076318234881 0.084874353143032849 0.091482805806528691 0.044365498222635594 0.011883259752554842 0.0034181371398445035 0.28673864919334013 0.093869585638292646 0.051705719356272127 0.11814953959628677 0.053330858141725362 -0.011716203237495358 0.1076349196036139 0.039936662407911661 0.28691132600213254 0.013324839442461579
leaf_weight=315.21551111154258 6253.3615304883569 975.74954285100102 423.49740661308169 216.04902155324817 1082.8326218575239 346.1192314568907 51.638578254729509 35.703237785026431 574.41919753700495 10.549096331000326 196.25477073900402 51.529700446873903 355.85604280233383 176.46584398299456 39.156208321452141 98.32368640601635 94.772834558039904 313.30171609297395 711.77328487113118 41.527544610202312 6.278495047241452 12.360016174614428 61.874321945011616 65.634491797536612 130.11378523334861 2654.6966943703592 16.610347960144285 123.8218326382339 5.3690358065068713 586.98884714767337
leaf_count=7367 202912 30478 9416 4614 32840 10252 713 984 13829 169 4792 987 7079 4163 532 1569 1451 6611 20834 1111 94 229 1090 720 2552 85495 396 2799 121 16233
internal_value=-0.000115213 -0.00721814 0.0127814 0.0328338 -0.0118453 0.0239826 0.0449547 0.0844867 0.0158937 0.0389982 -0.000972504 0.0180023 0.0569237 0.0508024 0.0679248 0.11622 0.0404467 0.0553082 0.000509733 0.0513659 0.0797427 0.158839 0.103718 0.0859073 -0.0143898 -0.00867703 0.0312108 0.0567438 0.151428 0.00192734
internal_weight=16027.8 13185.4 2477.43 2842.43 10708 1904.36 530.066 214.851 1374.29 789.903 654.07 307.951 366.405 938.069 353.529 137.48 584.54 408.075 1687.52 111.696 70.1682 18.6385 179.147 127.509 9038.17 2784.81 720.22 145.801 21.9794 1669.82
internal_count=472432 408008 67976 64424 340032 45484 10874 3507 34610 16664 17465 7213 7248 18940 6715 2101 12225 8062 51312 2421 1310 323 2523 1810 290959 88047 17145 3316 517 49073
is_linear=0
shrinkage=0.03


Tree=8
num_leaves=31
num_cat=0
split_feature=5 11 6 1 1 9 8 5 14 22 1 7 16 14 18 11 10 12 5 7 14 6 5 6 8 1 12 6 17 7
split_gain=3990.8 1548.62 1330.49 651.035 512.04 351.398 294.333 260.573 248.698 218.183 201.232 180.053 167.436 189.087 158.878 156.338 497.667 157.104 155.816 149.101 146.875 214.077 206.511 250.368 202.543 139.434 126.04 121.544 119.381 108.366
threshold=61.796000000000006 16.500000000000004 36.744629843552012 4.9484761596714781 4.8748919301475171 3.5000000000000004 42.500000000000007 183.47462987012989 3.5000000000000004 93546.000000000015 3.2579041933374406 -0.59001127166077627 6.5000000000000009 13.500000000000002 7240.5000000000009 2.5000000000000004 2.5000000000000004 1.0000000180025095e-35 183.47462987012989 -0.52957771348526894 1.0000000180025095e-35 154.1393034724482 286.32593582887705 458.29373749271912 46.500000000000007 5.5901655463522486 30.500000000000004 32.368564995121005 0.068185124546289458 0.25382360678020283
decision_type=2 2 2 2 2 2 2 2 2 2 2 2 2 2 2 2 2 2 2 2 2 2 2 2 2 2 2 2 2 2
left_child=2 4 5 9 10 -1 -4 26 27 -3 11 -2 15 -14 -9 16 17 -8 -11 -13 -16 24 -23 28 -22 -6 -5 -7 29 -24
right_child=1 3 6 7 25 8 12 14 -10 18 -12 19 13 -15 20 -17 -18 -19 -20 -21 21 22 23 -25 -26 -27 -28 -29 -30 -31
leaf_value=-0.01443677787182277 0.0016825035860289696 -0.018200517245743175 0.0028969168276186496 0.021087301886978289 0.037638549612308857 0.021421956818013132 0.038503118955650277 0.00023075300903007328 0.0099913945223234577 -0.011377528887028273 0.0035863489711800301 0.1132263367488585 0.1621991780315124 -0.0085717953249851847 -0.0018201796549891223 0.048069433421845852 0.14138917898055117 0.082475367048063408 0.0073308739013447808 0.01359247134297537 0.061128202289666721 0.017646186396070549 0.067099743863737779 -0.015208822280856491 0.28568652772663994 0.072863633542377695 -0.0081374926975335445 0.054554442018413585 0.019333716388385491 0.1694866855643006
leaf_weight=341.7871393468231 44.316011190414429 5909.4639133326709 97.515365267172456 142.58717958256602 355.50249043852091 184.93986148759723 199.61217976734042 646.03424260392785 747.80666253715754 2000.1567456237972 729.39035356044769 41.720037180930376 25.692144028842449 7.5504143722355357 184.72136407718062 861.40103494375944 73.324589017778635 115.40239597856998 501.0297419205308 19.997390728443861 10.715690836310388 407.3204099573195 14.607184916734694 20.639453426003456 5.4552668035030356 141.34824629500508 1937.8861868865788 216.06689711660147 10.644986443221567 25.623416762799025
leaf_count=10736 1071 197134 2664 4238 7121 4296 3459 18798 19089 65252 20004 540 303 119 5048 15308 672 1190 15346 488 287 11236 330 561 76 1984 60212 4235 252 383
internal_value=-0.000122208 -0.00711888 0.0319214 -0.0105758 0.023543 0.0122679 0.0531424 0.000489145 0.0202129 -0.015057 0.00920016 0.0478168 0.0569614 0.123412 0.0108835 0.0551938 0.0709968 0.0546119 -0.00762992 0.0809434 0.0210082 0.029527 0.0259014 0.0729199 0.136883 0.0476597 -0.00613454 0.0392741 0.108672 0.132311
internal_weight=16020.3 13149.2 2871.1 11816.9 1332.27 1490.6 1380.5 3406.24 1148.81 8410.65 835.424 106.033 1282.98 33.2426 1325.76 1249.74 388.339 315.015 2501.19 61.7174 679.728 495.006 478.835 71.515 16.171 496.851 2080.47 401.007 50.8756 40.2306
internal_count=472432 410361 62071 379153 31208 38356 23715 101421 27620 277732 22103 2099 21051 422 36971 20629 5321 4649 80598 1028 18173 13125 12762 1526 363 9105 64450 8531 965 713
is_linear=0
shrinkage=0.03


Tree=9
num_leaves=31
num_cat=0
split_feature=10 9 17 1 7 21 12 18 15 10 12 18 10 13 15 13 18 16 22 17 6 1 1 18 1 1 6 2 3 6
split_gain=3548.91 1223.83 712.119 388.191 387.578 284.987 477.123 347.709 327.783 204.556 276.633 191.987 172.042 158.793 141.744 447.831 277.549 244.649 138.64 217.449 136.31 172.174 219.87 135.371 123.639 117.242 114.177 109.872 185.154 105.589
threshold=134.50000000000003 41.500000000000007 0.097576983273029341 5.6382656934459776 -0.093705357098050043 121.50000000000001 1.0000000180025095e-35 2182.5000000000005 3.5000000000000004 10.500000000000002 1.0000000180025095e-35 6335.5000000000009 695.50000000000011 3192.4809570312505 3.5000000000000004 25.006999969482425 2095.5000000000005 1.0000000180025095e-35 93546.000000000015 0.10001393035054208 246.61510741446597 6.9032198963399383 6.8512748664941823 2685.5000000000005 4.7268832647479568 5.5901655463522486 38.091680187016983 0.25881904510252091 1.0000000180025095e-35 52.976352597897836
decision_type=2 2 2 2 2 2 2 2 2 2 2 2 2 2 2 2 2 2 2 2 2 2 2 2 2 2 2 2 2 2
left_child=4 3 12 18 5 6 -1 9 -8 10 -7 -4 -3 -13 15 26 -16 -17 29 -20 -5 22 -22 -18 -14 27 -6 -9 -29 -2
right_child=1 2 11 20 14 7 8 25 -10 -11 -12 13 24 -15 16 17 23 -19 19 -21 21 -23 -24 -25 -26 -27 -28 28 -30 -31
leaf_value=0.016065914978359578 -0.0062065189257560043 -0.022617776450032344 0.020690054217940974 -0.0039074273406294767 0.012385812641392191 -0.0029325886480910126 0.086554430921717454 0.021655756259753529 -0.012021021064775332 -0.016990547459133473 0.058150014335941219 0.1385924323520373 -0.0033998993580979481 0.045352130699754876 0.0045567362516428216 0.15570504287524789 0.078025919615495293 0.073443439026780341 -0.0084437045847059952 0.04767130606797778 0.019931036814099044 -0.018505776682412611 0.11979309477877359 0.039126174350468841 0.014284783345325937 0.2031478897122512 0.054360858059883999 0.1240193239255004 0.035534177094286939 -0.016940967257839445
leaf_weight=327.41659670695662 950.84164286963642 246.11502635665238 442.47405212000012 738.93077657744288 121.83621482551098 210.53318607062101 203.18429572880268 593.91401788592339 35.692274902015924 354.39848542772233 97.691747032105923 17.173142328858376 793.93594254925847 384.38657255470753 183.4808606673032 46.673073802143335 105.91134664788842 107.4392742626369 2008.3525822050869 64.13464985974133 382.72114284336567 102.05786511301994 20.928078584372997 335.76338139176369 644.73456217907369 3.4375321529805651 111.87910974770784 25.418245676904917 130.82642905414104 6217.1425799522549
leaf_count=7367 29290 7721 9371 22523 2874 5105 2523 13783 984 10534 1826 247 25022 7046 4163 513 1451 1508 65401 1230 10323 2893 345 6611 18569 52 1820 515 2795 208027
internal_value=-0.000127987 -0.00690457 0.0118283 -0.0114226 0.0293129 0.0215992 0.0395867 0.0144067 0.0718256 -0.00144585 0.0164275 0.0343205 0.000560319 0.0493397 0.0444093 0.0586571 0.0355704 0.0983564 -0.0135411 -0.00670718 0.00430574 0.0163067 0.0251086 0.0484541 0.00452542 0.0283456 0.0324792 0.0275446 0.0499291 -0.015517
internal_weight=16009.4 13013.9 2528.82 10485.1 2995.5 1982.51 566.293 1416.22 238.877 662.623 308.225 844.034 1684.79 401.56 1012.98 387.828 625.156 154.112 9240.47 2072.49 1244.64 505.707 403.649 441.675 1438.67 753.596 233.715 750.159 156.245 7167.98
internal_count=472432 408008 67976 340032 64424 45484 10874 34610 3507 17465 6931 16664 51312 7293 18940 6715 12225 2021 303948 66631 36084 13561 10668 8062 43591 17145 4694 17093 3310 237317
is_linear=0
shrinkage=0.03


Tree=10
num_leaves=31
num_cat=0
split_feature=5 15 6 5 1 9 21 6 17 16 14 1 1 9 19 7 7 1 18 15 18 18 12 6 8 12 12 18 16 12
split_gain=3417.26 1352.16 1095.02 605.898 430.927 365.969 278.728 271.131 252.545 248.744 244.672 200.003 177.471 176.863 162.437 161.321 133.725 121.009 120.524 298.556 211.78 115.373 112.959 124.724 131.036 110.553 107.429 130.957 187.337 188.644
threshold=61.796000000000006 17.500000000000004 38.091680187016983 183.47462987012989 4.8748919301475171 3.5000000000000004 3428.5000000000005 39.255364657680246 0.18883550167083743 1.0000000180025095e-35 3.5000000000000004 4.7542061908052036 3.2579041933374406 13.500000000000002 5.5000000000000009 -0.59001127166077627 -0.52957771348526894 5.5901655463522486 2095.5000000000005 3.5000000000000004 4011.5000000000005 2256.5000000000005 76.500000000000014 146.1395635446238 46.500000000000007 30.500000000000004 1.0000000180025095e-35 57.500000000000007 1.5000000000000002 1.5000000000000002
decision_type=2 2 2 2 2 2 2 2 2 2 2 2 2 2 2 2 2 2 2 2 2 2 2 2 2 2 2 2 2 2
left_child=2 4 5 11 12 -1 -5 8 14 17 -7 -3 15 -9 -4 -2 -17 -8 19 -6 -20 -14 -11 24 -24 -13 -12 28 29 -28
right_child=1 3 7 6 18 10 9 13 -10 22 26 25 21 -15 -16 16 -18 -19 20 -21 -22 -23 23 -25 -26 -27 27 -29 -30 -31
leaf_value=-0.014600557026691498 -0.00035646233498174828 -0.016940019004136608 -0.022768810027196894 -0.015195624093577366 0.067116472266630089 0.036176442826497998 -0.007826335057019981 0.013907315503671767 0.034418083009945817 0.065108036939347538 -0.0073366737439799568 0.016743231624263704 -0.0077278177086099664 0.049167480382949179 0.12786532678879289 0.099887167397677334 0.011068288696909841 0.012234137896819116 0.067679724610663336 0.0018137733289846488 0.0060164756968027096 0.015301177696519928 0.045061353595056759 0.016620585505465617 0.25101071700888811 -0.0087228894752429294 0.061376342278706933 0.010851833529682896 0.020420035799591146 0.22568039454738736
leaf_weight=345.33858920074999 48.126203775405884 6213.7571060135961 6.949848184362053 605.44746719114482 101.00306623056531 520.17834002710879 752.48332338780165 146.94902253895998 51.495531268417835 49.500292787328362 231.77418223023415 163.15867494791746 444.74857100658119 994.417366348207 88.322775781154633 47.030674261972308 22.58112476952374 422.62992876395583 229.2066575139761 167.50679834745824 64.158771876245737 349.77630849927664 8.6438205819576961 716.18263344094157 4.0989086274057618 2570.8397521134466 20.52918199449778 538.94902104884386 63.933916680514812 9.0666909217834455
leaf_count=10955 1153 212835 171 19455 1379 10010 23665 3524 828 1385 5965 4965 13091 14726 1128 560 545 11075 3363 3836 1206 8491 229 20556 44 82528 367 12921 1334 142
internal_value=-0.000132607 -0.00681785 0.0286226 -0.0102834 0.0202335 0.0130283 0.00258922 0.0495633 0.0879452 0.00810116 0.0199201 -0.0139649 0.00750397 0.0446278 0.116877 0.0418772 0.0710755 -0.000611578 0.0409013 0.0263781 0.054194 0.00241031 0.0212539 0.0182759 0.111308 -0.00720313 0.0101357 0.0165386 0.0493074 0.111711
internal_weight=15998.8 12980.9 3017.9 11506.7 1474.14 1729.77 2558.99 1288.13 146.768 1953.54 1384.43 8947.76 912.263 1141.37 95.2726 117.738 69.6118 1175.11 561.875 268.51 293.365 794.525 778.426 728.925 12.7427 2734 864.253 632.479 93.5298 29.5959
internal_count=472432 410361 62071 376737 33624 41694 76409 20377 2127 56954 30739 300328 23840 18250 1299 2258 1105 34740 9784 5215 4569 21582 22214 20829 273 87493 20729 14764 1843 509
is_linear=0
shrinkage=0.03


Tree=11
num_leaves=31
num_cat=0
split_feature=5 10 6 5 0 9 10 16 8 6 5 0 0 12 20 16 21 10 0 17 2 3 12 21 10 21 6 8 19 22
split_gain=3154.45 1256.74 954.215 593.902 428.628 338.633 287.885 245.855 232.81 282.595 224.944 187.405 167.591 132.986 215.972 169.537 121.089 119.886 119.523 118.944 116.464 122.447 110.668 107.273 263.346 150.934 103.888 103.067 97.7539 128.626
threshold=61.796000000000006 134.50000000000003 38.091680187016983 183.47462987012989 129.96000000000001 3.5000000000000004 635.50000000000011 1.0000000180025095e-35 47.500000000000007 39.255364657680246 41.268379638916763 115.07150000000001 24.995000000000001 1.0000000180025095e-35 8.5902013778686541 1.0000000180025095e-35 2266.5000000000005 10.500000000000002 279.97500000000008 0.1858543008565903 0.25881904510252091 0.25881904510252057 68.500000000000014 2117.5000000000005 10.500000000000002 2829.5000000000005 146.1395635446238 46.500000000000007 43.500000000000007 456.50000000000006
decision_type=2 2 2 2 2 2 2 2 2 2 2 2 2 2 2 2 2 2 2 2 2 2 2 2 2 2 2 2 2 2
left_child=2 4 5 11 12 -1 -5 18 -4 19 13 -3 17 -7 15 -15 28 -2 -8 -10 -18 -22 -9 24 -6 -25 27 -24 -14 -30
right_child=1 3 8 6 23 10 7 22 9 -11 -12 -13 16 14 -16 -17 20 -19 -20 -21 21 -23 26 25 -26 -27 -28 -29 29 -31
leaf_value=-0.014360173521578878 0.074726980398450188 -0.016767243746314525 0.0017426596479658849 -0.019033571258249102 0.058781079994418284 -0.0036938868521326899 -0.008128381620629857 0.070264107536669937 0.10875696294938586 0.044438193743710074 0.045227538702028905 -0.0072757036035240759 -0.013789078836853406 0.11776307732976141 0.013093757870564229 0.036455003296326428 0.0065486699901329591 0.014822880738969389 0.011366131334124622 0.051482058164371965 0.11849618363725448 0.025279088454572357 0.038122587749483842 0.070622813701662193 0.00046204079196653655 0.029330377597432396 0.016045104111302871 0.20191149704960437 0.11837491943566357 0.0058097054479929995
leaf_weight=340.65737267956138 49.556682344526052 6085.486690858379 98.632940908893943 451.89684944599867 119.95441649854183 300.55243073031306 790.33261922188103 37.509532945230603 94.849892858415842 1098.855905238539 243.00633727759123 2704.1016746424139 418.34086692146957 29.754473514854908 732.99141799658537 102.894890319556 310.37481101602316 76.454494522884488 440.99103435128927 49.748888090252876 17.583489630371332 45.499104093760252 9.9344497527927142 161.10749988630414 166.29297479987144 157.60665812715888 788.28181103803217 5.3037403114140025 11.331323374062775 47.159021209925413
leaf_count=10955 583 211833 2544 14787 1669 7465 25126 1005 1148 15993 4000 87200 12753 461 16779 2034 7612 1827 11496 692 361 1057 256 2013 3876 2843 22418 47 184 1415
internal_value=-0.000137105 -0.00666244 0.0270771 -0.0101637 0.0183891 0.0124816 0.00266229 0.00739328 0.0461071 0.0496262 0.0189703 -0.0138472 0.00609401 0.013499 0.0194684 0.0546932 0.00130907 0.0383815 -0.00114654 0.0890517 0.0141015 0.0512622 0.0198962 0.0382312 0.0249011 0.0502034 0.0175449 0.0951303 -0.00871002 0.0276169
internal_weight=15987 12895.1 3091.94 11313.8 1581.26 1749.86 2524.25 2072.35 1342.09 1243.45 1409.2 8789.59 976.3 1166.19 865.641 132.649 850.289 126.011 1231.32 144.599 373.457 63.0826 841.03 604.962 286.247 318.714 803.52 15.2382 476.831 58.4903
internal_count=472432 410361 62071 374168 36193 41694 75135 60348 20377 17833 30739 299033 25792 26739 19274 2495 23382 2410 36622 1840 9030 1418 23726 10401 5545 4856 22721 303 14352 1599
is_linear=0
shrinkage=0.03


Tree=12
num_leaves=31
num_cat=0
split_feature=5 11 9 5 0 0 5 22 2 18 3 12 5 17 5 5 12 11 0 7 5 8 19 18 21 12 0 5 18 11
split_gain=2916.42 1191.94 690.287 606.129 566.469 338.604 214.371 206.267 175.099 148.107 140.613 182.047 136.732 147.459 131.722 134.145 131.415 247.973 130.772 219.242 121.046 119.642 111.264 239.576 109.348 223.819 122.663 105.694 104.238 103.105
threshold=61.796000000000006 17.500000000000004 4.5000000000000009 41.268379638916763 139.96000000000001 129.96000000000001 243.64987753222837 93546.000000000015 0.25881904510252091 6595.5000000000009 1.0000000180025095e-35 1.5000000000000002 44.677524918831175 0.20019646733999255 48.186564067272009 47.244698122241168 1.0000000180025095e-35 5.5000000000000009 994.47500000000014 1.8703577223255718 183.47462987012989 235.00000000000003 44.500000000000007 10.500000000000002 6592.5000000000009 25.500000000000004 26.404000000000003 39.785202697926486 2182.5000000000005 2.5000000000000004
decision_type=2 2 2 2 2 2 2 2 2 2 2 2 2 2 2 2 2 2 2 2 2 2 2 2 2 2 2 2 2 2
left_child=2 5 21 16 7 8 -6 -3 22 -8 11 -10 13 -5 15 -14 -4 27 19 -11 -9 -1 28 -24 -19 26 -26 -18 -2 -16
right_child=1 4 3 12 6 -7 9 20 10 18 -12 -13 14 -15 29 -17 17 24 -20 -21 -22 -23 23 -25 25 -27 -28 -29 -30 -31
leaf_value=-0.010888088099107596 -0.015728009008127326 -0.017443169292930678 -0.00077355117784846277 0.086100879561975513 -0.0032370628302434575 0.035942874209091348 -0.0032552296536615608 -0.010379162703917619 0.046869495938179226 0.028634407530063324 0.021232592568980101 0.20483180963427328 0.038318553824217311 0.035247124154077943 0.072866470634695979 0.0040774040666914646 0.037746787503855836 0.0068012048976189357 -0.016418723862813657 0.14999334871889375 0.0061569359314335151 0.086301447405716367 0.10103069115871768 0.0048437497883073825 0.027475624641090796 0.025006446195020363 0.24806127079875245 0.089840208978738623 0.0090447536010820461 0.043646431036715935
leaf_weight=446.21096106246114 339.3154045380652 5518.3521392829716 311.59929605945945 133.57042794302106 2716.9892257098109 600.36113216355443 230.47593955509365 1906.1699959971011 23.630016745999455 344.72041445225477 130.83903585933149 9.0930412393063289 580.86366901174188 83.334930799901485 152.34104831144214 125.15982973948121 94.795061070472002 513.46799363568425 54.7702930085361 13.939238790422676 503.68118550628424 11.698419556021689 29.479558654129505 111.27207247912884 3.5091977715492231 264.94936426356435 6.4188700951635838 55.620020095258951 278.20763777196407 379.24137634970248
leaf_count=13908 10216 195626 7617 1561 84323 9784 6730 65166 518 8044 3129 160 8225 1229 1672 1738 1799 11490 1482 166 15200 236 251 2907 57 5717 106 763 6659 5953
internal_value=-0.000140812 -0.00650989 0.025658 0.0314246 -0.00987003 0.01841 0.000451392 -0.0142455 0.00699148 0.016015 0.0351434 0.0907639 0.0445917 0.0665629 0.040741 0.0322485 0.0161077 0.021711 0.0267576 0.033351 -0.00692297 -0.00840514 0.000919031 0.0249895 0.0149761 0.0302467 0.170093 0.0570097 -0.00456734 0.0520203
internal_weight=15974.1 12811.3 3162.78 2704.87 11289.1 1522.2 3360.9 7928.2 921.837 643.906 163.562 32.7231 1454.51 216.905 1237.61 706.023 1250.36 938.761 413.43 358.66 2409.85 457.909 758.275 140.752 788.345 274.877 9.92807 150.415 617.523 531.582
internal_count=472432 410361 62071 47927 376737 33624 100745 275992 23840 16422 3807 678 20378 2790 17588 9963 27549 19932 9692 8210 80366 14144 20033 3158 17370 5880 163 2562 16875 7625
is_linear=0
shrinkage=0.03


Tree=13
num_leaves=31
num_cat=0
split_feature=5 11 6 1 1 19 5 14 8 6 22 1 8 9 6 6 5 18 18 1 1 1 6 1 5 12 18 18 1 10
split_gain=2699.61 1119.71 748.795 547.989 302.145 294.202 258.676 203.472 180.138 221.288 152.519 139.234 126.322 222.47 218.718 148.351 121.216 111.437 111.385 204.698 166.78 272.723 156.31 126.941 118.124 104.502 98.3466 111.109 97.5907 95.1408
threshold=61.796000000000006 17.500000000000004 38.091680187016983 4.7542061908052036 4.8748919301475171 2.5000000000000004 183.47462987012989 7.5000000000000009 47.500000000000007 39.255364657680246 93546.000000000015 3.2579041933374406 41.500000000000007 1.5000000000000002 286.19406183984853 166.38602451866521 32.515324423541337 23.500000000000004 8185.5000000000009 6.0354096584693879 6.9032198963399383 6.7533445647362011 292.25516157722973 6.2168355893301159 286.32593582887705 30.500000000000004 2807.5000000000005 4011.5000000000005 5.5901655463522486 810.50000000000011
decision_type=2 2 2 2 2 2 2 2 2 2 2 2 2 2 2 2 2 2 2 2 2 2 2 2 2 2 2 2 2 2
left_child=2 4 5 10 11 -1 25 16 -4 -10 -3 17 -8 14 15 -14 -7 -2 -15 -20 21 23 -23 24 29 -5 -13 -28 -6 -21
right_child=1 3 8 6 28 7 12 -9 9 -11 -12 26 13 18 -16 -17 -18 -19 19 20 -22 22 -24 -25 -26 -27 27 -29 -30 -31
leaf_value=-0.013403624488453111 0.072929791251739137 -0.017728340609130446 0.0014770748757797312 0.016482547105847001 0.026209218736605741 -0.0051731343591981038 -0.0081472347811265295 0.0039922328304371046 0.076424700084876465 0.03885320929912698 -0.0080564268478495512 -0.0046009470520243859 0.16130599499617154 0.0041514267199860193 0.27682163146589417 -0.019282351253037167 0.030884330461108007 0.014467299378824169 0.0073589446830757462 0.22154088657735121 -0.0032857587770525722 0.34876384632699026 0.12261360794063619 0.015916561906669395 0.19372427644640017 -0.0082307383242507387 0.037010574962819079 -0.0047738307411746518 0.052485818242974359 0.043043942207085947
leaf_weight=347.05329077877104 46.514795307070017 4881.4428178630769 99.344397773966193 164.02714022062719 439.8591985180974 94.483670018613338 315.32017274014652 599.3706003241241 160.24151623621583 1180.2140095084906 2098.0588378980756 568.24342916160822 6.9500459581613603 729.9926361516118 5.2355208899825803 9.9628234617412073 749.77733440697193 79.49013458006084 283.16550663299859 2.9657325595617321 41.880008086562157 3.0763358287513283 25.981729052960873 62.697403088212013 7.293976053595542 2517.6679389365017 129.76451022177935 102.52775388397276 178.96385809779167 28.645919319242239
leaf_count=11112 454 176383 2544 4965 7631 2111 8954 14526 1840 15993 70866 16107 46 20905 94 267 13945 1804 7762 73 1118 72 377 1493 115 82528 3047 2428 2153 719
internal_value=-0.000143881 -0.00635939 0.0243483 -0.00966669 0.0175768 0.0113971 -0.00111134 0.0173593 0.0404558 0.0433446 -0.0148209 0.00673589 0.00876176 0.013176 0.107379 0.0549273 0.026849 0.0360488 0.0114163 0.0230539 0.0488117 0.0655102 0.146556 0.0423315 0.0848999 -0.00671914 0.00212202 0.018568 0.0338084 0.0597901
internal_weight=15960.2 12729.7 3230.48 11184.4 1545.36 1790.68 4204.86 1443.63 1439.8 1340.46 6979.5 926.541 1523.17 1207.85 22.1484 16.9129 844.261 126.005 1185.7 455.707 172.541 130.661 29.0581 101.603 38.9056 2681.7 800.536 232.292 618.823 31.6117
internal_count=472432 410361 62071 376737 33624 41694 129488 30582 20377 17833 247249 23840 41995 33041 407 313 16056 2258 32634 11729 3967 2849 449 2400 907 87493 21582 5475 9784 792
is_linear=0
shrinkage=0.03


Tree=14
num_leaves=31
num_cat=0
split_feature=10 6 19 0 7 2 21 18 12 11 6 22 3 2 3 18 6 10 12 14 19 14 6 10 0 7 21 0 11 18
split_gain=2474.91 815.711 626.288 490.546 262.157 233.078 171.293 314.962 255.101 219.885 161.919 160.828 140.874 130.413 176.411 194.029 126.618 122.774 146.823 109.915 107.806 102.21 99.8306 125.552 88.5367 214.206 165.516 86.2778 95.1527 92.8396
threshold=134.50000000000003 52.976352597897836 3.5000000000000004 115.07150000000001 0.36056469282324233 0.78656609248549325 121.50000000000001 2095.5000000000005 1.0000000180025095e-35 2.5000000000000004 273.33134179389964 93546.000000000015 0.25881904510252057 0.37940952255126054 0.25881904510252057 7645.5000000000009 37.67289767544829 10.500000000000002 1.0000000180025095e-35 1.0000000180025095e-35 4.5000000000000009 11.500000000000002 305.38637327838245 4.5000000000000009 994.47500000000014 1.57879868766391 8350.5000000000018 55.018000000000008 42.500000000000007 9324.5000000000018
decision_type=2 2 2 2 2 2 2 2 2 2 2 2 2 2 2 2 2 2 2 2 2 2 2 2 2 2 2 2 2 2
left_child=4 2 19 11 5 6 8 17 -1 22 -5 -3 -7 16 15 -15 -4 18 -8 -2 -6 -22 23 -10 25 -12 -27 -16 29 -29
right_child=1 3 13 10 20 12 7 -9 9 -11 24 -13 -14 14 27 -17 -18 -19 -20 -21 21 -23 -24 -25 -26 26 -28 28 -30 -31
leaf_value=0.012336457836129419 -0.016079274374393077 -0.017857870596412796 0.0071996066466741308 -0.0055379759792008616 0.019994817533746292 0.070707980641595183 -0.0053953139476374838 0.021612098187167812 0.045419003691723435 -0.0057353653358042725 0.0068650405542538635 -0.007755401788721087 0.028792954238729351 0.028717348601570745 0.019787293095967932 0.14519736771638267 0.029241782933198637 -0.015930431712642114 0.036380047238317365 0.008401216306761548 0.053916473818134143 0.012198015750458452 0.1067020462429225 0.12353046035878892 -0.015996237530517345 0.011292242150558946 0.10951785890424354 0.029113582635552596 0.14491834458245004 0.13117507324617095
leaf_weight=369.11519379168749 592.09027163311839 4455.5279651656747 435.07933102734387 2713.166884958744 166.81723526492715 108.0364041980356 222.16218519955873 996.51028765179217 170.50092368945479 51.578208588063717 1129.0270617157221 2080.4761821292341 217.35330543108284 23.638519115746021 172.83214650116861 28.25552442483604 508.87775685638189 386.56308948993683 114.86576369777322 228.87387811020017 388.15876339375973 61.185683567076921 38.76137063652277 20.776527795940638 132.56769440323114 28.723237436264753 33.384408060461283 51.478402057662606 9.9857662543654424 9.5020600352436286
leaf_count=7454 20021 163573 9384 87938 3066 1675 5117 19840 1904 1268 31429 70790 3863 412 3081 388 7732 11217 1863 7026 5331 1311 350 165 3723 736 534 932 163 146
internal_value=-0.00014654 -0.00619836 0.011069 -0.00956371 0.0229352 0.0189006 0.0156329 0.0106731 0.0287433 0.0502477 -0.00134131 -0.0146422 0.0427096 0.0245283 0.0419139 0.092139 0.0190823 -0.00439189 0.00884255 -0.00925444 0.04059 0.0482358 0.0628 0.0539035 0.00726052 0.00984889 0.064091 0.0312232 0.0590742 0.0450169
internal_weight=15945.9 12633.5 2060.61 10572.9 3312.38 2696.22 2370.83 1720.1 650.732 281.617 4036.87 6536 325.39 1239.65 295.692 51.894 943.957 723.591 337.028 820.964 616.162 449.344 230.039 191.277 1323.7 1191.13 62.1076 243.798 70.9662 60.9805
internal_count=472432 408008 49285 358723 64424 54716 49178 38037 11141 3687 124360 234363 5538 22238 5122 800 17116 18197 6980 27047 9708 6642 2419 2069 36422 32699 1270 4322 1241 1078
is_linear=0
shrinkage=0.03


Tree=15
num_leaves=31
num_cat=0
split_feature=5 11 6 5 0 10 9 16 0 14 2 8 6 12 0 5 19 18 12 18 11 18 10 9 19 6 0 18 0 18
split_gain=2330.71 985.391 622.372 514.99 259.088 257.61 256.292 216.093 176.743 171.532 148.938 145.657 177.122 97.9894 96.522 96.2102 95.7214 185.205 91.6226 91.0312 86.6452 103.803 164.833 85.8569 97.4231 127.46 97.8485 124.092 81.0745 82.5898
threshold=61.796000000000006 17.500000000000004 38.091680187016983 183.47462987012989 129.96000000000001 635.50000000000011 3.5000000000000004 1.0000000180025095e-35 115.07150000000001 7.5000000000000009 0.25881904510252091 47.500000000000007 39.255364657680246 30.500000000000004 279.97500000000008 32.515324423541337 44.500000000000007 10.500000000000002 68.500000000000014 2182.5000000000005 13.500000000000002 2182.5000000000005 4.5000000000000009 49.500000000000007 32.500000000000007 193.28160263649175 170.99500000000003 4768.5000000000009 323.08450000000005 4011.5000000000005
decision_type=2 2 2 2 2 2 2 2 2 2 2 2 2 2 2 2 2 2 2 2 2 2 2 2 2 2 2 2 2 2
left_child=2 4 6 8 10 -5 -1 14 -3 15 16 -4 -13 -10 -7 -8 19 -18 -9 -2 21 22 -6 -15 25 26 27 -25 29 -23
right_child=1 3 11 5 20 7 9 18 13 -11 -12 12 -14 23 -16 -17 17 -19 -20 -21 -22 28 -24 24 -26 -27 -28 -29 -30 -31
leaf_value=-0.013708633427630285 -0.01549464996549116 -0.015798387544814687 0.0012493904782336122 -0.017491713399753268 0.051494176998889765 -0.0075255098700461286 -0.0047910034761590205 0.062604008957018065 0.015864170967534053 0.0032846720816399285 0.031057219272980677 0.067059894773562473 0.034759374484170616 -0.0097336642002910177 0.0098968802502201123 0.027277977223206896 0.085263016777282652 0.0040684187510745574 0.016374574370367417 0.0074995468315270488 0.01209086567524921 0.052196162131236991 0.0034905781221828956 0.13001445259890484 0.00013489623486619154 0.0093751420548766236 0.059957347085409951 0.43792487814283881 0.095472994722866189 -0.0085694598931182267
leaf_weight=328.48551347106695 334.30482997372746 5771.547761445865 99.949453189969063 472.5469817314297 113.925994977355 770.71326701715589 94.090882644057274 40.485166316851974 166.13120231032372 610.95425261557102 173.51832543872297 174.125827498734 1247.0015002004802 2251.6656170152128 455.23031648993492 800.65752099826932 32.523643139749765 113.58072358928621 821.67680834233761 288.82175307534635 168.62634736672044 161.423608250916 148.02637782692909 4.4713565353304174 191.53054163046181 26.729490840807557 10.549437463283537 1.5993120893836019 33.310022071003914 22.998458426445723
leaf_count=10955 10216 212835 2544 16061 1283 25126 2047 1005 4965 14526 3807 1840 15993 75234 11496 14166 251 2907 22721 6659 2880 1920 3016 142 5943 834 325 50 292 393
internal_value=-0.000148262 -0.00607525 0.0220668 -0.00927121 0.01599 0.00251062 0.0103006 0.00703724 -0.0128524 0.0155385 0.00595095 0.0362551 0.038717 -0.00644283 -0.00105604 0.0239056 0.00028763 0.0221428 0.0185454 -0.00483674 0.0305885 0.0370911 0.0243679 -0.00793321 0.00932674 0.0499388 0.115176 0.211133 0.0523984 0.0446184
internal_weight=15931.2 12575.9 3355.26 10984.9 1591.06 2560.65 1834.19 2088.11 8424.22 1505.7 942.749 1521.08 1421.13 2652.68 1225.94 894.748 769.231 146.104 862.162 623.127 648.311 479.684 261.952 2486.55 234.88 43.3496 16.6201 6.07067 217.732 184.422
internal_count=472432 410361 62071 376737 33624 76409 41694 60348 300328 30739 23840 20377 17833 87493 36622 16213 20033 3158 23726 16875 9784 6904 4299 82528 7294 1351 517 192 2605 2313
is_linear=0
shrinkage=0.03


Tree=16
num_leaves=31
num_cat=0
split_feature=5 11 6 0 19 0 5 14 2 8 6 6 8 9 5 8 5 3 20 18 0 0 0 0 20 19 18 6 18 20
split_gain=2164.73 927.148 554.536 493.725 240.662 233.443 222.381 167.218 135.521 128.941 150.921 114.447 111.144 188.566 139.869 148.278 110.746 106.442 117.115 94.9573 167.831 137.296 161.064 141.785 92.9913 89.1853 165.284 87.6043 86.7045 85.212
threshold=61.796000000000006 17.500000000000004 38.091680187016983 115.07150000000001 2.5000000000000004 129.96000000000001 183.47462987012989 3.5000000000000004 0.25881904510252091 47.500000000000007 39.255364657680246 186.52866215693894 41.500000000000007 1.5000000000000002 253.46117030533148 92.500000000000014 103.23119735755576 1.0000000180025095e-35 9.8068680763244647 8185.5000000000009 440.99500000000006 994.47500000000014 855.92000000000019 500.11500000000007 26.479507446289066 44.500000000000007 10.500000000000002 286.19406183984853 2182.5000000000005 39.740694046020515
decision_type=2 2 2 2 2 2 2 2 2 2 2 2 2 2 2 2 2 2 2 2 2 2 2 2 2 2 2 2 2 2
left_child=2 5 4 11 -1 8 24 -6 25 -4 -11 -3 -8 14 -14 -16 -13 18 -10 -15 -21 22 23 29 -5 28 -27 -23 -2 -22
right_child=1 3 9 6 7 -7 12 -9 17 10 -12 16 13 19 15 -17 -18 -19 -20 20 21 27 -24 -25 -26 26 -28 -29 -30 -31
leaf_value=-0.012955196923676512 -0.015251223279652382 -0.01766441665158278 0.001210513454130207 0.018102923769704248 0.027602862948405572 0.028946784842691163 -0.0079472770180238177 0.0071083857037366281 0.048274702997906586 0.061910001197147145 0.032773707375141369 0.1937162947786851 -0.026322974303237479 0.0037025918648538833 0.081669406577363185 0.2708287379520522 -0.0099469293889656602 0.017305788360601926 0.18245477505610533 0.0072853835034313958 0.24583058321908516 0.13382548642705699 0.11434492248771537 0.014028623511430745 -0.0075918867710110484 0.079431968480002543 0.0039314684329702174 -0.016954066897904053 0.0072244591076911328 0.075649678931138095
leaf_weight=338.77865777350962 329.52450344339013 3691.0644601825625 100.06288755498827 133.52477018535137 583.59836888872087 664.09617729857564 312.68302577361465 928.14463679119945 30.444344397634268 182.81150839850307 1282.317339386791 2.404869718477129 6.3036089688539532 739.00277780927718 12.501818904653193 5.3153205253183833 3010.2617559209466 140.58666180446744 7.2481685578823081 298.99624356813729 2.9137310311198261 3.8177908584475508 35.138264875859022 65.20931463688612 2503.3775801509619 33.84257735684514 114.00456244684756 37.855121959000826 290.79405771009624 29.037767916917801
leaf_count=11112 10216 139491 2544 3949 9853 9784 8954 20729 579 1840 15993 92 192 20905 151 64 107666 3129 99 8002 54 104 449 1493 83544 251 2907 1014 6659 613
internal_value=-0.000149767 -0.00593335 0.0210155 -0.00907549 0.00989864 0.0153117 -0.000991288 0.0150201 0.00574432 0.0341589 0.0364092 -0.0141231 0.00803148 0.0120735 0.0951309 0.138101 -0.00978435 0.0293086 0.0740772 0.0104205 0.020917 0.044345 0.0593025 0.0393963 -0.00629078 0.000275417 0.0212137 -0.00314066 -0.00471503 0.0911689
internal_weight=15915.7 12499.9 3415.71 10889.4 1850.52 1610.54 4185.68 1511.74 946.445 1565.19 1465.13 6703.73 1548.77 1236.09 24.1207 17.8171 3012.67 178.279 37.6925 1211.97 472.968 173.972 132.299 97.1608 2636.9 768.166 147.847 41.6729 620.319 31.9515
internal_count=472432 410361 62071 376737 41694 33624 129488 30582 23840 20377 17833 247249 41995 33041 407 215 107758 3807 678 32634 11729 3727 2609 2160 87493 20033 3158 1118 16875 667
is_linear=0
shrinkage=0.03


Tree=17
num_leaves=31
num_cat=0
split_feature=13 9 11 13 18 17 0 16 0 22 17 0 7 19 17 16 8 19 11 18 21 18 21 11 13 16 22 17 21 22
split_gain=1931.59 841.991 285.155 813.758 545.215 282.218 281.666 238.143 207.183 118.899 102.225 101.654 93.0848 86.6262 82.2041 145.904 120.212 70.0424 72.2053 67.7722 67.2565 64.8764 70.626 87.1511 59.8534 59.5438 58.258 57.885 88.5327 78.8626
threshold=2225.0849609375005 41.500000000000007 3.5000000000000004 25.006999969482425 2095.5000000000005 0.097576983273029341 224.09500000000003 1.0000000180025095e-35 261.97500000000008 68014.500000000015 0.15387246757745746 111.94300000000003 -0.23679969238840742 152.50000000000003 0.026154252700507644 1.0000000180025095e-35 238.50000000000003 36.500000000000007 1.0000000180025095e-35 4536.5000000000009 6672.5000000000009 7513.5000000000009 7779.5000000000009 41.500000000000007 100.0279998779297 3.5000000000000004 12744.500000000002 0.090894699096679701 4003.5000000000005 21051.500000000004
decision_type=2 2 2 2 2 2 2 2 2 2 2 2 2 2 2 2 2 2 2 2 2 2 2 2 2 2 2 2 2 2
left_child=2 6 3 13 12 11 9 24 27 14 -11 19 -4 17 -2 -16 26 -1 -19 -3 -8 -7 23 -23 -5 -24 -17 28 -6 -29
right_child=1 5 4 7 8 21 20 -9 -10 10 -12 -13 -14 -15 15 16 -18 18 -20 -21 -22 22 25 -25 -26 -27 -28 29 -30 -31
leaf_value=0.010266305890174521 -0.020898728671896381 -0.021684877876851888 -0.017002472487094297 0.076068958326861669 0.021724320316010706 0.015382108340733395 -0.0075877338959557984 0.047588885899604423 0.058796170455760001 -0.0083994843381789246 0.024926975461110518 0.009624098228528501 0.0035306553405721197 -0.0024309731884211089 -0.015865920475105419 -0.0019388028388043757 -0.012169232576065746 0.014841816094039999 0.044081243640920788 -0.0012064870012215218 0.0052891595188186043 0.040348378553171492 0.024887525154267745 0.1730414039719553 0.11618213800285104 0.069298319738235095 0.022159497775182172 0.01091295997950879 0.00095919338910883565 0.030624563593196482
leaf_weight=419.46322052367032 1603.3703062087297 185.19598744995892 467.22408482246101 71.384198032319546 421.3629898224026 561.84985530935228 548.52264396101236 333.74030322954059 124.84929787553847 2360.5339345633984 85.849009163677692 727.26293153315783 345.75038835592568 244.79856531322002 2916.978493835777 164.29042822122574 425.29849676974118 155.0606853980571 149.09854987822473 677.64167962968349 1091.3935690298676 12.740330263972284 350.29491386190057 6.8497548624873152 63.044374585151672 29.455506399273872 200.44035118818283 272.5124730002135 329.12950338050723 554.08790838159621
leaf_count=7967 60325 6565 14976 681 8600 9700 16659 3720 1635 84107 1379 20112 8262 5375 105991 5725 15813 2590 2004 22026 31412 178 5113 90 541 389 6741 5952 9002 8802
internal_value=-0.000150933 -0.00616435 0.0180315 0.0286944 0.0119406 0.00911958 -0.0103141 0.0611683 0.0215946 -0.0127023 -0.00722998 0.00136201 -0.00826993 0.0129955 -0.0152233 -0.0127685 -0.00133213 0.0182142 0.029175 -0.00560189 0.000982069 0.021953 0.0311978 0.086745 0.0948813 0.0283323 0.0113046 0.0186496 0.0126177 0.0241261
internal_weight=15899.5 11948 3951.51 1436.59 2514.92 2551.29 9396.68 468.169 1701.94 7756.76 2446.38 1590.1 812.974 968.421 5310.38 3707.01 790.029 723.622 304.159 862.838 1639.92 961.19 399.341 19.5901 134.429 379.75 364.731 1577.09 750.492 826.6
internal_count=472432 392325 80107 22878 57229 64173 328152 4942 33991 280081 85486 48703 23238 17936 194595 134270 28279 12561 4594 28591 48071 15470 5770 268 1222 5502 12466 32356 17602 14754
is_linear=0
shrinkage=0.03


Tree=18
num_leaves=31
num_cat=0
split_feature=5 11 6 5 21 0 9 16 0 2 14 8 6 3 12 12 21 11 9 19 18 8 22 19 6 18 2 0 2 18
split_gain=1885.42 823.766 472.344 468.009 213.347 199.725 185.62 175.729 164.136 121.197 106.707 101.532 91.9637 88.9585 92.631 86.7592 83.8035 84.157 81.6684 80.6505 141.656 80.3783 154.833 79.9251 97.5036 79.9197 77.4 76.463 76.2472 75.8971
threshold=61.796000000000006 17.500000000000004 36.744629843552012 183.47462987012989 3428.5000000000005 129.96000000000001 1.5000000000000002 1.0000000180025095e-35 112.99500000000002 0.25881904510252091 7.5000000000000009 29.500000000000004 32.368564995121005 1.0000000180025095e-35 1.5000000000000002 30.500000000000004 231.50000000000003 1.0000000180025095e-35 49.500000000000007 44.500000000000007 10.500000000000002 31.500000000000004 8948.5000000000018 32.500000000000007 193.28160263649175 1979.5000000000002 0.60355339059327384 266.78000000000003 0.91597561503675362 23.500000000000004
decision_type=2 2 2 2 2 2 2 2 2 2 2 2 2 2 2 2 2 2 2 2 2 2 2 2 2 2 2 2 2 2
left_child=2 5 6 8 -5 9 -1 27 -3 19 12 -4 -8 14 -11 -10 17 -13 -17 25 -21 22 -18 24 -20 -2 -7 -6 -9 -14
right_child=1 3 11 4 7 26 10 28 15 13 -12 16 29 -15 -16 18 21 -19 23 20 -22 -23 -24 -25 -26 -27 -28 -29 -30 -31
leaf_value=-0.016626581843627069 -0.015871939362207203 -0.015169949712814022 -0.0036940134844911398 -0.0138695854279157 -0.0065558600713769184 0.022912151481619972 0.0073243709872664996 0.016437722347420219 0.014510519313158615 0.035188303664432638 0.0021897634179757386 0.022691519239143358 0.047512770271624649 0.015995194823019792 0.13238963922080332 -0.0093064491485294019 0.37998622047989572 0.048554377588301771 0.096637045829167448 0.071965513025660191 0.0035091816361617792 0.026321591642694087 -0.0036515709393455066 0.00063416391300706251 0.0082656231969462628 0.0056503127886779114 0.055516597398491442 0.0092154231457947256 0.089192492755636316 0.02017391189650972
leaf_weight=243.64364859834313 301.53349367156625 5508.9927971009165 79.099209256470203 560.87006862461567 714.7267031352967 617.29628771543503 352.19759824126959 820.27848373912275 172.24309011735022 27.57315194606781 604.68167233467102 161.0337255448103 126.23436790890992 144.11916161328554 12.976383455097674 2229.1095717139542 1.6786518301814788 381.4860564917326 19.011714369058609 35.605183251202106 115.31279017776251 1239.545511264354 2.1717262361198664 195.13599200919271 27.476457703858614 320.15183913707733 73.310618620365858 451.40690393000841 13.172322472557424 331.11058461666107
leaf_count=8600 9437 211558 2070 19455 23665 8892 7653 21895 5006 518 14203 2103 2096 3129 160 76335 52 3006 530 251 2907 16426 58 6050 849 7438 892 11075 319 5804
internal_value=-0.000151508 -0.00566962 0.0192092 -0.0087072 0.00248144 0.0140769 0.00755809 0.00706779 -0.0122214 0.00520588 0.0117246 0.0295662 0.0188467 0.0270398 0.066294 -0.0060756 0.0310394 0.0408776 -0.00751072 -1.28973e-05 0.0196597 0.0267467 0.163603 0.00905578 0.0444058 -0.00478854 0.0263732 -0.000450843 0.0175876 0.0277199
internal_weight=15883.2 12360.3 3522.88 10712.4 2560.45 1647.88 1657.87 1999.58 8151.97 957.272 1414.22 1865.01 809.543 184.669 40.5495 2642.98 1785.92 542.52 2470.73 772.603 150.918 1243.4 3.85038 241.624 46.4882 621.685 690.607 1166.13 833.451 457.345
internal_count=472432 410361 62071 376737 76409 33624 38356 56954 300328 23840 29756 23715 15553 3807 678 88770 21645 5109 83764 20033 3158 16536 110 7429 1379 16875 9784 34740 22214 7900
is_linear=0
shrinkage=0.03


Tree=19
num_leaves=31
num_cat=0
split_feature=10 5 5 9 10 7 2 0 8 9 6 8 0 21 18 12 11 10 12 3 2 3 11 0 8 12 7 9 19 6
split_gain=1756.16 791.417 451.68 268.105 229.767 183.469 165.687 150.585 120.436 163.903 150.031 132.319 131.123 119.454 243.731 186.396 147.479 104.529 117.606 102.352 94.8633 141.11 102.358 86.7599 82.0215 80.2129 98.4675 76.5971 81.4397 78.9871
threshold=134.50000000000003 57.129780701754392 183.47462987012989 6.5000000000000009 635.50000000000011 0.36056469282324233 0.78656609248549325 112.99500000000002 78.500000000000014 1.5000000000000002 146.1395635446238 46.500000000000007 271.97000000000008 121.50000000000001 2037.5000000000002 1.0000000180025095e-35 2.5000000000000004 10.500000000000002 1.0000000180025095e-35 0.25881904510252057 0.37940952255126054 -0.5 42.500000000000007 55.018000000000008 235.00000000000003 78.500000000000014 -0.30841267287031809 49.500000000000007 31.500000000000004 193.28160263649175
decision_type=2 2 2 2 2 2 2 2 2 2 2 2 2 2 2 2 2 2 2 2 2 2 2 2 2 2 2 2 2 2
left_child=5 3 7 24 -4 6 13 -3 10 12 11 -6 -10 15 17 -1 -17 18 -15 -8 -5 -22 -23 -24 -2 26 -11 -9 29 -29
right_child=1 2 4 20 8 -7 19 27 9 25 -12 -13 -14 14 -16 16 -18 -19 -20 -21 21 22 23 -25 -26 -27 -28 28 -30 -31
leaf_value=0.0090664958655998183 -0.015794684087048483 -0.01483769179825963 -0.017891657301784398 0.014800466369788743 0.0129785141129503 0.032275107643203821 0.05602455087595911 -0.0077941715685896527 -0.0078986836172939747 0.0021402221450164318 -0.014912111439356987 0.11570436460496301 0.21326638098406425 -0.0065881156655256809 0.017128510032026888 0.049239441884266141 -0.0061207674003147293 -0.016754505013037452 0.02936399164664481 0.022493919041994499 0.15775660772473296 0.023491053316553025 0.04199740789875131 0.13080736770655449 0.0604431673979242 0.0074930501738616258 0.050254327803416168 0.086144481063090111 0.00093333020060300384 0.011452307274553266
leaf_weight=395.57788471132517 280.14798165112734 5474.7377753481269 414.90666829794645 1040.7438635602593 84.938274746760726 687.93000245466828 124.44734841026366 2361.8238109573722 3.8722210116684419 65.992873413488269 389.15081846900284 13.014167664572595 6.4004419632256031 231.53892429918051 1096.3507885560393 260.99728947132826 51.925323456525803 360.50700728595257 126.69741827249527 239.82919038273394 7.9915167950093737 280.17532188817859 28.468367025256157 15.17850563302636 13.303880270570515 1458.7552700862288 91.16572493314743 21.969537075608969 207.32884373888373 30.338835092261434
leaf_count=7454 9349 212871 14787 16726 2451 9708 1675 80787 127 2075 12005 185 68 5116 20334 2419 1268 10734 1853 3863 95 4353 411 190 226 41206 2231 563 6384 918
internal_value=-0.00015179 -0.00553536 -0.00854995 0.0136891 0.00251934 0.0183521 0.0150355 -0.0120066 0.00652668 0.0104463 -0.00655896 0.0266269 0.129899 0.0123054 0.00822749 0.0227523 0.0400532 -0.00534986 0.00612706 0.0339489 0.0192538 0.0332216 0.0301482 0.0728817 -0.0123384 0.00968693 0.0300506 -0.00609391 0.00937273 0.042823
internal_weight=15866.2 12290.4 10624.4 1666.01 2528.2 3575.8 2887.87 8096.2 2113.29 1626.19 487.103 97.9524 10.2727 2523.59 1815.09 708.5 312.923 718.743 358.236 364.277 1372.56 331.814 323.822 43.6469 293.452 1615.91 157.159 2621.46 259.637 52.3084
internal_count=472432 408008 376658 31350 75135 64424 54716 301523 60348 45707 14641 2636 195 49178 38037 11141 3687 17703 6969 5538 21775 5049 4954 601 9575 45512 4306 88652 7865 1481
is_linear=0
shrinkage=0.03


Tree=20
num_leaves=31
num_cat=0
split_feature=10 9 0 6 2 3 7 10 22 12 10 20 6 21 21 12 11 0 11 6 9 11 14 11 8 12 10 12 21 0
split_gain=1636.32 697.204 279.116 221.074 164.247 313.202 136.144 129.337 128.263 110.168 112.858 104.693 97.9631 95.9489 172.598 127.537 111.206 92.8875 85.5682 84.9271 172.854 83.4397 81.5431 74.4967 73.1302 71.9335 71.2806 75.4806 70.843 96.2416
threshold=134.50000000000003 41.500000000000007 224.09500000000003 192.86223179510634 0.25881904510252091 1.0000000180025095e-35 0.36056469282324233 695.50000000000011 93546.000000000015 1.0000000180025095e-35 27.500000000000004 25.087862014770511 85.664168144928695 121.50000000000001 2117.5000000000005 1.0000000180025095e-35 4.5000000000000009 58.955000000000005 15.500000000000002 56.185516830688655 2.5000000000000004 5.5000000000000009 19.500000000000004 19.500000000000004 235.00000000000003 1.0000000180025095e-35 2.5000000000000004 2.5000000000000004 9421.5000000000018 25.001500000000004
decision_type=2 2 2 2 2 2 2 2 2 2 2 2 2 2 2 2 2 2 2 2 2 2 2 2 2 2 2 2 2 2
left_child=4 2 8 22 6 -6 13 -5 19 -7 26 -12 -10 15 21 -1 -17 -9 -13 20 24 25 28 -16 -2 -15 -11 -28 -3 -30
right_child=1 3 -4 7 5 9 -8 17 12 10 11 18 -14 14 23 16 -18 -19 -20 -21 -22 -23 -24 -25 -26 -27 27 -29 29 -31
leaf_value=0.0082205480304470974 -0.015068527074057668 0.016986566390907912 0.0018823087447653562 -0.020783284544963695 0.067666360260252967 0.005213832523838096 0.027386486933531573 -0.0089117771641242099 0.027747737410617007 0.032834600008294287 0.012930156227114057 0.019817926800606234 -0.0061402380460840499 -0.0057968963161872927 0.013522300560140921 0.042965223661342533 -0.019124270277033974 0.0087245019499383614 0.14368826495548878 -0.015307353077632924 0.014606636364637306 -0.016497128187399741 -0.0081915365475430536 0.081281842452570849 0.054629264578295519 0.024594047530729527 0.039653095645895524 0.10028722701251305 0.0059570972023369343 0.055205922342851897
leaf_weight=330.50530205108225 665.12922340258956 903.74848842993379 1664.559458129108 219.21546013653278 152.6443438231945 270.80426480434835 530.23520465567708 366.31619101017714 80.359862169250846 130.59748795628548 292.05590965412557 9.7290917746722716 1720.4793059043586 187.61412196606398 927.37342962995172 236.29546806588769 29.16620210558176 1009.3580600395799 10.367317929863928 5047.822902129963 273.29187816567719 318.62968413159251 99.228576380759478 14.836509348824618 13.83054158464074 111.90278088673949 37.285973073914647 36.62988511659205 53.806750018149614 106.19318982586265
leaf_count=6267 24987 13810 49073 7803 2013 4867 7435 12576 1113 1297 5078 157 62360 4201 17130 2286 827 29203 158 196157 6119 9721 2316 300 223 1750 530 407 834 1434
internal_value=-0.000152097 -0.00540259 -0.00927001 0.00787107 0.0175442 0.0283367 0.0137675 0.000617974 -0.0116497 0.020713 0.0288367 0.0174876 -0.00462804 0.0104186 0.00650765 0.0206583 0.0361435 0.00402829 0.08372 -0.0137571 -0.0055396 -0.00581078 0.0178179 0.0145893 -0.0136488 0.00555749 0.046159 0.0697011 0.0202441 0.0386439
internal_weight=15850 12223.3 9465.47 2757.87 3626.67 940.114 2686.56 1594.89 7800.91 787.47 516.666 312.152 1800.84 2156.32 1560.36 595.967 265.462 1375.67 20.0964 6000.07 952.252 618.147 1162.98 942.21 678.96 299.517 204.513 73.9159 1063.75 160
internal_count=472432 408008 340032 67976 64424 14507 49917 49582 290959 12494 7627 5393 63473 42482 33102 9380 3113 41779 315 227486 31329 15672 18394 17430 25210 5951 2234 937 16078 2268
is_linear=0
shrinkage=0.03


Tree=21
num_leaves=31
num_cat=0
split_feature=5 5 18 9 12 5 18 12 0 16 16 0 18 17 14 18 17 5 17 5 5 0 5 8 5 0 17 12 8 18
split_gain=1533.76 704.222 349.552 331.95 329.25 307.482 184.599 161.165 150.734 136.784 135.367 131.112 122.737 103.37 95.7847 94.4061 91.6828 81.9599 92.5569 91.3765 99.7042 74.371 74.2171 73.9835 73.2939 74.8418 70.5979 70.2948 69.7966 69.6458
threshold=61.796000000000006 182.7352221345952 23.500000000000004 4.5000000000000009 27.500000000000004 41.268379638916763 1730.5000000000002 27.500000000000004 137.01650000000004 1.0000000180025095e-35 1.0000000180025095e-35 261.97500000000008 5583.5000000000009 0.0056861259508878001 9.5000000000000018 3193.5000000000005 0.016336422413587574 44.677524918831175 0.20019646733999255 48.186564067272009 47.244698122241168 266.78000000000003 32.515324423541337 235.00000000000003 194.67837767687723 159.95500000000001 0.14280740171670916 78.500000000000014 236.50000000000003 3595.5000000000005
decision_type=2 2 2 2 2 2 2 2 2 2 2 2 2 2 2 2 2 2 2 2 2 2 2 2 2 2 2 2 2 2
left_child=3 4 24 23 8 14 -4 11 15 -6 21 -8 -12 -11 22 -2 -14 18 -7 20 -19 -9 -5 -1 -3 -26 -13 -18 -15 -17
right_child=1 2 6 5 9 17 7 10 -10 13 12 26 16 28 -16 29 27 19 -20 -21 -22 -23 -24 -25 25 -27 -28 -29 -30 -31
leaf_value=-0.0099104865116214948 -0.010938024751336482 0.082713515021362663 -0.012400582030882517 -0.0068051655744032873 -0.015819634215213041 0.056945202405792282 0.014391436880611076 -0.0089486173899754589 0.019220719441281925 -0.021873133851041442 -0.004450166250264705 0.06704856320487379 -0.0089622909960963247 0.0085776619135667208 -0.00031249848963346737 0.044461057594997654 0.066001403155841409 0.023940694074498798 0.021021188752293574 0.034079042818583309 -0.0029381582675878392 0.0062254250429066727 0.019062708786673974 0.05685534562078088 0.01515743297679744 0.07012635806785987 0.015443583119572012 0.020622655983791434 -0.0071480087796485341 0.0040994836901752148
leaf_weight=425.78119779936969 524.56946292519569 47.716370910406113 508.86749035492539 114.43946893140674 4206.9527985919267 172.09458271414042 482.31820812448859 756.45533187687397 408.2797874212265 399.72225514054298 292.00557986088097 75.174911979585886 92.768517207354307 282.36984545923769 531.9513445161283 43.790193658322096 32.503238255158067 715.53870279714465 103.2883573397994 662.2775525059551 150.2914621271193 472.13733373209834 781.48288961872458 15.480253756046293 56.133006811141968 36.976769767701626 34.951944872736931 560.86954681389034 2529.534465411678 317.12074493616819
leaf_count=13908 15690 359 16043 2344 163018 1561 10106 25773 7282 15820 9113 839 2423 10742 12179 1031 714 8225 1229 7625 1738 11638 13026 236 1104 321 433 14448 93563 9901
internal_value=-0.000151744 -0.00528279 0.00619124 0.0168388 -0.00982492 0.0201717 0.00422066 0.00724226 0.00414039 -0.0122604 0.00351243 0.0211351 0.0118397 -0.00759809 0.00977129 -0.0028129 0.0187723 0.028406 0.0434711 0.0256911 0.019275 -0.00311737 0.0157585 -0.00756822 0.0524808 0.0369873 0.0506702 0.0231084 -0.00556885 0.00899665
internal_weight=15833.8 12161.2 3448.88 3672.63 8712.34 3231.36 3308.05 2799.18 1293.76 7418.58 2206.74 592.445 978.147 3211.63 1427.87 885.48 686.141 1803.49 275.383 1528.11 865.83 1228.59 895.922 441.261 140.826 93.1098 110.127 593.373 2811.9 360.911
internal_count=472432 410361 93314 62071 317047 47927 91530 75487 33904 283143 64109 11378 26698 120125 27549 26622 17585 20378 2790 17588 9963 37411 15370 14144 1784 1425 1272 15162 104305 10932
is_linear=0
shrinkage=0.03


Tree=22
num_leaves=31
num_cat=0
split_feature=10 5 5 19 10 14 7 0 18 12 18 10 6 5 16 15 15 20 16 18 18 6 14 22 5 10 19 14 21 0
split_gain=1438.54 652.323 408.102 208.787 207.082 162.173 146.716 143.939 123.151 343.31 171.417 118.856 117.444 109.59 86.3355 84.0061 83.7882 75.398 72.1955 66.0287 78.4399 114.045 65.8657 64.6434 72.5047 64.0323 63.9418 75.3945 60.1139 98.4157
threshold=134.50000000000003 57.129780701754392 183.47462987012989 1.5000000000000002 635.50000000000011 1.0000000180025095e-35 -0.15061323321736023 112.99500000000002 23.500000000000004 1.0000000180025095e-35 2182.5000000000005 2.5000000000000004 146.1395635446238 182.7352221345952 1.0000000180025095e-35 1.5000000000000002 2.5000000000000004 39.555328369140632 1.0000000180025095e-35 6639.0000000000009 8527.5000000000018 110.14181666427147 19.500000000000004 68014.500000000015 77.17051282051284 2.5000000000000004 3.5000000000000004 11.500000000000002 9421.5000000000018 25.001500000000004
decision_type=2 2 2 2 2 2 2 2 2 2 2 2 2 2 2 2 2 2 2 2 2 2 2 2 2 2 2 2 2 2
left_child=6 3 7 -2 -4 -6 8 23 9 -1 16 13 19 14 -11 -13 25 -14 -9 -7 21 -21 28 -3 -25 -10 -8 -28 -5 -30
right_child=1 2 4 22 5 12 26 18 10 11 -12 15 17 -15 -16 -17 -18 -19 -20 20 -22 -23 -24 24 -26 -27 27 -29 29 -31
leaf_value=0.0044844294836553578 -0.016986612954678321 -0.016744897708267762 -0.017349638613122983 0.014773044940906947 -0.0092365049298487167 -0.031108748978839158 0.010001557845724374 -0.00995729327107105 -0.00013649736919218327 0.06134791776520835 0.014464497589743438 0.10354616684825113 0.026460125828065381 0.076263783851009473 0.014341616232958569 0.038858698745867212 -0.01441252192533154 0.007065719418304528 0.00019333019623049916 0.085447399754241218 0.016010116128031715 0.27579438094719916 -0.0080394513806146609 0.094737219557482072 -0.010180215132857252 0.040907022504056749 0.028970409746341227 0.0041717411319644737 0.0026780647717056577 0.0466495550932403
leaf_weight=466.97267907299101 199.10034805908799 3340.0603296142071 399.34588294662535 1221.4348499868065 476.13292292691767 4.9778397399932173 257.98812698572874 1454.3213581778109 134.5153038315475 45.534357126802206 884.86222388967872 45.281443487852812 206.73069640807807 46.303790725767612 154.43219043686986 30.064314480870962 391.20148939080536 1416.7098500207067 1113.416567325592 13.158118788152938 8.844376100227235 3.6101024076342574 98.606816954910755 5.9463081639260045 1933.0750149544328 45.87748821824789 1086.7837602198124 122.80622347258031 68.171839406713843 139.65938813984394
leaf_count=9031 6974 138026 14787 19020 14959 148 4545 51008 2471 362 16224 298 5648 331 1704 360 11947 39150 37644 157 207 79 2316 163 74682 617 14124 2410 1079 1961
internal_value=-0.000151481 -0.00516246 -0.00800379 0.0119094 0.00247503 0.00619159 0.0161845 -0.0113818 0.0113627 0.0209116 0.00619259 0.0447631 0.0106328 0.0346755 0.0250454 0.0777347 -0.00661282 0.00953542 -0.0055558 0.0688685 0.0882992 0.126428 0.0156749 -0.0142155 -0.00985847 0.0103017 0.0235607 0.0264527 0.0173109 0.0322262
internal_weight=15815.9 12103.3 10376.3 1726.97 2529.51 2130.16 3712.62 7846.82 2245.05 788.589 1456.46 321.616 1654.03 246.27 199.967 75.3458 571.594 1623.44 2567.74 30.5904 25.6126 16.7682 1527.87 5279.08 1939.02 180.393 1467.58 1209.59 1429.27 207.831
internal_count=472432 408008 376658 31350 75135 60348 64424 301523 43345 12086 31259 3055 45389 2397 2066 658 15035 44798 88652 591 443 236 24376 212871 74845 3088 21079 16534 22060 3040
is_linear=0
shrinkage=0.03


Tree=23
num_leaves=31
num_cat=0
split_feature=10 9 17 0 2 3 0 7 18 10 18 10 12 10 18 20 21 13 16 8 8 13 9 0 10 10 19 17 18 0
split_gain=1342.92 601.638 315.242 195.526 141.022 261.843 139.406 110.545 95.5761 165.652 135.245 94.404 93.8075 92.6148 88.1493 88.0978 97.7967 83.9866 83.1838 145.381 82.2343 79.678 79.0353 111.551 71.8122 66.7979 66.3251 64.5118 61.4474 61.2229
threshold=134.50000000000003 20.500000000000004 0.097576983273029341 134.96000000000001 0.25881904510252091 1.0000000180025095e-35 111.94300000000003 0.36056469282324233 14.500000000000002 1.0000000180025095e-35 2182.5000000000005 10.500000000000002 1.0000000180025095e-35 27.500000000000004 7513.5000000000009 22.282862663269047 3763.5000000000005 25.006999969482425 1.0000000180025095e-35 238.50000000000003 235.00000000000003 6432.7849121093759 21.500000000000004 416.97000000000008 734.50000000000011 1002.5000000000001 6.5000000000000009 0.0065432852134108552 4346.5000000000009 26.404000000000003
decision_type=2 2 2 2 2 2 2 2 2 2 2 2 2 2 2 2 2 2 2 2 2 2 2 2 2 2 2 2 2 2
left_child=4 3 6 18 7 -6 24 8 9 -1 11 17 -7 -14 -4 -15 -17 -10 -2 20 -20 29 23 -8 -3 -23 -9 -21 -18 -16
right_child=1 2 14 -5 5 12 22 26 10 -11 -12 -13 13 15 21 16 28 -19 19 27 -22 25 -24 -25 -26 -27 -28 -29 -30 -31
leaf_value=0.0016185276803153293 -0.015572584518456386 -0.022671706419779523 0.0098041014260908319 -0.0026212730225630529 0.059839737839306739 0.0041652531859722687 -0.014209697965936985 0.010072596933681564 -0.0032706161788122043 0.035334649741094924 0.012997535947145564 -0.01457131997795817 0.040802057268608041 0.0080967826768261406 0.013236592091836601 0.118218335183934 0.015416903707801782 0.027797588588070795 0.0077064509515745528 -0.023338862235457156 0.11266488049158886 0.016178622779165673 0.0049244542683940578 0.13024479887714915 -0.0046404788011330644 0.046470817793173538 0.031654143534819157 -0.0078839521227802405 0.13161172045239852 0.077838611168060318
leaf_weight=238.56380878016353 3867.3624179270118 228.26924556493759 782.24678337015212 2202.4641653746367 164.26717406511307 277.74656067788601 8.6862407680600899 199.02186399511993 237.30325886793435 291.27467485889792 952.67573061957955 378.1891736201942 216.62721501477063 265.28977205231786 19.153099242597818 13.89674426987767 40.469361837953329 116.88182478584349 339.53003457561135 340.24211782589555 6.8539422284811726 377.58269662410021 1346.1588161643595 10.784735359251497 1539.1899150516838 79.269816525280476 359.95524258166552 851.21495256386697 4.5573997944593421 42.49719338491559
leaf_count=4718 154390 9012 13242 69680 2013 4867 205 3033 4589 3415 16802 11475 2234 4509 219 198 622 1483 12192 14399 171 4924 38880 153 54977 1016 4402 34161 64 387
internal_value=-0.000150896 -0.00503637 0.00374747 -0.0101557 0.0155086 0.0252733 -0.00140676 0.0120487 0.00904011 0.0201537 0.00554561 -0.00414789 0.0183368 0.0256146 0.0161624 0.0154669 0.048649 0.00698196 -0.0132257 -0.00732392 0.00978328 0.0257548 0.00579244 0.0658019 -0.00696923 0.0214347 0.0239701 -0.0122974 0.0271776 0.0577685
internal_weight=15798.2 12041.5 4433.84 7607.67 3756.72 982.854 3133.09 2773.87 2214.89 529.838 1685.05 732.374 818.587 540.84 1300.75 324.213 58.9235 354.185 5405.2 1537.84 346.384 518.503 1365.63 19.471 1767.46 456.853 558.977 1191.46 45.0268 61.6503
internal_count=472432 408008 123015 284993 64424 14507 103227 49917 42482 8133 34349 17547 12494 7627 19788 5393 884 6072 215313 60923 12363 6546 39238 358 63989 5940 7435 48560 686 606
is_linear=0
shrinkage=0.03


Tree=24
num_leaves=31
num_cat=0
split_feature=5 5 6 12 18 18 9 0 16 12 16 0 18 12 11 16 10 22 18 6 9 8 5 5 11 10 22 0 18 18
split_gain=1262.56 622.027 338.974 290.606 284.879 164.739 147.074 131.69 131.405 130.772 119.286 109.066 107.376 95.1135 150.096 180.638 95.3276 85.2259 84.6132 83.5189 87.6848 81.6722 78.9125 201.606 228.876 76.7249 72.1891 67.9769 65.2553 60.2678
threshold=61.796000000000006 182.7352221345952 38.091680187016983 30.500000000000004 23.500000000000004 1730.5000000000002 1.5000000000000002 137.01650000000004 1.0000000180025095e-35 27.500000000000004 1.0000000180025095e-35 261.97500000000008 5583.5000000000009 1.0000000180025095e-35 3.5000000000000004 1.0000000180025095e-35 4.5000000000000009 482566.00000000006 3193.5000000000005 39.255364657680246 8.5000000000000018 236.50000000000003 101.73264419171407 103.91350000000001 36.500000000000007 884.50000000000011 164.50000000000003 266.78000000000003 3955.5000000000005 4011.5000000000005
decision_type=2 2 2 2 2 2 2 2 2 2 2 2 2 2 2 2 2 2 2 2 2 2 2 2 2 2 2 2 2 2
left_child=2 3 6 7 26 -6 -1 18 -5 11 27 28 -12 -8 15 -15 -17 -14 -2 20 -4 -10 -23 24 25 -24 -3 -11 -7 -20
right_child=1 4 19 8 5 9 13 -9 21 10 12 -13 17 14 -16 16 -18 -19 29 -21 -22 22 23 -25 -26 -27 -28 -29 -30 -31
leaf_value=-0.015959635375918307 -0.010745103123166325 0.027125602657418556 -0.029542553183373642 -0.015317285753448392 -0.011977327743398804 0.019731333040098529 -0.0034596081072793402 0.016965342567429854 0.0083073115916308862 -0.0085983578882247898 -0.0043001093641879548 0.045016389760243192 0.02420490000280202 0.078384776510117743 0.0086408031113364304 0.013716584303963825 0.11523810111990249 0.0014372847307589885 0.026140999189770395 0.021902408948991162 0.046220374101882726 -0.018935090083324925 0.51306711392654847 -0.0069252560310148169 0.049415541001349796 0.18760165531493986 0.069030441779177623 0.0059180616086377518 -0.0042923503668092248 8.899922813066996e-05
leaf_weight=233.43848581425846 535.64593773521483 80.691203810274601 14.696017516776918 4011.2863719854504 497.56040140241385 355.24028675630689 401.63234350457788 437.3539066221565 281.23544417507946 744.99414141476154 290.37241453304887 117.19971087947488 493.45497174374759 63.178026720881462 1134.1384194586426 161.02108618244529 8.7780417352914792 211.34863086417317 112.61842497251928 1571.2563717085868 213.22320342063904 542.38011022098362 1.3789735753089183 2292.6696388162673 11.969187719747422 1.2363328654319046 68.32891234382987 475.71002338267863 142.61248061619699 275.23502363823354
leaf_count=8729 16334 1224 338 161636 16043 6975 8620 7716 10670 25773 9113 1272 12271 523 21483 2237 102 5314 2538 18250 1789 22362 54 85874 482 50 560 11638 3131 9331
internal_value=-0.000150098 -0.00492979 0.0149138 -0.00930134 0.00575928 0.00394245 0.00642158 0.00340429 -0.0117223 0.00674048 0.00334347 0.0189791 0.0110525 0.00937544 0.0131461 0.0350782 0.0189649 0.0173776 -0.003018 0.0243642 0.0413353 -0.00711627 -0.00863845 -0.00621796 0.104968 0.35921 0.0463399 -0.00294129 0.0128496 0.00765355
internal_weight=15781.9 11980.5 3801.36 8503.01 3477.51 3328.49 2002.19 1360.85 7142.16 2830.93 2215.88 615.052 995.176 1768.75 1367.12 232.977 169.799 704.804 923.499 1799.18 227.919 3130.87 2849.63 2307.25 14.5845 2.61531 149.02 1220.7 497.853 387.853
internal_count=472432 410361 62071 317047 93314 91530 41694 35919 281128 75487 64109 11378 26698 32965 24345 2862 2339 17585 28203 20377 2127 119492 108822 86460 586 104 1784 37411 10106 11869
is_linear=0
shrinkage=0.03


Tree=25
num_leaves=31
num_cat=0
split_feature=5 5 13 18 9 5 18 16 0 13 14 18 17 5 5 7 0 14 22 5 5 5 17 0 22 0 8 8 5 5
split_gain=1179.52 590.034 272.764 259.98 250.966 246.318 155.227 131.491 115.728 112.753 117.661 100.138 98.9989 93.264 110.213 105.116 91.5111 78.0843 74.8787 67.0754 76.7664 86.7676 75.3945 66.5174 65.3031 65.06 66.4708 234.23 316.466 64.5929
threshold=61.796000000000006 182.7352221345952 3192.4809570312505 23.500000000000004 4.5000000000000009 41.268379638916763 1730.5000000000002 1.0000000180025095e-35 221.60000000000002 2518.7480468750005 1.0000000180025095e-35 5583.5000000000009 0.0056861259508878001 293.58145646766178 353.90564182194623 -0.30841267287031809 261.97500000000008 9.5000000000000018 7952.5000000000009 44.677524918831175 48.186564067272009 47.244698122241168 0.20019646733999255 200.14600000000004 49.500000000000007 112.99500000000002 148.50000000000003 144.50000000000003 120.55234225571726 32.515324423541337
decision_type=2 2 2 2 2 2 2 2 2 2 2 2 2 2 2 2 2 2 2 2 2 2 2 2 2 2 2 2 2 2
left_child=4 2 8 24 -1 17 -5 -4 -2 16 -11 -12 -9 -13 15 -15 -8 29 -17 22 21 -21 -7 -19 -3 26 27 -14 -29 -6
right_child=1 3 7 6 5 19 9 12 -10 10 11 13 25 14 -16 18 -18 23 -20 20 -22 -23 -24 -25 -26 -27 -28 28 -30 -31
leaf_value=-0.0071857014410938776 0.00031485211446817692 0.016673821003507727 -0.015034763089881836 -0.011748901988806796 -0.0076545114640965235 0.048889164604044529 0.012601560617034754 -0.021256855025883675 0.028716298790042512 -0.0097899217792740308 -0.0053449825110291572 0.0085300860291458135 0.0052715356447882548 0.0010099083682015011 -0.011993780005149479 0.16464749637462056 0.043229086037371453 -0.0020424602768095612 0.061089004086556084 0.02019642131991381 0.029159271443684048 -0.004351822746134988 0.017515738974929512 0.12237428666320434 0.057998632056658027 0.0014819200340769406 -0.0098597309139474738 -0.030792963993245787 0.51447666657442204 0.016070612794529468
leaf_weight=433.97399626858532 1168.6560258492827 52.368595471605659 3989.5255744475871 492.10072146728635 118.04276447370648 186.28577275574207 489.3348628859967 375.89336410909891 145.15977489762008 477.66509133763611 444.21328666619956 1202.0922113098204 131.39771375060081 26.17066340893507 32.519205920398235 7.0081483684480181 106.99778879992664 541.68240116909146 60.806136749684811 759.74920213595033 708.66086541861296 156.23436529561877 109.43678762763739 3.8952166549861422 100.38919872604311 955.29658736102283 1658.2671423684806 1.9063060935586684 1.9256231617182491 825.73356912285089
leaf_count=14144 31921 817 162872 16043 2344 1561 9741 15865 2333 15370 14236 32341 5189 823 835 68 1063 12097 1010 8225 7625 1738 1229 82 967 32279 66436 76 76 13026
internal_value=-0.000149732 -0.00480979 -0.00910595 0.00556009 0.0143016 0.0170364 0.00380914 -0.0114252 0.00345285 0.00649851 0.00342514 0.0069858 -0.0068167 0.0111086 0.0356104 0.0520816 0.0180969 0.00788046 0.0717911 0.0241373 0.0217453 0.0160094 0.0372789 -0.00115417 0.0438316 -0.00484203 -0.00821045 0.012014 0.243216 0.0131032
internal_weight=15763.4 11919.7 8428.03 3491.67 3843.69 3409.72 3338.91 7114.21 1313.82 2846.81 2250.47 1772.81 3124.69 1328.6 126.504 93.9849 596.333 1489.35 67.8143 1920.37 1624.64 915.984 295.723 545.578 152.758 2748.79 1793.5 135.23 3.83193 943.776
internal_count=472432 410361 317047 93314 62071 47927 91530 282793 34254 75487 64683 49313 119921 35077 2736 1901 10804 27549 1078 20378 17588 9963 2790 12179 1784 104056 71777 5341 152 15370
is_linear=0
shrinkage=0.03


Tree=26
num_leaves=31
num_cat=0
split_feature=10 9 5 0 0 2 7 5 5 18 10 18 10 16 17 4 10 5 9 0 17 21 21 2 10 4 0 17 14 5
split_gain=1115.04 523.111 253.977 183.613 143.45 121.396 112.987 111.803 79.5536 128.579 186.286 176.927 89.6477 78.4536 116.776 73.4922 71.2988 86.5799 67.8888 98.1424 81.8264 227.27 66.1597 65.4766 81.8583 81.5303 67.3764 67.0457 66.3319 64.2078
threshold=134.50000000000003 20.500000000000004 106.33687521937524 134.96000000000001 111.94300000000003 0.78656609248549325 0.38042034553031639 293.58145646766178 39.785202697926486 23.500000000000004 1.0000000180025095e-35 2037.5000000000002 10.500000000000002 1.0000000180025095e-35 0.0065432852134108552 1.0000000180025095e-35 748.50000000000011 183.47462987012989 29.500000000000004 15.001000000000003 0.009662640746682884 9465.5000000000018 6427.5000000000009 0.37940952255126054 754.50000000000011 1.0000000180025095e-35 47.952000000000005 0.10001393035054208 10.500000000000002 215.96299999999999
decision_type=2 2 2 2 2 2 2 2 2 2 2 2 2 2 2 2 2 2 2 2 2 2 2 2 2 2 2 2 2 2
left_child=5 3 23 13 16 6 8 -6 -1 10 -10 12 -11 -2 -15 -7 -4 18 19 -18 21 -21 -9 28 -25 27 -27 -26 -3 -16
right_child=1 2 4 -5 7 15 -8 22 9 11 -12 -13 -14 14 29 -17 17 -19 -20 20 -22 -23 -24 24 25 26 -28 -29 -30 -31
leaf_value=-0.0036899080141441576 -0.014972902111221539 0.014089772456407029 -0.022113846520845408 -0.002265668657038956 0.0042440351457939986 0.043107559265079851 0.022926285277435482 -0.017397809926674532 0.0026560645578608114 0.0088911986432332023 0.035017505842957777 0.013808298937061595 -0.015749625703889623 -0.022881573629562488 -0.0042201030911279223 0.019149177783105178 0.21134667079334118 0.0082066160427244211 -0.012343561396223158 0.36551669468101594 0.0010753733867425192 0.0011188283163558576 0.076222436639508881 -0.0018963328289893083 0.17608975132241494 0.01339569869512809 0.049485879327350914 0.056293363216877806 -0.0049026617826997184 0.026057215124515604
leaf_weight=378.49292379431427 3726.8883661683649 838.16654128208756 249.40652832016349 2174.7185187954456 1364.3573851697147 177.26331856288016 658.0739923864603 8.7251164838671667 264.66777114570141 208.69099543057382 405.16601120121777 1079.6624000873417 365.81663327850401 322.1939087100327 1119.8156948070973 329.28242406249046 2.1062173452228299 351.16039049252868 895.15549982339144 2.1194743458181611 172.27196966856718 5.6380310282111168 30.687114372849464 76.386135295033455 4.6082487739622584 143.84362788870931 68.83408410474658 48.003330260515213 206.22209333255887 66.797124143689871
leaf_count=8077 154390 10993 10242 69680 39372 2044 8364 253 4498 3506 4000 17915 11371 14422 44273 4649 84 10471 35031 83 6876 221 473 1192 87 2023 853 479 4282 2228
internal_value=-0.000149225 -0.00470448 0.00340372 -0.00959285 -0.00139338 0.0138425 0.0117789 0.005683 0.00906444 0.0111416 0.0222307 0.00665127 -0.0067988 -0.0126363 -0.00686469 0.0275333 -0.00731379 -0.00472971 -0.00894651 0.00774922 0.00536728 0.100678 0.0554967 0.0140691 0.0254689 0.0333483 0.0250764 0.0667863 0.0103396 -0.00251572
internal_weight=15745.2 11878.1 4467.69 7410.41 3081.63 3867.12 3360.57 1403.77 2702.5 2324 669.834 1654.17 574.508 5235.7 1508.81 506.546 1677.86 1428.45 1077.29 182.136 180.029 7.75751 39.4122 1386.06 341.675 265.289 212.678 52.6116 1044.39 1186.61
internal_count=472432 408008 123015 284993 103106 64424 57731 40098 49367 41290 8498 32792 14877 215313 60923 6693 63008 52766 42295 7264 7180 304 726 19909 4634 3442 2876 566 15275 46501
is_linear=0
shrinkage=0.03


Tree=27
num_leaves=31
num_cat=0
split_feature=10 9 6 0 0 12 11 18 10 11 5 0 0 14 6 10 6 20 18 18 2 3 2 14 5 6 8 9 10 0
split_gain=1042.53 497.065 242.155 176.92 133.335 119.079 448.686 287.57 202.725 163.488 99.3821 79.3804 77.0952 76.064 80.2517 75.9237 78.7778 75.1951 95.4056 67.0757 66.7222 93.4502 64.5919 63.3013 60.4872 154.493 130.252 207.204 73.1679 63.8858
threshold=134.50000000000003 20.500000000000004 48.923200790549508 134.96000000000001 108.95500000000001 1.0000000180025095e-35 3.5000000000000004 1678.5000000000002 2.5000000000000004 1.5000000000000002 293.58145646766178 210.95500000000001 125.07000000000001 1.0000000180025095e-35 305.38637327838245 734.50000000000011 268.98440502350394 22.282862663269047 3785.5000000000005 2747.5000000000005 0.37940952255126054 -0.5 0.12940952255126045 10.500000000000002 252.49307733619767 384.5429111756327 41.500000000000007 7.5000000000000009 806.50000000000011 257.31000000000006
decision_type=2 2 2 2 2 2 2 2 2 2 2 2 2 2 2 2 2 2 2 2 2 2 2 2 2 2 2 2 2 2
left_child=5 3 20 -2 15 11 8 -8 13 -10 -6 -1 17 -7 -15 -4 -17 -9 22 -14 23 -22 -19 -3 28 26 -26 -28 29 -5
right_child=1 2 4 24 10 6 7 12 9 -11 -12 -13 19 14 -16 16 -18 18 -20 -21 21 -23 -24 -25 25 -27 27 -29 -30 -31
leaf_value=0.0030315241410655584 -0.012407774711791098 0.013890859297500982 -0.022774565532807708 0.00095374298151869416 0.0041425727567002274 0.069597524019562096 -0.013379145126991234 0.0061055628333150447 0.089119511361559198 0.03585819820117396 0.051413657267896769 0.03995610883095721 0.036380805171845068 0.018894919585814674 0.056745418954480494 -0.0086130703062462458 0.006976640292912473 0.033035364982523657 0.01167358891348688 0.014440861401058134 0.11931374090265373 0.022858195443674751 0.087281094790542427 -0.0047766342511001937 0.0044662565082497488 -0.013170549693293851 0.085664630549478232 -0.011254199528721625 -0.0067533742907561348 0.034772366246897259
leaf_weight=1039.2555319163948 5173.3841683268547 802.30230931192636 234.44370507262647 169.17706497199833 1381.2409917041659 34.883257828652859 396.45547925680876 860.80495691858232 102.71684596315026 104.77747180312872 41.222188392654061 55.181427694857121 238.52381369844079 401.62736458703876 57.650936413556337 1079.200735475868 399.79222656413913 89.058973096311092 235.27886575832963 264.45900406315923 9.297498941421507 326.39874028414488 25.387052696198225 205.32698428630829 106.50164271518588 155.18303529918194 59.910006441175938 29.692272260785103 1578.1632438339293 71.528659656643867
leaf_count=19097 215313 10487 9663 5778 39601 307 10846 16033 626 1053 726 532 2497 3880 373 41495 12262 1525 3894 3422 84 4415 339 4282 2825 4069 839 749 53183 2237
internal_value=-0.000148301 -0.00458774 0.00328851 -0.00939189 -0.00127686 0.0132889 0.0165569 0.00964594 0.037339 0.0622244 0.00551246 0.00489326 0.0149733 0.0268899 0.0236461 -0.00691323 -0.00439896 0.0108714 0.0226019 0.0248452 0.0139461 0.0255296 0.0450685 0.0100869 -0.00220239 0.00919426 0.0268922 0.0535478 -0.00440348 0.0110034
internal_weight=15728.8 11822.8 4479.23 7343.54 3135.9 3906.06 2811.62 2109.97 701.656 207.494 1422.46 1094.44 1713.51 494.162 459.278 1713.44 1478.99 1210.53 349.725 502.983 1343.33 335.696 114.446 1007.63 2170.16 351.287 196.104 89.6023 1818.87 240.706
internal_count=472432 408008 123015 284993 103747 64424 44795 38556 6239 1679 40327 19629 27710 4560 4253 63420 53757 21791 5758 5919 19268 4499 1864 14769 69680 8482 4413 1588 61198 8015
is_linear=0
shrinkage=0.03


Tree=28
num_leaves=31
num_cat=0
split_feature=5 0 13 6 11 22 9 5 18 6 2 14 0 0 14 6 17 2 5 7 9 5 5 22 6 22 5 3 16 21
split_gain=987.496 522.164 266.016 265.314 180.119 163.138 120.001 102.027 105.037 96.5745 86.5248 84.648 76.7076 70.8393 194.093 70.3571 89.1351 67.0083 65.0838 62.0606 70.704 56.3973 103.346 78.5734 72.451 71.8989 61.3882 54.2697 58.5229 54.1216
threshold=61.796000000000006 139.96000000000001 3192.4809570312505 38.091680187016983 17.500000000000004 93546.000000000015 1.5000000000000002 253.46117030533148 6532.5000000000009 458.29373749271912 0.25881904510252091 2.5000000000000004 261.97500000000008 141.00500000000002 6.5000000000000009 39.255364657680246 0.18883550167083743 0.78656609248549325 183.47462987012989 -0.53341938877051609 6.5000000000000009 285.65054687500003 353.90564182194623 7952.5000000000009 72.498747441651545 439508.00000000006 315.04861216391322 -0.5 1.0000000180025095e-35 5790.5000000000009
decision_type=2 2 2 2 2 2 2 2 2 2 2 2 2 2 2 2 2 2 2 2 2 2 2 2 2 2 2 2 2 2
left_child=3 4 12 6 10 -6 -1 13 -9 21 -2 17 -3 14 -4 16 -5 19 -7 -8 -21 24 23 -23 -10 -26 -25 28 -12 -13
right_child=1 2 7 15 5 18 11 8 9 -11 27 29 -14 -15 -16 -17 -18 -19 -20 20 -22 22 -24 26 25 -27 -28 -29 -30 -31
leaf_value=-0.01533624265559416 -0.0018187305284996852 0.012045268574846345 0.021453505247573629 0.048589484960918763 -0.014180420978707109 -0.0070681683253119333 -0.0013134471783049029 -0.0089601083952120294 0.08732358019750372 -0.0042287459013725442 0.030781758582334947 -0.000531749850362384 0.030022458573463386 -0.0034642381443319402 0.3666504313987537 0.018723484144349174 0.0095624182590151648 0.041558724139297419 0.005126746935653701 -0.0030883504712588671 0.02754204770466135 0.13082167742539025 -0.0033519214221084995 0.059243849319297562 -0.0037769895760304561 0.048376890995272884 -0.005390073165294264 0.013214143929218398 0.12068199768586527 0.014190985444012656
leaf_weight=224.49469573050737 807.51936073228717 693.22478236816823 53.825792977586389 163.99966125562787 4487.2543574143201 1650.5927829090506 183.67873855866492 158.01429451443255 11.694111734628676 106.13778628595173 24.068877458572388 889.70685401558876 308.76330972649157 2491.4727088604122 1.5069883354008187 1653.3429844807833 77.587192552164197 84.877279374748468 517.32048846594989 89.794660285115242 277.1930904276669 11.674194838851689 33.066887656226754 78.127319499850273 95.007205730304122 31.736752800643444 15.920313218608497 176.60679253004491 8.9367312565445882 300.65504973381758
leaf_count=8729 20065 11993 1868 1299 195626 65166 3135 4557 98 2623 360 17140 3907 80271 35 18250 828 1212 15200 2264 3722 149 769 1159 2131 592 336 3352 104 5492
internal_value=-0.000147196 -0.00450355 0.00415344 0.0128407 -0.00911868 -0.0109157 0.00536182 -0.000204525 0.0116225 0.0201061 0.00263922 0.00790664 0.017585 -0.00271861 0.0308549 0.0209332 0.0360557 0.0167467 -0.00415814 0.0129223 0.0200474 0.0294229 0.0429369 0.0574147 0.0158746 0.00928237 0.0483027 0.0198132 0.0551235 0.00318684
internal_weight=15707.8 11762.5 4090.17 3945.33 7672.3 6655.17 2050.4 3088.18 541.379 383.365 1017.13 1825.91 1001.99 2546.81 55.3328 1894.93 241.587 635.544 2167.91 550.666 366.988 277.227 138.789 105.722 138.438 126.744 94.0476 209.612 33.0056 1190.36
internal_count=472432 410361 110488 62071 299873 275992 41694 94588 12414 7857 23881 32965 15900 82174 1903 20377 2127 10333 80366 9121 5986 5234 2413 1644 2821 2723 1495 3816 464 22632
is_linear=0
shrinkage=0.03


Tree=29
num_leaves=31
num_cat=0
split_feature=5 5 6 20 18 18 22 19 14 7 10 0 14 18 21 6 2 0 6 17 5 6 3 5 0 0 10 10 21 20
split_gain=923.789 500.122 242.779 214.212 208.364 137.461 113.095 110.133 105.162 99.9718 94.8888 125.788 95.5577 84.7097 74.9108 87.6271 75.572 70.7533 63.6215 79.4496 62.5955 61.9583 62.9136 69.3491 55.176 54.0346 52.6264 59.179 50.1637 69.4998
threshold=61.796000000000006 182.7352221345952 38.091680187016983 29.510548591613773 23.500000000000004 1730.5000000000002 68014.500000000015 2.5000000000000004 2.5000000000000004 0.46151998718692028 69.500000000000014 78.958500000000015 1.0000000180025095e-35 2095.5000000000005 3428.5000000000005 146.1395635446238 0.91597561503675362 18.306500000000003 39.255364657680246 0.18883550167083743 194.67837767687723 119.55702113097188 -0.12940952255126037 106.33687521937524 58.955000000000005 159.95500000000001 941.50000000000011 10.500000000000002 5790.5000000000009 36.951864242553718
decision_type=2 2 2 2 2 2 2 2 2 2 2 2 2 2 2 2 2 2 2 2 2 2 2 2 2 2 2 2 2 2
left_child=2 3 7 9 20 26 24 -1 17 13 11 -7 -12 -2 -14 -16 -17 -9 19 -4 -3 -11 -23 -24 -5 -22 27 -6 -10 -30
right_child=1 4 18 6 5 10 -8 8 28 21 12 -13 14 -15 15 16 -18 -19 -20 -21 25 22 23 -25 -26 -27 -28 -29 29 -31
leaf_value=-0.011293172672843414 -0.010215284669027823 0.065398819621160717 0.045803229328351014 -0.018279993493021014 0.013385959746370179 -0.011876769308174372 -0.0059647790005598403 -0.0016071433458968646 -0.00051604100061193548 0.0062273629787895721 -0.0070079895468057648 0.034221691205409882 -0.0081438892203791712 0.0059437543313785417 0.053049989619773343 0.0072088155429850323 0.044750615203397001 0.024484070291367118 0.017905210393147616 0.0092098415069035051 0.0080350809381029564 0.013481613264817244 0.15202825059207109 0.04616954007510219 -0.01108432401730977 0.051020889566735617 0.041017269325619173 -0.017540764352195877 0.053112591971392668 0.0083939498885870368
leaf_weight=310.36114320531487 557.73909523151815 52.152456663548946 168.68222454190254 1571.3368509784341 64.674028087407351 71.430761950090528 2711.4745372887701 119.08921809308231 889.29332866147161 156.34788486734033 545.52013722620904 209.57695487514138 253.67649720050395 612.74353565089405 40.226200567558408 1709.253118481487 49.660503789782524 436.0224966853857 1676.6689397413284 78.132228130474687 64.970618240535259 58.136263810098171 6.2760931625962249 49.483250355347991 2461.3822681549937 44.23946563154459 16.663662059232593 400.66641907207668 35.394384559243917 268.99291068688035
leaf_count=11112 18231 359 1299 71654 1201 1603 105470 1836 17140 2893 16799 2678 8453 15685 671 44127 1156 6114 18250 828 1104 1137 90 662 101225 321 552 14290 483 5009
internal_value=-0.00014598 -0.00439162 0.0123348 -0.00845939 0.00505972 0.00346113 -0.0107026 0.00517598 0.00809879 0.00204112 0.00594331 0.0225037 0.00415232 -0.00175608 0.00711808 0.00927 0.00826876 0.0188867 0.0199986 0.0342191 0.0383601 0.0184877 0.0353177 0.0580847 -0.0138881 0.025448 -0.0113667 -0.0132425 0.00308197 0.0135939
internal_weight=15690.3 11707.6 3982.64 8184.92 3522.71 3361.35 6744.19 2059.15 1748.79 1440.73 2879.34 281.008 2598.34 1170.48 2052.82 1799.14 1758.91 555.112 1923.48 246.814 161.363 270.243 113.896 55.7593 4032.72 109.21 482.004 465.34 1193.68 304.387
internal_count=472432 410361 62071 317047 93314 91530 278349 41694 30582 38698 75487 4281 71206 33916 54407 45954 45283 7950 20377 2127 1784 4782 1889 752 172879 1425 16043 15491 22632 5492
is_linear=0
shrinkage=0.03


Tree=30
num_leaves=31
num_cat=0
split_feature=13 9 5 7 21 16 21 18 12 22 11 8 5 7 7 10 0 16 5 7 7 18 10 7 5 19 7 5 0 21
split_gain=886.624 439.151 205.23 135.316 120.513 125.768 108.247 188.382 163.867 99.284 96.5385 87.7546 75.7286 86.9445 72.61 70.4263 67.4786 66.208 65.4907 82.7072 111.929 61.9625 74.4911 61.8716 55.4729 57.3867 98.6306 69.0988 59.0277 56.4164
threshold=2518.7480468750005 41.500000000000007 215.96299999999999 -0.15629460436606704 7176.5000000000009 1.0000000180025095e-35 192.50000000000003 2182.5000000000005 1.0000000180025095e-35 68014.500000000015 4.5000000000000009 185.50000000000003 132.21875000000003 4.4326192389206618 0.23579621003165638 695.50000000000011 994.47500000000014 1.0000000180025095e-35 218.67191445969021 0.39996338849516716 0.68132665155721073 14.500000000000002 1.5000000000000002 1.4970501192344539 194.62598165517741 30.500000000000004 -0.086299077187796489 143.08184343434345 207.97500000000002 4810.5000000000009
decision_type=2 2 2 2 2 2 2 2 2 2 2 2 2 2 2 2 2 2 2 2 2 2 2 2 2 2 2 2 2 2
left_child=3 2 9 6 -4 18 8 21 -1 14 17 -11 13 -3 -2 -14 23 -10 19 -6 -21 22 -8 -7 25 26 -17 28 29 -28
right_child=1 12 4 -5 5 16 7 -9 10 11 -12 -13 15 -15 -16 24 -18 -19 -20 20 -22 -23 -24 -25 -26 -27 27 -29 -30 -31
leaf_value=0.0033381547984041317 -0.014577152702388038 0.0096669853458299874 -0.0075599936774401388 0.017204888836351448 0.016330313818713537 0.034459928225113935 0.001027873322141369 0.010029670356447435 0.053635935436380067 0.017680848301696805 -0.013378783743178958 -0.0064115736899359801 -0.020143279425597859 0.092333249335620135 -0.0062259059278973938 -0.014971624884406228 -0.029247227383712274 0.02583871228157093 0.0021009579391748981 0.32780680452201505 0.057464842016323819 -0.013470158382433959 0.072983506122680772 0.10116859143023554 0.0074397519824062966 -0.012869497247405352 0.093709284090303088 -0.018564158338753335 0.038946445737245428 0.2473473059651875
leaf_weight=478.62731238082051 3610.0510882604867 1480.0736605785787 471.07947110012174 1856.7625730074942 13.323313383385541 140.39406663738191 83.516479413956404 1139.7384543120861 109.71492456831038 144.78040804900229 43.03932249546051 2260.7639586143196 135.81026798859239 11.539873912930487 1265.4400218240917 34.165951497852802 13.624391280114649 259.55232920311391 446.01445956155658 2.0885733477771273 4.05330590903759 593.71335159055889 15.324315156787632 13.737666364759205 734.2269231416285 282.83185155689716 6.9549014344811493 7.1914647202938786 10.245192416012285 3.1142354495823383
leaf_count=8478 157309 27091 15488 27611 457 3095 1711 22386 827 2847 1346 88343 5158 206 44940 1399 328 2195 12456 53 102 18879 183 129 18583 10144 166 215 252 55
internal_value=-0.000144531 -0.00472988 -0.00812105 0.01096 0.00393018 0.012478 0.00670203 0.00253128 0.0152796 -0.00994886 0.0291418 -0.00496154 0.00577805 0.0103065 -0.0124096 0.000216481 0.0347487 0.0340977 0.00445176 0.0583167 0.149396 -0.00980883 0.0121839 0.0404056 0.00277974 -0.00715196 0.0190691 0.0613524 0.0896436 0.141227
internal_weight=15671.5 11091.5 8385.35 4579.99 1104.32 633.236 2723.23 1832.29 890.934 7281.04 412.307 2405.54 2706.15 1491.61 4875.49 1214.54 167.756 369.267 465.48 19.4652 6.14188 692.554 98.8408 154.132 1078.73 344.504 61.6717 27.5058 20.3143 10.0691
internal_count=472432 388816 325547 83616 32108 16620 56005 43159 12846 293439 4368 91190 63269 27297 202249 35972 3552 3022 13068 612 155 20773 1894 3224 30814 12231 2087 688 473 221
is_linear=0
shrinkage=0.03


Tree=31
num_leaves=31
num_cat=0
split_feature=13 22 17 7 7 18 10 18 15 6 0 5 6 10 15 18 8 2 2 15 13 18 10 13 17 5 7 18 17 14
split_gain=830.932 381.714 141.134 129.139 123.619 99.6134 235.462 163.198 107.723 99.4266 78.4382 85.88 78.3182 67.2877 66.8156 70.28 60.9482 56.6558 53.2863 61.4884 106.415 60.0578 56.5868 53.0314 52.635 60.137 72.7474 52.7345 51.3572 72.1867
threshold=2518.7480468750005 96484.000000000015 0.019868137314915661 0.23579621003165638 -0.15629460436606704 23.500000000000004 1.5000000000000002 2182.5000000000005 1.5000000000000002 305.38637327838245 159.95500000000001 55.16555000000001 314.63076465601802 27.500000000000004 11.500000000000002 6251.5000000000009 23.500000000000004 0.91597561503675362 0.37940952255126054 3.5000000000000004 100.0279998779297 1678.5000000000002 4.5000000000000009 70.029499053955092 0.087325815111398711 293.58145646766178 -0.32767675409786451 7810.5000000000009 0.018303121440112594 1.0000000180025095e-35
decision_type=2 2 2 2 2 2 2 2 2 2 2 2 2 2 2 2 2 2 2 2 2 2 2 2 2 2 2 2 2 2
left_child=4 3 -3 10 5 6 9 13 -8 -1 11 16 -11 -7 -4 -16 -2 24 19 20 -6 -21 -22 -14 25 -17 -27 -28 -5 -30
right_child=1 2 14 28 18 7 8 -9 -10 12 -12 -13 23 -15 15 17 -18 -19 -20 21 22 -23 -24 -25 -26 26 27 -29 29 -31
leaf_value=0.0011322827106149621 -0.01843080996764979 -0.0039830965850359262 0.15783367849600688 -0.012633889319314145 0.013555418758548939 0.00076343240460058478 0.060054724340531294 0.00964373395588735 0.018071873567025394 0.069843038623626938 0.001403446259666753 -0.013899462672837152 -0.0065400144446600313 -0.017479071115613424 -0.0019442925160026775 0.0031454681284805489 0.0086339617044968436 0.035801931769102818 0.024345947320226741 -0.005026898561465422 0.037511461766510386 0.013112142367942729 0.092982633974691725 0.077426676724740143 0.015259048133841864 -0.026334134427452031 0.11389675601132573 0.035275340794756561 -0.0084456013577048836 0.0053858282606050701
leaf_weight=554.39900051616132 103.6785923037678 1813.5453065522015 2.641304548829793 342.70221427641809 321.45009151101112 358.04629184678197 124.23812058009207 1149.6353957243264 98.708050362765789 35.890687301754951 386.69987367466092 4184.3381816055626 34.685814443975687 370.04733184911311 613.21441428549588 1058.4804539550096 269.64263050630689 72.287968426942825 547.31044962629676 216.57883763872087 96.185231857001781 680.30542468652129 19.990864310413599 8.4111783504486066 683.90631218254566 12.504960363730786 10.604026935994623 27.827179510146379 538.74800300225616 918.69414254277945
leaf_count=8930 3977 65476 23 12466 4344 7708 1007 22386 1182 207 11656 186582 640 13875 14569 32833 4524 1247 8195 4773 730 9428 141 70 8372 368 145 379 18602 27597
internal_value=-0.000143154 -0.0046123 0.0023782 -0.00906396 0.0105454 0.00647235 0.0149519 0.0026053 0.0414671 0.00561877 -0.0115688 -0.0126694 0.0371086 -0.00850816 0.00702726 0.00686657 0.00111755 0.00976264 0.0164631 0.0132302 0.0224489 0.00873194 0.0470566 0.00984764 0.00871301 0.00467767 0.0365177 0.0569687 -0.00218415 0.000272997
internal_weight=15655.4 11039.5 4295.01 6744.5 4615.88 2734.06 856.333 1877.73 222.946 633.387 4944.36 4557.66 78.9877 728.094 2481.47 2478.83 373.321 1865.61 1881.82 1334.51 437.626 896.884 116.176 43.097 1793.32 1109.42 50.9362 38.4312 1800.14 1457.44
internal_count=472432 388816 123412 265404 83616 56005 12036 43969 2189 9847 206739 195083 917 21583 57936 57913 8501 43344 27611 19416 5215 14201 871 710 42097 33725 892 524 58665 46199
is_linear=0
shrinkage=0.03


Tree=32
num_leaves=31
num_cat=0
split_feature=12 9 17 7 0 6 16 8 8 0 6 0 7 2 3 12 0 18 19 18 18 17 17 3 0 0 18 7 9 7
split_gain=758.342 386.542 155.327 139.096 129.645 107.981 93.3359 149.316 104.739 88.4897 88.034 75.897 70.5996 66.8883 64.3667 63.4129 58.9757 60.3013 92.7976 87.7933 68.9368 60.0819 57.2412 57.2239 55.4292 81.1049 54.5871 53.3858 91.5531 124.127
threshold=26.500000000000004 20.500000000000004 0.097576983273029341 -0.15629460436606704 224.09500000000003 58.372396273751555 1.0000000180025095e-35 236.50000000000003 235.00000000000003 19.807500000000005 38.091680187016983 111.94300000000003 -0.59001127166077627 0.37940952255126054 -0.12940952255126037 1.0000000180025095e-35 129.96000000000001 3193.5000000000005 43.500000000000007 3785.5000000000005 10.500000000000002 0.024311616085469726 0.0061653614975512036 1.0000000180025095e-35 97.005500000000012 58.955000000000005 8739.5000000000018 -0.55245868802709641 12.500000000000002 -0.55650657654956126
decision_type=2 2 2 2 2 2 2 2 2 2 2 2 2 2 2 2 2 2 2 2 2 2 2 2 2 2 2 2 2 2
left_child=3 4 11 5 6 10 -2 8 -8 12 15 24 -7 14 -5 -1 17 18 -11 -19 21 -20 -9 -15 25 -3 -6 28 29 -14
right_child=1 2 -4 13 26 9 7 22 -10 16 -12 -13 27 23 -16 -17 -18 19 20 -21 -22 -23 -24 -25 -26 -27 -28 -29 -30 -31
leaf_value=-0.0072973917526239947 -0.013598555955000017 -0.0082908299568854125 0.011119899887995145 0.0038173235562750998 -0.0046183769018227194 -0.0032257448379523438 0.0095032568138990678 -0.021059353505415029 0.13486115468085091 -0.015278414753717799 0.019115741928211326 0.0040236033116504959 0.029045986714193336 0.038844030132257033 0.017225124960697582 0.011090827796556442 0.013914271648830818 0.02720435176025772 -0.021869075434902536 -0.0042979325573393491 0.00061103049713108319 0.076479661993744882 -0.0062235214887253944 0.018319936605333337 -0.018179954415990872 0.0077444660729422167 0.0088013428595828964 0.0086676749377181776 0.04364125262638871 0.25996970144286663
leaf_weight=273.41736486181617 3799.7428509946913 893.24127904511988 1320.1701442338526 506.63877606764436 855.30915019847453 44.134083414450288 371.56233251281083 315.59571874700487 6.097001288086175 589.78056675195694 683.2515106741339 1314.7492793090641 3.8535327017307281 174.21449718438089 885.41047831438482 441.07486754469573 169.96892542764544 109.15877745114267 7.3946412131190327 294.22541914507747 96.378556523472071 22.913377206772566 905.96686660125852 409.98832817003131 267.54458563216031 416.13077890314162 400.55889694020152 22.032345933839679 32.303443908691406 4.5905876979231817
leaf_count=6096 164903 33492 18127 8461 26784 980 13368 15081 107 19561 6966 37105 61 3439 12148 7414 2953 2193 85 8541 2503 149 38248 5453 10352 15392 11703 466 250 51
internal_value=-0.000141348 -0.00451874 0.00259346 0.00982939 -0.00902005 0.00552157 -0.0110396 -0.00495944 0.0115271 -0.000377732 0.0114166 -0.00129922 0.0258498 0.0159208 0.0123453 0.00405414 -0.00255175 -0.00505093 -0.0102745 0.00422682 0.013021 0.0524842 -0.0100564 0.0244404 -0.00573711 -0.00319466 -0.00033816 0.0462899 0.0666324 0.154586
internal_weight=15637.4 10866.7 4211.84 4770.73 6654.83 2794.48 5398.96 1599.22 377.659 1396.73 1397.74 2891.67 106.914 1976.25 1392.05 714.492 1289.82 1119.85 716.467 403.384 126.687 30.308 1221.56 584.203 1576.92 1309.37 1255.87 62.7799 40.7476 8.44412
internal_count=472432 384662 114468 87770 270194 58269 231707 66804 13475 37793 20476 96341 1808 29501 20609 13510 35985 33032 22298 10734 2737 234 53329 8892 59236 48884 38487 828 362 112
is_linear=0
shrinkage=0.03


Tree=33
num_leaves=31
num_cat=0
split_feature=13 9 5 6 18 11 13 18 10 11 22 1 14 6 5 5 22 8 17 14 8 8 8 9 1 2 17 10 7 1
split_gain=732.304 382.476 189.389 110.426 119.34 108.407 365.435 261.294 150.556 136.327 91.1496 89.6545 85.6068 102.695 102.347 79.46 78.9367 78.7538 71.2395 93.7177 114.21 84.4944 252.846 330.861 585.838 101.443 67.5257 74.2387 58.5075 55.1326
threshold=2518.7480468750005 41.500000000000007 215.96299999999999 458.29373749271912 6959.5000000000009 3.5000000000000004 25.006999969482425 2095.5000000000005 2.5000000000000004 1.5000000000000002 68014.500000000015 5.5720589661065594 1.0000000180025095e-35 290.37149697713068 300.24375000000003 40.528457893990939 143639.00000000003 185.50000000000003 0.028553660027682785 1.0000000180025095e-35 158.50000000000003 144.50000000000003 146.50000000000003 4.5000000000000009 4.6147243938875393 0.37940952255126054 0.085775598883628859 695.50000000000011 -0.23679969238840742 4.0935942773539606
decision_type=2 2 2 2 2 2 2 2 2 2 2 2 2 2 2 2 2 2 2 2 2 2 2 2 2 2 2 2 2 2
left_child=5 2 10 4 -4 6 15 28 -8 -10 18 -9 -6 -14 -15 -1 -16 -12 -2 -20 21 -21 23 25 -25 -23 27 -3 -7 -29
right_child=1 26 3 -5 12 7 8 11 9 -11 17 -13 13 14 16 -17 -18 -19 19 20 -22 22 -24 24 -26 -27 -28 29 -30 -31
leaf_value=-0.0058409515818915224 -0.017122917117817982 -0.019963005831312795 -0.0050532238672094327 -0.015328027290391393 -0.0011470635616277352 -0.01540164924168678 0.024096795869914617 0.010057999305156818 0.079862343701144853 0.030086076560710447 0.016588052672400259 0.032451507603048498 0.056679188702403543 0.010465137519701011 0.088214396859384675 0.01116931950604321 0.000960225762815222 -0.0060309758810845656 -0.015283911890706726 0.00091635592894138312 -0.011414906336220394 -0.0072063585996731301 0.0065790592351978577 0.6857249829245432 -0.015621825559249474 0.27841121159983628 0.010684027886805969 -0.0063726254019781901 0.00047580012136602158 0.0069123029446845358
leaf_weight=366.95803439803421 1541.2837894633412 136.25818573310971 348.62119731679559 215.31184729933739 157.27600107528269 441.01489804685116 409.39686298370361 1934.7050235085189 103.0397228077054 95.338212642818689 147.72708340920508 175.50137494131923 74.778006022796035 263.4705579187721 29.270860152319074 757.03432023897767 13.698472738265989 2226.9416862484068 1346.5939930602908 741.81429744325578 1042.6845217831433 6.3605785351246578 46.392139971256256 2.3859110176563263 1.9462977107614277 1.3581384699791668 1194.2849026303738 388.91807880066335 396.8273914437741 1014.5803166870028
leaf_count=7545 69379 5323 11659 6929 4699 16056 3477 34043 576 892 2847 1780 1485 6725 389 10391 222 88343 57352 28797 44362 265 1889 86 64 55 16040 13395 8856 28511
internal_value=-0.000139763 -0.00438761 -0.00762475 0.00394448 0.00862212 0.0097922 0.0157496 0.00629264 0.0344906 0.0559404 -0.00941974 0.0119204 0.0174755 0.0251585 0.0174668 0.00561585 0.0603981 -0.00462386 -0.0118271 -0.00926794 -0.00487221 0.0036525 0.0383822 0.160814 0.370636 0.0430492 0.00533068 0.00117846 -0.00788161 0.00323097
internal_weight=15621.8 10942 8207.92 1102.43 887.115 4679.82 1731.77 2948.05 607.775 198.378 7105.49 2110.21 538.494 381.218 306.44 1123.99 42.9693 2374.67 4730.82 3189.54 1842.94 800.257 58.4431 12.0509 4.33221 7.71872 2734.04 1539.76 837.842 1403.5
internal_count=472432 388816 325547 32108 25179 83616 22881 60735 4945 1468 293439 35823 13520 8821 7336 17936 611 91190 202249 132870 75518 31156 2359 470 150 320 63269 47229 24912 41906
is_linear=0
shrinkage=0.03


Tree=34
num_leaves=31
num_cat=0
split_feature=5 0 6 13 19 18 9 5 18 16 8 0 7 13 14 19 0 14 17 17 8 0 18 6 17 0 5 5 2 18
split_gain=693.268 420.232 197.296 178.378 147.426 136.274 90.3583 80.7905 79.8155 78.0748 159.727 76.7064 77.3979 73.5982 71.7909 65.1861 80.0987 112.388 61.3099 60.4475 60.4398 65.2639 57.1368 55.8405 68.4248 49.8332 48.1282 65.2512 63.7078 65.9821
threshold=61.796000000000006 139.96000000000001 38.091680187016983 3598.5009765625005 42.500000000000007 10.500000000000002 1.5000000000000002 253.46117030533148 6532.5000000000009 1.0000000180025095e-35 238.50000000000003 994.47500000000014 1.4970501192344539 1823.3979492187502 2.5000000000000004 1.5000000000000002 141.00500000000002 7.5000000000000009 0.0063338105101138362 0.024311616085469726 27.500000000000004 18.306500000000003 2397.5000000000005 39.255364657680246 0.18883550167083743 261.97500000000008 183.47462987012989 186.57689722863742 -0.37940952255126065 6390.5000000000009
decision_type=2 2 2 2 2 2 2 2 2 2 2 2 2 2 2 2 2 2 2 2 2 2 2 2 2 2 2 2 2 2
left_child=2 4 6 25 9 19 -1 15 -9 13 -11 12 -10 -2 20 -5 17 -17 -12 -6 -8 -22 -20 24 -4 -3 -24 28 -28 -30
right_child=1 3 23 7 5 -7 14 8 11 10 18 -13 -14 -15 -16 16 -18 -19 22 -21 21 -23 26 -25 -26 -27 27 -29 29 -31
leaf_value=-0.014497856826382674 -0.0035223532180542853 0.0097876817629703305 0.040593519129888754 -0.015963980187346155 -0.02402023385416777 0.00010361504511720728 -0.0044105241181097397 -0.0081323443038363308 0.017670587680919309 0.014044113922389001 -0.021512372850009103 -0.017772791545643506 0.064569472406905748 -0.014292660568021764 0.001802649927625091 0.028768414771775126 -0.001434770066239454 0.27225493992248856 -0.017394176695835834 0.061185021897481942 -0.001512936651329008 0.023900790319895445 -0.0060504363635260107 0.015219164897277428 0.0073014239389224975 0.023578122369202835 0.018583675673163009 0.0054859464069168737 0.065623614428729146 0.28052547989085586
leaf_weight=213.38310162350535 691.28688267804682 748.00913915969431 177.33048385940492 279.37306567654014 8.8698280528187734 844.96809470281005 129.24507772363722 151.18900988809764 312.80104741640389 322.83020369894803 286.18862626701593 48.719075514003634 35.237549893558025 3282.2792528383434 1234.1855472642928 46.202459637075663 2148.9115845430642 1.7715577371418465 357.57179021835327 48.294661577790976 115.87138086743653 422.76235417835414 1333.9284920226783 1751.640248734504 80.913460562005639 344.42362800613046 7.2305483315140009 171.89779857732356 3.0698288157582265 2.2126437500119209
leaf_count=8729 19520 12588 1299 10195 101 26624 3231 4449 6229 11703 14343 1269 332 151591 22632 1588 69611 27 14481 258 1698 5404 55850 18250 828 4200 211 5065 70 56
internal_value=-0.000139464 -0.00393072 0.0104084 0.00374524 -0.00822372 0.00313635 0.00401344 -8.05499e-06 0.0104157 -0.00981051 -0.00563947 0.0174837 0.0224189 -0.0124189 0.00609013 -0.00231463 -0.000578868 0.0377597 -0.0085785 0.0479643 0.014013 0.0184338 -0.00660531 0.0171392 0.0301624 0.0141355 -0.00406451 0.0103006 0.0764425 0.155639
internal_weight=15602.6 11477.3 4125.33 4116.64 7360.63 902.133 2115.45 3024.21 547.947 6458.5 2484.93 396.758 348.039 3973.57 1902.06 2476.26 2196.89 47.974 2162.1 57.1645 667.879 538.634 1875.91 2009.88 258.244 1092.43 1518.34 184.411 12.513 5.28247
internal_count=472432 410361 62071 110488 299873 26983 41694 93700 12279 272890 101779 7830 6561 171111 32965 81421 71226 1615 90076 359 10333 7102 75733 20377 2127 16788 61252 5402 337 126
is_linear=0
shrinkage=0.03


Tree=35
num_leaves=31
num_cat=0
split_feature=5 5 12 18 9 5 18 16 17 7 10 1 14 21 9 8 2 3 18 10 8 5 8 18 1 14 5 10 10 5
split_gain=649.679 399.04 173.976 153.653 136.353 159.886 117.327 112.192 81.9647 75.0217 73.7279 102.075 77.9062 61.3327 64.7517 72.6814 70.3997 57.5171 56.8359 56.7421 55.7575 54.9907 54.9526 57.7192 54.4771 52.5287 51.0677 49.7745 49.8698 49.6266
threshold=61.796000000000006 182.7352221345952 30.500000000000004 23.500000000000004 4.5000000000000009 41.268379638916763 1730.5000000000002 1.0000000180025095e-35 0.0056861259508878001 0.46151998718692028 69.500000000000014 4.381507744426159 1.0000000180025095e-35 3428.5000000000005 7.5000000000000009 498.00000000000006 0.78656609248549325 -0.70710678118654757 2095.5000000000005 1406.5000000000002 236.50000000000003 200.02500000000003 235.00000000000003 7724.5000000000009 2.1332776998728993 9.5000000000000018 32.515324423541337 941.50000000000011 10.500000000000002 44.439118825100145
decision_type=2 2 2 2 2 2 2 2 2 2 2 2 2 2 2 2 2 2 2 2 2 2 2 2 2 2 2 2 2 2
left_child=4 2 9 -3 22 19 27 -4 -9 18 11 -8 -12 -14 -15 -16 -17 -11 -2 25 -10 -18 -1 -24 -7 26 -6 28 -5 -26
right_child=1 3 7 6 5 24 10 8 20 17 12 -13 13 14 15 16 21 -19 -20 -21 -22 -23 23 -25 29 -27 -28 -29 -30 -31
leaf_value=-0.0085345053936021313 -0.0095071038326463662 0.032398936868396899 -0.01324956806209565 0.011041208207612539 -0.0094865077797066395 -0.010434296346890432 -0.011731150592164029 -0.019577243232779481 0.0092427094538656534 -0.0075173793411128179 -0.006470065392474026 0.02960595364243522 -0.0076308879629668723 0.020314352446566007 -0.0094825553267049827 0.006777497460116153 0.08794247687418226 0.023785387438852109 0.0041725904474691246 0.12762842122338816 -0.0050510712098997702 0.023717253355655346 0.099830053508739566 -0.0087715369248225015 0.030882614877764884 -0.0028907108272905467 0.010946801787217273 0.039572243427935874 -0.016913989953851731 0.016364202184161569
leaf_weight=399.52888004854321 466.08402946218848 169.42166461795568 3556.329405978322 67.556428525596857 125.33150280267 62.27831008285284 70.885121500119567 322.33650333620608 274.72501290403306 70.698471263051033 533.17748121544719 222.57673054933548 247.80963397212327 329.59364845231175 240.54132153838873 1196.9781700130552 15.257975051179526 209.01469909958541 661.01158184558153 3.3709978573024264 2317.8237356841564 56.162337735295296 8.8210978731513041 8.7966965287923795 239.58649588748813 569.94275476969779 904.65230889618397 16.997060718014836 383.22865926288068 1833.2504868283868
leaf_count=13908 14633 1784 161636 1201 2338 621 1603 15745 10667 1427 16799 2678 8453 8423 6843 29111 332 3045 16814 51 93080 1245 116 120 2003 12156 13004 552 14290 17754
internal_value=-0.000137853 -0.00383154 -0.00759474 0.00451917 0.0100202 0.0118354 0.00312202 -0.00967339 -0.00531024 0.0019669 0.00536159 0.0196211 0.00376412 0.00637953 0.00826794 0.00563668 0.00850392 0.0158735 -0.00148433 0.00467585 -0.0035364 0.0374381 -0.006248 0.0456045 0.0172117 0.0044168 0.00846042 -0.0108243 -0.0127245 0.0180423
internal_weight=15583.8 11428.2 7878.02 3550.19 4155.56 3738.41 3380.76 6471.21 2914.89 1406.81 2912.98 293.462 2619.52 2086.34 1838.53 1508.94 1268.4 279.713 1127.1 1603.3 2592.55 71.4203 417.147 17.6178 2135.12 1599.93 1029.98 467.782 450.785 2072.84
internal_count=472432 410361 317047 93314 62071 47927 91530 281128 119492 35919 75487 4281 71206 54407 45954 37531 30688 4472 31447 27549 103747 1577 14144 236 20378 27498 15342 16043 15491 19757
is_linear=0
shrinkage=0.03


Tree=36
num_leaves=31
num_cat=0
split_feature=13 9 5 6 21 2 3 7 11 13 21 10 14 6 5 19 6 1 17 5 5 17 18 11 11 19 9 8 9 1
split_gain=619.27 326.769 169.205 102.634 104.849 95.9109 107.45 82.8633 79.3765 250.079 202.082 86.2038 75.3459 76.7797 84.586 69.7927 85.0737 73.6676 130.539 63.8491 144.1 174.98 318.268 155.904 62.4828 58.0747 120.116 81.7691 110.499 126.442
threshold=2518.7480468750005 41.500000000000007 215.96299999999999 458.29373749271912 7176.5000000000009 0.60355339059327384 0.25881904510252057 0.23579621003165638 3.5000000000000004 25.006999969482425 1995.5000000000002 4.5000000000000009 1.0000000180025095e-35 297.5221818375345 300.24375000000003 3.5000000000000004 47.746429166681615 4.1102260986107213 0.20019646733999255 102.58994080996887 103.23119735755576 0.03922423534095288 8185.5000000000009 37.500000000000007 1.5000000000000002 6.5000000000000009 34.500000000000007 82.500000000000014 1.5000000000000002 3.9120330053281478
decision_type=2 2 2 2 2 2 2 2 2 2 2 2 2 2 2 2 2 2 2 2 2 2 2 2 2 2 2 2 2 2
left_child=5 2 7 4 25 8 -7 15 9 -1 -10 -11 -6 -14 -15 -2 17 -17 -19 -18 21 22 23 -21 -13 26 27 -4 -29 -30
right_child=1 -3 3 -5 12 6 -8 -9 10 11 -12 24 13 14 -16 16 19 18 -20 20 -22 -23 -24 -25 -26 -27 -28 28 29 -31
leaf_value=0.0029448921003285165 -0.015892336710906417 0.0047869187973604704 -0.0096484473583184766 -0.015047521386078455 -0.001173509085125636 0.028936510382368084 0.0093170155706240876 -0.0032551437516574484 -0.011078603825939093 0.025223534063801855 0.0086501594787954262 0.088836907361676418 0.050617319500039157 0.010434408328958471 0.055558704502048785 0.0099982882432162468 -0.017920450826002927 -0.03251669242708774 0.33578675944627395 0.65740813597786874 -0.0079983891585599359 -0.027039714935161493 0.045522808841461627 0.23325890311592276 0.027686901918266039 -0.016118777564553703 0.22807432246442694 0.24310251205108191 0.13763234818514622 0.0087494927077543475
leaf_weight=860.66509358584881 1652.8932950738817 2768.3964110706002 119.16815792024136 211.69780070334673 150.31803721189499 407.05698969587684 656.27859584987164 1750.4396960940212 640.47906046174467 398.75254108011723 1727.8570048902184 36.002786222845316 77.240836907178164 254.65534665249288 43.820381646975875 155.0385574772954 645.25364682637155 1.7490007486194366 1.7157501075416801 1.3078008741140386 2713.4029629789293 8.2682649716734868 7.0850498620420694 1.9323507659137247 25.826731618493795 182.43498928099871 2.1998330298811188 2.1629466153681269 7.8379905484616748 54.394283059984446
leaf_count=13953 76983 63269 4057 6929 4493 7491 9863 62411 19820 3336 28686 180 1439 6378 580 2173 31376 40 61 56 119528 395 325 91 287 5909 70 28 323 1902
internal_value=-0.000136198 -0.00410324 -0.00716246 0.00373567 0.00818234 0.00888926 0.0168276 -0.00889937 0.00660144 0.0124927 0.00331483 0.0303342 0.0167767 0.0239582 0.0170593 -0.0108035 -0.00842459 0.0130557 0.149868 -0.00943271 -0.00742805 0.0758039 0.158159 0.404455 0.063294 -0.00409614 0.0077111 0.00507026 0.0323083 0.0249819
internal_weight=15566.3 10813.4 8045.02 1105.93 894.233 4752.92 1063.34 6939.09 3689.58 1321.25 2368.34 460.582 526.035 375.717 298.476 5188.65 3535.75 158.503 3.46475 3377.25 2732 18.5935 10.3252 3.24015 61.8295 368.198 185.763 183.563 64.3952 62.2323
internal_count=472432 388816 325547 32108 25179 83616 17354 293439 66262 17756 48506 3803 12890 8397 6958 231028 154045 2274 101 151771 120395 867 472 147 467 12289 6380 6310 2253 2225
is_linear=0
shrinkage=0.03


Tree=37
num_leaves=31
num_cat=0
split_feature=10 9 0 6 0 12 11 18 10 11 21 10 6 6 14 6 20 0 0 9 17 21 2 10 0 0 18 0 0 10
split_gain=579.454 313.479 136.954 122.194 99.2254 87.8836 285.741 196.694 148.463 114.572 68.7852 67.8285 63.7571 60.0636 58.6643 56.9965 56.5696 75.4285 55.195 54.0043 83.5105 166.538 51.035 58.4784 53.3536 54.8836 69.7108 49.2685 103.283 48.9111
threshold=134.50000000000003 20.500000000000004 115.07150000000001 48.923200790549508 108.95500000000001 1.0000000180025095e-35 3.5000000000000004 1678.5000000000002 2.5000000000000004 1.5000000000000002 4003.5000000000005 734.50000000000011 395.77295757026781 268.98440502350394 1.0000000180025095e-35 305.38637327838245 23.440893173217777 129.96000000000001 210.95500000000001 29.500000000000004 0.009662640746682884 9465.5000000000018 0.37940952255126054 754.50000000000011 47.952000000000005 87.002500000000012 3595.5000000000005 107.01000000000001 75.003000000000014 23.500000000000004
decision_type=2 2 2 2 2 2 2 2 2 2 2 2 2 2 2 2 2 2 2 2 2 2 2 2 2 2 2 2 2 2
left_child=5 2 27 22 11 18 8 29 14 -10 16 -5 -6 19 -7 -16 17 -9 -1 20 21 -13 -3 -24 -25 26 -26 28 -2 -8
right_child=1 3 -4 4 12 6 7 10 9 -11 -12 13 -14 -15 15 -17 -18 -19 -20 -21 -22 -23 23 24 25 -27 -28 -29 -30 -31
leaf_value=0.00083703296174795193 -0.012295809693138725 0.0063116456521981222 -0.0022795430760540404 -0.02184057654321072 0.0024623591408099404 0.054276835664648103 0.0050953181007352922 0.0062411169271151725 0.06920841274666896 0.026993951741194185 0.0033384870916790522 0.28079425991617224 0.02179705047753552 0.0060884129409332953 0.012685242464170583 0.043502589821661719 0.03263138168834781 0.023104885334735526 0.029779103877243588 -0.010424223878617873 0.0034667225326004952 0.002124791541212573 -0.0035660222317320037 0.016679508764738508 0.1628121380369523 0.011920049011334925 0.050732183113009366 -0.020661011867336872 0.00050404153653188402 -0.019247639996073238
leaf_weight=1096.7415225580335 3102.6322445664555 1094.6781331263483 2584.2799620367587 211.3048830088228 1272.6876862216741 39.875021886080503 100.73366666957736 622.83765627630055 114.9693995565176 116.49126036837697 703.55242060497403 2.9814568534493429 174.54757126048207 408.92817004770041 439.83914261683822 61.574770629405975 146.86042967997491 387.04944426938891 62.693953838199377 871.24648544192314 148.75674051605165 5.4733088593930006 79.9181784465909 199.78518960624933 5.487571243196725 31.247756507247686 55.577716253697872 430.76355606876314 694.33685080893338 282.93079253472388
leaf_count=19097 142738 14769 89970 9663 36566 307 2192 11568 626 1053 10318 87 3761 12262 3880 373 2017 3807 532 35321 5860 227 1156 2379 57 344 563 20211 32074 8654
internal_value=-0.000135392 -0.00364432 -0.00772024 0.00244106 -0.000938144 0.00942191 0.0121199 0.00670176 0.0278536 0.0479624 0.0107354 -0.00597011 0.00479427 -0.00363705 0.0192548 0.0164697 0.0152343 0.0127043 0.00240201 -0.00750402 0.00867942 0.100394 0.00957394 0.0191734 0.0253949 0.044257 0.0608041 -0.011046 -0.00995515 -0.0128562
internal_weight=15550.8 11374.6 6812.01 4562.62 3095.93 4176.15 3016.71 2243.96 772.75 231.461 1860.3 1648.69 1447.24 1437.39 541.289 501.414 1156.75 1009.89 1159.44 1028.46 157.212 8.45477 1466.69 372.016 292.098 92.313 61.0653 4227.73 3796.97 383.664
internal_count=472432 408008 284993 123015 103747 64424 44795 38556 6239 1679 27710 63420 40327 53757 4560 4253 17392 15375 19629 41495 6174 314 19268 4499 3343 964 620 195023 174812 10846
is_linear=0
shrinkage=0.03


Tree=38
num_leaves=31
num_cat=0
split_feature=5 0 6 12 16 8 5 14 5 13 9 5 0 21 0 14 14 7 10 17 0 2 6 17 17 19 13 7 8 0
split_gain=553.497 362.463 164.61 157.865 126.495 114.58 108.299 114.743 96.359 81.7209 74.6683 70.5298 67.6403 74.3361 64.4431 82.9867 63.6944 63.6486 61.7035 55.286 51.7509 51.1982 48.3503 60.7706 47.3185 46.8829 46.3003 46.146 46.5026 45.4528
threshold=61.796000000000006 139.96000000000001 38.091680187016983 27.500000000000004 1.0000000180025095e-35 238.50000000000003 183.47462987012989 5.5000000000000009 194.67837767687723 1823.3979492187502 1.5000000000000002 253.46117030533148 994.47500000000014 6592.5000000000009 141.00500000000002 7.5000000000000009 2.5000000000000004 1.4970501192344539 852.50000000000011 0.14280740171670916 261.97500000000008 0.78656609248549325 39.255364657680246 0.18883550167083743 0.0051786652766168126 1.5000000000000002 17566.451171875004 -0.53341938877051609 274.50000000000006 6.2015000000000002
decision_type=2 2 2 2 2 2 2 2 2 2 2 2 2 2 2 2 2 2 2 2 2 2 2 2 2 2 2 2 2 2
left_child=2 4 10 19 9 29 24 8 26 -2 -1 14 13 -13 15 -5 21 -15 -10 20 -3 27 23 -4 -7 -16 -8 -12 -29 -6
right_child=1 3 22 11 5 6 7 -9 18 -11 16 12 -14 17 25 -17 -18 -19 -20 -21 -22 -23 -24 -25 -26 -27 -28 28 -30 -31
leaf_value=-0.013867318901176859 -0.0023480319243469206 0.012373389146061014 0.036703566915935099 0.022063753385620426 0.16270615373239855 -0.021223953797409417 0.057901233730527364 -0.013056366599908645 -0.004962883260765623 -0.013296345764464684 -0.0029397791091589085 -0.0056177057563379642 -0.01871263800532386 0.016301227746477256 -0.014819740630574535 0.20879377906415902 0.0011238899845320233 0.058059645628021551 0.018043435048533146 0.0032129578281424598 0.029190106981567088 0.032945947071612053 0.013407210874784831 0.005807046842474981 -0.0069285030167797025 -0.0014977126815982668 -0.0094071120556826846 0.0075145865082463046 0.028958509196857527 0.012818031050305051
leaf_weight=205.72482187859714 757.0048865955323 518.97658487968147 183.96958838030696 54.30729753896594 1.8311327509582032 233.87207487784326 55.29501286894083 218.48287042975426 188.73738337680697 3238.9024982172996 190.7483313139528 134.06565470807254 66.950382789596915 320.59023634903133 267.35204137116671 2.2299708724021903 1256.4035076983273 36.601062666624784 236.25555256940424 343.82783182710409 241.25467843934894 94.874424297362566 1804.8910189010203 83.209568165242672 1912.6352952495217 2147.0562640428543 11.033191116526721 261.23661503754556 139.67841979116201 323.58032243698835
leaf_count=8729 20825 8245 1299 1876 29 12580 766 7783 5127 154600 3135 4017 1831 6187 10036 27 22632 327 6370 4990 2757 1212 18250 828 79802 70195 317 4391 1595 11674
internal_value=-0.000133633 -0.00359317 0.00913732 0.00348388 -0.00766846 -0.00320529 -0.00512687 0.0050316 0.013075 -0.0112222 0.00331933 -5.57367e-05 0.00957547 0.0134307 -0.00223151 0.0294289 0.00513911 0.0205802 0.00782644 0.0131954 0.0177101 0.0124872 0.0151704 0.0270812 -0.00848606 -0.00297289 0.046705 0.0092066 0.0149856 0.0136615
internal_weight=15531.6 11310.8 4220.74 4133.21 7177.63 3181.72 2856.31 709.804 491.321 3995.91 2148.67 3029.15 558.207 491.257 2470.95 56.5373 1942.94 357.191 424.993 1104.06 760.231 686.538 2072.07 267.179 2146.51 2414.41 66.3282 591.663 400.915 325.411
internal_count=472432 410361 62071 110488 299873 124448 112745 20363 12580 175425 41694 94496 12362 10531 82134 1903 32965 6514 11497 15992 11002 10333 20377 2127 92382 80231 1083 9121 5986 11703
is_linear=0
shrinkage=0.03


Tree=39
num_leaves=31
num_cat=0
split_feature=13 9 5 21 14 2 3 7 0 7 18 13 21 19 8 8 8 5 5 18 7 5 10 11 18 7 10 10 19 8
split_gain=520.561 281.882 157.216 89.113 86.7462 86.1313 97.1667 73.8096 72.1059 94.9791 68.7465 175.644 133.309 63.2065 86.4173 96.5604 371.944 325.592 276.867 67.6769 62.1077 60.8869 57.6999 92.3666 54.2034 74.4113 53.1355 50.6626 47.8491 104.74
threshold=2518.7480468750005 37.500000000000007 215.96299999999999 7176.5000000000009 1.0000000180025095e-35 0.60355339059327384 0.25881904510252057 0.23579621003165638 994.47500000000014 1.4970501192344539 33.500000000000007 25.006999969482425 1995.5000000000002 3.5000000000000004 158.50000000000003 144.50000000000003 146.50000000000003 168.36468750000003 120.55234225571726 7913.5000000000009 -0.23679969238840742 217.6693503937008 1.5000000000000002 1.5000000000000002 7567.5000000000009 0.39996338849516716 175.50000000000003 806.50000000000011 6.5000000000000009 465.50000000000006
decision_type=2 2 2 2 2 2 2 2 2 2 2 2 2 2 2 2 2 2 2 2 2 2 2 2 2 2 2 2 2 2
left_child=5 2 7 28 -5 10 -7 13 9 21 11 -1 20 -2 15 -15 17 18 -17 -20 -12 24 -13 -24 -6 -26 -14 -9 29 -4
right_child=1 -3 3 4 8 6 -8 27 -10 -11 12 22 26 14 -16 16 -18 -19 19 -21 -22 -23 23 -25 25 -27 -28 -29 -30 -31
leaf_value=0.0033236410721475158 -0.015377927253350391 0.0039984582906866751 -0.0040098053319191614 -0.0056703695145400058 0.21506908868527108 0.026816014349127594 0.0083792174703396626 0.011414640645389091 -0.02650221064839289 0.069741479837122144 -0.015133327256839742 0.01606187417090536 0.0095143894613962995 -0.0013286233225008486 -0.01009960676405104 -0.030659086183397952 0.0016952666196976495 -0.017047812662340723 0.47037126637921778 0.23906207381160585 0.0014606356703252199 0.014394517573267311 0.05427974665349998 0.013736676481386429 0.012305851170211267 0.15620712331389416 -0.0079871731668007089 -0.0050487925929532306 -0.016975251019753387 0.062314001975028711
leaf_weight=752.77872826717794 1595.8095153905451 2988.4610775448382 216.45646201260388 201.785210410133 2.0700126625597504 418.73271791264415 667.19520219415426 189.50465532392263 30.576662041246891 33.414760671555996 409.28238936141133 198.44698544964194 1586.2816453166306 419.67296691983938 2834.7371711302549 1.664346057921646 46.386392029002309 4.3117112275213003 4.2426236569881439 1.5558913536369798 402.75393864326179 370.14773180708289 130.31711615622044 82.64762581884861 11.714991923421623 4.4673722982406607 173.16906170174479 1498.0676653701812 212.9453454092145 23.784353917464614
leaf_count=11936 76864 70003 7640 6304 55 7491 9863 6414 758 314 14271 1679 23458 15919 130599 80 1876 166 110 66 8075 8784 766 849 321 84 5228 54611 7059 789
internal_value=-0.000131824 -0.00382223 -0.00685623 0.0036036 0.0106869 0.00805156 0.0154884 -0.00861228 0.017983 0.0212076 0.00588973 0.0119382 0.00315142 -0.0104731 -0.00811021 0.00369183 0.039918 0.190498 0.310409 0.408305 -0.00690305 0.0170322 0.0277005 0.0385457 0.070522 0.0520318 0.00779185 -0.00320004 -0.00662123 0.00255639
internal_weight=15513.4 10691.8 7703.32 1107.36 654.177 4821.61 1085.93 6595.95 452.392 421.815 3735.68 1164.19 2571.49 4908.38 3312.57 477.834 58.161 11.7746 7.46286 5.79852 812.036 388.4 411.412 212.965 18.2524 16.1824 1759.45 1687.57 453.186 240.241
internal_count=472432 388816 318813 32108 16620 83616 17354 286705 10316 9558 66262 15230 51032 225680 148816 18217 2298 422 256 176 22346 9244 3294 1615 460 405 28686 61025 15488 8429
is_linear=0
shrinkage=0.03


Tree=40
num_leaves=31
num_cat=0
split_feature=5 0 12 16 5 8 8 5 5 10 13 5 19 18 0 0 22 10 11 18 8 10 5 22 0 22 8 17 5 0
split_gain=497.569 333.54 140.332 120.032 115.096 122.669 106.954 99.056 98.5175 99.1918 74.8018 64.0493 62.7505 62.3108 61.2833 59.5774 54.445 105.351 137.918 59.2068 64.9277 55.2788 52.9635 71.6256 64.0312 51.5104 78.65 105.954 52.7609 51.3481
threshold=61.796000000000006 139.96000000000001 27.500000000000004 1.0000000180025095e-35 39.785202697926486 29.500000000000004 238.50000000000003 183.47462987012989 194.67837767687723 852.50000000000011 1823.3979492187502 253.46117030533148 29.500000000000004 6532.5000000000009 994.47500000000014 141.00500000000002 28089.000000000004 1.5000000000000002 1.5000000000000002 7724.5000000000009 30.500000000000004 77.500000000000014 353.90564182194623 7952.5000000000009 944.08500000000015 20434.500000000004 78.500000000000014 0.16002207249403003 53.33584426229509 200.14600000000004
decision_type=2 2 2 2 2 2 2 2 2 2 2 2 2 2 2 2 2 2 2 2 2 2 2 2 2 2 2 2 2 2
left_child=4 3 -3 10 29 -6 -5 -8 12 -10 -2 15 -9 -13 22 -4 17 -7 -19 20 -20 -18 23 -15 -25 -22 27 -27 -29 -1
right_child=1 2 11 6 5 16 7 8 9 -11 -12 13 -14 14 -16 -17 21 18 19 -21 25 -23 -24 24 -26 26 -28 28 -30 -31
leaf_value=-0.0001810022270942372 -0.0024320409296863781 0.012387171564039347 0.027946496167007739 0.013154121980042925 -0.0087050246636628404 0.008868344932306824 -0.0081772259984285306 -0.0038948660483878483 -0.010887258187221435 0.012943758320899775 -0.012917299593558872 -0.0075489571123109871 0.052551388145321086 0.083436519497402578 -0.01720935176904536 -0.0028524810600691975 -0.013900803486624943 0.0481933015998353 0.13321935478731839 -0.023334428110861592 0.015204529964699169 0.010974096109555709 -0.0089250315618737384 0.016399778941181421 0.068817473875298907 0.22423206933650036 0.023195724693560581 0.0086557311290443219 0.14094697431539574 0.080337116797325886
leaf_weight=1112.0051552820951 758.83222600072622 1120.5677473880351 57.887422285974026 328.8462487757206 248.13877784833312 594.55652859248221 2117.8889714740217 25.499771304428577 323.69654794223607 305.59578231535852 3172.0629719253629 148.96538805402815 58.136189745739102 17.152212891727686 46.91194767318666 2404.1743143927306 84.764193881303072 185.70861744880676 4.5443448536097995 29.735990036278963 375.73909563943744 1563.1698249410838 51.74445472098887 275.36124671064317 22.703124962747097 4.546689789742234 40.19313644990325 7.8796730004250986 4.1382083259522915 7.1741883866488925
leaf_count=22964 20825 15992 1903 11703 8231 6081 92382 981 10471 8212 154600 4516 699 238 1271 80231 964 1049 98 903 4362 16636 1189 5001 147 57 458 95 62 111
internal_value=-0.000130842 -0.00344155 0.00331838 -0.00739371 0.00859666 0.0115384 -0.00304006 -0.00492128 0.00475112 0.000685516 -0.0108932 -4.11363e-05 0.0353415 0.00908907 0.0150776 -0.00212834 0.0132735 0.0180029 0.0263265 0.0176267 0.0204137 0.00969461 0.0192051 0.0238228 0.0203924 0.0192284 0.0458668 0.100877 0.0542086 0.000335137
internal_weight=15498.3 11236 4145.47 7090.56 4262.29 3143.12 3159.66 2830.82 712.928 629.292 3930.9 3024.9 83.636 562.838 413.873 2462.06 2894.98 1247.04 652.486 466.777 437.041 1647.93 366.961 315.217 298.064 432.497 56.7577 16.5646 12.0179 1119.18
internal_count=472432 410361 110488 299873 62071 38996 124448 112745 20363 18683 175425 94496 1680 12362 7846 82134 30765 13165 7084 6035 5132 17600 6575 5386 5148 5034 672 214 157 23075
is_linear=0
shrinkage=0.03


Tree=41
num_leaves=31
num_cat=0
split_feature=5 1 6 12 16 8 5 14 5 13 9 5 8 6 18 2 1 14 10 8 1 22 7 7 3 16 16 12 18 10
split_gain=466.803 316.188 142.396 130.435 115.177 100.175 93.9146 104.118 82.0026 72.2238 65.4514 59.9513 59.5368 59.294 64.3563 56.4999 54.8389 61.4881 52.0453 48.0553 81.8241 47.7155 82.523 105.93 46.6702 45.1985 44.7327 44.9829 96.4939 50.9449
threshold=61.796000000000006 4.9484761596714781 38.091680187016983 27.500000000000004 1.0000000180025095e-35 238.50000000000003 183.47462987012989 5.5000000000000009 194.67837767687723 2225.0849609375005 1.5000000000000002 253.46117030533148 498.00000000000006 458.29373749271912 6595.5000000000009 0.78656609248549325 4.955862267629092 7.5000000000000009 852.50000000000011 274.50000000000006 3.1571280716716354 31438.000000000004 0.64941749967289042 0.73790647366254103 -0.70710678118654757 2.5000000000000004 4.5000000000000009 1.0000000180025095e-35 57.500000000000007 2.5000000000000004
decision_type=2 2 2 2 2 2 2 2 2 2 2 2 2 2 2 2 2 2 2 2 2 2 2 2 2 2 2 2 2 2
left_child=2 4 10 24 9 -6 -7 8 -8 -2 -1 16 15 14 -13 19 17 -5 -10 -12 -21 -11 -23 -24 -3 -22 27 -14 29 -29
right_child=1 3 -4 11 5 6 7 -9 18 21 12 13 26 -15 -16 -17 -18 -19 -20 20 25 22 23 -25 -26 -27 -28 28 -30 -31
leaf_value=-0.013429633575872155 -0.0026995272578144427 0.00024337006254729934 0.013827505629532347 0.019758691493871144 0.012601873669491804 -0.0079946925869778182 0.042742950961047979 -0.012823409841316224 -0.0046378678316655771 -0.01668269490076333 0.0028554571678809102 -0.0054446908555298148 -0.0074967670738447763 -0.0071980800658847993 0.021638227684904927 0.033698174859862665 -0.0027744084142413356 0.16658322991750626 0.016410179393225241 -0.01123653332097113 0.030307484149777613 -0.009473925860220854 0.38781030564113517 -0.0090437378526361471 0.015085493894593016 0.098547443599368942 -0.011725764492533612 0.018777830162393212 0.0022904794338240368 0.060500833452143014
leaf_weight=200.71982728503644 808.70887962728739 242.77395921573043 2116.1219792254269 56.718445658683777 332.89617960900068 2101.5085998512805 68.006371770054102 215.56732820160687 186.50612481310964 1469.5136411711574 402.98613948747516 106.33475819602609 263.91722791269422 152.93198739923537 306.80967665649951 92.296083744615316 2397.7723833564669 2.6887538544833651 244.1251119337976 46.425161331892014 103.6784551627934 1609.5689441841096 1.0753053650259965 1.3850392028689382 888.48119007609785 9.5392664261162263 212.67355406656861 96.278346173465252 704.72022394090891 36.257346663624048
leaf_count=8729 22862 4073 20377 1876 11703 92382 1083 7783 5127 76450 6840 3226 5630 3996 5140 1146 80231 27 6370 587 1135 76001 50 62 11919 95 4379 1098 11738 317
internal_value=-0.000129058 -0.00335267 0.00829053 0.00321036 -0.00722634 -0.00296073 -0.00480066 0.0045976 0.0121289 -0.0106788 0.00288977 -4.12718e-05 0.00455356 0.00876037 0.0146676 0.0119427 -0.00206896 0.0264039 0.00729428 0.00837382 0.0223038 -0.0127728 -0.00920855 0.164403 0.0119003 0.0360571 0.000870238 0.00330295 0.0067072 0.0301919
internal_weight=15479 11193.4 4285.61 4154.51 7038.86 3148.61 2815.71 714.205 498.638 3890.25 2169.49 3023.26 1968.77 566.076 413.144 654.925 2457.18 59.4072 430.631 562.629 159.643 3081.54 1612.03 2.46034 1131.26 113.218 1313.85 1101.17 837.256 132.536
internal_count=472432 410361 62071 110488 299873 124448 112745 20363 12580 175425 41694 94496 32965 12362 8366 9803 82134 1903 11497 8657 1817 152563 76113 112 15992 1230 23162 18783 13153 1415
is_linear=0
shrinkage=0.03


Tree=42
num_leaves=31
num_cat=0
split_feature=13 9 0 2 3 17 15 13 21 16 17 18 18 0 16 17 10 17 10 6 0 18 12 18 21 15 6 3 12 10
split_gain=438.628 255.075 100.274 88.9827 101.794 72.287 67.2543 193.245 164.866 66.3022 75.8619 96.1043 62.7104 73.0512 59.0348 57.706 57.3254 63.3068 56.6497 54.9388 49.3903 48.2114 64.2811 49.3606 46.4681 49.2069 46.3071 44.6143 44.6051 44.1134
threshold=3192.4809570312505 20.500000000000004 75.003000000000014 0.60355339059327384 0.25881904510252057 0.045482501387596137 3.5000000000000004 100.0279998779297 1995.5000000000002 1.0000000180025095e-35 0.012794440612196924 6999.5000000000009 6251.5000000000009 25.665000000000003 1.5000000000000002 0.022423810325562957 1000.5000000000001 0.051894953474402435 175.50000000000003 32.368564995121005 58.955000000000005 6474.5000000000009 186.50000000000003 9589.5000000000018 4003.5000000000005 17.500000000000004 40.673803849892344 0.91597561503675351 1.0000000180025095e-35 4.5000000000000009
decision_type=2 2 2 2 2 2 2 2 2 2 2 2 2 2 2 2 2 2 2 2 2 2 2 2 2 2 2 2 2 2
left_child=3 2 -2 6 15 20 7 19 -8 -4 -11 26 -7 -14 -9 -5 21 -18 24 -1 -3 22 -15 -23 -10 -26 -12 -25 -21 -16
right_child=1 5 9 4 -6 12 8 14 18 10 11 -13 13 16 29 -17 17 -19 -20 28 -22 23 -24 27 25 -27 -28 -29 -30 -31
leaf_value=-0.010391156038639483 -0.011794942504962462 -0.0078563404530403863 -0.0068477952668125923 0.003876224510218065 0.0070913300840959341 0.00066912428478465766 -0.01021385774558731 0.051361581316580689 0.01262124151236795 -0.011042853511938708 0.052927532602808122 0.017037855355120569 0.00032451551393376273 0.092875993190594572 0.012598336813590259 0.030326045233570131 0.12935317686588829 0.033087011321908819 -0.0072310856322190704 0.003674486578364675 0.001474550464103134 0.0089531716479879214 -0.01127968486669609 0.025091663664768903 -0.00047675173330937815 0.029401593837526961 -0.0068692613953545197 0.092561055345036961 0.017541849357826534 0.064676153062978498
leaf_weight=171.00754340365529 2768.6427392289042 717.13313744217157 2378.8176721241325 92.40586837939918 703.1909528337419 793.36613420955837 713.09573391452432 110.63805862888694 1021.9826982915401 278.86302572488785 12.096745684742926 409.40017777867615 306.02535316720605 15.207977065816523 95.921881999820471 377.55313448049128 6.6135248858481637 87.375384833663702 228.89898058399558 660.54976452328265 1772.3240762203932 427.13833682611585 8.2127565294504148 39.044448569417 558.85048910044134 54.441100213676691 319.59664642624557 11.394997321069239 305.21469393745065 17.275315031409264
leaf_count=3400 134466 29035 96338 2618 10600 16050 22807 709 14839 12408 369 13177 3955 244 757 6002 122 1035 7197 10336 56132 5475 131 444 8134 857 12113 128 2435 119
internal_value=-0.000127355 -0.00367786 -0.00755664 0.00706341 0.0143157 0.00203987 0.00490285 0.0102987 0.00205422 -0.00410411 0.00229492 0.00731373 0.00681968 0.0122354 0.0357777 0.0251253 0.0183617 0.0398608 0.00674708 0.00528184 -0.00121338 0.0143284 0.0563526 0.0122675 0.00870369 0.00217551 -0.00468849 0.040334 0.00805705 0.0205461
internal_weight=15462.3 10351.3 6167.42 5111.03 1173.15 4183.84 3937.88 1360.61 2577.27 3398.77 1019.96 741.094 1694.38 901.013 223.835 469.959 594.987 93.9889 1864.17 1136.77 2489.46 500.999 23.4207 477.578 1635.27 613.292 331.693 50.4394 965.764 113.197
internal_count=472432 381622 268871 90810 19220 112751 71590 17756 53834 134405 38067 25659 27584 11534 1585 8620 7579 1157 31027 16171 85167 6422 375 6047 23830 8991 12482 572 12771 876
is_linear=0
shrinkage=0.03


Tree=43
num_leaves=31
num_cat=0
split_feature=5 0 6 12 19 21 0 0 6 5 5 6 5 19 8 0 5 0 18 19 0 21 14 8 8 8 5 5 22 22
split_gain=416.877 292.352 128.165 115.803 106.991 103.433 68.3354 70.9913 57.6709 143.881 147.687 59.0565 121.287 56.0193 71.9184 57.3442 55.3267 57.2409 57.3166 53.1781 63.3196 56.0624 48.5888 129.79 88.9316 152.458 122.022 237.116 99.2556 71.785
threshold=61.796000000000006 139.96000000000001 38.091680187016983 27.500000000000004 42.500000000000007 95.500000000000014 15.001000000000003 36.95600000000001 190.97803365601996 129.52252819548875 128.17677765237022 217.1762877487574 118.29433513621795 2.5000000000000004 498.00000000000006 19.807500000000005 253.46117030533148 994.47500000000014 6595.5000000000009 1.5000000000000002 141.00500000000002 7971.5000000000009 1.0000000180025095e-35 164.50000000000003 142.00000000000003 146.50000000000003 120.55234225571726 168.36468750000003 49058.000000000007 63135.500000000007
decision_type=2 2 2 2 2 2 2 2 2 2 2 2 2 2 2 2 2 2 2 2 2 2 2 2 2 2 2 2 2 2
left_child=2 4 13 -3 6 -6 8 -8 -2 10 11 -10 -13 -1 15 -15 19 18 -18 -5 21 -21 -9 24 -24 26 -26 -28 -29 -25
right_child=1 3 -4 16 5 -7 7 22 9 -11 -12 12 -14 14 -16 -17 17 -19 -20 20 -22 -23 23 29 25 -27 27 28 -30 -31
leaf_value=-0.0097016789149550059 -0.0035900687187691489 0.011210413383348321 0.012982917845854697 -0.014578340766985087 0.040369205782768695 -6.0148329761988279e-05 -0.01541359645601865 -0.012910573006820119 -0.030948200832363621 0.0041256726835219911 0.22567278303617 0.28540598927818489 -0.031339822679262309 -0.0044207384639465639 0.00066469674028013894 0.018425008063658335 -0.0051067743136137623 -0.018189715385001699 0.017854666240425934 0.060862834472720957 -0.0012125748768001406 -0.00089131639367376943 0.0028829881158294979 -0.01266453485827636 -0.030672090261994911 0.014492214943980959 0.28197331159004069 -0.025374258695824603 0.2649103663605718 -0.0035701586886504647
leaf_weight=286.79615485854447 70.036867359653115 1145.5283962823451 2145.3891814071685 267.45749000273645 61.089142248034477 840.96519254334271 1186.6881693582982 1048.680342623964 5.0925914980471116 34.384532762691379 6.3305667806416741 2.0766853913664818 2.285345584154129 126.89874720573425 1318.1566632147878 447.89579686336219 132.69176821410656 64.487749570980668 372.53521809726954 28.251973206177354 2126.9105321802199 24.884158812463284 497.63277640752494 1523.8917244356126 3.9943071473389891 58.989376809448004 6.8666497655212861 5.4164202865213156 1.3180820345878599 1602.6653743423522
leaf_count=11112 2576 15992 20377 10318 447 26536 54925 49330 213 1109 78 55 81 1845 23116 5621 4057 1831 6474 818 70195 803 21073 72029 192 2659 129 224 45 68172
internal_value=-0.000125449 -0.00319899 0.00777748 0.00308976 -0.00696112 0.00267782 -0.00839678 -0.00885025 0.013997 0.0385485 0.113531 0.0384436 0.119457 0.0026541 0.00452609 0.0133813 6.64256e-06 0.00842676 0.0118241 -0.00195334 -0.000404451 0.0319428 -0.00721035 -0.00559509 0.00751456 0.0376095 0.115111 0.157924 0.0314405 -0.00800278
internal_weight=15446.3 11121.2 4325.14 4162.75 6958.4 902.054 6056.35 5936.14 120.207 50.1697 15.7852 9.45462 4.36203 2179.75 1892.95 574.795 3017.22 569.715 505.227 2447.5 2180.05 53.1361 4749.46 3700.77 574.218 76.5848 17.5955 13.6012 6.7345 3126.56
internal_count=472432 410361 62071 110488 299873 26983 272890 268778 4112 1536 427 349 136 41694 30582 7466 94496 12362 10531 82134 71816 1621 213853 164523 24322 3249 590 398 269 140201
is_linear=0
shrinkage=0.03


Tree=44
num_leaves=31
num_cat=0
split_feature=13 22 5 9 19 0 10 7 16 5 22 5 5 17 7 18 10 18 11 5 5 10 18 0 5 0 7 11 5 7
split_gain=394.592 237.635 98.9154 100.364 97.2661 98.957 95.2622 87.3197 82.9564 73.6893 70.4778 65.1535 63.5466 125.425 140.858 63.4337 157.688 119.014 67.516 55.3401 68.6005 52.1932 51.3057 65.3272 51.1016 63.4725 50.2113 49.2045 47.4179 44.3926
threshold=3192.4809570312505 68951.000000000015 147.28426829268292 47.000000000000007 8.5000000000000018 170.99500000000003 635.50000000000011 -0.15629460436606704 1.0000000180025095e-35 78.999137931034497 93546.000000000015 182.7352221345952 111.68039048006371 0.018303121440112594 1.6697278309618635 23.500000000000004 1.5000000000000002 2182.5000000000005 1.5000000000000002 191.49906926406928 194.67837767687723 27.500000000000004 9455.5000000000018 24.515500000000003 118.29433513621795 67.955000000000013 4.4326192389206618 6.5000000000000009 55.16555000000001 1.0029677086417024
decision_type=2 2 2 2 2 2 2 2 2 2 2 2 2 2 2 2 2 2 2 2 2 2 2 2 2 2 2 2 2 2
left_child=7 2 3 28 5 -3 -4 15 -8 22 -11 24 13 -7 29 16 19 21 -18 -1 -21 -17 26 -24 25 -12 -6 -19 -2 -15
right_child=1 4 6 -5 9 12 8 -9 -10 10 11 -13 -14 14 -16 17 18 27 -20 20 -22 -23 23 -25 -26 -27 -28 -29 -30 -31
leaf_value=-0.0011490760803774963 -0.00089327249744560648 0.0072624238943281598 -0.019492998229313128 0.0091834881509296508 0.0040819844517428041 0.0017858997662086684 -0.0025458391301194103 0.011226810428789862 0.015529488383508249 -0.011792405068850152 -0.0058716027316201699 0.0056888246445750421 0.045540901416897747 0.20952154407019599 0.45950631221036675 -0.00083553623539514229 0.04423259607489833 0.07683453841151458 0.012427466834915413 0.057838297801882356 0.0044399983708992355 -0.016520417867569786 -0.0050612966648810025 0.038902546615032278 -0.0067372211590679297 0.012317510531381857 0.077921234827630817 0.005458968894029019 -0.012904450192373806 -0.0091086527184258432
leaf_weight=573.47586194053292 325.78917539864779 77.337715985253453 222.31459617987275 217.78267142176628 1103.9547067787498 3.6782861333340389 945.15326642617583 2174.1212487351149 301.38655624352396 529.74612005054951 340.57556372135878 1159.6571014095098 35.002072304487228 2.1217491738498215 1.6515065543353555 367.54844094254076 139.07651457935572 8.7517188638448697 105.74119317159057 33.863112721592188 60.050434894859791 397.36919108219445 45.807100191712379 90.550941495224833 1307.5753383245319 350.21992712467909 8.3510767240077239 1285.9924908801913 3214.6760875228792 1.3791856858879326
leaf_count=8739 9516 3634 9571 4318 14200 140 36761 30210 8851 22561 15136 28660 750 80 57 7712 1007 146 1182 189 919 16326 610 949 53284 13353 103 24380 159037 51
internal_value=-0.000124229 -0.00351767 -0.0080033 -0.0105833 0.00111827 0.0276728 -0.00140205 0.00665787 0.00182439 0.000466463 -0.00166637 3.22274e-05 0.0636843 0.135599 0.231127 0.00331538 0.00990132 0.000398523 0.0304954 0.00234682 0.0236942 -0.00898372 0.00676553 0.0241337 -0.0032503 0.00334993 0.00463636 0.00594143 -0.0117992 0.123393
internal_weight=15430.7 10284.7 5227.1 3758.25 5057.61 121.171 1468.85 5145.99 1246.54 4936.44 3687.77 3158.03 43.8328 8.83073 5.15244 2971.87 912.207 2059.66 244.818 667.389 93.9135 764.918 1248.66 136.358 1998.37 690.795 1112.31 1294.74 3540.47 3.50093
internal_count=472432 381622 228054 172871 153568 4712 55183 90810 45612 148856 132994 110433 1078 328 188 60600 12036 48564 2189 9847 1108 24038 15862 1559 81773 28489 14303 24526 168553 131
is_linear=0
shrinkage=0.03


Tree=45
num_leaves=31
num_cat=0
split_feature=6 5 5 5 16 8 11 9 5 21 21 22 21 6 0 8 19 21 0 0 6 6 5 21 11 0 6 5 16 17
split_gain=374.478 258.889 127.263 175.455 303.494 140.511 104.485 103.544 117.279 100.771 92.0316 100.584 221.877 85.2452 110.147 81.9589 100.263 71.8959 70.8184 70.1039 88.1652 172.657 79.7402 64.2684 61.793 58.3713 58.2528 56.462 55.501 52.2742
threshold=56.185516830688655 182.7352221345952 102.58994080996887 103.91350000000001 2.5000000000000004 498.00000000000006 2.5000000000000004 3.5000000000000004 41.268379638916763 1818.5000000000002 1641.5000000000002 54364.000000000007 7064.5000000000009 186.6198685303122 46.903000000000013 76.500000000000014 1.5000000000000002 8187.5000000000009 112.99500000000002 15.001000000000003 204.38570124685731 205.54493770658823 118.29433513621795 7779.5000000000009 26.500000000000004 59.960500000000003 70.730961471065356 194.67837767687723 3.5000000000000004 0.016336422413587574
decision_type=2 2 2 2 2 2 2 2 2 2 2 2 2 2 2 2 2 2 2 2 2 2 2 2 2 2 2 2 2 2
left_child=7 2 13 4 5 -4 27 25 -9 -8 -7 -12 -13 24 -15 26 -17 23 19 20 -5 -22 -23 -14 -2 -1 -11 -3 -20 -18
right_child=1 6 3 18 -6 10 9 8 -10 15 11 12 17 14 -16 16 29 -19 28 -21 21 22 -24 -25 -26 -27 -28 -29 -30 -31
leaf_value=-0.010547326543000805 0.002692934277662064 0.048972339051356797 -0.0042587824632236053 -0.0053368627202383927 0.42007413523026726 0.26842203553662997 -0.011651955378221631 0.0027321308528520253 0.013106124068135159 0.049024043293195818 0.0030050098053350529 0.50438093743309809 0.096356055364808832 -0.015693386172039549 0.32679111206673789 0.082446460561971982 -0.01129067829075958 0.041663744055075246 -0.0025865448805533482 -0.0085405398932420027 0.1958124140966373 0.14881763166509326 -0.005558724555339109 0.34724274806789379 -0.016794907679861731 0.0052722820353531081 -0.0077667605222598675 0.014184166792097518 0.012815691465118502 0.0072172679507230744
leaf_weight=429.79471804201603 164.32239282131195 58.482548946514726 40.540140433236957 42.793084079399705 1.8618270736187685 2.2006420306861427 421.94986045919359 1688.6174049694091 2339.7248907666653 16.744138779118657 12.269526261836292 1.2327324487268914 2.3573412913829084 1.9200149122625583 1.5096693020313976 15.561114648357032 146.67974696680903 9.9468569941818696 1909.8064768835902 3221.1243355348706 6.7112134043127325 3.6397977638989714 17.44023422896862 1.5060023851692674 1345.4934665895998 410.32907543331385 557.15613691695035 148.88430164381862 236.65144313313067 2158.1931579187512
leaf_count=17997 3591 433 1866 1560 62 72 15761 27822 22121 201 518 41 87 65 61 289 3500 448 64627 148863 63 98 594 44 68499 14574 16134 1837 6980 53624
internal_value=-0.000122645 -0.00329943 -0.00662863 -0.00451233 0.04204 0.0319928 0.0033363 0.00675951 0.00875751 0.0020445 0.0817892 0.0667517 0.118746 -0.0143346 0.135061 0.00404123 0.00655184 0.0843229 -0.00512794 -0.00789245 0.021683 0.0632883 0.0210968 0.194156 -0.0146739 -0.00282079 -0.00610983 0.0239953 -0.000888416 0.00603944
internal_weight=15415.4 10547 7023.33 5510.08 71.9151 70.0532 3523.65 4868.47 4028.34 3316.28 29.5131 27.3125 15.0429 1513.25 3.42968 2894.33 2320.43 13.8102 5438.17 3291.71 70.5843 27.7912 21.08 3.86334 1509.82 840.124 573.9 207.367 2146.46 2304.87
internal_count=472432 389918 298139 225923 3138 3076 91779 82514 49943 89509 1210 1138 620 72216 126 73748 57413 579 222785 151178 2315 755 692 131 72090 32571 16335 2270 71607 57124
is_linear=0
shrinkage=0.03


Tree=46
num_leaves=31
num_cat=0
split_feature=6 0 5 9 5 12 16 5 8 17 8 6 0 17 17 5 14 5 21 8 8 8 8 14 6 6 14 10 0 10
split_gain=351.87 247.937 119.932 96.5338 108.521 95.7243 76.6552 75.7768 83.3068 81.22 77.3834 73.7958 84.5147 63.0735 68.4296 58.3263 91.9309 68.5266 56.954 58.7174 56.3759 54.6042 133.241 147.363 153.088 180.679 53.1217 51.69 51.2341 47.1019
threshold=56.185516830688655 139.96000000000001 102.58994080996887 3.5000000000000004 41.268379638916763 27.500000000000004 1.0000000180025095e-35 103.91350000000001 498.00000000000006 0.023353106342256073 216.50000000000003 186.6198685303122 46.903000000000013 0.040882240980863578 0.031129467301070694 183.47462987012989 5.5000000000000009 194.67837767687723 7518.5000000000009 235.00000000000003 57.500000000000007 41.500000000000007 35.500000000000007 1.0000000180025095e-35 41.868701221492657 30.910929146137828 3.5000000000000004 1406.5000000000002 141.00500000000002 852.50000000000011
decision_type=2 2 2 2 2 2 2 2 2 2 2 2 2 2 2 2 2 2 2 2 2 2 2 2 2 2 2 2 2 2
left_child=3 2 11 18 27 20 -4 8 -8 -10 -9 -2 -13 14 -11 -12 17 -17 19 21 -3 22 -1 -24 25 -25 -22 -5 -7 -19
right_child=1 5 6 4 -6 28 7 10 9 13 15 12 -14 -15 -16 16 -18 29 -20 -21 26 -23 23 24 -26 -27 -28 -29 -30 -31
leaf_value=0.0028642722382504694 -0.015854321975090627 -0.0011389700339053254 -0.0084393357491178104 0.0023902123510767992 0.012597879958939953 0.026682160871396791 -0.021153148316743 0.016887624623953261 0.0039568886905203722 0.12954805842094341 -0.006141758032614064 -0.015446908789015855 0.27841736265012224 0.011397737239310902 0.36006554908174776 0.03889388332434545 -0.012538762397591186 -0.0047470907177502193 -0.012964704659569412 0.078726558072815117 0.019699290676763275 -0.02616851539280627 0.024776870685613839 0.122264812464612 -0.0075264665506983887 0.62989120133464838 0.0031438565898827737 0.11094064098908425 -0.00076010885310770319 0.015147696207405626
leaf_weight=453.34832859225571 1185.8600723780692 287.26080849580467 2708.0076199062169 1688.5238304752856 2360.7662527468055 62.567615384235978 6.1949533354490969 188.36087461002171 3.4483684860169888 2.4230664409697056 1679.209774011746 1.8925513774156564 1.647624848410487 1.4209491517394779 2.2216212041676044 68.598277041688561 211.41976261883974 187.03961130231619 309.47716379724443 9.1144499406218511 540.77197160944343 55.629524044692516 6.4636943750083429 1.1755286306142814 1.2810227479785679 1.3624206017702816 257.49405536614358 3.9573341310024253 2863.3470993172377 250.60599428042769
leaf_count=15709 61147 3964 122036 27770 22121 1869 259 6365 136 74 72839 65 51 58 56 1083 7783 5159 14057 109 7034 2240 297 45 51 63 3895 52 89634 6411
internal_value=-0.000121777 -0.00321524 -0.00683553 0.00652533 0.00844153 0.00264946 -0.00490646 -0.00122816 0.064462 0.120209 -0.00162732 -0.015446 0.12132 0.1863 0.239808 -0.00308234 0.00407617 0.011015 -0.00274458 0.00324151 0.0102578 0.00191654 0.00528637 0.112073 0.259824 0.394769 0.0143591 0.00264402 -0.000173285 0.00664512
internal_weight=15400.9 10509.8 6498.35 4891.1 4053.25 4011.44 5308.95 2600.94 15.709 9.51401 2585.23 1189.4 3.54018 6.06564 4.64469 2396.87 717.664 506.244 837.852 528.375 1085.53 519.261 463.631 10.2827 3.81897 2.53795 798.266 1692.48 2925.91 437.646
internal_count=472432 389918 283522 82514 49943 106396 222259 100223 583 324 99640 61263 116 188 130 93275 20436 12653 32571 18514 14893 18405 16165 456 159 108 10929 27822 91503 11570
is_linear=0
shrinkage=0.03


Tree=47
num_leaves=31
num_cat=0
split_feature=12 9 5 6 2 3 16 5 11 22 5 19 14 22 18 8 5 6 9 6 0 0 9 0 11 8 9 2 11 16
split_gain=333.851 200.317 113.553 91.4849 76.3558 101.275 67.3707 66.9824 66.9816 65.7055 60.6652 57.9922 80.5458 57.2945 56.6387 50.2394 50.1898 54.9626 52.8375 174.87 49.2969 77.8854 57.7235 54.0983 48.7161 48.648 48.1666 47.4308 53.3556 47.3071
threshold=27.500000000000004 13.500000000000002 147.28426829268292 144.45394318647524 0.60355339059327384 1.0000000180025095e-35 1.0000000180025095e-35 183.47462987012989 32.500000000000007 18881.000000000004 56.318951322751325 10.500000000000002 5.5000000000000009 66468.500000000015 57.500000000000007 164.50000000000003 82.853596654275108 186.6198685303122 3.5000000000000004 212.22418771571071 19.807500000000005 14.992500000000001 14.500000000000002 261.97500000000008 1.0000000180025095e-35 421.50000000000006 7.5000000000000009 0.98296291314453421 42.500000000000007 3.5000000000000004
decision_type=2 2 2 2 2 2 2 2 2 2 2 2 2 2 2 2 2 2 2 2 2 2 2 2 2 2 2 2 2 2
left_child=4 2 13 10 11 16 -4 29 -9 -10 27 -1 14 -2 24 -12 -6 -18 19 -19 21 -16 -23 -22 -13 -7 -8 -3 -29 -5
right_child=1 3 6 7 5 25 26 8 9 -11 15 12 -14 -15 20 -17 17 18 -20 -21 23 22 -24 -25 -26 -27 -28 28 -30 -31
leaf_value=-0.00052453185619556612 -0.011886476484095462 0.0050406450170571724 -0.0038309376081136519 -0.0073201306373521695 0.040037650769806997 0.017392378988404449 0.020489586294110577 -0.018224043584177542 0.050301332223411904 0.004669484947165476 0.11310277458804105 0.0065960877543207713 -0.00080612647218833108 -0.0019189643151769128 0.0045233068168386787 0.025407561003728436 -0.0016493053914056915 0.30366644200158788 0.023744387798267253 0.024885776461261108 0.0025241160538069353 0.12362824452651047 0.038859003493930205 0.027042243902496141 0.025503480540938154 0.0021612217072292592 -0.0027066238498642428 0.024650016533381124 0.14111614174560538 0.0033348315610906799
leaf_weight=1495.8049349822104 3071.5844761542976 1467.7627181448042 1197.6388245616108 1675.5627101548016 145.45667944476008 284.58264092728496 204.39322021044791 114.64746166020632 29.111765349283814 1160.4718184247613 6.3816320504993191 190.17792157642543 804.46518804132938 624.54971659369767 68.479814127087593 74.712181003764272 83.239762291312218 2.6846240032464257 95.661332020536065 8.2421022318303567 901.8366018999368 8.7925063353031856 40.674302296712995 88.985538588836789 345.38199870660901 560.33575914613903 132.98609465174377 15.211262658238413 4.6139960512518874 483.1748839635402
leaf_count=32420 152907 18237 46518 71782 1521 4296 5476 5020 889 28689 96 2497 14833 28659 884 1752 2487 68 2079 197 15602 85 540 771 2651 8146 4381 168 47 18734
internal_value=-0.000120612 -0.00324322 -0.00735381 0.00103035 0.00613265 0.0128273 -0.000495167 -0.00169225 0.0036756 0.0057862 0.00704067 0.00412965 0.00697258 -0.0102022 0.0107782 0.0323087 0.0267779 0.0166176 0.030883 0.0933803 0.00690859 0.0252429 0.0539264 0.00472608 0.0187894 0.00729133 0.0113462 0.00566322 0.0517556 -0.00493531
internal_weight=15387.6 10262.8 5231.15 5031.65 5124.8 1180.2 1535.02 3462.97 1304.23 1189.58 1568.68 3944.6 2448.79 3696.13 1644.33 81.0938 335.284 189.828 106.588 10.9267 1108.77 117.947 49.4668 990.822 535.56 844.918 337.379 1487.59 19.8253 2158.74
internal_count=472432 383355 237941 145414 89077 18794 56375 125114 34598 29578 20300 70283 37863 181566 23030 1848 6352 4831 2344 265 17882 1509 625 16373 5148 12442 9857 18452 215 90516
is_linear=0
shrinkage=0.03


Tree=48
num_leaves=31
num_cat=0
split_feature=10 22 17 14 8 8 22 9 2 3 6 5 21 0 0 0 20 18 5 5 21 8 18 18 0 6 6 5 18 22
split_gain=318.256 207.209 96.1712 123.973 115.276 182.649 246.35 70.1388 63.9818 153.608 61.9518 60.6436 66.7346 64.8443 69.3483 55.556 77.534 57.365 55.1121 137.683 323.497 274.982 224.678 103.39 80.5683 75.0985 57.2993 63.4058 110.386 161.399
threshold=134.50000000000003 68951.000000000015 0.015874954871833328 1.0000000180025095e-35 236.50000000000003 235.00000000000003 31438.000000000004 7.5000000000000009 0.25881904510252091 1.0000000180025095e-35 50.260408874353324 78.999137931034497 5746.5000000000009 58.955000000000005 57.008500000000005 25.665000000000003 29.510548591613773 9455.5000000000018 146.39570707070712 154.18444444444449 9664.5000000000018 126.50000000000001 7442.5000000000009 6595.5000000000009 99.960000000000022 146.1395635446238 41.451537298864054 65.759027777777789 7992.5000000000009 19443.500000000004
decision_type=2 2 2 2 2 2 2 2 2 2 2 2 2 2 2 2 2 2 2 2 2 2 2 2 2 2 2 2 2 2
left_child=8 2 -2 -4 5 18 -7 -3 -1 -10 -6 12 -9 14 -13 -14 -17 -18 26 20 21 -20 24 -21 -23 -25 27 -5 29 -29
right_child=1 7 3 4 10 6 -8 11 9 -11 -12 13 15 -15 -16 16 17 -19 19 23 -22 22 -24 25 -26 -27 -28 28 -30 -31
leaf_value=0.0045153616561036435 -0.015269822993391692 0.025382019394055835 -0.011928511915924202 0.005236901233624928 0.0089695486079212818 0.057803264777295499 0.40862285355875794 -0.0048966131607056703 0.03609390413111805 0.0077029147299258827 -0.0086996504494319272 -0.0037252485091871495 0.00081738922147602802 0.0014429745012092949 -0.02356872693787139 0.060846308876836758 0.0092768891312804223 0.034851116200498702 -0.016301207374433396 -0.0091996893345883558 0.41390153702666987 0.26055295305460774 -0.01510189409413476 0.054952353263706982 0.071126167946550189 0.012034927604931769 -0.0049247606999258519 0.066797095804130027 -0.019372784104656666 0.36832866448277257
leaf_weight=3180.8496960252523 1001.1377154607326 107.57549196667969 1558.3465824853629 142.41121902316809 201.92154648527503 10.267465539276598 2.1848086062818757 358.19506000727415 207.95123831555247 978.79977453500032 1545.7706827148795 912.89981324225664 370.83446740917861 2731.4516608938575 191.80816742405295 32.028200250118971 541.51477718353271 92.408289175480604 26.957066530361772 204.6670207194984 2.226391900330781 8.5784386340528744 5.7191394884139291 44.103484833613038 2.6435355786234132 218.44716101326048 656.32806225121021 21.208416709676388 13.203533707186578 1.7277866695076216
leaf_count=49917 51353 4127 71341 3632 2380 183 98 5300 2013 12494 70947 39558 4684 90616 8341 210 6140 922 1175 7853 98 195 253 867 96 6436 29685 874 583 61
internal_value=-0.000118787 -0.00283779 -0.00683272 -0.00502273 -0.00156059 0.00498697 0.119356 0.00140343 0.00673323 0.0126778 -0.00665822 0.000910325 0.00626681 -0.00103751 -0.00717063 0.0101236 0.0153058 0.0130049 0.00393065 0.0116659 0.0611142 0.0432218 0.137936 0.00678423 0.21593 0.0192442 -0.000825509 0.0142428 0.049731 0.0895115
internal_weight=15374.2 11006.6 5667.85 4666.71 3108.37 1360.67 12.4523 5338.72 4367.6 1186.75 1747.69 5231.14 1394.98 3836.16 1104.71 1036.79 665.951 633.923 1348.22 513.342 46.1246 43.8982 16.9411 467.218 11.222 262.551 834.879 178.551 36.1397 22.9362
internal_count=472432 408008 248110 196757 125416 52089 281 159898 64424 14507 73327 155771 17256 138515 47899 11956 7272 7062 51808 16973 1817 1719 544 15156 291 7303 34835 5150 1518 935
is_linear=0
shrinkage=0.03


Tree=49
num_leaves=31
num_cat=0
split_feature=13 22 19 5 6 10 7 14 14 8 5 9 7 7 22 6 6 5 5 5 10 22 8 8 5 6 2 6 22 11
split_gain=305.612 194.935 85.3191 84.9198 97.3215 88.8302 83.282 81.9558 77.4885 85.737 126.759 344.521 134.247 75.7185 60.0784 56.7718 88.5213 85.3042 88.003 57.1851 53.483 53.2445 60.3754 74.6735 52.6232 75.7074 49.9306 48.048 59.873 45.7309
threshold=3192.4809570312505 68951.000000000015 8.5000000000000018 147.28426829268292 52.976352597897836 635.50000000000011 -0.26354212336824462 1.0000000180025095e-35 1.0000000180025095e-35 169.50000000000003 154.18444444444449 3.5000000000000004 -0.22605738719027293 -0.15629460436606704 96484.000000000015 392.29733363186028 383.13521196660548 252.49307733619767 228.35071838634605 285.65054687500003 802.50000000000011 19721.000000000004 465.50000000000006 467.50000000000006 300.24375000000003 286.19406183984853 0.91597561503675362 112.45351846479544 13629.500000000002 14.500000000000002
decision_type=2 2 2 2 2 2 2 2 2 2 2 2 2 2 2 2 2 2 2 2 2 2 2 2 2 2 2 2 2 2
left_child=13 3 6 4 7 -5 -3 -2 -7 10 11 -10 -13 26 -4 16 19 18 -18 20 -12 22 -11 -24 -21 -26 -1 28 -22 -16
right_child=1 2 14 5 -6 8 -8 -9 9 21 15 12 -14 -15 29 -17 17 -19 -20 24 27 -23 23 -25 25 -27 -28 -29 -30 -31
leaf_value=0.0013836634923855926 -0.0099574303246972896 -0.0050618009719644065 -0.0079213378871900372 -0.019041451338653575 -0.012435755204008851 -0.0069093983545315575 0.045023164102773745 0.0090687716330673882 -0.01239042869991497 -0.0085768409165093221 0.062341441786416915 0.23531832130234842 0.021127161473867902 0.0099695891462467188 0.087212060504218564 -0.011829136167119723 0.099881650808163386 -0.0020477902457475437 0.37443721761056387 0.13201179541877678 -0.0089041461722875262 -0.0082393351760839603 0.20292997273832897 0.032487688878862955 -0.0088835174490584264 0.084975272429829343 0.014331593944705729 6.4807164101961001e-05 0.084586355281460052 0.0015904891560083335
leaf_weight=2705.3920517396182 416.90741230174899 49.070227252319455 676.29089741036296 214.17735718004405 2799.2348615089431 522.89186331629753 76.403699718415737 398.54456892795861 17.974206257611513 40.518261631950736 16.407487453892827 11.033598793670533 3.4592490810900918 2224.0140510164201 5.6215831339359275 65.192579124122858 2.7493772879242888 3.0065111387521029 1.7006057891994713 6.0155866965651503 10.786102840676906 280.18160351365805 2.4364433176815501 45.816325977444649 16.516258988529447 14.546543160453437 297.52390047907829 166.46267086267471 14.390107640996574 4257.2937855124474
leaf_count=55506 18675 2326 26786 9571 145188 21331 2386 9008 795 1715 428 226 127 30210 55 2082 90 64 49 106 346 10223 80 1563 274 164 5094 5728 221 122015
internal_value=-0.000118273 -0.00315687 0.00100616 -0.00731475 -0.00977889 -0.00119833 0.025436 -0.000658551 0.00187842 0.00826763 0.0188989 0.0753621 0.184194 0.00577392 0.000385552 0.01313 0.0195721 0.121401 0.204806 0.0164746 0.0103574 -0.00182445 0.0184224 0.0410939 0.0507978 0.03507 0.00266652 0.0059067 0.0445327 0.0017034
internal_weight=15362.6 10135.6 5064.68 5070.95 3614.69 1456.26 125.474 815.452 1242.09 719.194 350.241 32.4671 14.4928 5226.93 4939.21 317.774 252.581 7.45649 4.44998 245.125 208.046 368.953 88.771 48.2528 37.0784 31.0628 3002.92 191.639 25.1762 4262.92
internal_count=472432 381622 153568 228054 172871 55183 4712 27683 45612 24281 10700 1148 353 90810 148856 9552 7470 203 139 7267 6723 13581 3358 1643 544 438 60600 6295 567 122070
is_linear=0
shrinkage=0.03


Tree=50
num_leaves=31
num_cat=0
split_feature=6 1 15 5 1 6 5 22 18 8 8 6 5 5 1 1 1 9 1 9 6 1 1 1 21 22 8 6 17 1
split_gain=291.102 225.735 97.4911 96.6978 81.2986 80.4945 78.013 177.925 75.6351 74.7051 80.7672 188.029 304.975 72.4202 71.2883 102.379 69.7365 69.1586 76.7185 68.1369 67.3642 67.6205 63.105 110.024 52.9034 91.6245 69.6551 51.8532 56.0955 51.7091
threshold=56.185516830688655 4.7000711901489085 13.500000000000002 102.58994080996887 4.6822238111444827 38.091680187016983 103.23119735755576 54364.000000000007 8150.5000000000009 40.500000000000007 42.500000000000007 100.62886340315426 133.55539883913767 183.47462987012989 4.0935942773539606 4.0605895407973458 2.772651218333857 2.5000000000000004 1.7585461327554646 1.5000000000000002 186.6198685303122 3.869178069964561 4.5850235979700589 4.5831596761906823 9057.5000000000018 81521.000000000015 90.500000000000014 39.255364657680246 0.1858543008565903 5.8609144121603256
decision_type=2 2 2 2 2 2 2 2 2 2 2 2 2 2 2 2 2 2 2 2 2 2 2 2 2 2 2 2 2 2
left_child=5 3 -3 20 6 -1 7 -5 -9 -4 11 12 -11 -12 15 16 -8 18 -7 -15 -2 -22 23 -16 -21 26 -26 28 -19 -28
right_child=1 2 9 4 -6 17 14 8 -10 10 13 -13 -14 19 22 -17 -18 27 -20 24 21 -23 -24 -25 25 -27 29 -29 -30 -31
leaf_value=0.0020774212493955544 -0.015738641863552904 0.012476113494255144 -0.010109309349423355 -0.019487879630926266 -0.018237089429197446 0.21149404011937084 0.01743321476797256 0.21442232584155266 0.062055215315945718 0.013963944505585347 -0.0022395305475378354 0.0099399952442541586 0.56903199031661233 0.04864059154262864 0.0024311027869284405 -0.023549916013688957 -0.0064124779758243404 0.033906823754000337 -0.0059014050754977879 0.002318206752129414 -0.015712974186018372 0.23777991342039601 -0.0078167574482721248 0.043694427364520526 0.0043328510861875549 0.0075769618120166441 0.031418204803840673 0.0097303445908265562 0.005814464577973094 0.093032529103262318
leaf_weight=2497.3393468260765 1039.7280592247844 666.49559769965708 556.90250416472554 15.753318361938002 391.38182379491627 1.4690709318965662 116.46547427028418 5.6075352709740383 6.145624715834856 2.0095780473202463 2046.546612421982 10.801005259156225 1.6003019139170644 33.688555937260389 1031.977973703295 310.64363226480782 2111.7587842904031 175.08945532515645 265.00157999433577 1112.1678721439093 1.8947058003395789 1.8936359398066995 535.02348460629582 61.629840085282922 24.978541798889637 265.15186887048185 22.003327924758196 1912.5480616316199 100.80316480621696 27.68034946359694
leaf_count=51632 56143 6907 18286 737 18085 18 3219 139 288 83 76720 319 62 412 45538 14959 91005 1071 10628 27304 65 45 19775 2710 633 5566 611 18303 862 307
internal_value=-0.00011695 -0.0029676 0.00183411 -0.00703593 -0.00516053 0.00586954 -0.00394053 0.0464163 0.134751 0.000105631 0.00170961 0.0725873 0.260032 0.00142044 -0.0042729 -0.00741546 -0.0051661 0.0097272 -0.00470289 0.00646214 -0.0152785 0.110998 0.000626033 0.00475648 0.00548353 0.0158432 0.0451997 0.0114842 0.0236427 0.0657455
internal_weight=15352.2 10399.9 4770.03 5629.9 4586.39 4952.25 4195.01 27.5065 11.7532 4103.53 3546.63 14.4109 3.60988 3532.22 4167.5 2538.87 2228.22 2454.91 266.471 1485.67 1043.52 3.78834 1628.63 1093.61 1451.98 339.814 74.6622 2188.44 275.893 49.6837
internal_count=472432 389918 137210 252708 196455 82514 178370 1164 427 130303 112017 464 145 111553 177206 109183 94224 30882 10646 34833 56253 110 68023 48248 34421 7117 1551 20236 1933 918
is_linear=0
shrinkage=0.03


Tree=51
num_leaves=31
num_cat=0
split_feature=13 22 17 14 8 7 14 18 18 10 11 6 8 5 6 7 5 7 5 11 5 8 21 21 8 8 22 8 5 5
split_gain=277.064 181.153 79.0321 107.185 97.2563 67.7707 68.5232 83.3957 130.766 100.808 86.4804 83.8664 64.3221 83.9895 165.708 87.6334 56.8626 55.3175 88.679 58.5716 57.4887 58.5607 113.344 50.7902 94.6218 469.839 262.787 253.906 88.4193 52.6105
threshold=3192.4809570312505 70493.000000000015 0.015395920258015396 1.0000000180025095e-35 153.50000000000003 0.36056469282324233 6.5000000000000009 57.500000000000007 2037.5000000000002 1.5000000000000002 1.5000000000000002 305.38637327838245 142.00000000000003 120.55234225571726 255.72708040858581 -0.28208643360364061 300.24375000000003 0.1491435233533295 300.24375000000003 14.500000000000002 117.34893873807779 174.50000000000003 9633.5000000000018 9092.5000000000018 236.50000000000003 221.00000000000003 63135.500000000007 235.00000000000003 193.1302272727273 63.792105263157907
decision_type=2 2 2 2 2 2 2 2 2 2 2 2 2 2 2 2 2 2 2 2 2 2 2 2 2 2 2 2 2 2
left_child=5 2 -2 -4 12 6 7 9 -9 11 -11 -1 -5 -14 15 -15 -16 19 20 -3 21 22 -19 29 25 28 27 -27 -25 -6
right_child=1 17 3 4 23 -7 -8 8 -10 10 -12 -13 13 14 16 -17 -18 18 -20 -21 -22 -23 -24 24 -26 26 -28 -29 -30 -31
leaf_value=0.0020210188775796716 -0.015138100509137335 0.12267464750229089 -0.011996176760735068 0.0039241254104529161 0.0074678956059697531 0.012016670946765621 -0.0045066129872891117 -0.0091910489510864651 0.0067041853476595666 0.041798589465664393 0.011377961694458795 0.033166283863839192 -0.010313022219226446 0.1783962103705114 -0.0087377085971771483 0.022451655968440551 0.15697212735964672 0.029557622544092277 0.052980105181955034 -0.0011520665335637262 -0.00032350054424186572 0.0094925401082906775 0.19614627836894444 -0.014033205842232929 -0.013719281287476771 -0.030611906102840956 0.71062517752283572 0.44636094971036727 0.094373430791888827 -0.0089885427273535268
leaf_weight=597.78340362757444 892.28057295270264 3.4413086846470824 1418.6343254670501 888.38589041493833 197.68762495368719 1119.195220399648 750.41572465933859 637.94821639731526 1726.2249946556985 163.0924913957715 173.66059645265341 89.45632647909224 21.898978995159268 11.795314272865655 18.752852816134695 4.4730802252888671 2.0693384539335957 30.407608091831207 35.107851766049862 3534.6395339090377 845.42784446291625 569.57036397792399 4.1812405344098797 28.891135469079018 46.023372564464808 2.0738085489720097 1.1736696101725099 1.9479346405714748 8.8442745152860862 1512.8669428806752
leaf_count=7795 48055 41 67648 33986 2231 13353 14259 20774 30629 1060 2044 896 1008 191 655 155 55 386 365 116014 23616 11425 59 1455 2301 109 59 62 144 71602
internal_value=-0.000115865 -0.00302779 -0.00703547 -0.00529983 -0.00184149 0.00546708 0.00369588 0.00551258 0.00241502 0.0126642 0.0261109 0.00607512 0.00593844 0.0362741 0.06378 0.135518 0.00773077 0.00100783 0.00586794 -0.00103163 0.00472692 0.0117942 0.0496955 -0.00593734 0.016164 0.0482 0.31567 0.20041 0.0113747 -0.00708668
internal_weight=15338.4 10080.6 5057.8 4165.52 2746.88 5257.78 4138.58 3388.17 2364.17 1023.99 336.753 687.24 947.375 58.9896 37.0906 16.2684 20.8222 5022.78 1484.69 3538.08 1449.59 604.159 34.5888 1799.51 88.9542 42.9308 5.19541 4.02174 37.7354 1710.55
internal_count=472432 381622 229716 181661 114013 90810 77457 63198 51403 11795 3104 8691 36050 2064 1056 346 710 151906 35851 116055 35486 11870 445 77963 4130 1829 230 171 1599 73833
is_linear=0
shrinkage=0.03


Tree=52
num_leaves=31
num_cat=0
split_feature=6 0 5 11 0 6 5 22 8 8 6 6 0 0 21 10 0 0 0 0 0 6 17 19 8 22 6 0 6 8
split_gain=264.145 211.519 91.7654 86.3774 78.2846 73.4793 70.8892 144.347 69.9227 68.8625 120.165 282.477 68.423 130.649 85.9531 73.6167 68.1689 99.4771 64.5839 59.9983 98.7771 58.5899 55.6902 60.3338 52.8351 52.7115 49.3365 47.0634 46.4016 49.4951
threshold=56.185516830688655 108.95500000000001 102.58994080996887 13.500000000000002 107.01000000000001 38.091680187016983 103.23119735755576 54364.000000000007 40.500000000000007 42.500000000000007 100.62886340315426 97.867515242218602 440.99500000000006 454.97500000000008 9057.5000000000018 829.50000000000011 58.955000000000005 57.008500000000005 15.001000000000003 97.005500000000012 96.823000000000022 186.6198685303122 0.016113890334963802 61.500000000000007 38.500000000000007 81521.000000000015 146.5934760236874 46.903000000000013 39.255364657680246 41.500000000000007
decision_type=2 2 2 2 2 2 2 2 2 2 2 2 2 2 2 2 2 2 2 2 2 2 2 2 2 2 2 2 2 2
left_child=5 2 21 -3 6 -1 7 -4 -5 10 11 -10 -11 15 -15 -14 17 18 -8 20 -18 -2 -16 25 -7 -24 -9 -23 -26 -30
right_child=1 3 4 8 -6 24 16 26 9 12 -12 -13 13 14 22 -17 19 -19 -20 -21 -22 27 23 -25 28 -27 -28 -29 29 -31
leaf_value=0.0019401444800628126 -0.015401791846081521 0.011734548547028923 -0.019212374785868094 -0.0098081175690710575 -0.017964377196681338 -0.0032979022031724382 0.016591428547371612 -0.0060278190317670658 0.00075772966410542751 -0.0007496835262582411 0.0096634456736879749 0.47368930828514022 0.10542066003106776 -0.0016455739253620257 -0.0050349008604031239 0.031691435295600701 0.0024263150773872152 -0.023347492632754475 -0.0062285488458287382 -0.0076192110898692872 0.040812587718311429 -0.01544164780826987 0.050703219501477097 0.088596164292981783 0.022159205437205627 0.0094328178238030445 0.14338240670532479 0.18676778391859988 0.076647719134737599 0.0087578584472713782
leaf_weight=2505.0774596557021 1017.5087586678565 674.93820489011705 15.400222459807994 549.30591749958694 383.43493431154639 269.96316549181938 117.90037962980568 2.4379817750304911 2.8281009364873162 2781.0138146867976 10.866802470758556 1.9004910141229627 14.741152882575987 481.78036342002451 48.194530386477709 70.376739142462611 1031.8008000832051 302.76509785838425 2094.9318892108276 530.58425655961037 64.078742846846581 1.8640200160443772 45.274502949789166 15.325391631573437 280.62544782459736 72.383023966103792 10.802358509972692 2.3317713923752308 9.7138993535190803 1913.9438580796123
leaf_count=51632 56143 6907 737 18286 18085 9791 3219 121 100 92328 319 45 298 12999 1462 1919 45538 14959 91005 19775 2710 65 817 250 2029 1480 306 45 321 18741
internal_value=-0.000115159 -0.00284778 -0.00681505 0.00179075 -0.00499214 0.00556199 -0.00379953 0.0432358 0.00015141 0.0016948 0.0645957 0.190836 0.00141683 0.00947098 0.00497867 0.0444602 -0.00412476 -0.00721938 -0.00501269 0.000661595 0.00467085 -0.0149405 0.0225936 0.0326065 0.00922896 0.0253136 0.115871 0.0969343 0.0107632 0.00910068
internal_weight=15324.1 10344.8 5575.84 4768.93 4554.14 4979.32 4170.7 28.6406 4093.99 3544.68 15.5954 4.72859 3529.09 748.076 662.958 85.1179 4142.06 2515.6 2212.83 1626.46 1095.88 1021.7 181.177 132.983 2474.25 117.658 13.2403 4.19579 2204.28 1923.66
internal_count=472432 389918 252708 137210 196455 82514 178370 1164 130303 112017 464 145 111553 19225 17008 2217 177206 109183 94224 68023 48248 56253 4009 2547 30882 2297 427 110 21091 19062
is_linear=0
shrinkage=0.03


Tree=53
num_leaves=31
num_cat=0
split_feature=13 22 0 6 2 3 5 5 19 6 21 7 22 8 0 7 0 0 21 18 18 10 6 15 15 2 10 12 22 6
split_gain=251.804 168.766 76.1291 74.7104 66.8819 83.5306 60.4806 88.4362 114.882 65.5728 52.3785 52.349 50.5783 48.3084 47.6643 187.482 43.8703 75.1627 43.8021 43.6289 76.7056 74.6959 67.1264 61.0632 43.6117 50.35 42.5767 43.018 40.2351 39.4225
threshold=3192.4809570312505 96484.000000000015 224.09500000000003 52.976352597897836 0.60355339059327384 0.25881904510252057 102.58994080996887 103.23119735755576 7.5000000000000009 186.6198685303122 7998.5000000000009 0.36056469282324233 33353.000000000007 7.5000000000000009 99.960000000000022 0.73790647366254103 994.47500000000014 855.92000000000019 8804.5000000000018 14.500000000000002 2095.5000000000005 1.5000000000000002 305.38637327838245 1.5000000000000002 41.500000000000007 0.60355339059327384 19.500000000000004 1.5000000000000002 2680.5000000000005 314.63076465601802
decision_type=2 2 2 2 2 2 2 2 2 2 2 2 2 2 2 2 2 2 2 2 2 2 2 2 2 2 2 2 2 2
left_child=4 2 3 10 11 -6 9 8 -8 -5 13 19 -12 -2 -14 -16 17 -4 -19 21 26 22 -1 -23 -15 28 27 -21 -26 -24
right_child=1 -3 16 6 5 -7 7 -9 -10 -11 12 -13 14 24 15 -17 -18 18 -20 20 -22 23 29 -25 25 -27 -28 -29 -30 -31
leaf_value=-0.0013508884526533943 -0.015051162100576578 0.0016151322324725523 0.00067942180876153792 -0.016368338644009744 0.020785389108016215 0.0048645737720175225 -0.015808169274177025 -0.0080627789238861703 0.095857169923700108 0.11329345265573085 -0.018799416014691175 0.0098778350397151944 0.0017964639293313431 0.0038826480972642789 0.33509311159066529 0.00037147355210075009 -0.018265695738489459 0.013474299080621558 0.070158229189950377 -0.0055275010709839919 0.0040945153817728008 0.041285681336531189 0.058085001430736409 0.0024824415711926619 0.11883580590874142 0.079895740886114563 -0.012762846242964761 0.014496804524307638 0.013081756096245309 0.013052279853304297
leaf_weight=465.15780563093722 98.185463657602668 4268.7917476929724 997.80798759870231 1052.5531311426312 498.43922876380384 732.39393519982696 16.23574366979301 2616.3108570706099 16.947507934644818 3.5220269858837119 201.42789545841515 863.72881763614714 51.950377823784947 451.06296708248556 1.9673529714345912 6.4226589687168598 100.60565935075283 27.84393934905529 21.934551410377026 386.78720309212804 1466.6008680295199 96.135869771242142 27.052295658737421 58.838216327130795 3.3748289030045262 13.471511166542767 508.6479783654213 128.67834607325494 79.758333189412951 49.525463446974754
leaf_count=6949 4996 122070 32353 61226 8620 10600 889 131085 496 97 9889 10225 1077 10632 74 144 3246 753 255 6614 24885 650 163 644 97 240 19214 1629 2003 617
internal_value=-0.000113955 -0.00290572 -0.00625536 -0.0079758 0.00518744 0.0113119 -0.00986525 -0.00744552 0.0412221 -0.0159359 -0.000261682 0.00332669 -0.0115819 0.00432646 0.0125117 0.0788595 0.000657004 0.00247426 0.0384517 0.00155146 -0.00030486 0.00818773 0.00293386 0.0265535 0.00780047 0.0260934 -0.00660507 -0.00052873 0.0173749 0.0289608
internal_weight=15312.2 10030.2 5761.38 4613.19 5281.99 1230.83 3705.57 2649.49 33.1833 1056.08 907.621 4051.15 261.768 645.853 60.3404 8.39001 1148.19 1047.59 49.7785 3187.42 2490.71 696.71 541.736 154.974 547.668 96.6047 1024.11 515.466 83.1332 76.5778
internal_count=472432 381622 259552 222945 90810 19220 193793 132470 1385 61323 29152 71590 11184 17968 1295 218 36607 33361 1008 61365 52342 9023 7729 1294 12972 2340 27457 8243 2100 780
is_linear=0
shrinkage=0.03


Tree=54
num_leaves=31
num_cat=0
split_feature=6 1 1 1 1 11 6 16 1 1 21 9 1 1 1 1 17 6 2 19 21 7 1 8 6 21 12 21 19 6
split_gain=238.572 196.158 85.4779 79.1218 108.062 77.6672 67.3866 67.2925 58.5081 64.8425 81.2064 56.7808 60.2142 55.5466 79.7578 56.5967 54.4218 52.1045 54.2425 48.2043 47.147 75.0497 66.4285 46.3799 52.5153 69.311 45.6072 44.1225 69.1252 43.939
threshold=56.185516830688655 4.7000711901489085 4.6822238111444827 4.0935942773539606 4.0605895407973458 13.500000000000002 38.091680187016983 1.0000000180025095e-35 2.772651218333857 3.6364275816172209 2411.5000000000005 2.5000000000000004 1.7585461327554646 3.9111225951759701 3.8286740041214666 3.9120330053281478 0.014803769532591106 311.98243690061923 0.91597561503675362 48.500000000000007 9057.5000000000018 1.57879868766391 7.194504414102938 498.00000000000006 311.98243690061923 9452.5000000000018 251.50000000000003 95.500000000000014 43.500000000000007 39.255364657680246
decision_type=2 2 2 2 2 2 2 2 2 2 2 2 2 2 2 2 2 2 2 2 2 2 2 2 2 2 2 2 2 2
left_child=6 2 3 4 8 -3 -1 -7 -2 27 -11 12 -8 14 17 -15 -9 -12 26 -5 -18 -22 23 -23 25 -25 -19 28 -10 -13
right_child=1 5 -4 19 -6 7 11 16 9 10 13 29 -14 15 -16 -17 20 18 -20 -21 21 22 -24 24 -26 -27 -28 -29 -30 -31
leaf_value=0.0017920586456929557 0.011528890513960353 0.011099437671306476 -0.019221719002361838 -0.0023739279304708012 -0.023599326730819534 -0.0034498430923835615 0.17078386199278242 -0.0042594454309446634 -0.013653137843352058 -0.017560443568739263 -0.0030448443076083426 0.021350505565797061 -0.0055921900897599273 0.018902845106421248 -0.023099971310065377 -0.000155926289819426 0.0050330729918205584 0.018220396414675297 0.19597806122651798 0.012554691875576863 0.011401826642205641 0.038401075256218969 -0.012633675705506041 0.2339072705987405 0.063117613540244644 0.046032789070197797 0.16491545500291807 -0.013789245531920258 0.046349314984902919 0.0087025066784294364
leaf_weight=2513.7724913284183 155.30040818732232 682.24623971991241 442.5509613417089 1692.3276278767735 370.94994988758117 2172.25220560655 1.7537302467972029 499.01705487444997 43.07777145318687 275.41266420576721 285.99389676470309 283.144795589149 261.72477288916707 220.23725014738739 174.74864690471441 386.0202497607097 1216.8082459308207 46.176125844940543 1.7149247601628292 219.96818443201482 160.27651749365032 14.648262560367586 9.5510295499116165 5.084332529455426 9.3362476192414743 2.7088992167264223 1.9895968940109003 1173.7900724848732 28.854257436469197 1947.251081423834
leaf_count=51632 4599 6907 22108 77546 19585 73522 18 18040 1025 11911 14575 1933 10628 11154 9055 15820 34187 1519 48 6538 3756 271 225 123 108 71 64 56984 177 18303
internal_value=-0.000112174 -0.00272549 -0.00657678 -0.00547445 -0.00838601 0.00172884 0.00525835 0.000165624 -0.0063657 -0.00741915 -0.0029702 0.0087523 -0.00441822 0.000627618 -0.00666234 0.00676762 0.00426158 0.00188982 0.0301831 -0.000656714 0.00725939 0.0206965 0.0567422 0.0775937 0.111109 0.168603 0.02428 -0.0123916 0.0104158 0.0103081
internal_weight=15298.7 10291 5519.11 5076.56 3164.27 4771.93 5007.65 4089.68 2793.32 2638.02 1392.29 2493.87 263.479 1116.88 510.623 606.257 1917.43 335.875 49.8806 1912.3 1418.41 201.605 41.3288 31.7777 17.1295 7.79323 48.1657 1245.72 71.932 2230.4
internal_count=472432 389918 252708 230600 146516 137210 82514 130303 126931 122332 64146 30882 10646 52235 25261 26974 56781 16206 1631 84084 38741 4554 798 573 302 194 1583 58186 1202 20236
is_linear=0
shrinkage=0.03


Tree=55
num_leaves=31
num_cat=0
split_feature=13 22 5 6 19 14 7 6 6 22 8 8 5 9 0 14 18 12 18 16 7 8 7 18 19 22 5 12 19 2
split_gain=227.445 156.963 77.3688 79.9372 76.196 68.0368 65.8145 64.7805 246.182 274.685 63.4614 114.25 85.832 180.487 110.057 62.1359 85.62 101.915 78.0579 67.9593 59.2551 73.441 57.4184 57.2935 54.789 52.7958 50.8169 48.9056 44.3947 44.2605
threshold=3192.4809570312505 68951.000000000015 147.28426829268292 52.976352597897836 8.5000000000000018 1.0000000180025095e-35 -0.26354212336824462 135.05704670585669 134.14452347908596 21650.500000000004 68.500000000000014 169.50000000000003 154.18444444444449 4.5000000000000009 99.960000000000022 6.5000000000000009 23.500000000000004 1.0000000180025095e-35 2182.5000000000005 1.0000000180025095e-35 -0.070577898780488244 105.50000000000001 -0.47844791256722374 5750.5000000000009 54.500000000000007 96484.000000000015 212.58437500000002 1.0000000180025095e-35 36.500000000000007 0.37940952255126054
decision_type=2 2 2 2 2 2 2 2 2 2 2 2 2 2 2 2 2 2 2 2 2 2 2 2 2 2 2 2 2 2
left_child=15 2 3 5 6 -2 -3 8 26 -10 -9 12 13 -12 22 16 17 -1 20 -19 -18 -22 -15 -24 -17 -6 -4 -26 -21 -20
right_child=1 4 7 -5 25 -7 -8 10 9 -11 11 -13 -14 14 -16 24 18 19 29 28 21 -23 23 -25 27 -27 -28 -29 -30 -31
leaf_value=0.0056502226661522314 -0.0094734158947455665 -0.004178528217859869 -0.0017060264454299573 -0.011522590922436841 -0.0075311265032583612 0.0078421767533280017 0.040398156385169033 -0.01190816584442651 -0.010533333307304332 0.55859319488189652 -0.023127263142287486 -0.0061436588826663252 0.012043120508226634 0.054542880677317863 -0.0086253602208615481 -0.01666331160225891 -0.0081115901181614755 0.039966349214209503 0.0045044932134227439 0.0055289913525749775 -0.0092526120076843864 0.01553733547579522 0.31662401582537386 0.15938462773282225 -0.0086518023787836157 0.001558569819212191 0.031351399444950967 0.0071037677711912953 0.028409992219875026 0.013845672181466831
leaf_weight=607.03907219320536 407.59736438654363 47.466556467115879 104.18491695728153 2668.4757600408047 664.52378802374005 409.31099928542972 80.132171114906669 465.05406321119517 1.4789146278053515 1.5771979130804537 11.943122079595925 518.72553726192564 238.57868270948529 2.9820191115140924 4.0328165683895341 185.14229464717209 665.17997911106795 162.29157131910324 1493.5359393861145 167.20773041434586 175.36744679138064 278.14295885711908 2.9148600231856108 7.3305700868368149 275.0778650790453 4273.6266761925071 69.951617704704404 498.87391712889075 140.39821410551667 657.48101645335555
leaf_count=8343 18675 2326 4590 145188 26786 9008 2386 18257 62 55 593 20875 8762 49 154 5211 20889 971 22890 1342 3253 3756 67 101 5258 122070 1618 6464 823 11610
internal_value=-0.00011054 -0.0027788 -0.00659873 -0.00900882 0.00092681 -0.000797458 0.0238157 -0.000719411 0.0162579 0.283181 -0.00312301 0.00207157 0.0179854 0.0665315 0.12857 0.00490835 0.00643336 0.0137699 0.00401694 0.0242593 -0.00241056 0.00595134 0.170399 0.20412 -0.00200306 0.000335375 0.0115733 0.00150392 0.0159724 0.00735972
internal_weight=15285.6 9979.89 4914.14 3485.38 5065.75 816.908 127.599 1428.75 177.193 3.05611 1251.56 786.508 267.782 29.2034 17.2603 5305.74 4346.64 1076.94 3269.71 469.898 1118.69 453.51 13.2274 10.2454 959.094 4938.15 174.137 773.952 307.606 2151.02
internal_count=472432 381622 228054 172871 153568 27683 4712 55183 6325 117 48858 30601 9726 964 371 90810 73877 11479 62398 3136 27898 7009 217 168 16933 148856 6208 11722 2165 34500
is_linear=0
shrinkage=0.03


Tree=56
num_leaves=31
num_cat=0
split_feature=6 1 1 5 15 8 6 1 1 8 6 6 5 9 1 1 1 9 1 5 22 6 1 1 6 5 21 2 4 1
split_gain=214.659 183.965 82.973 80.3081 69.6041 64.0337 62.0197 60.8915 98.6376 60.7171 85.9396 144.038 60.5697 62.0499 59.5084 87.0384 54.7583 51.1515 49.9099 48.4384 104.181 47.5508 44.9406 119.013 88.3946 81.1456 50.6999 49.6439 44.9627 41.9224
threshold=56.185516830688655 4.7000711901489085 4.6822238111444827 102.58994080996887 13.500000000000002 40.500000000000007 38.091680187016983 4.0935942773539606 4.0605895407973458 42.500000000000007 100.62886340315426 97.867515242218602 183.47462987012989 1.5000000000000002 4.5850235979700589 4.5831596761906823 2.772651218333857 2.5000000000000004 1.7585461327554646 103.23119735755576 55100.500000000007 186.6198685303122 6.9032198963399383 6.7533445647362011 292.25516157722973 186.57689722863742 8350.5000000000018 1.0000000180025095e-35 1.0000000180025095e-35 5.2623351990279286
decision_type=2 2 2 2 2 2 2 2 2 2 2 2 2 2 2 2 2 2 2 2 2 2 2 2 2 2 2 2 2 2
left_child=6 2 3 21 -3 -6 29 8 16 10 11 -7 -11 -14 15 -9 -5 18 -8 20 -18 -2 23 27 -25 -24 -26 -15 -29 -1
right_child=1 4 -4 7 5 9 17 14 -10 12 -12 -13 13 22 -16 -17 19 -19 -20 -21 -22 -23 25 24 26 -27 -28 28 -30 -31
leaf_value=0.00092911229117229987 -0.013806324877220869 0.010520536762822942 -0.018959716741862843 0.015388249450763562 -0.0094149292483630218 0.0010442296463846776 0.14531895530316194 0.0028321807011432573 -0.022889567655634577 -0.001970340034023888 0.0096490627848443058 0.30375267731311439 0.04581644392307594 0.0015690950036636384 -0.0072819659187127262 0.038117214383670071 -0.031008143657144847 0.009759937320134365 -0.0053996305570088183 -0.0058356875125422031 0.11583998471774899 0.081211549604111991 0.15155373991350876 0.12955164661029858 -0.0085472293249450222 -0.017315719247582576 0.050348703679068053 0.036748285693852079 0.0085099396940887511 0.022678836924590773
leaf_weight=2440.0851601213217 910.9350937018171 689.07216838374734 433.15026694349945 120.49266484193504 539.58579646516591 2.8025907669216421 1.9925751276314247 1037.4786600321531 289.96413080394268 2027.3130622431636 10.852863132953642 2.8568135686218739 34.389282075688243 1032.25448952429 526.78716627508402 66.97960108704865 8.4648142345249671 2249.9264565017074 259.75478685926646 2058.5909644477069 8.9404133558273298 4.7649209536612025 2.6230589505285016 9.5463949237018806 19.453858360648155 108.19839231297374 40.625549510121346 70.553609764203429 180.77566491998732 82.454380799084902
leaf_count=50039 52122 6907 22108 3229 18286 100 18 45843 15062 76720 319 45 412 25119 19850 2734 401 20236 10628 91005 246 108 62 144 377 2734 349 1329 4307 1593
internal_value=-0.000109362 -0.00260351 -0.00636047 -0.00527624 0.00170125 0.000212426 0.00496268 -0.00348926 -0.00644416 0.00167895 0.0590719 0.153849 0.00141016 0.00598386 0.00101478 0.00497203 -0.00427316 0.00829969 -0.00425227 -0.00541432 0.0444222 -0.0133119 0.00504821 0.00655238 0.0447524 -0.0133187 0.0312781 0.00448028 0.0164371 0.00164005
internal_weight=15271.7 10237.5 5466.55 5033.4 4770.9 4081.83 5034.21 4117.7 2486.45 3542.25 16.5123 5.6594 3525.73 1498.42 1631.25 1104.46 2196.49 2511.67 261.747 2076 17.4052 915.7 1464.03 1353.21 69.6258 110.821 60.0794 1283.58 251.329 2522.54
internal_count=472432 389918 252708 230600 137210 130303 82514 178370 109943 112017 464 145 111553 34833 68427 48577 94881 30882 10646 91652 647 52230 34421 31625 870 2796 726 30755 5636 51632
is_linear=0
shrinkage=0.03


Tree=57
num_leaves=31
num_cat=0
split_feature=13 16 17 18 9 5 2 3 6 19 6 6 17 7 19 17 19 9 20 2 18 18 10 6 10 1 1 10 6 6
split_gain=205.838 150.949 101.644 127.206 82.513 64.5587 58.916 76.1493 54.9721 52.8856 47.3544 50.8819 45.6288 45.299 40.2903 38.8403 38.6086 38.1983 38.0041 37.9995 37.3179 68.9778 66.964 43.0178 43.051 41.1782 61.4643 38.4616 38.3657 133.921
threshold=3192.4809570312505 1.0000000180025095e-35 0.015395920258015396 6295.5000000000009 5.5000000000000009 146.39570707070712 0.60355339059327384 0.25881904510252057 123.83321061201919 7.5000000000000009 290.37149697713068 286.19406183984853 0.024592309258878235 0.36056469282324233 1.5000000000000002 0.022423810325562957 97.500000000000014 5.5000000000000009 32.089578628540046 0.91597561503675362 14.500000000000002 2037.5000000000002 1.0000000180025095e-35 305.38637327838245 4.5000000000000009 3.0447366775324571 2.7332629845571206 19.500000000000004 205.54493770658823 204.38570124685731
decision_type=2 2 2 2 2 2 2 2 2 2 2 2 2 2 2 2 2 2 2 2 2 2 2 2 2 2 2 2 2 2
left_child=6 4 9 -4 5 -2 13 15 -6 -3 11 -7 -5 20 -13 -8 -9 -15 -17 -14 22 27 -1 24 -24 26 -23 -22 29 -28
right_child=1 2 3 12 8 10 7 16 -10 -11 -12 14 19 17 -16 18 -18 -19 -20 -21 21 25 23 -25 -26 -27 28 -29 -30 -31
leaf_value=-0.0033386640298277599 -0.01369079463104329 -0.015673402909115525 -0.0025022846839427367 0.002981659842875625 0.003176248525219646 0.0013170806503575428 0.0021251183536177662 0.0083149720677081259 -0.0056273330354597376 -0.0021652019165145754 -0.01367335103228874 0.098324223737005792 0.011846547263216531 -0.0011051506030845624 -0.022664509714849956 0.022372788991295332 -0.0072074760984681494 0.012836143708126033 0.11519538305907331 0.0421989103915286 -0.00092802702929660377 -0.0011576408834619459 0.008026765333696291 0.03740296597361796 0.049952009872378828 0.0014504879603458613 0.026957066914402434 -0.012764572119231198 -0.0088679962076714421 0.15277808791406491
leaf_weight=301.201216571033 1614.0251468131319 350.78827370982617 1468.956549285911 658.07058866135776 934.93854991812259 437.94974555727094 96.393083039671183 544.87620081566274 2012.3850390007719 1017.3421589806676 232.72453722637147 8.6420024279504997 1153.4917259328067 245.54020218737423 3.4725184664130202 409.15140821412206 196.12141900882125 632.55993326567113 4.0086660124361506 38.356752641499043 513.17380456253886 109.50738755427301 311.13005090877414 66.562603820115328 23.724008422344923 1274.8055535294116 95.054756361991167 476.46788539271802 19.475963363423944 8.2763999104499799
leaf_count=5231 89966 20953 49301 21695 16368 18455 2618 7865 85424 41179 9537 87 27937 3688 129 5935 2735 6537 67 591 8142 1578 3136 490 166 22206 1459 18530 372 55
internal_value=-0.00010791 -0.00266004 0.00125221 0.0040887 -0.00615665 -0.0104195 0.00464911 0.0103455 -0.0028347 -0.0056287 -0.00268647 0.00299475 0.00932238 0.00290205 0.0636439 0.0192727 0.00420661 0.00893779 0.0232734 0.0128234 0.00124548 -0.000473289 0.00735316 0.0153757 0.0109971 0.00356737 0.0151836 -0.00662679 0.0297551 0.0370348
internal_weight=15259.2 9931.14 4687.01 3318.88 5244.14 2296.81 5328.03 1250.55 2947.32 1368.13 682.789 450.064 1849.92 4077.48 12.1145 509.553 740.998 878.1 413.16 1191.85 3199.38 2496.76 702.618 401.417 334.854 1507.12 232.315 989.642 122.807 103.331
internal_count=472432 381622 161656 99524 219966 118174 90810 19220 101792 62132 28208 18671 50223 71590 216 8620 10600 10225 6002 28528 61365 52342 9023 3792 3302 25670 3464 26672 1886 1514
is_linear=0
shrinkage=0.03


Tree=58
num_leaves=31
num_cat=0
split_feature=13 16 17 18 9 5 22 2 3 5 7 17 0 5 5 0 21 17 9 18 18 10 5 11 0 0 21 0 11 13
split_gain=193.541 143.084 95.691 118.553 79.1566 62.2989 57.2829 54.703 69.9763 48.8067 42.2271 42.0297 37.1175 36.0001 70.0023 35.8843 40.0862 35.4553 35.4311 35.0327 65.1149 63.7947 56.8327 55.3397 38.1262 55.9596 37.44 37.0796 36.9601 58.2905
threshold=3192.4809570312505 1.0000000180025095e-35 0.015395920258015396 6295.5000000000009 5.5000000000000009 146.39570707070712 67203.000000000015 0.60355339059327384 0.25881904510252057 75.7104761904762 0.36056469282324233 0.024592309258878235 64.006500000000017 63.792105263157907 69.605000000000004 279.97500000000008 8350.5000000000018 0.022423810325562957 5.5000000000000009 14.500000000000002 2037.5000000000002 1.5000000000000002 191.49906926406928 1.5000000000000002 20.004500000000004 14.383000000000001 4003.5000000000005 28.604000000000003 4.5000000000000009 175.04900360107425
decision_type=2 2 2 2 2 2 2 2 2 2 2 2 2 2 2 2 2 2 2 2 2 2 2 2 2 2 2 2 2 2
left_child=7 4 6 -4 5 -2 -3 10 17 13 19 -5 -10 -6 -15 -11 -17 -9 -12 21 28 22 -1 -23 25 -22 27 -26 29 -21
right_child=1 2 3 11 9 -7 -8 8 12 15 18 -13 -14 14 -16 16 -18 -19 -20 20 24 23 -24 -25 26 -27 -28 -29 -30 -31
leaf_value=-0.0021252324090197481 -0.013458650136473124 -0.015741933261021634 -0.0024328224763334508 0.0028841447656437055 0.0030713810056816346 -0.0026156850337885041 -0.0017946819137767841 0.0020574579723217547 -0.0007719369594993325 -0.0071668197520771649 -0.0010729366630758408 0.012303389166016558 0.013356123235643008 0.29565118366078719 0.021290463347083361 -0.0057079422068301569 0.012063434675285849 0.022218147657471855 0.012341853380148085 -0.0032568029069453938 -0.0011239846014426673 0.037772942414737901 0.023630378059722901 0.0011889348176168854 -0.011767394203595901 0.028231853849605283 -0.0050868329821128107 0.007938584572598658 -0.011822377442447685 0.037290921374331439
leaf_weight=453.09947812184691 1592.9315997483209 360.565728652291 1465.6228499906138 659.88271820731461 797.50634187366813 680.68651576898992 1000.2212906861678 96.573329824954271 488.52024973370135 1675.3523704120889 245.32822798378766 1204.722323205322 254.57728936709464 1.103193406946956 3.4683219520375133 254.15826047770679 207.49396138638258 419.67896912433207 638.07118411175907 416.77212280780077 109.40444166958332 98.130574192851782 92.920659393072128 59.945918994024396 98.233817199245095 125.46344267204404 491.56746135279536 686.52816158346832 532.3542781509459 34.554072862491012
leaf_count=6772 89966 21671 49301 21695 8763 28208 40461 2618 6981 80057 3688 28528 3619 55 186 7609 5122 6002 6537 6120 1578 650 957 644 1741 1886 9805 10660 20219 333
internal_value=-0.000106042 -0.00258848 0.00121268 0.00395161 -0.00600923 -0.0102124 -0.00549026 0.00449648 0.00996248 -0.00275771 0.00281031 0.00896992 0.00406819 0.00355258 0.0874989 -0.00512614 0.00227957 0.0184468 0.00861644 0.00120694 -0.000460866 0.00711658 0.00225781 0.0238995 0.00344937 0.0145575 0.00140527 0.00547186 -0.00646804 -0.000152421
internal_weight=15245.4 9903.72 4691.01 3330.23 5212.7 2273.62 1360.79 5341.72 1259.35 2939.08 4082.37 1864.61 743.098 802.078 4.57152 2137 461.652 516.252 883.399 3198.97 2494.88 704.097 546.02 158.076 1511.2 234.868 1276.33 784.762 983.68 451.326
internal_count=472432 381622 161656 99524 219966 118174 62132 90810 19220 101792 71590 50223 10600 9004 241 92788 12731 8620 10225 61365 52342 9023 7729 1294 25670 3464 22206 12401 26672 6453
is_linear=0
shrinkage=0.03


Tree=59
num_leaves=31
num_cat=0
split_feature=13 16 17 7 14 15 12 21 10 17 21 17 10 15 10 19 0 2 21 21 16 19 5 0 5 5 5 0 2 16
split_gain=181.99 135.614 90.1515 66.3761 58.1217 80.7762 144.804 119.43 56.6332 65.8813 85.523 54.1959 61.4326 101.101 50.6636 48.4504 47.5758 39.6962 42.9672 39.2181 38.7428 37.123 36.4096 38.1121 55.2803 90.0068 58.7442 53.8841 35.4972 35.2024
threshold=3192.4809570312505 1.0000000180025095e-35 0.0056861259508878001 0.28633737502411266 6.5000000000000009 6.5000000000000009 1.5000000000000002 2117.5000000000005 635.50000000000011 0.019868137314915661 6333.5000000000009 0.090923395007848754 2.5000000000000004 1.5000000000000002 1.5000000000000002 3.5000000000000004 210.95500000000001 0.37940952255126054 4407.5000000000009 8582.5000000000018 3.5000000000000004 32.500000000000007 41.268379638916763 20.004500000000004 128.84162489957825 128.17677765237022 56.318951322751325 14.992500000000001 0.91597561503675362 1.5000000000000002
decision_type=2 2 2 2 2 2 2 2 2 2 2 2 2 2 2 2 2 2 2 2 2 2 2 2 2 2 2 2 2 2
left_child=4 3 -3 15 5 6 21 -7 -4 20 -11 19 -13 -14 -8 16 -2 18 22 -6 -10 -1 -9 24 25 26 27 -24 29 -12
right_child=1 2 8 -5 11 7 14 17 9 10 28 12 13 -15 -16 -17 -18 -19 -20 -21 -22 -23 23 -25 -26 -27 -28 -29 -30 -31
leaf_value=0.0013189324033860018 -0.014347078708768874 -0.016307195355752934 -0.0097625121133980419 -0.00034315882701503326 -0.012767547196251403 -0.0083913705715541204 0.0090563060735668714 -0.0090213880733304389 -0.0045974158457686137 -0.00055155441740796214 0.0058822152180923815 -0.0060159081388870385 0.070206977310208959 0.0075048906902651855 0.033682749197717854 -0.0055719818398448891 0.0099496611037019865 0.012194787638378115 -0.0076841042386013051 0.10337328872102297 0.0059071937973699121 0.012308752499633259 0.017182663446724158 0.0057700455473992246 -0.013963204075684655 0.1398310256070083 -0.007750699633793625 0.083607345158467503 0.037232063813172213 0.015300453639468416
leaf_weight=651.70992582477629 1156.9352427721024 251.28129368275404 331.6435090219602 1421.8984780190513 341.04594878852367 655.91075543500483 101.96498893201351 134.19327461346984 1140.7584905056283 1027.6972914068028 842.62264149822295 325.6103814765811 25.312566209584475 270.1121704056859 286.27643342874944 2526.1225261250511 77.383918095380068 683.46345214173198 257.23990055546165 2.63696589693427 437.05415001884103 480.66173195466399 23.302696127444506 1035.834465958178 24.947316225618124 7.0179447829723349 26.87935153208673 20.803573958575726 43.968519784510136 619.95741261914372
leaf_count=9302 66977 15868 11722 46902 8467 21189 708 1965 46809 33464 22611 4587 171 3675 2501 103814 2273 11743 5517 33 16211 5093 226 14468 454 47 471 193 709 14262
internal_value=-0.000104234 -0.00251869 0.00117448 -0.00586456 0.00434931 0.00581443 0.0114046 0.00285219 0.00216303 0.00312485 0.00612108 -0.00231808 0.00297155 0.0128773 0.027215 -0.00795231 -0.0128238 0.00618364 0.0034988 -0.0118764 -0.00168764 0.00598382 0.00575861 0.00750027 0.0249088 0.0373409 0.0272083 0.0485131 0.0106728 0.00987441
internal_weight=15232.2 9877.32 4694.98 5182.34 5354.92 4390.21 1520.61 2869.59 4443.7 4112.06 2534.25 964.718 621.035 295.425 388.241 3760.44 1234.32 2213.68 1530.22 343.683 1577.81 1132.37 1272.98 1138.79 102.951 78.0036 70.9856 44.1063 1506.55 1462.58
internal_count=472432 381622 161656 219966 90810 73877 17604 56273 145788 134066 71046 16933 8433 3846 3209 173064 69250 35084 23341 8500 63020 14395 17824 15859 1391 937 890 419 37582 36873
is_linear=0
shrinkage=0.03


Tree=60
num_leaves=31
num_cat=0
split_feature=5 0 16 14 8 5 17 12 0 0 14 5 5 19 0 9 17 13 16 22 5 5 10 11 0 0 10 5 5 5
split_gain=172.308 176.033 82.6607 63.0774 73.3675 70.8214 58.8893 56.1208 56.2971 88.4833 52.5531 75.7519 61.4572 49.5448 49.0475 45.6921 46.172 45.6311 43.8633 50.2202 89.8365 138.008 70.3884 93.4392 40.4079 40.1592 49.0208 55.5571 60.4463 43.6811
threshold=71.17058333333334 139.96000000000001 1.0000000180025095e-35 11.500000000000002 28.500000000000004 32.515324423541337 0.0056861259508878001 198.50000000000003 994.47500000000014 855.92000000000019 5.5000000000000009 183.47462987012989 194.67837767687723 3.5000000000000004 59.960500000000003 29.500000000000004 0.01008849171921611 17566.451171875004 7.5000000000000009 4646.5000000000009 67.858750000000015 69.605000000000004 2.5000000000000004 1.5000000000000002 66.954000000000022 266.78000000000003 835.50000000000011 286.32593582887705 353.90564182194623 117.34893873807779
decision_type=2 2 2 2 2 2 2 2 2 2 2 2 2 2 2 2 2 2 2 2 2 2 2 2 2 2 2 2 2 2
left_child=3 2 13 4 14 -6 -4 8 9 25 11 15 17 -2 -1 -8 -17 -13 19 20 22 -22 -7 -24 -16 -3 29 -28 -29 -27
right_child=1 7 6 -5 5 18 10 -9 -10 -11 -12 12 -14 -15 24 16 -18 -19 -20 -21 21 -23 23 -25 -26 26 27 28 -30 -31
leaf_value=-0.011012466433573478 -0.01367473718246707 0.001375862954542624 -0.017861717340721051 -0.0041336041387653524 -0.013162760872991845 0.0081541356269339491 0.0020158497837687549 -0.0049434791209790581 -0.013478722216755345 0.035072880861855449 -0.011916464359898462 0.047578214184377951 0.0065860636961103157 -0.0060009814303874018 0.064397191671398027 0.0027945374918809892 -0.012627770041959897 -0.0091170148271954785 0.038246535848426438 0.0054575554730287371 -0.0021695254901832705 0.29445945031652893 0.050161087405424847 0.01302850743515542 0.0058666632060526301 0.047231416905397748 0.00082256850986481733 0.038278868296174641 -0.0096183170280452097 0.013290893620797875
leaf_weight=338.55926815140992 1146.9975046496838 1876.7275134213269 190.4575624121353 637.16832859255373 144.83504778891802 798.15265606716275 1062.0267501017079 741.61685773171484 155.4796706456691 85.732314877212048 326.24836692307144 60.010452916845679 498.34763352107257 2228.3043630253524 12.143081597983835 261.30756531096995 527.20404127426445 16.232401918619871 43.312611345201731 2401.2408641334623 3.1192880040034643 2.5785413486883044 93.304559119045734 176.10487416293472 84.390806286595762 37.033777946606278 723.86442635767162 77.244695357978344 34.217862790450454 434.80513293482363
leaf_count=12764 64918 49700 13213 11466 2684 7581 49050 24158 4348 1420 13583 897 13125 104566 343 10645 22594 434 292 28765 144 92 443 2081 2682 850 21255 1098 813 6428
internal_value=-0.000102487 -0.00224775 -0.0054049 0.00464746 0.00601286 0.0073964 -0.00172905 0.00253879 0.00415888 0.00499759 -0.000612301 0.000908429 0.0104237 -0.00860868 -0.00563397 -0.00204605 -0.00751692 0.0355076 0.00824286 0.00786884 0.0132637 0.132069 0.0126296 0.0258886 0.0132293 0.00418776 0.00822486 0.00385855 0.0235749 0.0159548
internal_weight=15218.8 10483.9 6317.14 4734.91 4097.74 3662.65 2941.83 4166.72 3425.11 3269.63 2751.38 2425.13 574.59 3375.3 435.093 1850.54 788.512 76.2429 3517.81 3474.5 1073.26 5.69783 1067.56 269.409 96.5339 3183.89 1307.17 835.327 111.463 471.839
internal_count=472432 403095 293025 69337 57871 42082 123541 110070 85912 81564 110328 96745 14456 169484 15789 82289 33239 1331 39398 39106 10341 236 10105 2524 3025 80144 30444 23166 1911 7278
is_linear=0
shrinkage=0.03


Tree=61
num_leaves=31
num_cat=0
split_feature=6 1 1 1 1 14 9 5 11 16 1 1 1 18 1 1 1 5 10 7 22 22 16 1 7 10 7 12 6 18
split_gain=169.451 158.904 80.6602 73.6857 103.329 56.7953 60.108 61.8948 55.5157 55.8607 51.6247 47.5467 64.0972 80.2554 51.822 78.665 55.8773 54.1248 49.3494 65.5982 46.7775 45.1024 41.8761 40.7308 45.077 125.629 101.348 45.0148 52.1285 40.3668
threshold=56.185516830688655 4.7000711901489085 4.6822238111444827 4.0935942773539606 4.0605895407973458 11.500000000000002 3.5000000000000004 37.769805555555564 13.500000000000002 1.0000000180025095e-35 4.1102260986107213 2.772651218333857 3.6364275816172209 2397.5000000000005 3.9111225951759701 3.8286740041214666 3.9120330053281478 208.64513968241306 1058.5000000000002 -0.51106149174897897 63135.500000000007 38118.000000000007 7.5000000000000009 4.6818997177745958 -0.35026576873312376 27.500000000000004 -0.4082482904638628 141.50000000000003 194.05378671365227 7.5000000000000009
decision_type=2 2 2 2 2 2 2 2 2 2 2 2 2 2 2 2 2 2 2 2 2 2 2 2 2 2 2 2 2 2
left_child=5 2 3 4 11 6 10 -8 -3 -10 -1 -2 29 -14 15 17 -16 -15 -19 -20 -5 -12 -9 24 25 26 -22 28 -25 -13
right_child=1 8 -4 20 -6 -7 7 22 9 -11 21 12 13 14 16 -17 -18 18 19 -21 23 -23 -24 27 -26 -27 -28 -29 -30 -31
leaf_value=-0.0093783799537734865 0.010299951222296728 0.0094385999331926731 -0.018535609609263152 -0.0043973068491951501 -0.023092309816352137 -0.0040238032686006481 -0.0044890969239131879 0.0081350394608000198 -0.0030434565390861324 0.0040000378873457617 0.005164492935799841 0.014601830590383039 -0.017051239732174796 -0.0022716451117698942 0.01940847080217362 -0.02266948796211447 0.00034920965347321522 0.023879818974904727 0.018033994273865563 0.27905305664273916 0.36057676379352932 0.17061283153758616 0.038284939933370989 0.28653637466916526 -0.0005156533303301965 0.012041473026476707 0.036058368931140214 0.020956799216095862 0.042264160052913481 -0.012910374044043721
leaf_weight=405.99374099541456 157.13053196109831 700.75986160337925 418.53127303067595 1039.613101019524 347.53376449458301 634.95276983641088 365.84889535419643 3229.0857327505946 2137.5990902772173 1926.8510402981192 401.88803958520293 50.092276183888316 264.78793826885521 281.27055110502988 217.98159345332533 165.83687725011259 379.40113075822592 43.043596690520644 1.8336949944496157 1.6429418101906765 1.6850222479552033 1.4884097650647152 41.999994799494743 1.5129385264590367 554.365499147214 272.33877142798156 1.782197281718253 6.3725879779085517 1.6370140034705398 1147.6324037844315
leaf_count=17997 4599 6907 22108 51027 19585 11466 5942 32275 73522 56781 14517 675 11923 14759 11154 9059 15809 1335 61 46 53 57 260 69 23300 9260 52 267 56 57511
internal_value=-0.000100831 -0.002345 -0.00589061 -0.00481874 -0.00769168 0.00436927 0.00556784 0.00721332 0.00164022 0.000295683 -0.0018262 -0.00571716 -0.00670277 -0.0022354 0.0013604 -0.00583228 0.00730383 0.00268605 0.0326613 0.141383 -0.000143621 0.00577498 0.00852216 0.00512281 0.00441516 0.014326 0.19377 0.0668149 0.159589 -0.0117597
internal_weight=15202.5 10121.2 5356.03 4937.49 3058.19 5081.26 4446.3 3636.93 4765.21 4064.45 809.37 2710.65 2553.52 1355.8 1091.01 493.628 597.383 327.791 46.5202 3.47664 1879.31 403.376 3271.09 839.694 830.171 275.806 3.46722 9.52254 3.14995 1197.72
internal_count=472432 389918 252708 230600 146516 82514 71048 38477 137210 130303 32571 126931 122332 64146 52223 25260 26963 16201 1442 107 84084 14574 32535 33057 32665 9365 105 392 125 58186
is_linear=0
shrinkage=0.03


Tree=62
num_leaves=31
num_cat=0
split_feature=6 0 0 0 0 14 9 6 12 18 20 13 0 16 0 0 18 18 13 0 0 0 22 16 17 18 22 6 21 7
split_gain=159.369 150.598 78.0573 70.1987 100.726 53.2276 56.1471 55.1353 52.0174 50.0156 76.2898 61.2338 48.8205 47.0796 44.8644 61.5284 76.7972 78.5499 75.2359 48.166 65.6558 63.1131 43.9213 43.8171 45.1207 38.3857 49.7507 36.9088 38.5495 36.7745
threshold=56.185516830688655 108.95500000000001 107.01000000000001 58.955000000000005 57.008500000000005 11.500000000000002 3.5000000000000004 32.368564995121005 52.500000000000007 392.50000000000006 19.227847099304203 25.006999969482425 59.960500000000003 5.5000000000000009 15.001000000000003 36.95600000000001 3113.5000000000005 3595.5000000000005 400.09950256347662 48.955000000000005 49.000500000000009 45.001500000000007 63135.500000000007 1.0000000180025095e-35 0.014803769532591106 7.5000000000000009 164.50000000000003 311.98243690061923 4003.5000000000005 4.4326192389206618
decision_type=2 2 2 2 2 2 2 2 2 2 2 2 2 2 2 2 2 2 2 2 2 2 2 2 2 2 2 2 2 2
left_child=5 2 3 4 14 6 12 -8 -3 11 -11 -9 -1 -12 -2 25 -17 18 -18 21 -21 27 -5 -10 -25 26 -16 -19 -29 -7
right_child=1 8 -4 22 -6 29 7 9 23 10 13 -13 -14 -15 15 16 17 19 -20 20 -22 -23 -24 24 -26 -27 -28 28 -30 -31
leaf_value=-0.0091788024989223511 0.0099100853379713843 0.0064120098860717383 -0.018306700531722595 -0.0042833859842825251 -0.022910104880763889 -0.0046814177666647605 -0.0026731241307775314 0.0078547558777217578 -0.0038366488955095812 -0.0087207253489118407 0.0071886294086254991 0.02250100785151634 0.0055702812999106543 0.038543649197615638 -0.01559901620589813 -0.014379507476911533 0.11284281056103504 -0.0032320793967213551 0.019921063502618994 0.019079142296467365 -0.0028050336565256014 -0.022233490003084062 0.0049374590510759412 -0.0049748703278257832 0.006081634921530985 -0.012679943679008474 0.044034173128424517 0.15854482040440387 0.020320297676295059 0.064465094994681685
leaf_weight=402.43141794856638 158.39307898189873 1415.4223075956106 411.1639053914696 1035.3110642954707 339.90453900769353 625.80254639498889 466.22023864835501 650.3763062544167 1696.0089136119932 285.82468942925334 1783.029875498265 424.65610530041158 405.51233409065753 44.165954560041428 25.294205566868186 345.61432023905218 10.088548604398964 255.63041857723147 35.218275598250329 216.33786718733609 287.15473277401179 157.44727272354066 843.86550647579134 459.37195919267833 1199.8082432169467 1133.6474786335602 25.071453096345067 1.8945702165365208 43.728269325569272 6.9996954947710028
leaf_count=17997 4599 23416 22108 51027 19585 11378 7542 6707 63258 2925 18463 2464 14574 376 538 14992 160 13687 1425 10831 12813 8770 33057 17170 33366 57511 137 51 1417 88
internal_value=-9.95251e-05 -0.00228233 -0.00575005 -0.00469954 -0.00752062 0.00422595 0.00538067 0.00696301 0.00158893 0.00837219 0.00569197 0.0136403 -0.00177614 0.00794653 -0.00558001 -0.00654706 -0.00217688 0.00200913 0.0406121 0.000191425 0.00659804 -0.00684079 -0.000142661 -0.000445731 0.00302046 -0.0115414 0.0140857 0.00120406 0.0260603 -0.00391656
internal_weight=15191.4 10096.4 5325.77 4914.6 3035.43 5095.02 4462.22 3654.27 4770.61 3188.05 2113.02 1075.03 807.944 1827.2 2695.52 2537.13 1353.11 1007.5 45.3068 962.193 503.493 458.701 1879.18 3355.19 1659.18 1184.01 50.3657 301.253 45.6228 632.802
internal_count=472432 389918 252708 230600 146516 82514 71048 38477 137210 30935 21764 9171 32571 18839 126931 122332 64146 49154 1585 47569 23644 23925 84084 113794 50536 58186 675 15155 1468 11466
is_linear=0
shrinkage=0.03


Tree=63
num_leaves=31
num_cat=0
split_feature=13 9 1 1 14 11 12 18 19 1 14 8 10 12 8 19 18 1 10 7 6 10 6 10 7 18 6 20 6 6
split_gain=150.403 110.599 69.2103 58.2142 51.9933 61.7581 117.317 98.2196 58.0942 51.708 48.0069 80.0688 44.6004 44.2506 41.8789 41.5113 38.2836 47.3503 55.8758 39.8016 62.7119 37.2725 36.8885 36.7271 56.6109 41.2905 33.9553 82.4126 66.1871 33.863
threshold=3192.4809570312505 13.500000000000002 4.0935942773539606 4.0605895407973458 5.5000000000000009 6.5000000000000009 1.5000000000000002 2037.5000000000002 52.500000000000007 3.9111225951759701 1.0000000180025095e-35 164.50000000000003 1.5000000000000002 1.0000000180025095e-35 448.00000000000006 86.500000000000014 8723.5000000000018 5.7620042107437266 802.50000000000011 0.70710678118654857 283.69928812281711 635.50000000000011 286.19406183984853 150.50000000000003 -0.15629460436606704 741.50000000000011 268.98440502350394 40.257301330566413 194.320360819797 550.92587324544331
decision_type=2 2 2 2 2 2 2 2 2 2 2 2 2 2 2 2 2 2 2 2 2 2 2 2 2 2 2 2 2 2
left_child=4 2 3 9 5 6 -1 23 -6 -2 -4 -12 22 -10 -3 -9 -13 29 -19 20 -20 -16 -8 -7 -25 -26 28 -28 -23 -18
right_child=1 14 10 -5 8 7 12 15 13 -11 11 16 -14 -15 21 -17 17 18 19 -21 -22 26 -24 24 25 -27 27 -29 -30 -31
leaf_value=0.0055077172049444578 -0.011629540203333063 0.0099497708595497024 -0.0082510562116261815 -0.025252667590133882 -0.014042473305675998 -0.01383455857050743 -0.0021430522401497246 0.0071216803101948412 -0.0071564055407534787 0.00160383812930314 0.0080831084703842145 -0.0078724310315489623 0.031170853216040257 0.0066735735786641439 -0.01009255920135786 -0.007213337445829574 -0.002931609778266502 0.11322690048726991 0.16152543313842291 0.005709132314026282 0.026722984248586663 0.0014744037470449333 0.046493691048520046 -0.012358939360997646 0.053813901954651119 0.0078323592901446189 0.025642332291207454 0.0020272315541994281 -0.0090256833359623773 0.13397773945548808
leaf_weight=1065.1341601572931 1081.4131498513743 415.21490265708417 1039.794394467026 211.07070349343121 263.27537838835269 367.1389550967142 74.429043352603912 1977.6555666364729 316.86337663792074 352.31848463788629 682.88481087889522 958.64583886042237 276.34542958065867 607.26807377114892 307.26810943521559 200.21336241625249 392.93993164319545 5.5259987153112879 3.8808535095304277 78.858224345371127 15.555577827617524 2273.6036189878359 17.296235162764788 116.74078195448965 22.900815891101956 75.594690099358559 150.99499777145684 1116.098515345715 708.70987591240555 1.6326841767877329
leaf_count=13356 61720 5192 49417 13738 7300 10990 534 32663 5878 19677 24953 46087 2388 7580 10353 2104 19185 126 86 2285 224 65029 97 5462 471 1987 3913 28359 31235 43
internal_value=-9.79611e-05 -0.00231129 -0.0055472 -0.0105431 0.00393163 0.00550085 0.0105533 0.00287746 -0.00161022 -0.00837763 -0.0029629 -0.000393375 0.0251544 0.00193159 0.000828708 0.00580385 -0.00436613 0.00237814 0.0204049 0.0151866 0.0536389 -2.42474e-06 0.00702817 -0.00806616 0.00177328 0.0185234 0.000727177 0.00484136 -0.00102081 -0.0023651
internal_weight=15177.3 9796.41 4824.52 1644.8 5380.86 4193.45 1433.2 2760.24 1187.41 1433.73 3179.72 2139.92 368.071 924.131 4971.89 2177.87 1457.04 498.393 103.821 98.2947 19.4364 4556.68 91.7253 582.375 215.236 98.4955 4249.41 1267.09 2982.31 394.573
internal_count=472432 381622 237541 95135 90810 70052 16375 53677 20758 81397 142406 92989 3019 13458 144081 34767 68036 21949 2721 2595 310 138889 631 18910 7920 2458 128536 32272 96264 19228
is_linear=0
shrinkage=0.03


Tree=64
num_leaves=31
num_cat=0
split_feature=13 22 19 17 14 8 0 5 5 17 14 11 13 18 17 10 11 21 8 8 5 8 21 5 12 22 5 5 21 8
split_gain=141.474 112.151 70.264 64.796 88.0501 82.4995 54.6467 50.2071 107.89 51.0079 49.1655 61.6753 118.958 106.622 47.8577 51.0734 72.8601 47.4468 100.219 291.075 80.3853 142.495 56.8698 50.3204 43.2982 39.8111 38.4425 94.306 149.677 131.754
threshold=3192.4809570312505 70493.000000000015 8.5000000000000018 0.015395920258015396 1.0000000180025095e-35 164.50000000000003 183.58900000000003 111.68039048006371 102.58994080996887 0.028553660027682785 6.5000000000000009 6.5000000000000009 25.006999969482425 2037.5000000000002 0.087325815111398711 1.5000000000000002 1.5000000000000002 9092.5000000000018 236.50000000000003 221.00000000000003 94.820059978189761 235.00000000000003 9348.5000000000018 123.63039411190631 4.5000000000000009 96484.000000000015 147.28426829268292 154.18444444444449 9664.5000000000018 126.50000000000001
decision_type=2 2 2 2 2 2 2 2 2 2 2 2 2 2 2 2 2 2 2 2 2 2 2 2 2 2 2 2 2 2
left_child=10 3 6 -2 -5 26 -3 8 -8 -10 11 12 -1 -13 -12 -16 -17 -7 19 22 -21 -22 23 -19 -14 -4 -6 28 29 -28
right_child=1 2 25 4 5 17 7 -9 9 -11 14 13 24 -15 15 16 -18 18 -20 20 21 -23 -24 -25 -26 -27 27 -29 -30 -31
leaf_value=0.0033108948540935251 -0.013330851721001031 0.0077627779194255004 -0.0067363477481555151 -0.010348722229955728 0.001169209460817141 -0.0060346015805524487 -0.014543545210564413 0.034103706986774757 0.12230749499170765 0.30839821103046727 -0.011935918531891822 -0.0084726070759645663 0.017059287062594169 0.0055659742222856912 -0.0074461277756260142 0.040927350700523925 0.0039523068312755658 -0.01130830306849924 -0.012619640009549802 0.38618910819996949 -0.030609420967110695 0.30130053198220214 -0.02249488415725702 0.11678567461640364 0.039873687495175301 0.0013738825155800818 -0.012298810880695019 0.0084650424114081375 0.25161649870114333 0.10429202299807813
leaf_weight=942.11455726996064 801.20867986883968 68.478060302324593 624.05271867942065 1305.7564484719187 586.57065956201404 1582.5609097704291 3.5958257243037206 33.974680447950959 3.321795430034399 2.2060320433229208 314.92422062158585 620.25293282512575 516.37697328068316 2264.7216097246855 275.69342630542815 56.631143812090158 313.3945893291384 4.6689048055559415 43.270595313981175 2.0840626861900082 1.9958539819344876 2.7935191914439201 16.661393323913217 6.7513088416308165 87.563186444342136 4285.430384747684 19.519710757769644 359.50046187173575 3.2818093970417967 15.771244744770227
leaf_count=12504 48055 3243 25744 67648 26025 71895 109 593 96 51 8057 20466 4438 35807 4165 483 4228 262 2301 56 112 62 792 134 662 122070 888 11147 77 262
internal_value=-9.63445e-05 -0.00224851 0.000877983 -0.00555174 -0.00397432 -0.000827982 0.0244188 0.0508833 0.113367 0.196572 0.00380487 0.00513875 0.0099736 0.00254776 -0.00234776 0.00232848 0.00961121 -0.00490724 0.0179 0.0556801 0.230662 0.162985 0.0128505 0.0644173 0.0203671 0.000342977 0.00605246 0.013248 0.0578259 0.0398047
internal_weight=15165.1 9773.46 5021.06 4752.4 3951.19 2645.43 111.576 43.0983 9.12365 5.52783 5391.67 4431.03 1546.05 2884.97 960.643 645.719 370.026 1660.79 78.2256 34.955 6.87344 4.78937 28.0816 11.4202 603.94 4909.48 984.644 398.073 38.5728 35.291
internal_count=472432 381622 151906 229716 181661 114013 4092 849 256 147 90810 73877 17604 56273 16933 8876 4711 75614 3719 1418 230 174 1188 396 5100 147814 38399 12374 1227 1150
is_linear=0
shrinkage=0.03


Tree=65
num_leaves=31
num_cat=0
split_feature=6 0 0 0 0 8 12 8 6 6 0 8 19 14 19 6 0 0 6 8 8 6 17 18 18 0 16 17 0 3
split_gain=140.971 138.324 75.839 65.8645 96.3946 53.478 55.5724 58.2004 86.2227 87.0615 49.818 66.732 52.8526 46.9325 44.0426 42.1297 61.1381 58.8424 63.7147 47.8445 169.253 50.7096 49.5738 47.3403 58.7904 45.2875 41.7353 44.8502 41.412 42.1645
threshold=56.185516830688655 108.95500000000001 107.01000000000001 58.955000000000005 57.008500000000005 40.500000000000007 52.500000000000007 42.500000000000007 100.62886340315426 97.867515242218602 65.006000000000014 28.500000000000004 93.500000000000014 3.5000000000000004 5.5000000000000009 186.52866215693894 48.955000000000005 24.515500000000003 192.86223179510634 200.50000000000003 144.50000000000003 187.78043695434891 0.027784925885498527 3113.5000000000005 3785.5000000000005 48.955000000000005 1.0000000180025095e-35 0.021038182079792026 49.000500000000009 -0.5
decision_type=2 2 2 2 2 2 2 2 2 2 2 2 2 2 2 2 2 2 2 2 2 2 2 2 2 2 2 2 2 2
left_child=10 2 3 4 15 -3 13 8 9 -8 11 -1 -13 26 -15 16 -2 -17 19 20 21 -19 25 -20 -25 -21 -7 -28 -27 -30
right_child=1 5 -4 -5 -6 6 7 -9 -10 -11 -12 12 -14 14 -16 17 -18 18 23 22 -22 -23 -24 24 -26 28 27 -29 29 -31
leaf_value=-0.0097930250963312628 -0.013533173204189191 -0.006160681278171258 -0.018027265775228358 -6.4116259793231789e-05 -0.022599017730536752 0.007506533636417497 0.0082229110436343855 0.00040829736317412203 0.0005929311891832963 0.24696374905009952 0.0089397279895915421 0.0065686092325783034 -0.0010719324876138118 0.095516991004966967 -0.0021023492275094634 0.01316086346053765 0.0014991390134266275 0.18144749082013845 -0.015214693412301654 0.0135349165575677 0.37597388181046337 -0.024195288706842084 -0.02066473773841335 0.025537814755145178 -0.0043114885515662749 0.16857403289125331 0.0053253073491039901 0.030902222178863611 0.16392033981182427 0.0024990920266096382
leaf_weight=376.05685796868056 892.71563833020627 693.51270462851971 402.37784453481436 1873.6579606952146 327.38045631442219 510.13076067809016 2.2946833334863177 2946.9910513143986 8.4902764279395324 3.4290137626230717 1335.7048364831135 2045.5389951616526 1354.282793065533 4.2127399370074263 329.27226768992841 201.62899081595242 334.8331615049392 1.4099614657461632 345.29903933685273 22.354331423528492 1.5463103828951714 4.6005480168387294 20.971286888234317 64.376931111328304 765.93171845749021 3.7624602038413268 94.380199641920626 178.21938552707434 1.9978940011933444 5.3729604687541723
leaf_count=15206 50816 19986 22108 84084 19585 8688 89 98332 280 43 24054 24061 19193 85 5836 5979 17508 53 14299 1044 47 243 1120 1863 33509 164 1547 2324 70 216
internal_value=-9.543e-05 -0.00215999 -0.00551015 -0.00447548 -0.00723596 0.00154077 0.00285068 0.000700388 0.0612598 0.15125 0.00396017 0.00219867 0.00352508 0.00855519 -0.000869176 -0.00534997 -0.00943287 -0.00186764 -0.00431602 0.0253205 0.0960582 0.0240449 0.0155048 -0.00587941 -0.00199716 0.0381556 0.0125705 0.0220469 0.0875908 0.0462528
internal_weight=15152.7 10041.2 5270.22 4867.84 2994.18 4770.93 4077.42 2961.21 14.214 5.7237 5111.58 3775.88 3399.82 1116.22 333.485 2666.8 1227.55 1439.25 1237.62 62.0158 7.55682 6.01051 54.4589 1175.61 830.309 33.4876 782.73 272.6 11.1333 7.37085
internal_count=472432 389918 252708 230600 146516 137210 117224 98744 412 132 82514 58460 43254 18480 5921 126931 68324 58607 52628 2957 343 296 2614 49671 35372 1494 12559 3871 450 286
is_linear=0
shrinkage=0.03


Tree=66
num_leaves=31
num_cat=0
split_feature=9 6 0 8 14 8 22 14 0 0 10 0 10 6 12 14 18 10 20 11 0 0 6 16 19 10 19 0 6 6
split_gain=132.832 85.7651 93.0971 79.575 128.14 66.4706 97.8897 60.2759 53.8415 111.795 109.611 53.0326 50.8181 48.0157 47.251 48.6133 43.0189 122.267 62.0221 59.4689 42.5377 46.296 42.2745 41.7301 40.9546 40.1022 39.5218 38.6449 55.6719 164.973
threshold=5.5000000000000009 115.5299344252539 108.95500000000001 238.50000000000003 1.0000000180025095e-35 235.00000000000003 37105.500000000007 11.500000000000002 97.005500000000012 76.995000000000019 36.500000000000007 48.955000000000005 162.50000000000003 32.368564995121005 48.500000000000007 3.5000000000000004 392.50000000000006 2.5000000000000004 19.227847099304203 1.5000000000000002 96.823000000000022 77.017500000000013 178.78343279922356 5.5000000000000009 54.500000000000007 10.500000000000002 5.5000000000000009 24.004500000000004 204.38570124685731 205.54493770658823
decision_type=2 2 2 2 2 2 2 2 2 2 2 2 2 2 2 2 2 2 2 2 2 2 2 2 2 2 2 2 2 2
left_child=3 7 8 4 12 11 -7 13 9 27 -11 -6 -1 -2 15 -4 17 -15 -18 -19 21 22 -12 -20 -21 -26 -17 28 -3 -30
right_child=1 2 14 -5 5 6 -8 -9 -10 10 20 -13 -14 16 -16 26 18 19 23 24 -22 -23 -24 -25 25 -27 -28 -29 29 -31
leaf_value=-0.00012116621745905116 -0.0033634288424335022 -0.010034298486287029 0.013497652661375479 -0.014891317301533976 -0.0087907000611570953 0.025899096650075316 0.17919174321022294 -0.0038225943470740686 -0.01151452307841464 0.20541243607856724 -0.0062905458946989831 0.0064170589056401738 -0.011086587955152268 0.0067072458671341055 0.00076942520322465912 0.087854268984119771 -0.0074092165334774468 0.048152340912153251 0.0063243335306433363 0.006242561435776537 0.036076352123442748 0.00097246667266945959 0.043269619414964128 0.03542507479040892 0.02874611786630752 0.10316297589162191 -0.0019640661850622533 -0.0055274925327175751 0.12838855737085159 0.0096280448633677268
leaf_weight=528.01561921834946 421.37057405337691 97.881404163315892 634.93759483192116 610.0563939884305 261.04780877474695 25.144053200259808 4.4061848670244208 630.46724188327789 679.99280598200858 2.6580096483230582 22.178210781887174 985.3608973575756 1360.3411595262587 841.67398830316961 2361.0564613593742 4.470165327191352 311.44564238749444 101.75510115176439 1944.2750921742991 94.456461608409882 55.976907936856151 229.46655310597271 51.366826461628079 45.384200476109982 55.095904171466827 7.3916589245200148 322.72800113633275 2316.5027764914557 11.49124025646597 125.47434259857982
leaf_count=10303 6603 4223 9352 36278 11811 644 106 11466 29503 65 1191 34144 72532 7604 74435 82 3421 490 25981 873 2194 10147 2016 387 393 43 5641 107204 99 3201
internal_value=-9.41903e-05 0.00152466 -0.000566154 -0.00497062 -0.00305799 0.00428626 0.0487563 0.00477177 -0.00391354 -0.00213921 0.0134709 0.00323195 -0.00802048 0.00618916 0.00305299 0.00865681 0.00737252 0.0122513 0.0050395 0.030289 0.0120497 0.00761112 0.0283243 0.00698812 0.0187072 0.0375489 -0.000736972 -0.0043519 0.00724406 0.0195919
internal_weight=15143.9 11369.5 6916.18 3774.37 3164.32 1275.96 29.5502 4453.32 3592.99 2913 361.647 1246.41 1888.36 3822.85 3323.19 962.136 3401.48 1100.37 2301.1 258.699 358.988 303.012 73.545 1989.66 156.944 62.4876 327.198 2551.35 234.847 136.966
internal_count=472432 306614 249353 165818 129540 46705 750 57261 159843 130340 15613 45955 82835 45795 89510 15075 39192 9403 29789 1799 15548 13354 3207 26368 1309 436 5723 114727 7523 3300
is_linear=0
shrinkage=0.03


Tree=67
num_leaves=31
num_cat=0
split_feature=6 1 1 1 1 1 9 19 10 16 6 1 1 18 1 6 6 10 18 7 7 7 1 13 1 1 7 1 20 17
split_gain=126.125 125.268 72.4853 61.833 94.1418 46.5206 49.7463 48.9697 42.2394 46.0139 39.4946 58.5715 51.9476 61.4019 71.3282 82.7968 61.9131 54.5558 48.1075 49.4449 64.9808 44.4987 39.414 47.289 38.83 80.9536 37.6732 36.9922 89.8322 36.7491
threshold=56.185516830688655 4.7000711901489085 4.6822238111444827 4.0935942773539606 4.0605895407973458 4.1897456428538744 4.5000000000000009 93.500000000000014 69.500000000000014 1.0000000180025095e-35 186.52866215693894 3.9111225951759701 3.239285926127526 3113.5000000000005 3.9111225951759701 212.22418771571071 204.38570124685731 89.500000000000014 9529.5000000000018 -0.40288712797340459 -0.42797154241373708 -0.38662924773801849 5.8080674092685385 25791.428710937504 4.5850235979700589 4.5831596761906823 0.68132665155721073 4.2333743525551073 49.519714355468757 0.32071428000926977
decision_type=2 2 2 2 2 2 2 2 2 2 2 2 2 2 2 2 2 2 2 2 2 2 2 2 2 2 2 2 2 2
left_child=5 2 3 4 10 6 -1 29 -3 22 11 -2 -12 -14 -15 16 17 -16 -19 20 -20 -18 -10 26 25 -5 -24 28 -7 -8
right_child=1 8 -4 24 -6 27 7 -9 9 -11 12 -13 13 14 15 -17 21 18 19 -21 -22 -23 23 -25 -26 -27 -28 -29 -30 -31
leaf_value=-0.0074354699837226191 -0.013171682060003406 0.0085028090752232669 -0.017675643294587699 0.00090953431338698177 -0.022364007205371943 0.020264814140176526 0.007618950812247869 -0.0011207400842107383 -0.005472906384855954 0.0036496755486734906 0.012270653552497518 0.0015986677014223532 -0.014662055202666547 -0.0058271240337575388 0.17319727833480797 0.0013160632931112596 0.1441854905889087 0.013330781625075016 0.071410893369649522 0.014481896174899844 0.31560170462195969 0.034369793512771703 0.025786760799596048 -0.0057664673806270801 -0.0066364093499122001 0.031809060096623737 0.0045592565224868422 0.0072493441049724088 0.15499234751573499 -0.0060984487476511348
leaf_weight=441.62277711369097 874.97905890271068 659.56554496847093 391.94195775315166 1232.0524279801175 318.60184069816023 77.943853124976158 1793.6049240026623 1354.9200479239225 1469.3453523805365 1962.6190501116216 204.49679830111563 333.81053326930851 351.02791933342814 586.07591854128987 2.1925562210381022 196.096599239856 7.4487130409106612 69.344665603712201 2.6435499330982566 3.9819522490724903 1.5592754986137149 5.9927489059045893 101.86908870004117 298.07990004308522 555.78259629849344 81.347241889685392 287.90216306224465 1263.0492134364322 4.7240769937634459 194.86726683005691
leaf_count=19447 50816 6402 22108 58762 19585 839 17281 19193 54731 56942 5979 17508 14860 26660 39 7178 148 3077 117 180 70 299 1984 9125 21912 3410 8026 23175 40 2539
internal_value=-9.27656e-05 -0.00205489 -0.00526814 -0.00426077 -0.00695964 0.00373101 0.00202768 0.00327766 0.00145419 0.000325733 -0.00510035 -0.00909281 -0.00172753 -0.00406174 0.00018921 0.012379 0.0356651 0.025623 0.0214496 0.0902351 0.162007 0.0952252 -0.00269839 0.00322835 1.05781e-05 0.00282334 0.0101072 0.00852184 0.0279638 0.00627467
internal_weight=15129.5 9998.76 5219.38 4827.43 2958.25 5130.73 3785.02 3343.39 4779.38 4119.82 2639.65 1208.79 1430.86 1226.36 875.336 289.26 93.1635 79.722 77.5294 8.18478 4.20283 13.4415 2157.2 687.851 1869.18 1313.4 389.771 1345.72 82.6679 1988.47
internal_count=472432 389918 252708 230600 146516 82514 58460 39013 137210 130808 126931 68324 58607 52628 37768 11108 3930 3483 3444 367 187 447 73866 19135 84084 62172 10010 24054 879 19820
is_linear=0
shrinkage=0.03


Tree=68
num_leaves=31
num_cat=0
split_feature=9 2 8 14 17 8 22 13 1 14 6 6 14 10 1 6 14 6 6 8 8 12 8 9 1 12 20 18 17 10
split_gain=122.027 82.6939 75.8195 120.907 62.4866 59.596 72.7444 49.8875 48.0553 47.2938 65.2679 61.1727 251.142 133.686 51.5694 42.0073 39.009 38.1797 51.2583 59.5042 201.082 102.451 48.1348 125.94 150.542 82.6023 46.9993 42.4564 37.6031 68.0092
threshold=5.5000000000000009 0.91597561503675362 238.50000000000003 1.0000000180025095e-35 0.015181225724518301 235.00000000000003 37105.500000000007 2225.0849609375005 3.9111225951759701 11.500000000000002 140.75527513549289 137.47817414238094 1.5000000000000002 802.50000000000011 4.7000711901489085 32.368564995121005 5.5000000000000009 268.98440502350394 398.73478829115862 129.00000000000003 108.50000000000001 158.50000000000003 452.00000000000006 9.5000000000000018 3.9120330053281478 182.50000000000003 45.297719955444343 33.500000000000007 0.071434255689382567 921.50000000000011
decision_type=2 2 2 2 2 2 2 2 2 2 2 2 2 2 2 2 2 2 2 2 2 2 2 2 2 2 2 2 2 2
left_child=2 4 3 7 -2 8 -7 -1 -5 10 11 15 28 -14 16 -6 17 -12 19 20 -19 -22 -21 24 25 -24 -23 -25 -13 -30
right_child=1 -3 -4 5 9 6 -8 -9 -10 -11 14 12 13 -15 -16 -17 -18 18 -20 22 21 26 23 27 -26 -27 -28 -29 29 -31
leaf_value=-0.00046640232064218548 -0.0045184954501253406 0.011689558847955309 -0.014575733345798371 -0.008401689467260099 -0.0042450227136158177 0.024743726411799408 0.14828881229575511 -0.011068880581291338 0.0061621943331698808 -0.0061125754288957126 -0.0053449533868340513 -0.0094533595013188074 0.37569840765627283 0.06482274960102892 0.0030681570914474947 0.0062171325472672942 -0.014383403418759058 -0.0065721341474403337 -0.012629629576172035 -0.012537949008147845 0.066701628235940363 0.42318392230790453 0.15877406702582772 0.033767940690439903 0.0026538104667050816 0.46751686037468393 0.19650515254684617 0.0044656272744569439 -0.031461066449181681 0.28509507841930914
leaf_weight=578.32643292099237 1668.2836381616071 668.78880422376096 598.43327132053673 256.72886749822646 386.88662469014525 25.625779078342024 5.1516482792794696 1291.0525825293735 991.01128148939461 632.15888139978051 1164.184441911988 18.372157857753344 2.8682746840640894 2.1997614204883575 2494.2890668204054 3221.2036123378202 248.96980597916991 13.446513924747707 155.2306387713179 117.55979838036001 2.7590021314099422 1.7160553783178332 1.8982742205262177 48.710810076445341 3.5635954439640045 1.3237765729427335 1.582224855199456 515.0816862815991 1.3153450181707733 1.1403765324503181
leaf_count=12247 72518 11793 36278 11811 6126 644 106 70588 34144 12916 58071 956 67 116 62470 42242 11363 526 5247 5078 94 47 73 509 134 43 58 16055 48 64
internal_value=-9.14306e-05 0.00145536 -0.00478735 -0.00292652 0.000815967 0.00418286 0.0454232 -0.00778881 0.0031656 0.0018008 0.00239603 0.00542505 0.0513693 0.240764 8.85497e-05 0.0050953 -0.00317679 -0.00180036 0.002982 0.00640662 0.05808 0.201601 0.00494205 0.00854356 0.137016 0.285621 0.314443 0.0069973 0.00528402 0.11554
internal_weight=15119.9 11373.5 3746.33 3147.9 10704.7 1278.52 30.7774 1869.38 1247.74 9036.46 8404.3 3633.99 25.8959 5.06804 4770.32 3608.09 2276.03 2027.06 862.872 707.642 19.5038 6.05728 688.138 570.578 6.78565 3.22205 3.29828 563.792 20.8279 2.45572
internal_count=472432 306614 165818 129540 294821 46705 750 82835 45955 222303 209387 49619 1251 183 159768 48368 97298 85935 27864 22617 725 199 21892 16814 250 116 105 16564 1068 112
is_linear=0
shrinkage=0.03


Tree=69
num_leaves=31
num_cat=0
split_feature=6 0 0 0 0 8 12 14 0 8 19 6 8 22 6 8 8 6 6 22 20 22 13 18 11 0 0 18 0 0
split_gain=113.488 114.71 70.1429 59.0162 91.7344 47.5293 54.0074 49.8699 43.5416 55.3142 44.1664 40.3344 43.602 58.5989 62.2665 60.5734 138.191 48.5049 44.9728 48.6456 46.0937 38.5069 37.2673 39.2764 42.9529 37.2287 56.8292 71.9051 38.1959 75.5834
threshold=56.185516830688655 108.95500000000001 107.01000000000001 58.955000000000005 57.008500000000005 66.500000000000014 52.500000000000007 3.5000000000000004 65.006000000000014 28.500000000000004 93.500000000000014 190.17523696596461 94.500000000000014 19443.500000000004 323.72493564586688 81.500000000000014 76.500000000000014 286.19406183984853 194.05378671365227 100057.00000000001 41.055021286010749 63135.500000000007 18050.179687500004 3842.5000000000005 43.500000000000007 15.001000000000003 36.95600000000001 2397.5000000000005 48.955000000000005 45.001500000000007
decision_type=2 2 2 2 2 2 2 2 2 2 2 2 2 2 2 2 2 2 2 2 2 2 2 2 2 2 2 2 2 2
left_child=8 2 3 4 25 -3 7 -7 9 -1 -11 -8 13 14 15 16 -13 -17 19 20 -14 -5 -22 24 -24 -2 -27 -28 29 -29
right_child=1 5 -4 21 -6 6 11 -9 -10 10 -12 12 18 -15 -16 17 -18 -19 -20 -21 22 -23 23 -25 -26 26 27 28 -30 -31
leaf_value=-0.009204604339405285 0.0091699015796957682 -0.0048501840701746998 -0.017394528892783381 -0.0038270994761256416 -0.02213936722403826 0.012854604779857948 -0.0048736596304067787 -0.0010807395939624286 0.0081400349507332811 0.005813551615879352 -0.0011507972044378361 0.019406329876193579 1.3142471324466686e-06 0.0064675764491946433 -0.030893109944002968 -0.030820519877628287 0.39842857398015685 0.094026496574705187 0.00048343063950929136 0.0079160823496864149 0.16865626838525821 0.0048346014937519256 0.064764806326278568 0.025399980440884932 0.20924999367989877 -0.010739461552012716 -0.016118120371438196 0.0037022033526061516 0.006760506213392619 -0.021960537533705287
leaf_weight=366.31194853596389 159.0846081469208 894.02775779180229 383.92704532761127 1017.382987848483 310.5801557097584 743.97732197958976 840.10019819810987 335.28401965275407 1355.5432856660336 2072.915138727054 1355.4292740765959 1.7896680822596001 14.463526060804723 45.429566476494074 4.8664370644837609 3.6930356044322243 1.677007434889674 11.591644525527954 1688.8480174960569 171.38105328567326 2.8509163856506374 846.07909464836121 7.1876521743834036 15.959458103403447 2.4944162275642157 1132.5640256190673 248.91892902832478 318.04330966901034 605.08202153164893 152.97188368812203
leaf_count=15206 4599 26176 22108 51027 19585 11623 36438 5919 24054 24061 19193 69 453 1451 181 148 62 84 48394 5290 91 33057 200 563 68 58186 11923 16201 26963 9059
internal_value=-9.07746e-05 -0.00196031 -0.00505642 -0.00406764 -0.00672431 0.00138746 0.00282046 0.00852544 0.00352483 0.00187617 0.00306013 0.000631114 0.00297595 0.0263946 0.0647249 0.0895401 0.202759 0.0638614 0.00212632 0.0150713 0.0436186 0.000105626 0.0657598 0.0543194 0.101989 -0.00489465 -0.00580508 -0.0015874 0.0017738 -0.0046323
internal_weight=15110.5 9960.26 5174.63 4790.71 2927.24 4785.62 3891.59 1079.26 5150.2 3794.66 3428.34 2812.33 1972.23 69.0474 23.6178 18.7514 3.46668 15.2847 1903.19 214.337 42.956 1863.46 28.4924 25.6415 9.68207 2616.66 2457.58 1325.02 1076.1 471.015
internal_count=472432 389918 252708 230600 146516 137210 111034 17542 82514 58460 43254 93492 57054 1995 544 363 131 232 55059 6665 1375 84084 922 831 268 126931 122332 64146 52223 25260
is_linear=0
shrinkage=0.03


Tree=70
num_leaves=31
num_cat=0
split_feature=9 2 0 7 0 16 17 11 18 10 11 0 21 18 17 0 0 19 17 9 16 9 18 7 3 7 14 19 3 11
split_gain=111.397 76.22 67.9821 66.2933 53.8579 50.8961 49.0818 42.8396 41.5522 65.0772 42.0331 38.854 34.138 52.44 56.2573 37.9654 67.8686 46.5415 45.2957 41.6367 31.452 56.7141 41.5082 33.768 32.3218 65.7431 30.1537 29.364 29.2534 28.5899
threshold=5.5000000000000009 0.91597561503675362 59.960500000000003 0.36056469282324233 994.47500000000014 1.5000000000000002 0.0051786652766168126 1.5000000000000002 14.500000000000002 1.5000000000000002 1.5000000000000002 944.08500000000015 3948.5000000000005 8739.5000000000018 0.014803769532591106 440.99500000000006 445.03000000000003 61.500000000000007 0.019149955362081531 9.5000000000000018 1.0000000180025095e-35 7.5000000000000009 1979.5000000000002 0.32186666857884311 -0.98296291314453399 -0.21560683021569807 9.5000000000000018 323.50000000000006 -1.0000000180025095e-35 42.500000000000007
decision_type=2 2 2 2 2 2 2 2 2 2 2 2 2 2 2 2 2 2 2 2 2 2 2 2 2 2 2 2 2 2
left_child=2 3 5 6 11 -1 -2 -4 9 26 -11 12 -5 -14 -15 -16 18 19 -17 -18 -10 23 -23 24 25 -22 27 -8 -19 -3
right_child=1 29 7 4 -6 -7 8 -9 20 10 -12 -13 13 14 15 16 17 28 -20 -21 21 22 -24 -25 -26 -27 -28 -29 -30 -31
leaf_value=-0.011236551941922461 -0.016837186612195146 0.0093154785633085928 0.020623338836959659 0.010714610125035834 -0.012278090106790585 0.011935996215506619 0.004315484683618173 -0.0021673373432591213 -0.0030815048059428065 0.033679542416831146 0.0030170271342601011 0.036007810926865495 -0.00095508611400140961 -0.0035772464269014622 0.01103022651351911 0.19839433330878223 0.050297410410602039 0.02858624725323082 0.065606755181605414 0.0029399847716683465 -0.011855736995953206 -0.0067341849533418619 0.0015586008701433094 0.11056215335221978 0.014757810599033727 0.27938088434402258 -0.011852472972525688 0.078691426541807594 0.11980814581112871 0.031825113624558643
leaf_weight=1331.2017811648548 162.58038907311857 619.77195355016738 76.798129752278328 799.86889524944127 150.48103285394609 91.146902592852712 478.70934831723571 2218.9595606299117 3263.5376432407647 111.00322399660945 63.11367436312139 38.817999010905623 981.50483274646103 155.45195649378002 209.88654447998852 3.126473940908908 23.254849394783378 5.8553851321339607 8.8746873103082162 59.356562564149499 1.574426516890526 651.79604620952159 3261.0132544534281 3.534028433263301 144.53228967171162 1.2525792708620418 118.08001701720059 4.8255740068852893 6.8830764628946763 55.315482111647725
leaf_count=74211 11168 10569 916 10538 4112 4077 5576 86614 102159 694 605 511 22929 5349 3793 64 428 83 187 1113 76 19237 97928 74 5792 32 2202 70 101 1224
internal_value=-8.95031e-05 0.00138298 -0.00459793 0.000766652 0.00510801 -0.00975161 -0.000516687 -0.00140494 -0.000189228 0.00641331 0.022565 0.00624905 0.00573656 0.00299843 0.0112076 0.0184524 0.0329639 0.0245013 0.1002 0.0162709 -0.000888235 0.000873168 0.000177188 0.0189206 0.0167228 0.117184 0.00173874 0.00505774 0.0778769 0.0111599
internal_weight=15102.1 11384 3718.11 10708.9 2443.36 1422.35 8265.55 2295.76 8102.97 775.732 174.117 2292.88 2254.06 1454.19 472.69 317.238 107.351 95.3499 12.0012 82.6114 7327.24 4063.7 3912.81 150.893 147.359 2.82701 601.615 483.535 12.7385 675.087
internal_count=472432 306614 165818 294821 49208 78288 245613 87530 234445 9147 1299 45096 44585 34047 11118 5769 1976 1725 251 1541 225298 123139 117165 5974 5900 108 7848 5646 184 11793
is_linear=0
shrinkage=0.03


Tree=71
num_leaves=31
num_cat=0
split_feature=13 16 17 10 9 5 17 18 6 13 11 18 16 11 10 19 6 22 6 5 9 18 0 5 22 6 22 13 16 6
split_gain=106.622 105.224 70.8849 52.1112 51.9931 56.8674 47.5228 72.0667 46.2296 45.3011 133.125 94.4063 79.772 62.7115 60.6069 41.1904 40.6921 41.5379 53.5504 53.9309 117.945 101.101 72.3866 52.5424 41.067 40.5319 40.202 37.3662 35.5398 35.151
threshold=3192.4809570312505 1.0000000180025095e-35 0.0056861259508878001 635.50000000000011 5.5000000000000009 146.39570707070712 0.019868137314915661 6295.5000000000009 290.37149697713068 1.0000000180025095e-35 6.5000000000000009 2037.5000000000002 1.0000000180025095e-35 1.5000000000000002 2.5000000000000004 9.5000000000000018 286.19406183984853 13629.500000000002 112.45351846479544 154.18444444444449 3.5000000000000004 9589.5000000000018 107.01000000000001 212.58437500000002 15327.500000000002 305.38637327838245 54364.000000000007 560.61798095703136 3.5000000000000004 293.67560342542032
decision_type=2 2 2 2 2 2 2 2 2 2 2 2 2 2 2 2 2 2 2 2 2 2 2 2 2 2 2 2 2 2
left_child=9 4 -3 -4 5 29 28 -8 16 -1 12 -12 13 -11 25 -16 17 -7 23 20 -20 22 -22 24 -19 -14 -10 -17 -5 -2
right_child=1 2 3 6 -6 8 7 -9 26 10 11 -13 14 -15 15 27 -18 18 19 -21 21 -23 -24 -25 -26 -27 -28 -29 -30 -31
leaf_value=-0.0016691043039482492 -0.012148321770412408 -0.014970136344793978 -0.0094441871573672734 -0.0039695829219782612 -0.0023900549978208788 -0.0064619738596400382 -0.00060082627357032768 0.0096552818810680726 -0.015152889262799063 0.038672714051144912 -0.0080036821373827283 0.0045502852853901475 -0.00053806626295388558 0.010668828797428944 -0.0038769307052320462 0.024110354578796019 0.057891317450385164 0.1560021558774789 -0.001213942460755797 -0.00022425518166395943 0.13785594334151299 0.31341158801385133 -0.017213600631390578 0.14896302947027959 0.01201938425608114 0.027467678079115227 0.04927460079036964 0.069747637103560162 0.0061504759418407745 0.064938212941556966
leaf_weight=1275.1173876356333 1454.9445987557992 230.1919940719381 325.85870451014489 1113.7634014673531 2891.2432136135176 210.26856597699225 1032.2977601885796 1531.267650748603 208.22620088793337 179.25972495600581 686.98716763779521 2504.630278098397 404.06636332720518 120.24824430607259 42.741275329142809 143.99653520062566 12.48516561463475 2.0777311334386495 22.465814298950136 151.73989687301219 6.9755834043025953 1.9109391095116723 4.4296769602224231 4.5714791025966397 12.561888555064796 52.55976390093565 9.0974381137639266 18.185871558263898 434.01787704229355 5.3433626918122163
leaf_count=19738 89626 15868 11722 46809 101792 9431 33519 37527 9329 977 23537 39267 3378 1543 514 1373 216 75 1268 6656 165 47 198 60 555 322 208 161 16211 340
internal_value=-8.78946e-05 -0.00197738 0.00126181 0.00210388 -0.0050021 -0.00858621 0.00301916 0.00552535 -0.00118093 0.00327688 0.00479559 0.00184808 0.0145841 0.0274295 0.00876851 0.0223231 0.00452427 0.00292645 0.0124754 0.00758837 0.0407192 0.111465 0.0776286 0.0601787 0.0324542 0.00268552 -0.0124559 0.0292278 -0.00113179 -0.0118663
internal_weight=15093.5 9665.74 4667.4 4437.21 4998.34 2107.1 4111.35 2563.57 646.81 5427.79 4152.68 3191.62 961.058 299.508 661.55 204.924 429.487 417.002 206.733 187.522 35.782 13.3162 11.4053 19.2111 14.6396 456.626 217.324 162.182 1547.78 1460.29
internal_count=472432 381622 161656 145788 219966 118174 134066 71046 28208 90810 71072 62804 8268 2520 5748 2048 18671 18455 9024 8334 1678 410 363 690 630 3700 9537 1534 63020 89966
is_linear=0
shrinkage=0.03


Tree=72
num_leaves=31
num_cat=0
split_feature=2 9 0 16 8 17 7 0 3 2 7 9 14 9 14 0 0 21 17 17 6 16 0 0 13 17 10 20 10 17
split_gain=102.734 89.5215 94.5282 43.2715 41.8275 38.118 35.1261 31.9964 31.4656 31.2976 29.1518 177.33 28.508 31.2337 37.3124 30.8265 28.2661 33.8281 28.2419 60.8901 76.1266 31.8983 27.9081 55.5125 50.9005 40.6221 29.6575 27.886 48.0561 25.6805
threshold=0.78656609248549325 11.500000000000002 72.991000000000014 1.0000000180025095e-35 160.50000000000003 0.0063338105101138362 0.39996338849516716 994.47500000000014 0.37940952255126048 -0.37940952255126065 0.42131076098661419 12.500000000000002 15.500000000000002 47.000000000000007 2.5000000000000004 410.88000000000005 944.08500000000015 3948.5000000000005 0.023704353719949726 0.021038182079792026 193.28160263649175 4.5000000000000009 440.99500000000006 495.07500000000005 25362.954101562504 0.055603865534067161 162.50000000000003 49.519714355468757 1026.5000000000002 0.022166866809129718
decision_type=2 2 2 2 2 2 2 2 2 2 2 2 2 2 2 2 2 2 2 2 2 2 2 2 2 2 2 2 2 2
left_child=1 2 -1 22 -3 -5 12 10 29 -7 11 -8 13 14 15 -6 17 18 19 -12 21 -21 26 24 -24 -25 -4 -9 -29 -2
right_child=8 4 3 5 6 9 7 27 -10 -11 16 -13 -14 -15 -16 -17 -18 -19 -20 20 -22 -23 23 25 -26 -27 -28 28 -30 -31
leaf_value=-0.0085812758346948438 -6.5493552704129891e-05 0.011764726142635077 0.0022280337045779979 -0.010515782153717483 -0.00041713900582639256 0.003245740414166279 0.22898197548410901 -0.014165373803241394 0.0015922180591089843 0.016163912485973937 0.014694064999309229 0.011882066370118615 -0.010115850893477447 0.001926762641625807 -0.0081767634933578564 0.055354283226764972 0.036041586461393646 0.0010155024155927607 0.0084376275560235151 0.10206970689878295 -0.013039002698285193 0.24033947493818941 0.053929296262219144 0.015663647051210906 -0.00093862511914033552 -0.010071822530402397 -0.0060299705343313604 0.16745475626597051 -0.014025821187445239 0.013083332314631898
leaf_weight=2249.2633402859792 161.77454709820449 318.07903160247952 525.16247894149274 120.57469928171486 1765.8479071361944 494.38279668986797 3.6770811863243571 108.53272488154471 520.72207859158516 256.29631484579295 32.783129690214992 42.796052122488618 259.21510414592922 3391.0496885851026 734.14048440661281 8.9648318178951723 25.840484803542495 952.27617634646595 485.78684925660491 3.3105506971478444 3.3728544805198908 2.748080899938941 36.41884458065033 86.590547578409314 26.138433640822768 152.27042687125504 1536.7512672804296 2.1111891940236083 3.4742436166852713 769.81346792541444
leaf_count=120429 5855 3245 8653 6978 64498 14948 78 2911 12603 7428 369 723 5618 65363 29382 108 351 20121 6061 68 45 49 820 2450 830 4431 74933 53 92 12939
internal_value=-8.65025e-05 -0.000894837 -0.00385795 -0.00057344 0.0011004 0.00514139 0.000666959 0.00453064 0.00749856 0.00765625 0.00565755 0.0290596 -0.000378569 4.9236e-05 -0.00248839 -0.00013543 0.00493545 0.00439245 0.0104829 0.0340195 0.101193 0.164786 -0.00268024 0.00584633 0.0310037 -0.000742344 -0.00392668 -0.0108011 0.0545704 0.0108
internal_weight=15080.2 13627.9 5483.85 3234.59 8144.01 871.254 7825.93 1666.71 1452.31 750.679 1552.59 46.4731 6159.22 5900 2508.95 1774.81 1506.12 1480.28 528.001 42.2146 9.43149 6.05863 2363.33 301.418 62.5573 238.861 2061.91 114.118 5.58543 931.588
internal_count=472432 441035 241900 121471 199135 29354 195890 30921 31397 22376 27865 801 164969 159351 93988 64606 27064 26713 6592 531 162 117 92117 8531 1650 6881 83586 3056 145 18794
is_linear=0
shrinkage=0.03


Tree=73
num_leaves=31
num_cat=0
split_feature=6 5 5 14 19 5 19 18 18 6 6 17 16 6 6 5 8 18 2 17 18 0 2 11 0 10 0 17 18 5
split_gain=98.0965 124.712 132.001 133.676 132.551 80.0258 65.491 58.0404 63.9748 55.438 54.675 50.5749 49.8304 57.7627 124.318 183.905 100.936 87.4239 96.9635 69.0256 66.9884 53.0582 69.0021 76.2256 50.1489 46.7275 42.8551 42.4246 43.6377 53.8153
threshold=56.185516830688655 102.58994080996887 103.91350000000001 1.5000000000000002 4.5000000000000009 182.7352221345952 7.5000000000000009 23.500000000000004 1730.5000000000002 419.83466928127365 239.13200698181927 0.016336422413587574 3.5000000000000004 204.38570124685731 212.22418771571071 128.17677765237022 121.00000000000001 7310.5000000000009 0.60355339059327384 0.011629232671111824 2943.5000000000005 107.95500000000001 -0.78656609248549292 39.500000000000007 6.2015000000000002 941.50000000000011 8.3700000000000028 0.097576983273029341 8795.5000000000018 166.67175672715896
decision_type=2 2 2 2 2 2 2 2 2 2 2 2 2 2 2 2 2 2 2 2 2 2 2 2 2 2 2 2 2 2
left_child=26 -2 3 6 -5 10 -3 -7 25 11 12 -10 13 -4 15 19 -17 20 -19 21 -18 -15 23 -23 -16 -9 -1 -12 -29 -30
right_child=1 2 5 4 -6 7 -8 8 9 -11 27 -13 -14 14 24 16 17 18 -20 -21 -22 22 -24 -25 -26 -27 -28 28 29 -31
leaf_value=-0.0094724259157047703 -0.010727763437175662 -0.0021867414297703953 -0.0047153815534543599 0.26780327376146434 0.061785940907751906 0.019162403874452325 0.062742871996336838 -0.011484832536000984 -0.010761731680178152 -0.0056670925126815425 -0.012459072972587972 0.0063181819955077934 0.0070978424035019116 0.0080860312314454674 0.17656423434843327 -0.013431808304698574 0.01365365011834275 -0.0020078864660072818 0.21931195688210858 -0.023543080779506585 0.12384420227461468 0.38035771710982902 0.038314421530082562 0.061032746324300391 -0.0027857451469598883 0.039235256958214428 0.0038513737956414498 0.0024771324088574396 -0.018772877734971369 0.16418152262665145
leaf_weight=227.25839258637279 1241.0061502913013 39.706345753744245 3059.2040944248438 4.0950088724493972 8.9622201239690167 179.90129092335701 21.579296977259219 395.65821061562747 167.64979194384068 519.50366414431483 797.90902926959097 2251.0664846394211 493.1340294489637 17.052273053675894 1.4075990077108134 11.898726097308097 5.839083236642181 14.540248124860229 2.0303786983713499 48.576759940944612 33.184975472278893 1.3864559037610891 5.1986076924949876 1.3070350084453819 442.94541080668569 17.052202915772796 4940.6743615427986 116.37590494193137 2.5262599149718872 3.3869304312393069
leaf_count=3116 72216 2120 140041 93 285 1756 640 15203 4237 14201 32037 55838 18837 907 18 522 189 662 59 2374 565 59 206 54 20744 544 79398 5205 134 172
internal_value=-8.50468e-05 -0.00183334 -0.000559189 0.0392441 0.126397 -0.000903721 0.0206756 0.0025622 0.00167098 0.00322453 -0.00332322 0.00513431 -0.00185229 -0.0030633 0.00557069 0.0301125 0.0658696 0.0828421 0.0251102 -0.00271294 0.107357 0.0378517 0.102166 0.225403 -0.00221761 -0.0093892 0.00326546 -0.0099373 0.00651673 0.0860189
internal_weight=15072 9904.08 8663.08 74.3429 13.0572 8588.74 61.2856 3530.83 3350.93 2938.22 5057.9 2418.72 4137.71 3644.57 585.368 141.015 67.4934 55.5947 16.5706 73.5211 39.0241 24.9444 7.8921 2.69349 444.353 412.71 5167.93 920.198 122.289 5.91319
internal_count=472432 389918 317702 3138 378 314564 2760 91779 90023 74276 222785 60075 185237 166400 26359 5597 1997 1475 721 3600 754 1226 319 113 20762 15747 82514 37548 5511 306
is_linear=0
shrinkage=0.03


Tree=74
num_leaves=31
num_cat=0
split_feature=2 9 0 16 10 0 8 10 14 9 0 14 7 5 18 10 19 8 7 18 9 5 10 8 18 19 3 19 8 19
split_gain=95.538 82.2121 90.3918 68.6622 40.7046 39.1069 38.5306 37.3651 33.2773 45.1573 41.0455 44.9537 37.738 35.7527 36.9593 51.0732 36.3082 36.2803 35.9544 34.1806 42.3669 40.1463 35.6441 31.7432 30.7846 30.7639 29.2219 28.8739 42.2239 35.9093
threshold=0.78656609248549325 11.500000000000002 48.955000000000005 1.0000000180025095e-35 994.50000000000011 224.09500000000003 160.50000000000003 162.50000000000003 9.5000000000000018 47.000000000000007 249.68700000000004 2.5000000000000004 4.4326192389206618 36.05364770347331 23.500000000000004 2.5000000000000004 50.500000000000007 498.00000000000006 -0.15629460436606704 2747.5000000000005 34.500000000000007 293.58145646766178 789.50000000000011 274.50000000000006 3255.5000000000005 33.500000000000007 0.37940952255126048 7.5000000000000009 30.500000000000004 8.5000000000000018
decision_type=2 2 2 2 2 2 2 2 2 2 2 2 2 2 2 2 2 2 2 2 2 2 2 2 2 2 2 2 2 2
left_child=1 2 -1 5 27 7 -3 -4 9 10 11 -8 24 -11 15 -15 -17 18 -16 20 -12 -21 25 -20 -10 -22 -2 -5 -29 -30
right_child=26 6 3 4 -6 -7 8 -9 12 13 19 -13 -14 14 17 16 -18 -19 23 21 22 -23 -24 -25 -26 -27 -28 28 29 -31
leaf_value=-0.01089605769409881 0.010372390462742626 0.011225271268724541 0.00098152456052325726 0.0045512287266767735 -0.0064268267351345219 0.0015881338332562069 -0.00064428261901634983 -0.0081676389240664653 -0.011705135384714453 -0.014874473151791455 0.0096617157728683227 -0.0096636729722375577 0.054942367319290961 0.0073000871106734325 0.0028680465048679794 0.012585328185442017 0.053068849175575812 0.001714983488546941 -0.019588293752614255 -0.00088507561776629898 0.005987571155140879 0.029837244725842288 0.13298909679314677 0.031186248299181936 7.4354276246942517e-05 0.069949807818625628 0.0015147053851807476 0.18282501471957022 0.033398913025225734 0.0072502302080977256
leaf_weight=1224.4502955675125 938.49617414921522 321.14185311924666 523.88594992738217 701.24519336689264 238.64557280391455 829.30618146434426 1808.3430725401267 1723.0802519479766 401.17367892991751 93.704372527077794 103.90752375498414 686.01087879668921 9.2995604053139669 502.61118881218135 130.68132773041725 39.271166369318962 40.501536041498184 2985.978345407173 12.40067534893751 441.08310537226498 13.864884404465561 41.918752692639828 4.015194470062851 104.17571510747075 397.54285792261362 13.220934163779019 521.45513032656163 1.3759047761559475 71.421852093189955 139.75227353069931
leaf_count=64118 18794 3245 10662 24783 11156 24480 66247 99004 9106 1690 1591 28798 122 4797 1284 268 221 60276 126 12098 243 446 102 922 7479 74 12603 15 2330 5352
internal_value=-8.4298e-05 -0.000866962 -0.0037182 -0.0016398 0.00460587 -0.00397957 0.0010406 -0.00603449 0.000622867 0.00128632 -0.00140999 -0.00312484 -0.00514259 0.00343296 0.00388256 0.0108394 0.0331393 0.00262945 0.0136729 0.00551135 0.018856 0.00178125 0.0495738 0.0257852 -0.00584216 0.0372084 0.00720866 0.00748715 0.0171734 0.0160941
internal_weight=15064 13604 5453.16 4228.71 1152.44 3076.27 8150.85 2246.97 7829.7 7021.69 3112.36 2494.35 808.016 3909.32 3815.62 582.384 79.7727 3233.24 247.258 618.01 135.009 483.002 31.101 116.576 798.717 27.0858 1459.95 913.795 212.55 211.174
internal_count=472432 441035 241900 177782 43636 134146 199135 109666 195890 179183 109599 95045 16707 69584 67894 5286 489 62608 2332 14554 2010 12544 419 1048 16585 317 31397 32480 7697 7682
is_linear=0
shrinkage=0.03


Tree=75
num_leaves=31
num_cat=0
split_feature=9 8 14 8 8 22 9 5 8 7 5 8 0 22 8 5 5 22 8 5 18 18 22 8 8 10 22 18 22 8
split_gain=89.3283 69.5234 109.293 66.4483 55.9324 58.5068 50.1456 47.4252 47.2369 42.8222 65.0177 42.7622 47.1178 41.7356 58.444 70.8382 391.152 572.481 50.5899 114.119 260.747 48.9197 89.6318 48.8851 102.456 74.3171 48.8399 44.7236 42.8939 56.6296
threshold=5.5000000000000009 238.50000000000003 1.0000000180025095e-35 164.50000000000003 227.50000000000003 37105.500000000007 43.000000000000007 183.47462987012989 498.00000000000006 -0.30471787224025743 266.37641865793785 274.50000000000006 24.515500000000003 12744.500000000002 51.500000000000007 109.26259782001118 110.20941672648961 26689.500000000004 40.500000000000007 86.875555555555579 7061.5000000000009 7596.5000000000009 16106.500000000002 144.50000000000003 146.50000000000003 83.500000000000014 44353.500000000007 8891.5000000000018 50055.000000000007 105.50000000000001
decision_type=2 2 2 2 2 2 2 2 2 2 2 2 2 2 2 2 2 2 2 2 2 2 2 2 2 2 2 2 2 2
left_child=1 2 -1 -2 13 -6 7 -5 11 10 -9 -8 -13 -4 18 -16 17 -17 -15 20 -20 -21 -23 26 -25 -26 -18 -24 29 -28
right_child=3 -3 4 6 5 -7 8 9 -10 -11 -12 12 -14 14 15 16 23 -19 19 21 -22 22 27 24 25 -27 28 -29 -30 -31
leaf_value=-0.007104404711805028 0.0085316474061749963 -0.01378218934023071 -0.0022038324668779714 -0.0034683478302044981 0.024594784168867751 0.12944014612143701 -0.0085556886602119221 0.0034418410309380431 0.0016400172437973566 0.0079230646633496431 -0.020964178277912936 -0.00026646952921919394 0.023363588601124693 0.012769952455499445 -0.016090891371766097 0.92136595508756147 -0.00840349037026435 -0.030657719354172289 0.36295129786592928 -0.019971173953953734 -0.013724147004412088 0.20968879278320943 0.060214480809325434 0.087603459224580113 0.2007630026398817 0.0051337447999889509 0.094520754120157341 -0.011755762209725419 -0.017032166271247155 -0.012747049891802789
leaf_weight=1815.2336827013642 1020.1167825665325 570.79915830492973 616.1495658904314 3594.7078324891627 28.931262602098286 5.7406495474278918 75.818228602409363 340.36110191419721 5133.5310909273103 737.08412541728467 138.09709867555648 108.77676088362932 251.61579657718539 148.86067657545209 129.12037827633321 1.0398011012002819 153.541619037278 1.2541040936484931 3.115180989727377 12.802685144357381 3.526127353310585 2.8507351558655492 21.776475613005459 18.824894482269883 1.7887274920940388 76.173140243627131 13.33405002765358 12.082636076025663 10.078526959754525 6.6327526010572901
leaf_count=82835 19322 36278 21433 158108 827 106 687 12126 93565 15014 4652 1056 2084 4798 6950 48 6079 64 97 429 173 89 426 295 22 3334 423 443 375 294
internal_value=-8.26845e-05 -0.00416479 -0.0023841 0.0012256 0.00437537 0.0419541 0.000507583 -0.00173616 0.00244537 0.00338642 -0.00360245 0.0119231 0.0162314 0.00331861 0.00883521 0.00231932 0.010729 0.400884 0.0219229 0.0461868 0.16296 0.0305236 0.0481338 0.00753687 0.0247894 0.00962219 -0.00155865 0.0345319 0.0334207 0.0588876
internal_weight=15053.8 3653.66 3082.86 11400.1 1267.62 34.6719 10380 4810.25 5569.74 1215.54 478.458 436.211 360.393 1232.95 616.803 411.788 282.668 2.29391 205.015 56.1538 6.64131 49.5125 36.7098 280.374 96.7868 77.9619 183.587 33.8591 30.0453 19.9668
internal_count=472432 165818 129540 306614 46705 933 287292 189900 97392 31792 16778 3827 3140 45772 24339 17884 10934 112 6455 1657 270 1387 958 10822 3651 3356 7171 869 1092 717
is_linear=0
shrinkage=0.03


Tree=76
num_leaves=31
num_cat=0
split_feature=2 9 1 16 10 1 14 11 10 18 6 10 11 10 12 1 1 9 16 9 5 18 8 18 6 1 7 18 22 3
split_gain=88.9358 74.4388 86.1568 63.1905 37.9302 36.8511 36.2679 49.9485 48.1075 42.2225 35.994 35.5477 34.4411 89.4961 32.8023 30.3513 75.023 61.8729 52.9336 43.8911 45.415 36.6311 30.9629 30.8214 29.9989 29.7271 31.7299 27.4596 29.1443 27.1111
threshold=0.78656609248549325 11.500000000000002 3.9111225951759701 1.0000000180025095e-35 994.50000000000011 5.4165224462553345 5.5000000000000009 6.5000000000000009 1.5000000000000002 3255.5000000000005 45.748518406342633 284.50000000000006 1.5000000000000002 2.5000000000000004 5.5000000000000009 3.0353133713145306 2.9604418264400523 49.500000000000007 1.5000000000000002 12.500000000000002 128.17677765237022 3905.5000000000005 64.500000000000014 3024.5000000000005 32.327576817491313 3.3542105165921368 -0.72916181714807682 571.50000000000011 18881.000000000004 0.37940952255126048
decision_type=2 2 2 2 2 2 2 2 2 2 2 2 2 2 2 2 2 2 2 2 2 2 2 2 2 2 2 2 2 2
left_child=1 2 -1 5 -5 11 7 8 24 12 -7 -4 13 -8 27 16 19 -18 21 20 -9 -19 23 -17 -3 -24 -27 28 -10 -2
right_child=29 6 3 4 -6 10 9 15 14 -11 -12 -13 -14 -15 -16 22 17 18 -20 -21 -22 -23 25 -25 -26 26 -28 -29 -30 -31
leaf_value=-0.010626891875249787 0.0099626419342811658 -0.020945389125821615 0.00056362620569702497 0.0071920378324131177 -0.0062680332215322761 0.030067068431982012 -0.0048229004168744063 -0.0094316398096094684 0.016102054153528549 0.0017536232977096028 0.00022659381820798425 -0.0080646004411765188 -0.012662674209056953 0.049099721782443657 0.044690622030636402 0.10260536856274147 -0.012545831424937988 0.097368555520036842 0.14395615602063963 0.0019150962452455088 0.08368910055215216 0.019352266651661169 -0.0082000847351592979 0.017792516353931732 0.0051681021492496343 0.1339333159388604 0.00077252152245584505 -0.0086523408660534751 0.075635111596950355 0.0014457762761260948
leaf_weight=1208.5701158232987 945.53532040677965 43.080486044287682 581.70941429212689 919.30863282643259 236.99796999339014 38.134415213018656 386.81229018606246 7.6701722433790591 259.20715366862714 934.50225074589252 790.68233414180577 1645.0382636394352 495.7286577699706 29.838482327759266 35.673988556489348 4.6407298482954529 11.28002191800624 8.6291083879768902 6.7325490154325953 330.08940811175853 12.228111784905193 14.549062155187128 353.89794748649001 22.81421185657382 489.08472796902061 1.6110468031838525 4662.7768819835037 40.700768737122416 7.618346979841589 522.13252930622548
leaf_count=64118 18794 658 13682 32480 11156 838 6145 159 2017 18015 23642 95984 15213 210 238 59 172 81 80 4513 129 148 8469 274 4844 36 136787 791 97 12603
internal_value=-8.2818e-05 -0.000841048 -0.00356615 -0.00154011 0.00443325 -0.00380059 0.00096934 0.00205124 0.00870199 -0.00272837 0.00159957 -0.00581059 -0.00731905 -0.000961227 0.0174595 0.000980439 0.00903068 0.047327 0.0699065 0.0045235 0.0477939 0.0483973 0.000356332 0.0321285 0.00305413 0.000182508 0.000818514 0.0143006 0.0178018 0.00693271
internal_weight=15047.3 13579.6 5420.44 4211.87 1156.31 3055.56 8159.17 6312.28 875.365 1846.88 828.817 2226.75 912.379 416.651 343.2 5436.92 391.178 41.1907 29.9107 349.988 19.8983 23.1782 5045.74 27.4549 532.165 5018.29 4664.39 307.526 266.826 1467.67
internal_count=472432 441035 241900 177782 43636 134146 199135 159552 8645 39583 24480 109666 21568 6355 3143 150907 5282 481 309 4801 288 229 145625 333 5502 145292 136823 2905 2114 31397
is_linear=0
shrinkage=0.03


Tree=77
num_leaves=31
num_cat=0
split_feature=13 16 17 10 7 13 11 18 16 11 10 17 18 19 9 0 7 11 22 8 17 16 19 11 22 0 0 8 0 9
split_gain=84.3888 88.6946 62.2935 47.8394 45.0047 43.1857 115.387 83.9591 73.6958 56.0404 53.416 40.653 63.7261 36.7308 33.2415 36.2037 33.0714 41.7245 35.9284 54.0579 43.4567 36.0314 32.544 49.1197 36.1868 32.0382 41.8657 32.5835 49.9476 35.7366
threshold=3192.4809570312505 1.0000000180025095e-35 0.0056861259508878001 635.50000000000011 0.28633737502411266 1.0000000180025095e-35 6.5000000000000009 1921.5000000000002 1.0000000180025095e-35 1.5000000000000002 2.5000000000000004 0.019868137314915661 6295.5000000000009 9.5000000000000018 5.5000000000000009 210.95500000000001 -0.23679969238840742 18.500000000000004 8240.5000000000018 148.50000000000003 0.0450515914708376 2.5000000000000004 94.500000000000014 15.500000000000002 554419.00000000012 20.004500000000004 14.992500000000001 7.5000000000000009 17.405500000000004 4.5000000000000009
decision_type=2 2 2 2 2 2 2 2 2 2 2 2 2 2 2 2 2 2 2 2 2 2 2 2 2 2 2 2 2 2
left_child=5 4 -3 -4 14 -1 8 16 9 -7 -10 -5 -13 -12 15 -2 -8 -18 19 -19 21 -21 25 -24 -25 26 -9 28 -28 -29
right_child=1 2 3 11 -6 6 7 22 10 -11 13 12 -14 -15 -16 -17 17 18 -20 20 -22 -23 23 24 -26 -27 27 29 -30 -31
leaf_value=-0.0019181267876259794 -0.011228431758310571 -0.014344302559541125 -0.0091848694676014628 -0.0010296707763041879 -4.2143231607823414e-05 0.036310942375697597 -0.015406257806208166 0.0029237063030247866 0.0021561131401658874 0.0099563064595355188 -0.0042123770473379406 -0.00065062766458482671 0.0089652746568055931 0.026938922457250474 -0.0040066483833940125 0.0081491996899341196 -0.011578538434274683 -0.0023905547551453599 -0.0080595675879092492 0.070839579584356285 0.030796108735075434 0.22243536028257088 -0.011926554594339864 -0.011964631012133253 0.015297613636043029 0.0044172015704446151 0.19910561730971368 -0.018915549871552827 -0.0016711732771631865 0.032889698568822422
leaf_weight=1281.4831811431795 1321.8540789699182 221.49062723945826 321.76649340894073 1542.312385097146 1400.4848908949643 181.02120849490166 297.17655602563173 102.9872861886397 458.13374068774283 121.25716227851808 42.946436122059822 1032.7958261538297 1552.8913478748873 164.74529138766229 2099.1756593044847 92.871470535174012 182.15387941896915 46.711108149960637 64.121278563514352 5.5750869922339907 43.033044932410121 1.8892498426139352 256.32519296184182 61.310845920816064 153.59880444407463 1877.2321243062615 2.4722853144630781 13.775297807529567 2.0314347986131907 92.169021632522345
leaf_count=19738 87992 15868 11722 63020 46902 977 14479 1325 3700 1543 514 33519 37527 1534 82301 2771 3615 1449 1727 176 925 59 3327 732 1939 31434 66 302 59 1190
internal_value=-8.12587e-05 -0.00177616 0.00118374 0.00195666 -0.00458963 0.00289862 0.00437862 0.00163509 0.0134544 0.0257389 0.00787735 0.00282511 0.00512441 0.0204975 -0.00640205 -0.00995636 -0.00807836 -0.00173839 0.00937191 0.0208702 0.0423868 0.109209 0.00406416 -0.0030578 0.00752006 0.00566944 0.0166833 0.0295134 0.108544 0.0261538
internal_weight=15037.8 9585.64 4671.26 4449.77 4914.39 5452.15 4170.67 3202.56 968.104 302.278 665.825 4128 2585.69 207.692 3513.9 1414.73 640.66 343.484 161.33 97.2085 50.4974 7.46434 2561.9 471.235 214.91 2090.67 213.435 110.448 4.50372 105.944
internal_count=472432 381622 161656 145788 219966 90810 71072 62804 8268 2520 5748 134066 71046 2048 173064 90763 22430 7951 4336 2609 1160 235 40374 5998 2671 34376 2942 1617 125 1492
is_linear=0
shrinkage=0.03


Tree=78
num_leaves=31
num_cat=0
split_feature=2 19 17 0 18 8 7 7 16 12 22 17 14 16 18 10 12 18 17 17 0 18 0 13 21 0 7 0 22 0
split_gain=81.9228 65.7595 53.4769 46.2168 41.4557 65.1311 87.2275 45.8555 39.5649 37.4301 36.6028 55.3035 36.0721 50.6507 77.5372 91.5634 38.2881 36.5514 34.28 34.2699 33.2587 98.7855 62.2216 60.945 36.6791 49.45 32.8398 31.5639 30.1161 29.7961
threshold=0.78656609248549325 3.5000000000000004 0.015181225724518301 134.96000000000001 9665.5000000000018 30.500000000000004 -0.25558580921125934 -0.5406332370079151 1.0000000180025095e-35 25.500000000000004 93546.000000000015 0.0068349780049175033 11.500000000000002 1.5000000000000002 33.500000000000007 1.5000000000000002 1.5000000000000002 6770.5000000000009 0.021038182079792026 0.044357392936944968 440.99500000000006 8185.5000000000009 495.07500000000005 25362.954101562504 2893.5000000000005 495.07500000000005 4.4326192389206618 111.94300000000003 4444.5000000000009 994.47500000000014
decision_type=2 2 2 2 2 2 2 2 2 2 2 2 2 2 2 2 2 2 2 2 2 2 2 2 2 2 2 2 2 2
left_child=1 3 10 8 12 6 7 -6 28 -7 -3 27 13 14 15 -4 -17 -15 -19 -11 -16 24 23 -23 25 -22 -14 -12 -1 -24
right_child=-2 2 4 -5 5 9 -8 -9 -10 19 11 -13 26 17 20 16 -18 18 -20 -21 21 22 29 -25 -26 -27 -28 -29 -30 -31
leaf_value=-0.0036999172751535732 0.0066333734882740364 -0.010906496618191552 0.0025538368670071435 0.00031789839740821771 0.095337295108818887 0.074549518562481432 -0.0045352751618801517 0.31301362465880367 0.00058148298864324998 -0.0020598983733514011 0.0063131165290598625 -0.0037941661680858038 -0.0072742650121227059 0.0028394501605584046 -0.0020036349115764907 0.014812717909081891 0.040907766755474022 0.0023336800959859356 0.017184425547552767 0.020963193590506458 0.085444886557190819 0.090418182342914738 0.02215752820223589 0.013694033272810701 -0.010845573193210018 0.0039353009984273348 0.058947257648936706 0.038754883166987372 -0.013334568017954355 -0.0093989985886442102
leaf_weight=425.13449140079319 1475.3667097259313 563.16160484030843 555.57634746469557 949.01679426897317 1.6618825206533077 7.972484706901013 3.3698429856449357 1.830176851712167 384.74776037782431 127.45803552120924 75.269422514364123 1025.7964313821867 565.48205531947315 1516.5747202662751 5021.7254240540788 118.75741826742887 88.17927299067378 224.06113120354712 372.38372252881527 107.0644012466073 8.2779805827885848 21.731981491670012 110.07625498250127 16.311709832400084 207.37562745250762 35.112551528960466 6.8210576176643363 42.081573978066444 932.3461086191237 35.650866055861115
leaf_count=19445 31397 32569 6364 29379 67 119 108 66 16422 4575 3396 41889 11842 37131 149967 1037 448 6969 7532 2215 93 329 2055 354 5554 561 86 1334 58128 1001
internal_value=-7.98674e-05 -0.000810772 0.000229582 -0.00500883 0.00113851 0.0132029 0.104348 0.209421 -0.00791037 0.0106238 -0.00464635 -0.00156235 0.000800652 0.0013011 -6.2369e-05 0.00889846 0.0259323 0.00531388 0.0116056 0.00845063 -0.00131464 0.00664767 0.0233567 0.0575217 -0.00559732 0.0194856 -0.006485 0.0179466 -0.0103172 0.0144375
internal_weight=15026.4 13551 10859.8 2691.25 9153.45 249.357 6.8619 3.49206 1742.23 242.495 1706.31 1143.15 8904.1 8331.8 6218.78 762.513 206.937 2113.02 596.445 234.522 5456.26 434.537 183.771 38.0437 250.766 43.3905 572.303 117.351 1357.48 145.727
internal_count=472432 441035 317661 123374 238473 7150 241 133 93995 6909 79188 46619 231323 219395 167763 7849 1485 51632 14501 6790 159914 9947 3739 683 6208 654 11928 4730 77573 3056
is_linear=0
shrinkage=0.03


Tree=79
num_leaves=31
num_cat=0
split_feature=6 5 8 9 5 17 6 5 8 7 7 0 6 18 9 0 0 0 0 18 22 0 0 9 7 18 17 6 5 18
split_gain=80.3024 86.0229 56.0536 73.3766 64.2899 61.7036 49.9779 48.2483 51.7475 64.5916 49.228 117.732 158.149 131.865 49.5 47.0037 77.7393 49.151 46.4506 46.2449 57.7649 44.5677 66.5768 42.301 66.9307 56.8588 66.5457 40.5064 75.8837 38.734
threshold=45.748518406342633 182.7352221345952 76.500000000000014 7.5000000000000009 194.67837767687723 0.04240024276077748 38.091680187016983 217.6693503937008 79.500000000000014 0.30352457647812836 -0.55245868802709641 49.000500000000009 387.67793117679764 5317.5000000000009 1.5000000000000002 48.955000000000005 49.956500000000013 19.107500000000005 58.955000000000005 9023.5000000000018 55862.000000000007 58.955000000000005 56.525500000000008 11.500000000000002 -0.47168225268882702 8097.5000000000009 0.026154252700507644 204.38570124685731 129.52252819548875 3113.5000000000005
decision_type=2 2 2 2 2 2 2 2 2 2 2 2 2 2 2 2 2 2 2 2 2 2 2 2 2 2 2 2 2 2
left_child=6 15 -3 7 5 -5 -1 8 9 -4 -9 12 13 -12 -13 17 23 27 -6 -16 -21 22 29 -17 25 26 -25 -2 -29 -18
right_child=1 2 3 4 18 -7 -8 10 -10 -11 11 14 -14 -15 19 16 21 -19 -20 20 -22 -23 -24 24 -26 -27 -28 28 -30 -31
leaf_value=0.00053354588247954567 -0.00054707898124159882 -0.0055681467099906491 0.034556811207924289 0.030066854698785644 -0.0080966741999439675 0.0018544929766296432 0.0069189555899264888 -0.019356956128466427 2.3687551071957122e-05 0.25179611568023891 0.4241825457482496 0.086284574528582 -0.022067352337047517 0.12358183128302709 0.01074794104457236 0.0043790152807033798 -0.013616615463482166 -0.0097533064452401171 0.0028196884360403881 0.10122358043405907 0.025145875541343902 -0.0016725914151014618 -0.021106553896512229 0.39473935258584347 0.025443638987318641 0.01466616653968322 0.10516371158107569 0.072163247845418443 -0.011766361288523437 0.00586609023843963
leaf_weight=2570.898163641803 198.2886649267748 664.71151766553521 5.4855602560564867 140.01877851225436 432.50720934383571 139.06813822127879 1932.3329056827351 17.839303951710463 130.15931043867022 1.5885101575404403 2.1065297164022905 11.682500772178171 3.4253816185519099 3.4882508739829063 98.624261744320393 118.84931924659759 152.49817427434027 1493.2424020664766 1857.3371666809544 12.87819534447044 29.692712221294641 4362.6120790820569 280.98336389288306 1.1985754147171968 82.297612358815968 1.9827118683606384 1.7674583299085496 20.734492732211947 18.210261613130569 230.89660678897053
leaf_count=51632 5020 19968 200 2210 14356 4273 18777 714 4411 37 52 57 156 107 2401 7110 6831 77208 42294 220 449 179456 19128 50 3562 87 91 370 617 10588
internal_value=-7.85541e-05 -0.00151425 0.00228593 0.00409497 0.00241465 0.0160087 0.00327352 0.0177134 0.00431839 0.0833387 0.0279407 0.0331524 0.138473 0.236763 0.0269382 -0.00345191 -0.00203456 -0.00773806 0.000757799 0.0220279 0.0481603 -0.00277492 -0.0100133 0.016024 0.031887 0.139041 0.222181 0.00494669 0.0329184 -0.0018833
internal_weight=15017.4 10514.2 3550.61 2885.9 2568.93 279.087 4503.23 316.971 137.233 7.07407 179.737 161.898 9.02016 5.59478 152.878 6963.56 5233.09 1730.48 2289.84 141.195 42.5709 5026.99 664.378 206.096 87.2464 4.94875 2.96603 237.233 38.9448 383.395
internal_count=472432 402023 91905 71937 63133 6483 70409 8804 4648 237 4156 3442 315 159 3127 310118 226903 83215 56650 3070 669 216003 36547 10900 3790 228 141 6007 987 17419
is_linear=0
shrinkage=0.03


Tree=80
num_leaves=31
num_cat=0
split_feature=2 9 5 8 6 19 6 0 6 6 17 8 8 8 10 8 9 14 0 6 19 8 8 18 14 5 5 13 0 5
split_gain=76.3006 63.0382 61.8415 61.6652 87.2077 90.1555 71.2322 49.2568 57.2734 109.392 51.3201 48.2958 71.3176 48.0299 43.0302 38.4129 38.9358 44.8445 39.4589 38.2527 212.609 36.5898 35.5583 52.2599 35.5567 34.5527 51.9097 34.2427 33.217 33.213
threshold=0.78656609248549325 5.5000000000000009 146.39570707070712 66.500000000000014 135.05704670585669 3.5000000000000004 146.1395635446238 380.48500000000007 212.22418771571071 205.54493770658823 0.038315966725349433 41.500000000000007 51.500000000000007 7.5000000000000009 119.50000000000001 164.50000000000003 43.000000000000007 9.5000000000000018 249.68700000000004 293.67560342542032 5.5000000000000009 42.500000000000007 162.50000000000003 9477.5000000000018 2.5000000000000004 310.87402298850583 315.04861216391322 24636.986328125004 96.823000000000022 186.57689722863742
decision_type=2 2 2 2 2 2 2 2 2 2 2 2 2 2 2 2 2 2 2 2 2 2 2 2 2 2 2 2 2 2
left_child=1 2 14 6 5 -5 11 8 9 -6 -11 13 21 -4 -1 22 18 -18 24 -16 -21 -13 -3 -24 -17 -20 27 -27 -10 -23
right_child=-2 15 3 4 7 -7 -8 -9 28 10 -12 12 -14 -15 19 16 17 -19 25 20 -22 29 23 -25 -26 26 -28 -29 -30 -31
leaf_value=0.0019237229091792095 0.0063841435137024921 0.0053811712654998622 0.015650818010322767 0.013977746754280254 -0.0048474592758741032 0.26391449759797336 -0.009781130718235484 0.03665964104840054 -0.02022704274249125 -0.0098290095311073782 0.10570177225493108 0.15062714938669869 -0.017252058105475952 -0.0081239939028020514 -0.0094336831033270466 -0.0021329445789390997 0.0029558752246102737 -0.004834045339478758 0.0019501983291474526 -0.024548032460532922 0.40502634011558086 -0.017488276297534289 0.025735444194375554 0.16257059670510188 -0.0096784563362152746 0.063741963996371706 -0.025533429386548012 0.0091463738178801778 0.0070712517746573285 0.077088366472067335
leaf_weight=379.11565470322967 1482.1733341831714 887.11609927471727 157.855314521119 2.6770133832469574 30.017542191781104 2.5231239181011915 509.47264809347689 54.930410439148545 65.792688279412687 4.2989651001989868 17.741688720881939 4.3955935826525119 12.120404319837688 148.34070636332035 1827.2205571364611 2877.6666933735833 4040.4753335127607 796.15261713694781 806.36579992063344 4.9976130547001949 1.3083985242992637 4.4093225542455921 17.333690995350484 2.9377041151747099 698.49571532942355 26.152054563164711 13.341068862006066 17.100046075880527 102.80001959670335 13.803316606208682
leaf_count=7796 31397 17094 3824 110 1454 36 18609 1110 3450 220 261 83 449 4693 110338 125682 71759 16450 21092 302 70 179 687 100 31030 196 309 158 3365 129
internal_value=-7.77241e-05 -0.000785763 -0.00435966 0.00134631 0.0135363 0.135248 -0.00267853 0.0112396 0.00491137 0.0324169 0.0831678 0.00793549 0.0414631 0.0041328 -0.00727675 0.000387793 -0.000188496 0.00167358 -0.00221732 -0.00917912 0.0645819 0.0729407 0.0062789 0.0455654 -0.00360673 0.00354051 0.0262 0.0421572 -0.00358181 0.0541911
internal_weight=15009.1 13527 3343.82 1131.18 280.781 5.20014 850.397 275.581 220.651 52.0582 22.0407 340.925 34.7286 306.196 2212.64 10183.1 9275.75 4836.63 4439.12 1833.53 6.30601 22.6082 907.387 20.2714 3576.16 862.959 56.5932 43.2521 168.593 18.2126
internal_count=472432 441035 156478 37972 10006 146 27966 9860 8750 1935 481 9357 840 8517 118506 284557 266676 88209 178467 110710 372 391 17881 787 156712 21755 663 354 6815 308
is_linear=0
shrinkage=0.03


Tree=81
num_leaves=31
num_cat=0
split_feature=6 0 0 16 6 0 13 2 17 21 16 13 11 10 2 3 11 17 8 8 8 8 2 21 8 6 10 0 13 19
split_gain=73.3803 79.3845 95.8256 46.965 46.131 39.6782 45.5857 38.1258 44.2017 41.4401 36.0791 37.0027 76.995 72.5362 34.491 65.9837 37.9364 32.6911 37.4348 32.7993 60.485 78.9831 67.9759 35.5643 31.9855 31.0136 28.1849 65.9121 35.5088 27.8298
threshold=45.748518406342633 58.955000000000005 57.008500000000005 1.0000000180025095e-35 38.091680187016983 266.78000000000003 25791.428710937504 -0.37940952255126065 0.014608417171984913 9617.5000000000018 4.5000000000000009 1.0000000180025095e-35 1.5000000000000002 2.5000000000000004 0.37940952255126054 -0.5 42.500000000000007 0.0063338105101138362 83.500000000000014 164.50000000000003 144.50000000000003 146.50000000000003 0.37940952255126054 4003.5000000000005 162.50000000000003 74.658594131789769 1004.5000000000001 20.958000000000002 5417.1599121093759 86.500000000000014
decision_type=2 2 2 2 2 2 2 2 2 2 2 2 2 2 2 2 2 2 2 2 2 2 2 2 2 2 2 2 2 2
left_child=4 2 17 5 10 -3 -7 -5 25 -10 11 -1 13 -13 -14 -16 -17 -2 -19 20 -20 22 -22 24 -23 -9 28 -28 -18 -21
right_child=1 3 -4 7 -6 6 -8 8 9 -11 -12 12 14 -15 15 16 26 18 19 29 21 23 -24 -25 -26 -27 27 -29 -30 -31
leaf_value=-0.0061805284112920597 -0.016522463372293964 -0.0038719184479116217 -0.021461088156025793 0.00045697949551478561 0.0066098921539607209 0.0077841261601657328 -0.0053602102694258313 0.1365865553063694 0.0090505998025859104 0.041964764951255631 -0.010746110298323907 0.011746464373045771 -0.0011550918418335037 0.055823454651013023 0.066948635070508702 0.0033459613792296136 0.061265977465923854 -0.011273266677399476 -0.00099066463472532919 -0.0019245289465044974 0.059296843182459792 0.02967726954288467 0.21193040675105776 -0.0026180290766052352 0.12803047489259048 -0.003337861878328869 0.19553174577086357 0.028418869243774399 -0.0082048198296239151 -0.020234405154805513
leaf_weight=444.52908943220973 168.8365290844813 2781.4728575535119 301.92935273237526 2208.9341810885817 1942.7897082222626 655.900336060673 372.22086929157376 1.4321644511073817 891.68819570727646 35.809440318495035 233.98401865176857 167.67273310571909 1268.8320409804583 42.024675451219082 16.849824878387153 361.5200807005167 10.921336448751392 411.0463291509077 149.67261918820441 2047.675658531487 11.456910647451876 15.442243104800584 3.4069049414247266 33.580396255478263 3.6863010600209227 312.64814134780318 3.0034413291141373 7.2557122986763716 16.819936389103532 77.539508139714599
leaf_count=8363 12167 115666 20155 69385 18777 14745 11799 67 23773 720 4588 1553 29889 222 261 6108 123 20972 7464 88594 226 384 67 1759 104 13048 38 142 345 928
internal_value=-7.66781e-05 -0.0014538 -0.00537098 0.000285852 0.00312031 -0.0020105 0.00302535 0.00282118 0.00702742 0.0103214 0.000485868 0.00160926 0.00343669 0.0205798 0.0013035 0.00879571 0.00634311 -0.00370859 -0.00292288 -0.00145759 0.00964549 0.0332044 0.0942817 0.0159807 0.0486311 -0.00269983 0.0348567 0.0773424 0.0191448 -0.00259257
internal_weight=15000.6 10484.4 3224.27 7260.11 4516.2 3809.59 1028.12 3450.51 1241.58 927.498 2573.41 2339.43 1894.9 209.697 1685.2 416.37 399.521 2922.34 2753.51 2342.46 217.245 67.5728 14.8638 52.7089 19.1285 314.08 38.0004 10.2592 27.7413 2125.22
internal_count=472432 402023 152820 249203 70409 142210 26544 106993 37608 24493 51632 47044 38681 1775 36906 7017 6756 132665 120498 99526 10004 2540 293 2247 488 13115 648 180 468 89522
is_linear=0
shrinkage=0.03


Tree=82
num_leaves=31
num_cat=0
split_feature=13 16 17 12 11 16 18 11 7 18 17 19 11 22 5 18 0 5 5 19 11 16 18 7 11 22 8 17 5 11
split_gain=71.0831 77.7367 55.2803 39.7853 99.9449 102.832 44.9997 42.2645 38.9043 38.2948 74.9654 36.0228 45.5412 34.1236 32.9853 29.9559 46.3156 32.6332 95.9565 54.5441 39.4645 39.0935 32.8227 29.8101 32.817 35.3785 51.0994 33.7711 29.3815 28.4866
threshold=3192.4809570312505 1.0000000180025095e-35 0.0056861259508878001 1.0000000180025095e-35 1.5000000000000002 1.0000000180025095e-35 2182.5000000000005 6.5000000000000009 0.28633737502411266 6295.5000000000009 0.019868137314915661 94.500000000000014 15.500000000000002 554419.00000000012 40.528457893990939 2327.5000000000005 99.960000000000022 130.10881791819295 128.17677765237022 7.5000000000000009 14.500000000000002 1.0000000180025095e-35 4011.5000000000005 -0.27413221474248461 18.500000000000004 8240.5000000000018 135.50000000000003 0.0450515914708376 149.54143939393944 41.500000000000007
decision_type=2 2 2 2 2 2 2 2 2 2 2 2 2 2 2 2 2 2 2 2 2 2 2 2 2 2 2 2 2 2
left_child=3 8 -3 -1 5 -5 7 -6 14 29 -11 15 -13 -14 -2 16 -8 18 21 -20 -21 -17 -19 -9 -25 26 -26 -28 -18 -4
right_child=1 2 9 4 6 -7 11 23 -10 10 -12 12 13 -15 -16 17 28 22 19 20 -22 -23 -24 24 25 -27 27 -29 -30 -31
leaf_value=-0.0019721876036341733 0.0066654494266542323 -0.013769957122709458 -0.0038388413723902622 0.033994058003749231 0.0060836779184657635 0.0073780641275750245 -0.014211400118813649 -0.01384536418321824 -7.7463918027941941e-05 -0.0012628739416160842 0.0082959838459384337 -0.01187360122412103 -0.012216736416412933 0.014311570620193149 -0.0066842737096957042 0.0033114404597832962 -0.0017978506379029847 0.005485199029279627 -0.021384590168346134 0.04404479901466464 0.12425874525736179 0.015909651762835125 -0.0066087948366214911 -0.0090017272317254576 -0.0033416237635674078 -0.0077971055917671834 0.092792485012598999 0.028551740390348034 0.043863567765472754 0.0076809849050319158
leaf_weight=1281.5082617541775 175.48854486271739 214.04309413675219 1265.3391336407512 182.82072917371988 318.72277906537056 457.74283548630774 23.779473898932338 322.19939538184553 1399.274193492718 1391.0923194242641 1573.7591051775962 251.24961474910378 60.571574836969376 156.11041767150164 3280.8676099414006 703.18036401737481 16.226376274600625 530.50285854935646 5.4007427673786905 10.819007344543936 11.270727824419735 323.74262030143291 326.12257147207856 241.19588993024081 49.439004732295871 75.908209153451025 8.6821861388161761 48.541711764410138 58.077144544571638 228.00446643028408
leaf_count=19738 3799 15868 43866 977 3638 3481 508 15467 46902 56616 37528 3243 721 1939 169265 12377 160 7301 119 85 177 4468 6343 4556 1591 2124 259 1075 463 7778
internal_value=-7.54134e-05 -0.00163975 0.00112272 0.00265249 0.00406955 0.0149744 0.00209728 -0.00306063 -0.00429788 0.00183773 0.00381102 0.00431426 -0.00318217 0.00689581 -0.00600647 0.0060602 0.0222297 0.00523031 0.00876382 0.0640773 0.0849719 0.00728309 0.000880941 -0.00696764 -0.00173836 0.00785733 0.018998 0.0382985 0.033892 -0.00207999
internal_weight=14991.7 9527.87 4672.24 5463.81 4182.31 640.564 3541.74 1064.69 4855.63 4458.2 2964.85 2477.05 467.932 216.682 3456.36 2009.12 98.083 1911.04 1054.41 27.4905 22.0897 1026.92 856.625 745.966 423.767 182.571 106.663 57.2239 74.3035 1493.34
internal_count=472432 381622 161656 90810 71072 4458 66614 28710 219966 145788 94144 37904 5903 2660 173064 32001 1131 30870 17226 381 262 16845 13644 25072 9605 5049 2925 1334 623 51644
is_linear=0
shrinkage=0.03


Tree=83
num_leaves=31
num_cat=0
split_feature=2 9 0 0 7 0 14 0 13 7 7 9 11 3 0 0 11 3 20 14 19 22 10 14 10 0 9 0 19 14
split_gain=68.7397 56.7526 56.359 45.9127 44.411 49.7365 37.5624 32.6913 32.4605 29.9636 34.423 41.3347 29.8522 28.5305 25.5749 37.0088 41.5777 23.9851 23.2406 23.0946 25.7435 35.8455 38.3901 31.0034 31.7089 38.5187 40.694 68.6568 43.9384 48.7319
threshold=0.78656609248549325 5.5000000000000009 48.955000000000005 6.2015000000000002 0.39996338849516716 994.47500000000014 1.0000000180025095e-35 944.08500000000015 23085.417968750004 -0.46486746330841833 -0.47844791256722374 4.5000000000000009 12.500000000000002 -0.12940952255126037 77.017500000000013 77.953500000000005 14.500000000000002 0.37940952255126048 43.990547180175788 15.500000000000002 44.500000000000007 2109.5000000000005 1.0000000180025095e-35 3.5000000000000004 883.50000000000011 111.94300000000003 49.500000000000007 197.81500000000003 35.500000000000007 10.500000000000002
decision_type=2 2 2 2 2 2 2 2 2 2 2 2 2 2 2 2 2 2 2 2 2 2 2 2 2 2 2 2 2 2
left_child=1 2 3 -1 19 7 12 8 13 10 -8 -12 -4 -6 -15 16 -16 -2 -13 20 23 22 -22 -3 -25 -26 -27 28 29 -28
right_child=17 4 6 -5 5 -7 9 -9 -10 -11 11 18 -14 14 15 -17 -18 -19 -20 -21 21 -23 -24 24 25 26 27 -29 -30 -31
leaf_value=0.050103837139718534 0.0088571393279711745 -0.00052688296013459856 0.0043255892102168902 -0.012632257236020038 0.0013133240553551229 -0.012750866269063908 0.0096048084212273111 0.032142074289379402 4.78384455659208e-05 -6.2805925789815827e-05 0.0070345397182544475 0.16351788920808469 -0.0077030694328312681 0.0013143858348070405 0.0091918767978086801 0.012562054164670782 0.10092853440372322 0.00089988380727534355 0.056691553047645525 -0.0096052730337021046 -0.0013912977546736726 0.00063928747173803882 0.018877003087275447 -0.011299841991419295 -0.0069383648836837189 -0.0034763511988696251 0.056228664182712308 -0.0097501470072209589 -0.017739320212382562 0.18826992981812582
leaf_weight=10.659941946156321 962.7497128425166 4235.7988048195839 223.39413103740662 694.5489759137854 415.27412373293191 147.7519440613687 123.80322664510459 39.927367391064763 809.18755005579442 1147.2012216551229 7.1219741189852339 3.5581089165061712 1100.1366329174489 192.50441031530499 8.6365673951804656 632.80703978519887 9.1650710068643075 527.83924284856766 3.7801117012277246 253.51824914012104 138.11889909952879 2152.57768381387 215.07165525667369 538.03266318980604 252.69729715306312 67.50295873824507 32.377258392050862 25.005153449252248 6.6264063455164424 2.7274856679141513
leaf_count=259 18794 155414 3787 41592 7941 4061 5219 504 20581 48768 354 55 56394 2126 62 10000 72 12603 50 5618 1915 41878 1548 19125 9762 2322 774 616 173 65
internal_value=-7.40976e-05 -0.000749634 -0.00415921 -0.0116839 0.0003609 0.00407505 -0.00212528 0.00525467 0.00473544 0.00152728 0.0147206 0.0585203 -0.00567279 0.00774974 0.01092 0.0137621 0.056422 0.00603936 0.108489 -0.000696712 -0.000402122 0.00209272 0.0109509 -0.00161347 -0.00658938 -3.95113e-05 0.0129472 0.0295593 0.0531135 0.0664877
internal_weight=14980.1 13489.5 3314.2 705.209 10175.3 2255.25 2609 2107.5 2067.57 1285.46 138.263 14.4602 1323.53 1258.39 843.113 650.609 17.8016 1490.59 7.33822 7920.05 7666.54 2505.77 353.191 5160.77 924.969 386.937 134.239 66.7363 41.7312 35.1047
internal_count=472432 441035 156478 41851 284557 45347 114627 41286 40782 54446 5678 459 60181 20201 12260 10134 134 31397 105 239210 233592 45341 3463 188251 32837 13712 3950 1628 1012 839
is_linear=0
shrinkage=0.03


Tree=84
num_leaves=31
num_cat=0
split_feature=10 16 10 17 13 5 0 20 14 22 12 11 10 21 10 16 11 22 21 2 9 19 19 0 13 5 5 22 17 5
split_gain=65.2218 63.6554 64.2794 69.3356 47.1875 46.5013 52.4264 45.4404 39.1521 38.8509 49.4513 75.6109 127.544 58.1537 74.7523 58.0836 48.0664 36.8528 35.5054 35.2912 34.4338 31.8608 31.7637 35.5587 31.3412 30.8031 40.7809 83.6368 49.1163 55.8444
threshold=175.50000000000003 1.0000000180025095e-35 635.50000000000011 0.015395920258015396 4440.8598632812509 46.544581362612618 279.97500000000008 25.087862014770511 4.5000000000000009 317922.50000000006 1.0000000180025095e-35 1.5000000000000002 2.5000000000000004 1696.5000000000002 23.500000000000004 1.0000000180025095e-35 19.500000000000004 67203.000000000015 6333.5000000000009 0.37940952255126054 5.5000000000000009 351.50000000000006 329.50000000000006 237.20000000000002 25791.428710937504 119.58907932379715 121.98832230577962 30054.000000000004 0.03178303316235543 120.55234225571726
decision_type=2 2 2 2 2 2 2 2 2 2 2 2 2 2 2 2 2 2 2 2 2 2 2 2 2 2 2 2 2 2
left_child=7 5 8 17 21 19 20 9 -3 10 -1 12 15 14 -13 -12 -11 -4 -6 -2 25 -5 23 -9 -8 -7 27 -27 -29 -30
right_child=1 2 3 4 18 6 24 22 -10 16 11 13 -14 -15 -16 -17 -18 -19 -20 -21 -22 -23 -24 -25 -26 26 -28 28 29 -31
leaf_value=-0.001861101806335973 -8.2801640376492362e-05 0.0015415925647695862 -0.012729321535525279 0.020599798608649328 -0.00042325317535687877 -0.012655308646972801 0.0069877614135199669 0.024723546733036238 -0.016713794833909577 -0.0083334832328329986 0.025391065112321299 0.0055093988680820841 0.042253581016219594 0.005805130363281957 -0.014453948046671359 0.0022131595252963781 0.060922080165263764 -0.00087335770301365419 0.0062965073379490479 0.016912675798128645 -0.0036529057515899011 0.096270877021149309 -0.020579408704904437 -0.023165653045836659 -0.0045518553105821742 -0.0063384215268986232 -0.0061007740340512763 0.17810631808253249 -0.023488205820765395 0.14042248694803355
leaf_weight=1270.956837169826 410.51182662788779 170.49049288965762 310.63618539273739 98.044396544806659 1112.5478765740991 1018.6758258529007 491.90444502606988 165.47463127691299 278.37751168292016 389.60068399831653 129.12201884761453 329.51439886540174 119.63705983012915 1573.1437767865136 346.13789193797857 394.93508297391236 9.2330957464873773 981.5537358019501 1944.5610596928746 150.19328918959945 2178.6431877361611 5.2772485725581637 18.508320707827806 15.239636199548839 372.02582443132997 22.30081741232425 653.25757295358926 3.997899620793758 4.2764307148754597 3.3254081234335899
leaf_count=19560 7556 5790 21757 1945 37455 68811 13369 2099 10511 4830 706 3845 626 21511 12726 3126 126 40904 49825 1975 91364 57 348 148 11766 1426 37749 93 279 149
internal_value=-7.27169e-05 -0.00142486 0.00104039 0.00213119 0.00452495 -0.00370083 -0.00466563 0.00282683 -0.00977997 0.00221441 0.00307125 0.00523852 0.0143045 0.00264349 -0.00471786 0.00792395 -0.0067302 -0.00372347 0.00385104 0.00446969 -0.00615223 0.0244648 0.0168515 0.020685 0.00201857 -0.0093443 -0.00443589 0.027646 0.0929821 0.0482142
internal_weight=14972.1 10210.6 4901.49 4452.62 3160.43 5309.11 4748.41 4761.5 448.868 4562.28 4163.45 2892.49 643.694 2248.8 675.652 524.057 398.834 1292.19 3057.11 560.705 3884.48 103.322 199.223 180.714 863.93 1705.83 687.158 33.9006 11.5997 7.60184
internal_count=472432 402781 168244 151943 89282 234537 225006 69651 16301 67056 62100 42540 4458 38082 16571 3832 4956 62661 87280 9531 199871 2002 2595 2247 25135 108507 39696 1947 521 428
is_linear=0
shrinkage=0.03


Tree=85
num_leaves=31
num_cat=0
split_feature=2 9 0 8 0 6 6 8 8 0 17 0 0 9 8 9 3 6 22 5 8 8 5 5 14 19 11 8 5 5
split_gain=62.8878 51.6848 56.3504 53.3271 29.2664 43.2958 65.2722 28.7633 40.6611 29.7743 29.3313 28.0099 54.6827 45.0172 38.2803 30.8461 27.4993 35.7909 51.8716 64.1103 53.3553 85.3258 43.7108 72.1906 89.1076 92.2913 37.3567 29.3899 25.9841 34.6953
threshold=0.78656609248549325 13.500000000000002 72.991000000000014 448.00000000000006 15.752500000000001 190.97803365601996 205.54493770658823 307.00000000000006 160.50000000000003 25.001500000000004 0.1926996782422066 994.47500000000014 855.92000000000019 9.5000000000000018 41.500000000000007 4.5000000000000009 -0.70710678118654757 56.185516830688655 29384.500000000004 57.129780701754392 26.500000000000004 151.50000000000003 102.58994080996887 103.91350000000001 1.5000000000000002 4.5000000000000009 11.500000000000002 454.50000000000006 228.35071838634605 118.93921900269544
decision_type=2 2 2 2 2 2 2 2 2 2 2 2 2 2 2 2 2 2 2 2 2 2 2 2 2 2 2 2 2 2
left_child=1 2 4 7 5 -1 -7 8 -3 10 -9 12 16 14 -14 -16 -4 18 -18 -20 -21 -22 26 24 -24 -26 27 -19 29 -5
right_child=-2 3 11 28 -6 6 -8 9 -10 -11 -12 -13 13 -15 15 -17 17 22 19 20 21 -23 23 -25 25 -27 -28 -29 -30 -31
leaf_value=-0.0020624649812170967 0.0057600777605432054 0.013380011888746676 -0.0059363696820914549 0.0013402449506503601 -0.0073701231335968186 0.089235746788996304 0.0024911420439166971 0.014508644886049044 -0.002319409232123724 0.021543272845591512 -0.024285372291683632 -0.01668727377500244 -0.0029351302847934481 -0.028008338893580977 0.10439819327423594 0.040551174388571705 0.0065842451223447557 0.010079833613012838 0.012219838624653843 0.21972050754530498 0.0078569769065400027 0.25179072940323699 0.017934858020560978 0.00056706654637185539 0.23534372744980911 0.021733491213576688 -0.012727859338188388 0.094619394708763488 0.0048529500804071705 -0.0033028242888491293
leaf_weight=122.58453305345029 1497.6620521508157 252.38355857878923 669.11285502184182 3259.22886303626 2168.3862625211477 12.918511843308805 19.731082854792476 44.87455795891583 360.63317580707371 207.66913797333837 28.796650399453938 93.063417887315154 12.257537880912421 9.9983019493520242 9.6107172649353725 23.371314229443669 330.26106286142021 22.815763814374808 14.951992752030494 2.8657765518873912 5.3859856817871332 1.6972492579370735 22.414112565107647 1946.8746875543147 4.0088606067001811 3.3345339503139257 338.78457451146096 4.417606556788086 862.71709646936506 2607.0686545772478
leaf_count=3847 31397 2264 25275 61036 123531 159 601 416 3545 2831 359 3023 290 173 198 312 10696 281 178 83 196 59 908 70349 51 104 19391 65 20348 90466
internal_value=-7.15785e-05 -0.000720346 -0.00284435 0.000906455 -0.00646928 0.00611412 0.0368135 0.00778888 0.00414416 0.0157304 -0.000655186 -0.000448205 -6.59477e-06 0.0296004 0.0423324 0.0591557 -0.000492328 0.000857906 0.00973237 0.0514859 0.110497 0.0663072 -0.000487525 0.00127587 0.0476493 0.138346 -0.0100105 0.0237932 -8.29269e-06 -0.000723203
internal_weight=14959.9 13462.2 5838.85 7623.37 2323.62 155.234 32.6496 894.357 613.017 281.34 73.6712 3515.23 3422.16 55.2379 45.2396 32.982 3366.93 2697.81 355.162 24.901 9.94901 7.08323 2342.65 1976.63 29.7575 7.34339 366.018 27.2334 6729.01 5866.3
internal_count=472432 441035 259770 181265 128138 4607 760 9415 5809 3606 775 131632 128609 973 800 510 127636 102361 11212 516 338 255 91149 71412 1063 155 19737 346 171850 151502
is_linear=0
shrinkage=0.03


Tree=86
num_leaves=31
num_cat=0
split_feature=6 5 5 19 6 6 8 8 8 6 18 5 22 18 13 7 11 22 22 6 6 17 5 6 7 5 22 6 18 18
split_gain=59.6936 72.4089 51.106 68.3426 45.9412 57.4758 71.8392 108.675 126.676 105.146 79.4061 64.4192 58.4137 65.369 95.5672 58.2347 54.8747 51.7835 55.5053 97.0019 217.245 131.508 90.5511 71.5472 209.717 294.115 240.793 70.8863 46.5861 45.5808
threshold=45.748518406342633 182.7352221345952 194.67837767687723 32.500000000000007 239.13200698181927 186.52866215693894 238.50000000000003 121.00000000000001 193.50000000000003 187.78043695434891 9125.5000000000018 118.93921900269544 45111.000000000007 7032.5000000000009 22806.004882812504 -0.22605738719027293 26.500000000000004 12744.500000000002 17753.000000000004 102.6404973389396 98.902917127684944 0.054807467386126525 140.27371024043455 85.664168144928695 -0.50115011620053662 86.875555555555579 14059.000000000002 89.833161037461679 7939.5000000000009 9766.5000000000018
decision_type=2 2 2 2 2 2 2 2 2 2 2 2 2 2 2 2 2 2 2 2 2 2 2 2 2 2 2 2 2 2
left_child=-1 4 3 -3 5 16 7 9 12 -7 -10 15 13 -9 -15 -8 -2 -18 19 20 22 -22 23 -19 25 26 -25 -27 -24 -11
right_child=1 2 -4 -5 -6 6 11 8 10 29 -12 -13 -14 14 -16 -17 17 18 -20 -21 21 -23 28 24 -26 27 -28 -29 -30 -31
leaf_value=0.0028035187934841361 0.0023907142062651173 0.0035439676606009458 0.00088095639566523843 0.029994595036760302 -0.0094426603992426479 0.15742766188556997 -0.0020344524735367445 0.068257201709740645 -0.0070969436760120099 -0.0094625436687501788 0.083871045346816081 -0.0038226301563471093 -0.017957858342053126 0.22638046405132198 0.05227841535431995 0.018158077543168491 -0.013341723275367246 -0.0042195386913336484 -0.005271250408986768 -0.0081836202700180348 0.35833941021562321 0.098508587543934822 0.07108793100397881 0.92880587690115812 -0.0026642626362556022 0.25204343847906763 0.17667322601530544 -0.030430287200620264 0.25295429508509726 0.12575958184337149
leaf_weight=4532.6450608624145 907.71942039765418 265.48719398118556 3153.8656844180077 131.44078195095062 898.59083127882332 3.6498009255155912 235.97606915328652 21.000281980261207 38.71214284747839 100.20892849285156 11.115930420346556 1122.2342072725296 4.2691975766792885 7.0677228430286032 4.74094642046839 282.33620904013515 675.9188521951437 59.122205151244998 2359.8331057745963 104.56051268056035 2.617625491693615 5.3083520941436291 3.4544496834278098 0.81299181841314083 11.835863581858574 1.2744720932096245 0.72445349581539631 2.1456612413749099 2.0024492293596268 2.2948933634906998
leaf_count=70409 16363 8515 81462 1928 37548 125 11424 341 1555 4833 355 48509 160 188 162 10276 42164 3122 124662 6581 96 241 112 47 752 98 61 165 78 100
internal_value=-7.0476e-05 -0.00132061 0.00215777 0.012303 -0.00311855 -0.00216681 0.00225448 0.0195645 0.0444406 -0.000801168 0.0131967 0.000217436 0.0864282 0.100011 0.156482 0.00896487 -0.00412627 -0.00595794 -0.00400358 0.0114277 0.0343908 0.18432 0.0197871 0.0113024 0.0659483 0.229756 0.574396 0.0748302 0.137825 -0.00643514
internal_weight=14953 10420.3 3550.79 396.928 6869.53 5970.94 1833.61 193.06 86.9062 106.154 49.8281 1640.55 37.0781 32.809 11.8087 518.312 4137.33 3229.61 2553.69 193.859 89.2985 7.92598 81.3725 75.9156 16.7934 4.95758 1.53745 3.42013 5.4569 102.504
internal_count=472432 402023 91905 10443 310118 272570 78028 7819 2761 5058 1910 70209 851 691 350 21700 194542 178179 136015 11353 4772 337 4435 4245 1123 371 108 263 190 4933
is_linear=0
shrinkage=0.03


Tree=87
num_leaves=31
num_cat=0
split_feature=2 19 17 11 0 6 18 22 6 5 18 5 22 5 7 18 21 17 5 21 0 5 17 17 19 17 17 10 8 5
split_gain=58.3079 48.0137 41.2511 39.7763 39.0259 40.7575 36.8717 35.8134 38.0334 115.428 39.3356 47.6775 52.2205 43.4057 32.3287 46.5489 58.0117 36.0366 34.5948 45.8126 32.8153 66.4091 63.5841 53.5094 43.679 37.4044 35.3922 30.7684 27.4486 26.4174
threshold=0.78656609248549325 3.5000000000000004 0.0046307018492370853 18.500000000000004 134.96000000000001 11.54831870628148 8934.5000000000018 13629.500000000002 112.45351846479544 129.52252819548875 8058.5000000000009 144.14347093918403 18623.000000000004 191.49906926406928 0.39996338849516716 8739.5000000000018 3948.5000000000005 0.016113890334963802 117.34893873807779 8781.5000000000018 440.99500000000006 122.85285658311147 0.020101304166018966 0.04691885598003865 61.500000000000007 0.027034192346036438 0.018740739673376087 695.50000000000011 421.50000000000006 208.67776468241308
decision_type=2 2 2 2 2 2 2 2 2 2 2 2 2 2 2 2 2 2 2 2 2 2 2 2 2 2 2 2 2 2
left_child=1 4 3 -3 6 -6 -1 -7 9 -9 13 12 -12 -11 -4 16 -16 18 19 -17 27 22 -22 -24 25 -23 -26 -19 -21 -29
right_child=-2 2 14 -5 5 7 -8 8 -10 10 11 -13 -14 -15 15 17 -18 20 -20 28 21 24 23 -25 26 -27 -28 29 -30 -31
leaf_value=-0.0052139679721396413 0.0055301895425879629 0.10216675371339096 -0.00046550077409486675 -0.015817876490661745 0.021818576841093097 -0.0049734252264180311 -0.017663120699471378 -0.0035482171765994805 -0.00018727058649421662 0.088362014386714496 0.2622232251621272 0.031924038677096152 0.035361878726107791 0.25175648952204799 0.0076981953154910731 0.18851442827805798 -0.0032782503832843872 0.11412469777153647 -0.011068904277282155 0.1342367559507123 0.20153214007032891 -0.008774986405888285 -0.0042836189787982225 0.15897560210988215 0.11933536392252281 0.023903247853560683 0.034841393702453621 0.0040169806449829896 0.0097652097939578339 0.047163275637205966
leaf_weight=1428.0987030649558 1504.3300927672535 2.6097236145287743 8254.4516950314865 176.39607680495828 74.685299266129732 632.77694105822593 251.88539856858552 49.511167641729116 149.32340933009982 6.4518665689975006 1.8398019466549187 20.377643842250109 1.8131630402058361 1.8924253992736337 722.31890976149589 1.3677365146577347 1083.1933019384742 2.4250217135995618 107.82722721993923 1.6371636390686024 3.4785160496830931 43.57615596614778 5.5776609387248737 2.6725922953337431 6.4715849347412613 113.98534926772118 14.365987058728932 207.01492306217551 61.17837352398783 13.611322665587066
leaf_count=76773 31397 39 255221 13371 1526 19501 17222 2215 5420 186 65 352 80 34 8674 56 26426 39 3486 78 101 892 174 73 81 1919 193 4368 2229 241
internal_value=-7.09888e-05 -0.000697794 0.000184069 -0.0140978 -0.00434295 0.000556574 -0.00708051 -0.00128137 0.00882309 0.0252539 0.0693013 0.0498153 0.14962 0.125419 0.000424228 0.00349622 0.00111302 0.0108492 -0.000688935 0.0167493 0.0156527 0.02481 0.0939585 0.0486027 0.0202639 0.0148656 0.0610829 0.007847 0.0130093 0.00667885
internal_weight=14947.1 13442.8 10824.2 179.006 2618.66 938.672 1679.98 863.986 231.209 81.8861 32.3749 24.0306 3.65296 8.34429 10645.2 2390.7 1805.51 585.19 172.011 64.1833 413.179 190.128 11.7288 8.25025 178.399 157.562 20.8376 223.051 62.8155 220.626
internal_count=472432 441035 317661 13410 123374 29379 93995 27853 8352 2932 717 497 145 220 304251 49030 35100 13930 5849 2363 8081 3433 348 247 3085 2811 274 4648 2307 4609
is_linear=0
shrinkage=0.03


Tree=88
num_leaves=31
num_cat=0
split_feature=10 16 10 17 20 13 9 5 8 6 0 6 8 6 6 8 13 17 13 22 12 15 10 18 10 16 15 7 22 8
split_gain=55.5004 59.0901 62.4148 61.7253 41.9691 41.8331 41.6372 50.3299 65.8876 92.4625 69.026 60.4949 118.695 88.9411 44.5634 42.7201 42.2775 47.0047 39.584 36.6557 46.994 69.1721 120.471 54.91 69.0675 54.013 43.2313 35.0242 33.2634 32.6119
threshold=175.50000000000003 1.0000000180025095e-35 635.50000000000011 0.015395920258015396 25.087862014770511 4440.8598632812509 5.5000000000000009 146.39570707070712 68.500000000000014 212.22418771571071 370.42500000000001 205.54493770658823 75.500000000000014 180.92172176261553 146.1395635446238 164.50000000000003 3192.4809570312505 0.038315966725349433 22806.004882812504 317922.50000000006 1.0000000180025095e-35 1.5000000000000002 2.5000000000000004 1730.5000000000002 23.500000000000004 1.0000000180025095e-35 19.500000000000004 -0.33153478544687143 67203.000000000015 62.500000000000007
decision_type=2 2 2 2 2 2 2 2 2 2 2 2 2 2 2 2 2 2 2 2 2 2 2 2 2 2 2 2 2 2
left_child=4 6 -3 28 19 27 7 -2 14 11 -11 12 13 18 -9 -8 -13 -18 -10 20 -1 22 25 24 29 -22 -21 -5 -4 -23
right_child=1 2 3 5 -6 -7 15 8 9 10 -12 16 -14 -15 -16 -17 17 -19 -20 26 21 23 -24 -25 -26 -27 -28 -29 -30 -31
leaf_value=-0.0019672520627626268 -0.0099779339849901637 -0.0096500733682343184 -0.012157870402436018 -0.00093966305994683719 0.015970314307486473 0.0037268515642663439 0.0080346000083999503 0.0070507453314846823 0.31391070028927698 -0.0085803087867453755 0.040113334216544484 0.21493779404300012 -0.010471000176284552 -0.030606064632225077 -0.012336486525034267 -0.0026482177598143 -0.014901030702332237 0.10594198187766223 0.12969653516884813 -0.0082550968041619557 0.024182927676460533 -0.014417484413623656 0.040795653784310111 0.0056024132290204394 -0.013887203337785436 0.0019175574424196366 0.055704100290732625 0.035403815746325319 -0.00075530452696034335 0.0093371272332323091
leaf_weight=1273.9639926152304 1431.3483899356797 445.90683672670275 301.17728702630848 36.360790058970451 202.27591306902468 3064.395124386996 383.20474277436733 159.81811736617237 1.992142735049131 108.09896702412516 34.582534234970808 2.2955971257761147 20.715253140777349 1.8959628967568276 321.08776066917926 2788.2160984640941 3.7980424212291863 12.210373732261358 2.2194107389077544 388.54529571905732 130.31042189896107 63.711384419351816 119.4834884442389 1556.4011963391677 351.80895974952728 396.17829195037484 9.7498588375747186 69.441496718674898 977.74488775804639 283.30906430538744
leaf_count=19560 94388 16301 21757 813 2595 87280 10844 6677 52 5370 672 33 1070 106 15335 99492 203 228 67 4830 706 1073 626 20903 12995 3126 126 1189 40904 3111
internal_value=-6.99432e-05 -0.00132307 0.00105039 0.00212283 0.0025977 0.0043672 -0.00352703 -0.0068035 -8.80092e-06 0.0150599 0.00322185 0.0524893 0.0237957 0.14002 -0.00589358 -0.00135741 0.094537 0.0772716 0.216833 0.00200625 0.00283579 0.00494487 0.0136003 0.00246569 -0.00452028 0.00742843 -0.00668944 0.0229137 -0.00344053 0.00497589
internal_weight=14942.2 10166.5 4895.03 4449.12 4775.74 3170.2 5271.48 2100.06 668.714 187.808 142.682 45.1268 26.8228 6.10752 480.906 3171.42 18.304 16.0084 4.21155 4573.46 4175.17 2901.2 645.972 2255.23 698.829 526.489 398.295 105.802 1278.92 347.02
internal_count=472432 402781 168244 151943 69651 89282 234537 124201 29813 7801 6042 1759 1295 225 22012 110336 464 431 119 67056 62100 42540 4458 38082 17179 3832 4956 2002 62661 4184
is_linear=0
shrinkage=0.03


Tree=89
num_leaves=31
num_cat=0
split_feature=2 16 18 12 17 0 14 6 17 18 16 22 13 11 11 18 11 13 6 8 6 8 8 17 6 0 11 14 9 6
split_gain=53.9071 48.4565 71.3426 71.3171 48.631 44.8166 44.3515 37.3321 33.2843 41.9293 35.0977 32.9427 32.879 30.6158 30.9993 28.4345 27.8873 27.5334 24.3908 23.6199 28.0739 26.3927 33.2451 52.3386 25.2735 39.3657 27.8223 23.6877 29.7965 23.9616
threshold=0.78656609248549325 1.0000000180025095e-35 33.500000000000007 1.0000000180025095e-35 0.0056861259508878001 266.78000000000003 9.5000000000000018 52.976352597897836 0.021038182079792026 6839.5000000000009 1.5000000000000002 12744.500000000002 25791.428710937504 26.500000000000004 34.500000000000007 3255.5000000000005 2.5000000000000004 100.0279998779297 32.368564995121005 236.50000000000003 273.33134179389964 116.50000000000001 148.50000000000003 0.076930459588766112 186.49048777273472 1054.5600000000002 42.500000000000007 6.5000000000000009 12.500000000000002 314.63076465601802
decision_type=2 2 2 2 2 2 2 2 2 2 2 2 2 2 2 2 2 2 2 2 2 2 2 2 2 2 2 2 2 2
left_child=1 2 3 -1 -3 7 8 -4 -6 13 -11 -9 -7 18 -15 -8 17 -5 -10 21 24 -2 23 -23 26 -26 -21 28 -22 -30
right_child=19 4 5 16 6 12 15 11 9 10 -12 -13 -14 14 -16 -17 -18 -19 -20 20 27 22 -24 -25 25 -27 -28 -29 29 -31
leaf_value=0.0011625113608146468 0.0063579698470731666 -0.013573016898307373 -0.00091974732223455583 0.017354502957143827 -0.00077135383885799718 0.0069853873743818354 -0.011445531682443574 -0.011241260978812184 -0.007714664964891333 0.0049663364563115467 0.016031176335656309 -0.0045813738650941765 -0.0043603904740089471 -0.013328958254398749 0.00050217256112554875 0.00052723919816631201 -0.020295446271841454 0.043246616741374616 0.0061367983737572107 0.0015679221145966835 -0.015961622960178286 0.10135061872527706 0.01187088799967416 0.025052668903039466 -0.011086027774923258 0.13939786147416838 0.022838081694601477 -0.011891376280408077 0.039861894901624513 0.013905828617244025
leaf_weight=488.49584547057748 268.5958745572716 194.85062075778842 1762.1550350543112 98.038196984678507 1831.2868165653199 586.91467685624957 353.27109579648823 894.33966696914285 124.93251113593578 696.05488671083003 409.97110677417368 2646.4915856588632 377.87748189270496 170.92999307159334 993.60445593670011 360.910758507438 12.018037353642283 59.333205498754978 1358.9002532819286 701.22529324330389 20.328650969080627 10.885860622860489 81.282919187098742 31.524352699518204 164.86911588720977 1.5795050524175156 60.089725715108216 27.984161383472383 48.925441165454686 92.581523037515581
leaf_count=6949 6929 15154 37690 538 69344 13566 8351 49479 2061 17204 8359 131624 12053 6603 33488 6839 185 301 21247 11278 518 263 1546 383 5897 41 1354 758 793 1637
internal_value=-6.89921e-05 -0.000673634 -0.00241931 0.00697893 0.00118788 -0.00340578 0.00164442 -0.00448781 0.00254449 0.00416187 0.00906775 -0.00626352 0.00254162 0.00211305 -0.00152796 -0.00539511 0.0237527 0.0271165 0.00497056 0.00530532 0.00308225 0.0116386 0.0231052 0.0446368 0.000931527 -0.00965802 0.00324675 0.0135941 0.018001 0.02288
internal_weight=14930.2 13420.4 6925.66 657.885 6494.71 6267.78 6299.86 5302.99 5585.68 3754.39 1106.03 3540.83 964.792 2648.37 1164.53 714.182 169.389 157.371 1483.83 1509.87 1117.58 392.289 123.693 42.4102 927.764 166.449 761.315 189.82 161.836 141.507
internal_count=472432 441035 252385 7973 188650 244412 173496 218793 158306 88962 25563 181103 25619 63399 40091 15190 1024 839 23308 31397 22276 9121 2192 646 18570 5938 12632 3706 2948 2430
is_linear=0
shrinkage=0.03


Tree=90
num_leaves=31
num_cat=0
split_feature=6 5 5 17 17 9 5 6 5 10 0 0 6 22 22 6 6 8 8 5 17 6 8 8 8 0 8 5 0 0
split_gain=51.6165 83.6892 124.228 91.9628 67.7109 89.437 52.6697 51.034 48.363 58.1427 50.6314 79.9006 52.347 45.3664 46.6341 129.742 87.8091 65.1422 256.938 46.171 44.0812 43.0215 56.9101 88.4134 120.077 65.4954 59.3546 57.4112 53.2619 52.5227
threshold=58.372396273751555 102.58994080996887 103.91350000000001 0.048551054671406753 0.031129467301070694 6.5000000000000009 182.7352221345952 239.13200698181927 194.67837767687723 10.500000000000002 994.47500000000014 855.92000000000019 292.25516157722973 14059.000000000002 17438.500000000004 122.88870659280381 121.55518591760969 83.500000000000014 88.500000000000014 140.27371024043455 0.097576983273029341 186.52866215693894 238.50000000000003 144.50000000000003 193.50000000000003 24.515500000000003 235.00000000000003 118.93921900269544 20.004500000000004 2117.0100000000007
decision_type=2 2 2 2 2 2 2 2 2 2 2 2 2 2 2 2 2 2 2 2 2 2 2 2 2 2 2 2 2 2
left_child=-1 -2 3 4 -3 -6 7 13 9 -8 11 -10 -13 -4 15 16 17 19 -19 -15 -9 -16 23 25 -25 -23 -26 29 -29 -24
right_child=1 2 6 -5 5 -7 8 20 10 -11 -12 12 -14 14 21 -17 -18 18 -20 -21 -22 22 27 24 26 -27 -28 28 -30 -31
leaf_value=0.0023249115281680122 -0.0090363303204744876 0.034857765645164282 -0.0077118169383785067 -0.0093789208436810701 -0.022719694458625258 0.14052617026585773 0.039150215685236106 -0.011823725433371877 0.0007888815819322904 0.0071113527286272241 -0.017299966266616139 0.081537845668468029 0.019436604307838553 0.0038160507185248669 -0.0040491564421903528 -0.0036581775369944683 0.23411250394297345 0.35671753900236053 0.019252941203476683 0.079939448340628591 0.0078701951653454647 0.19198679817048178 0.0093809161739487595 0.10190433531621801 -0.0041398616720451087 -0.010405169551879591 0.084924964209195361 0.037630795814645117 -0.0038893716781980268 0.17379964933230921
leaf_weight=5256.3295917818323 1131.2377294152975 32.146833675913513 790.18071736767888 24.77214305754751 3.8033201759681132 14.674453453160821 60.026029895991087 771.1470957621932 2928.8162367418408 338.20149339735508 132.58156529814005 14.59817101433873 74.865605983883142 21.982101948931813 1514.9324330240488 86.65548312664032 2.4413458174094549 2.8527322597801668 7.0454158382490277 10.64277919847518 117.93294701911509 1.479602152481674 474.17274113465101 23.072739709168673 30.40587549097836 52.465170383453369 8.6499277818948013 28.633442393504083 962.38319235946983 1.7550591640174378
leaf_count=84024 71311 1340 35351 1277 228 293 525 32037 76725 9889 3522 179 906 972 76242 4157 73 52 332 287 5511 70 19612 333 1290 2651 176 703 42314 50
internal_value=-6.76773e-05 -0.00136895 -0.000352509 0.0379853 0.061162 0.106925 -0.000694265 -0.00270724 0.00208994 0.0119407 0.000844934 0.00164197 0.0295699 -0.00126867 0.000307781 0.0177973 0.0591463 0.0491011 0.116513 0.0286488 -0.0092114 -0.00043528 0.00302316 0.0232447 0.047642 -0.00485394 0.0155859 0.00142312 -0.00268973 0.00998724
internal_weight=14920.9 9664.55 8533.32 75.3968 50.6246 18.4778 8457.92 4908.83 3549.09 398.228 3150.86 3018.28 89.4638 4019.75 3229.57 131.62 44.9644 42.523 9.89815 32.6249 889.08 3097.95 1583.02 116.073 62.1285 53.9448 39.0558 1466.94 991.017 475.928
internal_count=472432 388408 317097 3138 1861 521 313959 222213 91746 10414 81332 77810 1085 184665 149314 5873 1716 1643 384 1259 37548 143441 67199 4520 1799 2721 1466 62679 43017 19662
is_linear=0
shrinkage=0.03


Tree=91
num_leaves=31
num_cat=0
split_feature=2 16 18 12 0 14 6 13 7 6 5 6 20 5 0 0 5 6 11 13 0 0 18 12 5 19 20 11 0 0
split_gain=50.0658 45.3173 66.2666 66.922 42.3101 36.9975 33.9563 30.7695 29.5741 26.8001 43.8282 35.6189 29.9421 26.6538 26.5512 47.9706 26.0502 45.9195 26.0328 25.9604 24.939 46.6585 24.7389 24.7384 24.6784 37.495 29.8843 24.5218 24.2873 51.986
threshold=0.78656609248549325 1.0000000180025095e-35 33.500000000000007 1.0000000180025095e-35 266.78000000000003 9.5000000000000018 52.976352597897836 25791.428710937504 4.4326192389206618 115.5299344252539 37.769805555555564 116.4624855708158 48.00108718872071 39.771702697926493 58.955000000000005 57.008500000000005 102.58994080996887 186.6198685303122 2.5000000000000004 100.0279998779297 994.47500000000014 855.92000000000019 3255.5000000000005 167.50000000000003 103.23119735755576 7.5000000000000009 45.336460113525398 12.500000000000002 97.005500000000012 108.95500000000001
decision_type=2 2 2 2 2 2 2 2 2 2 2 2 2 2 2 2 2 2 2 2 2 2 2 2 2 2 2 2 2 2
left_child=1 2 3 -1 6 9 -4 -6 22 10 -3 27 -12 -14 15 -13 17 -8 19 -5 21 28 -7 -19 25 -18 -27 -11 -16 -30
right_child=-2 5 4 18 7 8 16 -9 -10 11 12 14 13 -15 20 -17 24 23 -20 -21 -22 -23 -24 -25 -26 26 -28 -29 29 -31
leaf_value=0.00106987604638142 0.0051017416377575602 -0.010711164754763202 -0.00096084542434606186 0.016689348331747789 0.006748140288785124 -0.011684982436245854 -0.012285709048931845 -0.0042337231006030849 0.049231807589775169 0.084366916336220885 0.0053016600942177921 -0.00076030024491703218 0.1150295937416551 0.018367809927350189 0.0083078749299721165 -0.021775013822369065 -0.011838247035362454 0.014527955239050259 -0.019991389349831752 0.041784612176362632 -0.012518454723896127 0.031249448320981945 -0.00043104957534552071 0.16542430044459758 -0.0051251416807608901 0.01037401029161867 0.1030875616645662 -0.016460684381078616 -0.0093837970124586428 0.0032450585863035126
leaf_weight=489.459233565256 1515.1017426131293 144.55727214924991 1764.136652469635 98.535416748374701 589.83595707640052 347.46487947087735 617.22430746071041 375.99342076852918 8.8376999348402006 2.2080612052232018 1434.2768313847482 980.13829937390983 2.6199619229882947 127.95266490709037 541.73779550008476 108.59364679921418 12.667114766314628 1.933859697543084 11.835089112631975 59.503340654075146 94.331390958279371 52.244545327499509 355.82579733617604 1.977896769531071 2865.8594436096027 5.7072206428274495 6.9262404525652528 128.9306384883821 349.84797230362892 1816.8772421274334
leaf_count=6949 31397 2690 37690 538 13566 8320 41814 12053 112 24 21327 43025 34 2791 21646 6318 801 54 185 301 2517 773 6758 49 138001 157 227 10595 15188 46532
internal_value=-6.72626e-05 -0.000651793 -0.00234455 0.00670052 -0.00329993 0.00114654 -0.00435663 0.00247295 -0.00530579 0.00194091 0.00509373 0.000618312 0.00655375 0.0203073 0.00112977 -0.00285638 -0.00606225 -0.0116363 0.0229242 0.026138 0.00264984 0.00316813 -0.00599112 0.0908255 -0.00486472 0.0246342 0.0612038 -0.014763 0.00262646 0.00120595
internal_weight=14913.1 13398 6901.6 659.333 6242.26 6496.44 5276.43 965.829 712.128 5784.32 1709.41 4074.91 1564.85 130.573 3943.77 1088.73 3512.3 621.136 169.874 158.039 2855.04 2760.71 703.291 3.91176 2891.16 25.3006 12.6335 131.139 2708.46 2166.73
internal_count=472432 441035 252385 7973 244412 188650 218793 25619 15190 173460 26842 146618 24152 2825 135999 49343 181103 41917 1024 839 86656 84139 15078 103 139186 1185 384 10619 83366 61720
is_linear=0
shrinkage=0.03


Tree=92
num_leaves=31
num_cat=0
split_feature=13 16 17 12 15 18 16 15 15 22 6 7 18 17 19 15 22 5 0 13 15 21 6 20 22 8 0 0 0 0
split_gain=47.3872 57.2765 39.7403 33.2686 73.6058 62.4386 51.9069 35.4003 32.8276 32.0598 39.4046 31.7245 30.0826 56.4209 28.1329 41.0152 30.6825 27.8247 27.5375 27.0015 26.7255 25.8505 27.7396 29.7538 25.8915 27.3417 25.3169 24.5494 36.4717 27.1872
threshold=3192.4809570312505 1.0000000180025095e-35 0.0056861259508878001 1.0000000180025095e-35 6.5000000000000009 1730.5000000000002 1.0000000180025095e-35 2.5000000000000004 22.500000000000004 1215.5000000000002 305.38637327838245 0.28633737502411266 6295.5000000000009 0.019868137314915661 94.500000000000014 15.500000000000002 554419.00000000012 40.528457893990939 210.95500000000001 100.0279998779297 44.500000000000007 8421.5000000000018 52.976352597897836 49.258537292480476 4881.5000000000009 7.5000000000000009 1717.7300000000002 20.004500000000004 11.482500000000002 26.404000000000003
decision_type=2 2 2 2 2 2 2 2 2 2 2 2 2 2 2 2 2 2 2 2 2 2 2 2 2 2 2 2 2 2
left_child=3 11 -3 18 6 8 7 19 -6 10 -8 17 20 -14 27 -16 -17 -2 -1 -5 -4 22 23 24 25 -13 -15 28 -7 -29
right_child=1 2 12 4 5 14 9 -9 -10 -11 -12 21 13 26 15 16 -18 -19 -20 -21 -22 -23 -24 -25 -26 -27 -28 29 -30 -31
leaf_value=-0.0031832212335597787 0.0063254018676416595 -0.012217454126323418 -0.0024690337918030296 0.018601687863256344 -0.012547224912573757 -0.0044937741355184999 -0.0034833281071606475 0.0020483689483279232 0.0030655309101282318 0.013752978199099009 0.022997527396158561 -0.011770341702894914 -0.0011368112919588197 0.007503029410355252 -0.011636828081736597 -0.01199388603836842 0.012956641093214524 -0.0059037259091722881 0.015413831642219794 0.039499201923199653 0.027476989407075981 0.005025246872071897 -0.0068093993739009855 0.083003105031668536 5.8598209821647318e-05 0.049773743877737024 -0.029619813018990221 -0.0091353141590549362 0.022014050597725539 0.0045414514337066532
leaf_weight=1206.5816665356979 176.76578140910715 196.19734010379761 1456.148102668114 151.48895091190934 395.40666608791798 66.708207092247903 337.77097071707249 70.174121016636491 174.7820808114484 278.79206540994346 59.479619696736336 9.5658176420256513 1384.5446469439194 1596.5418032528833 254.51571920141578 61.418456923216581 159.69404798001051 3177.0121428752318 76.185098342597485 87.956035234034061 27.325245708227158 571.82386500295252 580.79407400544733 4.3663862217217675 199.83432426396757 20.249297221191227 16.706725832074881 141.00769282877445 155.85940576344728 1808.6833911500871
leaf_count=19201 3799 15868 50733 848 14346 921 2594 1214 6632 2758 396 534 56616 37111 3376 744 1939 169265 537 458 911 18289 22830 103 4400 746 417 2755 2098 29993
internal_value=-6.60214e-05 -0.00135714 0.000998103 0.00215025 0.00344072 0.00124374 0.0106136 0.0207865 -0.00776139 0.00595456 0.000481603 -0.00368111 0.0015767 0.00330579 0.00318289 -0.00342558 0.00602613 -0.00525917 -0.00207872 0.026278 -0.00191743 0.000135668 -0.00329578 0.00542452 0.0039495 0.0300281 0.00711859 0.00462985 0.0140691 0.00355231
internal_weight=14904.4 9417.88 4677.46 5486.5 4203.74 3218.08 985.662 309.619 570.189 676.043 397.251 4740.41 4481.27 2997.79 2647.89 475.628 221.113 3353.78 1282.77 239.445 1483.47 1386.63 814.81 234.016 229.649 29.8151 1613.25 2172.26 222.568 1949.69
internal_count=472432 381622 161656 90810 71072 62804 8268 2520 20978 5748 2990 219966 145788 94144 41826 6059 2683 173064 19738 1306 51644 46902 28613 5783 5680 1280 37528 35767 3019 32748
is_linear=0
shrinkage=0.03


Tree=93
num_leaves=31
num_cat=0
split_feature=9 8 8 8 0 8 7 18 7 5 5 0 13 9 5 8 19 8 7 21 8 17 18 19 19 9 8 5 7 16
split_gain=45.8867 55.7189 64.2586 49.5727 40.382 37.394 37.1055 72.882 33.9415 38.4132 32.4978 32.1933 31.1011 30.7131 40.3827 116.147 44.9291 34.3991 39.5918 65.9484 68.3721 43.5912 34.8679 41.0242 37.5095 32.0588 30.0756 93.5875 73.689 54.5363
threshold=5.5000000000000009 238.50000000000003 227.50000000000003 164.50000000000003 47.952000000000005 94.500000000000014 2.4498421783677995 9605.5000000000018 0.39996338849516716 310.87402298850583 315.04861216391322 15.752500000000001 22655.784179687504 7.5000000000000009 94.820059978189761 148.50000000000003 3.5000000000000004 103.50000000000001 -0.39173137011260456 5942.5000000000009 114.50000000000001 0.089290667325258269 2473.5000000000005 6.5000000000000009 2.5000000000000004 14.500000000000002 144.50000000000003 120.55234225571726 -0.47168225268882702 3.5000000000000004
decision_type=2 2 2 2 2 2 2 2 2 2 2 2 2 2 2 2 2 2 2 2 2 2 2 2 2 2 2 2 2 2
left_child=1 2 4 5 11 -2 -3 -8 -5 12 -11 -1 -10 14 15 -7 -17 -16 19 20 -19 -20 -22 24 -24 -15 -6 29 -29 -28
right_child=3 6 -4 8 26 13 7 -9 9 10 -12 -13 -14 25 17 16 -18 18 21 -21 22 -23 23 -25 -26 -27 27 28 -30 -31
leaf_value=0.010030445255854526 0.0019023734353033038 -0.013856412043743382 0.035648170488121828 -0.00067945405194901943 -0.0012800375364657734 0.30443377627472823 0.010909101007536006 0.2259677836259511 0.0057995844788042315 0.04644576559463158 -0.031601469753048686 -0.011734720907281811 -0.0014645954192137472 -0.0028227218169416756 -0.0082586746870726788 0.19229698477201579 -0.012364404208424324 0.23190654100333738 0.041704132239561723 0.015368259235131463 -0.0048543170184860438 -0.0082804651970079194 0.19703218193488006 0.22691428296971303 -0.0074761540978160144 0.015872464238841921 -0.0092464891240948317 0.1005647070487482 0.022865113228346435 0.21793328923842209
leaf_weight=69.525481026619673 567.51162079814821 497.26429210975766 41.351119202561677 8094.4753068704158 2157.2573007512838 1.7900654282420863 21.562892343848947 1.5180851183831681 1364.5560489967465 30.463544216006994 5.6999654527753583 508.46074567362666 867.79400043934584 132.70787907484919 26.429628876969218 1.2099718498066065 4.7756668226793408 3.1833817688748267 33.124999151565135 13.033154133707283 3.4458456337451917 29.854805728420615 1.1832241108641031 1.9664219319820402 2.5396296540275216 218.42833329364657 108.0260511720553 13.000768838450311 70.856035748496652 0.95946447923779388
leaf_count=2428 9789 35281 1175 242291 87653 96 938 59 22021 214 145 29533 22621 3472 788 59 247 82 941 688 150 1018 51 46 108 1787 6228 253 2246 24
internal_value=-6.47387e-05 -0.00307492 -0.00148808 0.000856404 -0.00201253 0.00709647 -0.0121305 0.025054 0.000229455 0.00347261 0.0341442 -0.00911661 0.00297574 0.0133196 0.026251 0.0924138 0.029007 0.0217681 0.0307525 0.062409 0.112179 0.0180095 0.0704565 0.11607 0.0575222 0.00880683 -0.000265343 0.0110857 0.0349113 -0.00724649
internal_weight=14894 3489.78 2969.44 11404.2 2928.09 1041.18 520.345 23.081 10363 2268.51 36.1635 577.986 2232.35 473.673 122.537 7.7757 5.98564 114.761 88.3315 25.3517 12.3185 62.9798 9.13512 5.68928 3.72285 351.136 2350.1 192.842 83.8568 108.986
internal_count=472432 165818 129540 306614 128365 19322 36278 997 287292 45001 359 31961 44642 9533 4274 402 306 3872 3084 1125 437 1959 355 205 159 5259 96404 8751 2499 6252
is_linear=0
shrinkage=0.03


Tree=94
num_leaves=31
num_cat=0
split_feature=2 16 18 12 0 14 6 5 6 12 5 6 6 13 7 20 14 5 5 6 6 6 19 18 6 7 7 0 12 5
split_gain=45.8376 40.7896 59.5001 57.7144 38.8382 34.9577 30.6123 28.8141 41.6246 29.3273 28.398 38.2809 32.4533 28.0554 27.6777 25.5297 24.9326 30.5665 52.5246 39.5024 49.574 29.3869 54.1653 59.5451 58.5986 43.5409 153.94 42.0063 41.7031 40.0815
threshold=0.78656609248549325 1.0000000180025095e-35 33.500000000000007 1.0000000180025095e-35 266.78000000000003 11.500000000000002 56.185516830688655 102.58994080996887 186.6198685303122 174.50000000000003 37.769805555555564 115.5299344252539 116.4624855708158 25791.428710937504 4.4326192389206618 48.00108718872071 5.5000000000000009 183.47462987012989 194.67837767687723 235.18211288360143 230.5035400017513 204.38570124685731 18.500000000000004 8795.5000000000018 205.54493770658823 0.28633737502411266 -0.0069730964125819545 29.001000000000001 176.50000000000003 143.45892908382868
decision_type=2 2 2 2 2 2 2 2 2 2 2 2 2 2 2 2 2 2 2 2 2 2 2 2 2 2 2 2 2 2
left_child=1 2 3 -1 6 10 -4 8 -8 -10 -3 15 -13 -6 -7 -12 17 19 -19 20 21 -14 24 25 -23 26 27 28 -24 -26
right_child=-2 5 4 -5 13 14 7 -9 9 -11 11 12 16 -15 -16 -17 -18 18 -20 -21 -22 22 23 -25 29 -27 -28 -29 -30 -31
leaf_value=0.0010837320633386716 0.0048710043916060835 -0.010439289014892328 -0.0010251960373786238 0.021340459553389347 0.0064280825128482742 -0.0072010421381304077 -0.012766463462151599 -0.0046211135623761938 0.007989621181191434 0.1666676160811803 0.0047848070472870088 -0.014356177434970595 5.554901476416082e-05 -0.0040659751676835705 0.053242180015118344 0.018156821195169391 -0.005467278629508225 0.024987408286877448 0.0036660170747724436 -0.0087809732041600943 0.10414365041378371 0.071242214358133119 0.050490454666195908 -0.0063980553558273786 -0.0072795642383278996 -0.016710282965835467 0.26776988932145029 0.027098094628624395 0.28754877861828848 0.030996306379916547
leaf_weight=489.12963097169995 1520.9119095588103 167.88367845676839 1819.7056532260031 170.78626787941903 593.585898315534 511.56550921779126 557.0721835391596 2857.5468864319846 2.2509609833359709 1.962019011378288 1533.0331628369167 127.75490273162723 1651.0266557969153 373.58773030154407 6.910412333905696 140.25341937411577 472.89447481743991 114.11221703328192 1171.801083818078 400.57739605940878 4.2339568845927706 11.245244232937692 1.469002317637208 12.314291111193596 124.08322668448091 3.7851245589554301 3.7052242103964117 11.922378305345772 1.2246896047145126 30.718427655287087
leaf_count=6949 31397 3156 40102 1024 13566 10999 39802 138786 62 41 22408 10619 71255 12053 82 2890 16578 2091 24292 15239 68 348 53 534 6335 103 114 524 51 911
internal_value=-6.39359e-05 -0.000625391 -0.00223812 0.00632617 -0.00314885 0.0010774 -0.00416862 -0.00584173 -0.012056 0.0818873 0.00172486 0.00207598 0.000529204 0.00237457 -0.00639544 0.00590564 0.00100283 0.00186661 0.00555808 -0.000237234 0.00160702 0.00137254 0.0122191 0.0464695 0.00511917 0.0759191 0.095056 0.0512725 0.158269 0.000315798
internal_weight=14889.1 13368.1 6865.63 659.916 6205.71 6502.51 5238.54 3418.83 561.285 4.21298 5984.04 5816.15 4142.87 967.174 518.476 1673.29 4015.11 3542.22 1285.91 2256.31 1855.73 1851.49 200.468 34.4207 166.047 22.1064 18.3213 14.6161 2.69369 154.802
internal_count=472432 441035 252385 7973 244412 188650 218793 178691 39905 103 177569 174413 149115 25619 11081 25298 138496 121918 26383 95535 80296 80228 8973 1379 7594 845 742 628 104 7246
is_linear=0
shrinkage=0.03


Tree=95
num_leaves=31
num_cat=0
split_feature=10 14 8 22 8 5 21 6 6 5 20 17 14 22 17 17 1 6 3 7 22 8 8 22 6 5 22 5 5 8
split_gain=43.1124 51.9345 67.2356 57.3057 41.0265 51.0225 38.6171 38.5855 65.755 48.8488 38.3186 33.9819 33.6827 39.5202 40.5805 33.6521 36.1709 33.7179 36.8792 33.4763 33.2167 55.0821 89.0612 127.601 47.8464 40.6682 40.5203 40.805 125.744 117.927
threshold=175.50000000000003 1.0000000180025095e-35 164.50000000000003 93546.000000000015 142.00000000000003 300.24375000000003 3948.5000000000005 392.29733363186028 383.13521196660548 252.49307733619767 25.087862014770511 0.14290695637464526 5.5000000000000009 317922.50000000006 0.26705427467823034 0.0068349780049175033 4.2334541152973744 212.15513054520147 0.60355339059327384 -0.21560683021569807 13629.500000000002 43.500000000000007 40.500000000000007 16106.500000000002 41.868701221492657 285.65054687500003 17438.500000000004 100.84756521739132 110.20941672648961 83.500000000000014
decision_type=2 2 2 2 2 2 2 2 2 2 2 2 2 2 2 2 2 2 2 2 2 2 2 2 2 2 2 2 2 2
left_child=10 -2 4 11 7 -6 -5 8 20 -10 12 -4 13 14 -1 16 -8 19 -19 -18 -3 22 25 -24 -25 -22 27 -23 29 -29
right_child=1 2 3 6 5 -7 15 -9 9 -11 -12 -13 -14 -15 -16 -17 17 18 -20 -21 21 26 23 24 -26 -27 -28 28 -30 -31
leaf_value=0.0054416948565301129 -0.0061705007230975816 -0.0016116613899973362 -0.0058491682906787381 -0.013835314894653195 0.018025195502087143 0.12135601681292114 -0.0015259974076887858 -0.017128062756275896 0.13250265336202405 -0.0067072222625305742 0.014944339488288738 0.0039025412675433198 -0.0031560464238757939 -0.010688597279284978 -0.0027375564297135347 0.00090390104447268013 0.14523442326042812 0.16760506566547217 -0.011295403569656077 0.021798916130766576 0.013124894180657555 -0.0071565560102585376 0.24177556895923677 0.14504188571392373 0.010107185464823237 0.087830108768396947 0.00036380946068873579 -0.030683541797440803 0.022514326136780078 0.26384291374614288
leaf_weight=2714.8826293665916 1579.5324235633016 385.44431611709297 2512.8657273314893 156.19815008249134 147.19996071048081 4.430192368105053 52.467923165298998 70.332657324150205 6.3627144517377001 3.5256359335035086 205.88580786529928 368.81198124960065 999.06838853750378 178.40773195400834 683.33403095137328 4214.91502826754 2.0452450988814226 3.1732065053656688 1.5405164482071994 59.63228765130043 112.15390001051128 19.694271616637707 3.9076888188719776 3.1912414217367759 9.135531557723878 6.9656954631209365 338.20625355374068 1.7550439871847618 31.31600262131542 4.039849148131907
leaf_count=37549 85713 16463 137894 3528 5187 78 2505 2441 141 76 2595 8622 16208 1857 11442 119448 84 119 66 2030 4011 826 78 42 309 111 11875 98 956 80
internal_value=-6.30394e-05 -0.00117417 -0.000247818 -0.0012994 0.0065067 0.0210442 0.000819638 0.00429358 0.00592116 0.0828682 0.0022837 -0.00460109 0.00171403 0.0030744 0.00379696 0.00134783 0.0170903 0.0318024 0.109138 0.0258921 0.00509033 0.00996102 0.0264771 0.0923949 0.04504 0.0174934 0.00430163 0.0277466 0.0462692 0.174642
internal_weight=14880.4 10098.8 8519.31 7371.65 1147.66 151.63 4489.97 996.031 925.698 9.88835 4781.58 2881.68 4575.69 3576.62 3398.22 4333.77 118.859 66.3913 4.71372 61.6775 915.81 530.365 135.354 16.2345 12.3268 119.12 395.011 56.8052 37.1109 5.79489
internal_count=472432 402781 317068 274296 42772 5265 127780 37507 35066 217 69651 146516 67056 50848 48991 124252 4804 2299 185 2114 34849 18386 4551 429 351 4122 13835 1960 1134 178
is_linear=0
shrinkage=0.03


Tree=96
num_leaves=31
num_cat=0
split_feature=6 1 1 1 6 1 1 21 6 6 6 10 5 22 5 1 18 1 7 1 18 15 6 10 1 5 16 10 1 7
split_gain=42.0565 64.9365 90.0722 39.7189 34.7613 31.2114 65.7355 43.9364 30.17 35.9976 51.3494 61.4436 93.9305 144.1 107.434 48.5748 93.2846 58.4731 46.2397 65.728 38.2126 50.5213 42.3001 37.4397 35.9906 29.5691 29.2082 28.871 28.6858 50.2068
threshold=45.748518406342633 4.0935942773539606 4.0605895407973458 2.2375126349582053 38.091680187016983 6.9032198963399383 6.7533445647362011 8350.5000000000018 398.73478829115862 311.98243690061923 314.63076465601802 838.50000000000011 218.67191445969021 27180.500000000004 232.58722602739729 3.9111225951759701 3113.5000000000005 3.9321000672001851 -0.51106149174897897 3.8286740041214666 3656.5000000000005 22.500000000000004 239.13200698181927 69.500000000000014 3.0010926197861378 228.278695164076 1.0000000180025095e-35 119.50000000000001 3.9513687029590314 -0.43140343291376709
decision_type=2 2 2 2 2 2 2 2 2 2 2 2 2 2 2 2 2 2 2 2 2 2 2 2 2 2 2 2 2 2
left_child=3 2 8 -1 -5 6 26 -8 9 15 27 -12 -13 14 25 24 28 20 -15 -20 21 -18 23 -22 -2 -14 -3 -11 -17 -30
right_child=1 5 -4 4 -6 -7 7 -9 -10 10 11 12 13 18 -16 16 17 -19 19 -21 22 -23 -24 -25 -26 -27 -28 -29 29 -31
leaf_value=-0.010447372308159616 0.0041475503346663587 -0.0014922409905662145 -0.020859652514415381 0.00060690502839127818 0.0060178243416987767 -0.011391460508127969 0.00036869601186966574 0.037866814167433427 -0.018453629169134286 0.04336407657211977 -0.010531770258687411 -0.0075026701356984875 0.18591319761119357 0.012374263341646759 0.040940465393212937 -0.018665593292367898 0.076466715229051158 -0.0028483777397612735 0.18630059024299545 0.025547624953452811 0.12517574408996007 -0.01468484081240088 -0.01299154809003317 0.019152497481941113 -0.0082302434210946851 0.33501205298707948 0.0024200936739564556 -0.019580812045060302 0.13704410141847703 -0.00096414397788656782
leaf_weight=208.73023573681712 246.64526579435915 3559.469234155491 283.48574986960739 2468.2986830649897 1884.2810534331948 195.03965739347041 46.55890198983252 71.017477370798588 111.04792795795947 44.069553234614432 167.56575827673078 71.412079654633999 2.8952870545908791 48.240896560251713 4.1849932791665196 166.65638528764248 20.592655951157216 181.45867012348026 3.5780351599678379 6.3548601325601339 3.0414879918098441 7.4532578140497199 39.934770256280899 207.70891523733735 1480.3401630371809 2.0409879218786955 3318.6349215582013 7.7047673380002371 2.855047206394377 14.035001634620128
leaf_count=2924 6239 138034 20155 49379 18106 5805 1007 846 4613 396 5708 2618 82 1502 199 8083 365 9558 90 207 46 418 1590 10673 79298 44 103511 309 156 471
internal_value=-6.23823e-05 -0.00112319 -0.00473504 0.00233631 0.00294935 0.000445631 0.000775649 0.023018 -0.0031254 -0.00250161 0.00636473 0.0016936 0.0164625 0.0418939 0.15276 -0.00384069 0.0031929 0.0104053 0.0245108 0.0834542 0.0190336 0.052243 0.0153182 0.0206826 -0.00646247 0.247561 0.000395432 0.033997 -0.01489 0.0223644
internal_weight=14875.3 10314 3123.3 4561.31 4352.58 7190.72 6995.68 117.576 2839.82 2728.77 358.047 306.273 138.707 67.2951 9.12127 2370.72 643.736 460.19 58.1738 9.9329 278.731 28.0459 250.685 210.75 1726.99 4.93627 6878.1 51.7743 183.546 16.89
internal_count=472432 402023 152820 70409 67485 249203 243398 1853 132665 128052 11155 10450 4742 2124 325 116897 31360 22650 1799 297 13092 783 12309 10719 85537 126 241545 705 8710 627
is_linear=0
shrinkage=0.03


Tree=97
num_leaves=31
num_cat=0
split_feature=2 16 18 12 17 0 14 6 22 17 18 19 17 14 17 7 20 19 16 19 18 18 6 14 16 17 9 19 18 0
split_gain=42.9247 36.3885 54.132 53.9905 38.5493 36.8026 36.6876 27.615 29.6358 26.7246 33.3177 35.1934 37.4232 34.113 41.764 47.0767 33.1477 31.5108 31.3657 30.2122 28.5448 44.9956 28.5413 27.0156 39.2688 30.4601 29.611 25.0564 25.0367 24.0753
threshold=0.78656609248549325 1.0000000180025095e-35 33.500000000000007 1.0000000180025095e-35 0.0056861259508878001 266.78000000000003 9.5000000000000018 56.185516830688655 12744.500000000002 0.021038182079792026 6839.5000000000009 41.500000000000007 0.22246482223272326 2.5000000000000004 0.024311616085469726 0.48052160243011161 43.688863754272468 8.5000000000000018 1.5000000000000002 93.500000000000014 3785.5000000000005 3656.5000000000005 38.091680187016983 1.5000000000000002 3.5000000000000004 0.20838212221860888 8.5000000000000018 143.50000000000003 3255.5000000000005 994.47500000000014
decision_type=2 2 2 2 2 2 2 2 2 2 2 2 2 2 2 2 2 2 2 2 2 2 2 2 2 2 2 2 2 2
left_child=1 2 3 -1 -3 7 9 -4 -9 -6 11 13 19 23 15 -15 17 -17 -12 20 21 22 -13 -11 -25 26 -26 -21 -8 -7
right_child=-2 4 5 -5 6 29 28 8 -10 10 18 12 -14 14 -16 16 -18 -19 -20 27 -22 -23 -24 24 25 -27 -28 -29 -30 -31
leaf_value=0.00095092572892522978 0.0047067090242184344 -0.012545138032936227 -0.0010262816775941999 0.020505998857134736 -0.00077520025909297145 0.0039145402261464169 -0.01084667675201851 -0.010531364272918326 -0.0040092571569264384 -0.00052750421365626438 0.0040999270542329503 -0.0059529087808120424 0.059669626794847878 0.0090158162522076309 -0.0064955681493723055 -0.031342133248911552 0.20816960670388573 0.11463945649642143 0.014430164443980197 -0.010545892048072554 0.0022064333327611778 0.060645308576770494 0.018589304436162676 0.0064483240191062574 0.1156056212300345 -0.0061486335119058646 0.039149052957837209 0.0060955825265560813 0.0004597121970467778 -0.012119717468857925
leaf_weight=490.43710369803011 1524.7639058763161 183.7950548203662 1819.0208895886317 171.50529945828021 1830.0650826310739 873.12109915912151 344.17522799223661 830.78502456936985 2556.5225022770464 638.46476193051785 709.49261761456728 53.182321658357978 11.922293560579417 27.730475868098438 786.13595066126436 2.1552982442080966 1.7530163209885357 3.4786519426852465 421.79498610831797 138.97385200299323 200.67601744830608 19.749975547194481 215.28296877164394 326.06251275166869 5.8638459891080883 9.6447458090260607 20.486863158643246 196.65287256985903 361.3096117824316 93.282493503764272
leaf_count=6949 31397 15154 40102 1024 69344 22498 8351 47968 130723 17455 17204 691 128 1203 24827 60 48 75 8359 1501 3672 171 2293 8299 75 138 466 2297 6839 3121
internal_value=-6.17517e-05 -0.000606644 -0.00213548 0.00601753 0.000998726 -0.00300978 0.00139229 -0.00400779 -0.0056089 0.00220183 0.00363953 0.00180443 0.00689876 -0.000534548 -0.0050657 0.0269432 0.0942422 0.0587934 0.0079515 0.00613571 0.0108938 0.0169426 0.0137276 0.00318473 0.00973101 0.039467 0.056163 -0.000795197 -0.00505618 0.00236683
internal_weight=14868.3 13343.5 6834.67 661.942 6508.85 6172.73 6325.05 5206.33 3387.31 5619.57 3789.5 2658.22 836.44 1821.78 821.253 35.1174 7.38697 5.63395 1131.29 824.518 488.891 288.215 268.465 1000.52 362.058 35.9955 26.3507 335.627 705.485 966.404
internal_count=472432 441035 252385 7973 188650 244412 173496 218793 178691 158306 88962 63399 10753 52646 26213 1386 183 135 25563 10625 6827 3155 2984 26433 8978 679 541 3798 15190 25619
is_linear=0
shrinkage=0.03


Tree=98
num_leaves=31
num_cat=0
split_feature=19 17 18 8 7 18 0 10 5 8 6 6 21 6 6 6 17 19 0 3 17 18 11 0 12 6 6 5 0 6
split_gain=39.6532 46.4715 41.4983 39.1173 34.4024 53.2044 49.8383 33.7046 33.6806 36.0877 39.3825 33.3945 41.1426 95.3324 30.9081 40.1739 41.8486 37.5211 46.753 48.3372 34.3832 30.3589 37.8947 46.2717 54.1034 28.5117 64.4729 35.7352 46.7149 29.352
threshold=1.5000000000000002 0.015395920258015396 8150.5000000000009 7.5000000000000009 0.39996338849516716 8344.5000000000018 500.11500000000007 802.50000000000011 247.20149662512983 92.500000000000014 308.8906580965741 177.8753831298342 6629.5000000000009 118.00320056468131 217.33991745726482 183.80827192880869 0.0078086180146783599 28.500000000000004 48.955000000000005 0.60355339059327384 0.0073127360083162793 3785.5000000000005 42.500000000000007 82.009500000000017 222.50000000000003 243.57592140117114 376.01803382610933 208.64513968241306 370.42500000000001 268.98440502350394
decision_type=2 2 2 2 2 2 2 2 2 2 2 2 2 2 2 2 2 2 2 2 2 2 2 2 2 2 2 2 2 2
left_child=2 14 8 -4 -3 6 21 -7 -1 11 -11 12 -10 -14 15 -2 17 18 -17 20 -20 22 -6 -24 -25 -9 27 -27 -29 -30
right_child=1 4 3 -5 5 7 -8 25 9 10 -12 -13 13 -15 -16 16 -18 -19 19 -21 -22 -23 23 24 -26 26 -28 28 29 -31
leaf_value=-0.0042043232455632991 -0.0072427037198307268 0.0002277446310483759 0.0010031623794235951 -0.022115210211670951 0.0065273505063294388 0.034250420318117245 -0.0090049174823085623 0.0041643695434238305 0.0082496977619973561 0.080400800142028037 -0.024203120354517525 -0.0081209865226955363 0.018752625842743443 0.19710517181004797 -0.012921432817804054 -0.017795171449089032 -0.0013505415484097163 0.0093536532961842229 0.086350038142803801 0.0089641464851810022 0.22218185640174168 -0.00039427874848659228 0.11191782611492491 -0.0015206915303752249 0.16637590997454901 0.012339152851302279 -0.0039789907072992764 0.13779212962119369 0.093733814155187223 0.030560549412615573
leaf_weight=900.41974345687777 772.13654965069145 8853.5420530373231 96.692189496941864 206.65479512326419 874.80465610790998 53.104118352755904 331.1296768989414 380.0735348155722 37.2420106055215 12.407854413613679 4.3837438011541954 65.357501348480582 9.4026448298245651 3.7822573892772189 290.49523356184363 7.0120751373469856 658.0446479478851 162.74138289224356 9.978475736454131 6.7799658225849262 2.0160708557814351 843.6799295200035 6.6916320305317667 14.555842647328975 1.9599503828212608 74.277197133749723 86.19339576177299 4.2129758633673182 7.1920428331941357 83.122930146753788
leaf_count=44523 47816 258850 4837 12829 10249 1013 8627 9592 735 78 160 2500 178 81 11927 416 27146 5961 411 321 90 19073 60 365 42 1816 1502 56 107 1071
internal_value=-6.06283e-05 0.000426519 -0.00499054 -0.0147462 0.00113952 0.00406327 0.00166371 0.0112909 -0.00212572 0.0119916 0.0530921 0.00603099 0.0243731 0.0699153 -0.003911 -0.00229397 0.00221963 0.0146811 0.0483031 0.0729901 0.109181 0.00369203 0.0075311 0.0453677 0.0184038 0.00937099 0.0171314 0.0279106 0.0401462 0.0355912
internal_weight=14860.1 13523.7 1336.34 303.347 11614.5 2761 2072.82 688.176 1033 132.576 16.7916 115.784 50.4269 13.1849 1909.2 1618.71 846.573 188.528 25.7866 18.7745 11.9945 1741.69 898.012 23.2074 16.5158 635.072 254.999 168.805 94.5279 90.315
internal_count=472432 406511 65921 17666 312423 53573 38416 15157 48255 3732 238 3494 994 259 94088 82161 34345 7199 1238 822 501 29789 10716 467 407 14144 4552 3050 1234 1178
is_linear=0
shrinkage=0.03


Tree=99
num_leaves=31
num_cat=0
split_feature=2 16 11 13 17 14 0 9 0 8 3 5 5 5 11 11 22 17 0 17 5 8 21 19 19 7 2 13 22 13
split_gain=40.0942 34.2238 48.7029 86.1181 35.6323 34.8288 29.0368 28.0967 29.6016 27.5538 30.534 25.5679 39.952 49.806 78.2363 71.6237 51.2487 85.7834 47.4147 35.8081 25.177 59.7183 52.6535 28.6662 25.1949 24.8706 23.5263 22.9849 24.1784 22.7047
threshold=0.78656609248549325 1.0000000180025095e-35 2.5000000000000004 100.0279998779297 0.0056861259508878001 9.5000000000000018 266.78000000000003 5.5000000000000009 58.955000000000005 164.50000000000003 -0.70710678118654757 37.769805555555564 106.33687521937524 102.58994080996887 26.500000000000004 14.500000000000002 49058.000000000007 0.030772473663091663 159.95500000000001 0.036314085125923164 39.771702697926493 274.50000000000006 95.500000000000014 103.50000000000001 81.500000000000014 4.4326192389206618 -0.37940952255126065 28857.708007812504 156859.50000000003 36150.117187500007
decision_type=2 2 2 2 2 2 2 2 2 2 2 2 2 2 2 2 2 2 2 2 2 2 2 2 2 2 2 2 2 2
left_child=1 2 3 -1 -3 11 7 8 -4 10 -9 -6 13 20 15 26 -16 -18 19 -19 21 -13 -23 24 27 -7 -15 28 -24 -8
right_child=-2 4 6 -5 5 25 29 9 -10 -11 -12 12 -14 14 16 -17 17 18 -20 -21 -22 22 23 -25 -26 -27 -28 -29 -30 -31
leaf_value=0.0018300842785228166 0.0045401766451523291 -0.012184382746416823 -0.011466319432511331 0.03634217999282862 -0.010407535891155669 -0.0056116310006084245 0.0035557939916911752 -0.01383192220427984 -0.0038105276460278577 -0.0032967686397373857 0.0076804329030181273 -0.027016505588469686 0.00076528328991820941 -0.012342500496034126 -0.011296865534166468 0.15067228152747258 0.016788840447117946 0.14323059055353282 0.22953882429832173 0.0093615628403871873 0.0040994302862785775 -0.016932704511535553 0.066069351355618769 -0.0042377535713247353 0.11224789909891085 0.043367634271292942 0.074681067228235976 0.1075473911719909 -0.016735285154227827 -0.010426239509723569
leaf_weight=668.58042000047863 1529.7630630526692 180.25824515847489 732.24593873508275 72.088304281234741 142.69984455686063 693.66013649944216 842.85168461501598 69.555976173840463 1198.560432722792 2706.3167871562764 405.94705990236253 15.12440502271056 3819.94147873763 5.4739787317812452 41.82636191137135 7.7694718400016418 54.15118214301765 3.5587028935551626 2.4013362843543291 3.6353351883590221 1481.307165838778 10.270268537104128 7.5423629060387665 5.1188224926590911 9.6151698231697065 9.4577035158872587 5.7148294895887384 4.8832702338695517 5.4791997782886028 119.32194461114705
leaf_count=8602 31397 15154 51588 382 2687 15078 21589 1945 63196 91457 9631 223 124193 91 2276 130 2526 67 45 118 25413 100 92 60 97 112 68 53 67 3995
internal_value=-5.97533e-05 -0.000587829 -0.00207371 0.0051891 0.000967803 0.00134236 -0.00295923 -0.00385901 -0.00671394 -0.00212656 0.00453363 0.00212903 0.00245526 0.00633513 0.0245838 0.0806967 0.0145073 0.0314383 0.114112 0.0755831 0.00485883 0.0242426 0.0423102 0.0609518 0.0730773 -0.00495281 0.0321059 0.0520422 0.0312269 0.00182184
internal_weight=14855.1 13325.4 6815.47 740.669 6509.89 6329.63 6074.8 5112.63 1930.81 3181.82 475.503 5626.51 5483.81 1663.87 124.531 18.9583 105.573 63.7466 9.59537 7.19404 1539.34 58.0335 42.9091 32.6388 27.52 703.118 11.1888 17.9048 13.0216 962.174
internal_count=472432 441035 252385 8984 188650 173496 243401 217817 114784 103033 11576 158306 155619 31426 5321 289 5032 2756 230 185 26105 692 469 369 309 15190 159 212 159 25584
is_linear=0
shrinkage=0.03


Tree=100
num_leaves=31
num_cat=0
split_feature=2 3 3 11 5 5 21 1 1 1 12 5 7 14 5 7 5 7 10 1 5 22 8 21 22 1 14 12 22 21
split_gain=38.4109 96.7583 70.6964 48.9856 39.6919 39.5096 33.512 32.2257 57.0529 62.5307 41.1337 41.5854 38.7304 33.4261 44.7569 31.3424 30.824 81.2719 38.6699 32.8457 30.4255 45.2011 38.475 28.5141 45.0309 31.7708 27.0059 25.5123 28.7427 25.8451
threshold=0.25881904510252091 1.0000000180025095e-35 -0.3794095225512602 17.500000000000004 46.544581362612618 240.48751895842852 8487.5000000000018 4.3307728124124525 4.5850235979700589 4.7000711901489085 198.50000000000003 118.29433513621795 1.0468925749435916 16.500000000000004 71.17058333333334 -0.16087539193406705 118.26592604530886 0.17602965117925407 907.50000000000011 5.4165224462553345 69.605000000000004 4646.5000000000009 28.500000000000004 3948.5000000000005 102369.00000000001 4.5831596761906823 21.500000000000004 169.50000000000003 389174.00000000006 8781.5000000000018
decision_type=2 2 2 2 2 2 2 2 2 2 2 2 2 2 2 2 2 2 2 2 2 2 2 2 2 2 2 2 2 2
left_child=2 3 -1 -2 6 -6 -5 13 12 -10 11 16 23 14 20 -3 19 18 -18 -11 -4 22 -22 24 -9 26 -25 -21 -29 -30
right_child=1 15 7 4 5 -7 -8 8 9 10 -12 -13 -14 -15 -16 -17 17 -19 -20 27 21 -23 -24 25 -26 -27 -28 28 29 -31
leaf_value=-0.0049450949102922371 0.024629281355403258 -0.0027203860612620544 0.0019790685817574062 0.0091267444366253687 0.00034289733341187135 0.03219429930509899 0.056773664016427798 0.021598288228285696 -0.0078348204697655244 0.0064326837596175813 -0.0030453737443589509 0.0024164655721458021 -0.0067634910434219726 -0.014811974374079396 -0.003968558542550178 0.0039737361970921623 0.077895879477971872 -0.011748478401979227 0.28106104545283378 0.033432219347909714 0.05339592557949472 0.016530222641280089 0.2817811003306302 0.0068436145936475396 0.084446575072171653 0.032328120340472506 0.15344510573816536 0.0027953827216096868 0.15008324195120515 0.023054343210692559
leaf_weight=2870.7628480847925 222.53952994197607 1427.3018186660483 2104.5937889032066 28.399869536980987 329.33811649214476 39.224494292400777 24.962939168326557 84.809872432611883 609.86153468582779 415.76246736943722 848.79619817342609 1827.3550162268803 90.562913120724261 160.01583257690072 2077.7445350196213 1126.1650617113337 1.6449205540120595 4.6063549276441336 1.7299108020961282 86.582428755238652 1.422668944112955 7.6418809480965137 1.2446971423923967 320.85140378307551 11.67261960916221 53.487574768252671 1.1349008083343495 62.180807869881392 2.3099516443908206 3.8341821283102036
leaf_count=102951 1886 41061 30526 342 11062 694 183 2021 28434 12092 29592 45545 1243 3544 115283 24024 49 150 55 2264 68 516 40 13779 106 2240 24 2508 57 93
internal_value=-5.88255e-05 0.00285354 -0.00085823 0.0132407 0.00723391 0.0037327 0.0314158 0.00047806 0.00228022 0.000980918 0.00263275 0.00463589 0.0112068 -0.00135495 -0.000841353 0.000231948 0.0116447 0.0701933 0.182037 0.0108259 0.00223091 0.053643 0.159969 0.014655 0.0292018 0.0109171 0.00736034 0.022617 0.00891181 0.0708122
internal_weight=14848.5 3197.93 11650.6 644.465 421.925 368.563 53.3628 8779.85 4427.18 3864.66 3254.8 2406.01 562.519 4352.66 4192.65 2553.47 578.651 7.98119 3.37483 570.67 2114.9 10.3092 2.66737 471.956 96.4825 375.474 321.986 154.907 68.3249 6.14413
internal_count=472432 79252 393180 14167 12281 11756 525 290229 140252 120839 92405 62813 19413 149977 146433 65085 17268 254 104 17014 31150 624 108 18170 2127 16043 13803 4922 2658 150
is_linear=0
shrinkage=0.03


Tree=101
num_leaves=31
num_cat=0
split_feature=19 17 18 2 8 16 18 13 8 8 17 8 11 5 8 6 7 18 9 9 5 18 5 21 6 6 17 9 0 13
split_gain=36.3468 42.77 39.7127 38.7133 38.1863 31.9543 34.4915 39.3054 31.8442 49.4821 57.0152 42.6237 31.637 31.1767 33.7565 36.0682 31.0524 30.486 36.7949 34.3978 59.4217 86.8771 76.7904 48.4811 29.5927 37.1941 38.6578 32.5679 39.366 34.2552
threshold=1.5000000000000002 0.015395920258015396 8150.5000000000009 0.25881904510252091 7.5000000000000009 1.0000000180025095e-35 33.500000000000007 70.029499053955092 164.50000000000003 121.00000000000001 0.064915910363197341 146.50000000000003 10.500000000000002 247.20149662512983 92.500000000000014 308.8906580965741 -1.0385214214712299 6295.5000000000009 27.500000000000004 23.500000000000004 183.47462987012989 8419.5000000000018 118.93921900269544 6710.5000000000009 217.33991745726482 183.80827192880869 0.0078086180146783599 30.500000000000004 48.955000000000005 31187.719726562504
decision_type=2 2 2 2 2 2 2 2 2 2 2 2 2 2 2 2 2 2 2 2 2 2 2 2 2 2 2 2 2 2
left_child=2 24 13 5 -4 6 7 -3 9 12 11 -11 -5 -1 16 -16 -15 -7 19 -19 22 -22 23 -21 25 -2 27 28 -27 -30
right_child=1 3 4 8 -6 17 -8 -9 -10 10 -12 -13 -14 14 15 -17 -18 18 -20 20 21 -23 -24 -25 -26 26 -28 -29 29 -31
leaf_value=-0.00402010887745135 -0.0069904921832754765 0.0028368570523379017 0.0010770831415407814 0.019113134230228115 -0.021877908246067414 3.3015315545581873e-05 -0.0024839033079446116 0.029205515124481041 0.0026129847998725407 0.099939770032233782 0.016916285111801457 0.020253892178265735 0.0011094694758541628 0.037198004744419762 0.076775512888369632 -0.024019055221957217 -0.0018622224608292525 0.0083314638320553559 0.0012318128501687333 0.20646856162389085 -0.013137237423051036 0.18754713341151935 -0.0097548914989687152 0.050888111659506727 -0.012652683068957499 -0.017522755280387624 -0.0013199908099917816 0.0089776782156333716 0.044985400809523512 0.13965606629460636
leaf_weight=894.13704427052289 764.00524416379631 419.84979765675962 96.459707221016288 122.79653990454972 201.40349095501006 2736.5816997839138 4113.6168434964493 57.891892767511308 2087.351661012508 15.254244213923814 83.173173984512687 10.002862296998499 308.62632466852665 22.777493191882968 12.589391436427833 4.2818913627415887 93.551263354718685 674.19423471018672 932.32922510616481 2.0188578385859755 3.2208628654479963 4.8873557411134243 29.921583537943661 16.830081295222044 286.45032936520875 6.8735728757455972 657.29109987989068 164.22189320717007 15.801148250699045 4.3970548873767248
leaf_count=44523 47816 5112 4837 1310 12829 65483 145451 313 40881 401 1421 363 9642 545 78 160 2949 21827 18394 61 64 68 1215 417 11927 416 27146 5961 649 173
internal_value=-5.79988e-05 0.000406824 -0.00479938 0.00108906 -0.0144442 0.000152982 -0.00159779 0.00603216 0.00429268 0.0107872 0.0289041 0.0683809 0.00623388 -0.002003 0.0115373 0.0511941 0.00578588 0.0019799 0.00518286 0.0102216 0.0326255 0.107828 0.0201228 0.0675519 -0.00376715 -0.00218878 0.00213434 0.0140035 0.0444911 0.0655948
internal_weight=14842.8 13517.6 1325.2 11618.5 297.863 8991.34 4591.36 477.742 2627.2 539.853 108.43 25.2571 431.423 1027.34 133.2 16.8713 116.329 4399.98 1663.4 731.073 56.8787 8.10822 48.7705 18.8489 1899.04 1612.59 848.585 191.294 27.0718 20.1982
internal_count=472432 406511 65921 312423 17666 258405 150876 5425 54018 13137 2185 764 10952 48255 3732 238 3494 107529 42046 23652 1825 132 1693 478 94088 82161 34345 7199 1238 822
is_linear=0
shrinkage=0.03


Tree=102
num_leaves=31
num_cat=0
split_feature=19 17 0 6 14 19 10 5 18 0 6 10 10 19 11 19 14 5 5 6 17 6 8 0 8 8 9 5 8 14
split_gain=34.8261 37.3736 37.742 36.4086 45.0419 45.7013 41.6894 35.0249 34.0733 50.7742 41.0594 36.4762 42.5936 36.8584 62.0055 42.2321 78.2119 36.585 124.725 115.88 33.6466 33.4452 54.5489 31.384 31.3024 131.083 107.678 163.886 32.5308 31.2221
threshold=3.5000000000000004 0.014803769532591106 8.3700000000000028 102.6404973389396 1.0000000180025095e-35 1.5000000000000002 1134.5000000000002 157.86644114832538 9087.5000000000018 416.97000000000008 458.29373749271912 175.50000000000003 695.50000000000011 93.500000000000014 19.500000000000004 36.500000000000007 3.5000000000000004 108.91402769151141 103.23119735755576 139.11506431009667 0.022166866809129718 97.867515242218602 41.500000000000007 6.2015000000000002 236.50000000000003 221.00000000000003 6.5000000000000009 94.820059978189761 498.00000000000006 11.500000000000002
decision_type=2 2 2 2 2 2 2 2 2 2 2 2 2 2 2 2 2 2 2 2 2 2 2 2 2 2 2 2 2 2
left_child=3 23 -3 4 7 -6 -7 -1 11 24 -11 13 17 15 -15 16 -4 18 -13 -20 -17 -9 -23 -2 25 -10 27 -27 -26 -22
right_child=1 2 8 -5 5 6 -8 21 9 10 -12 12 -14 14 -16 20 -18 -19 19 -21 29 22 -24 -25 28 26 -28 -29 -30 -31
leaf_value=-0.0063565727132813598 0.12426859710146092 -0.010780836522289384 0.0048590982484311949 -0.0067995690428889191 -0.0031662637101981792 0.01261984630655081 0.10340945743184185 0.0068122195122238749 0.0068287187348122927 0.025610492409066349 -0.024601616642296934 -0.0042626916118785147 0.00028661377622122951 -0.0025143498183236089 0.065875742081087652 -0.0060375358898844666 -0.012429124987399049 -0.014778097333818137 0.17897904417341193 -0.012598014049675126 0.013194539393801391 0.029220496678326661 0.21479358670312956 -0.0036651918002050684 -0.01148812989148929 0.33470275412552314 -0.0031486406104203617 0.078137744962339523 0.0037097299238166297 -0.0159224409815448
leaf_weight=784.03590950276703 1.7275476651266206 227.45784817542881 1576.9186076559126 1281.1639579203911 246.26646905019879 328.45773306954652 4.6159016452729693 105.65288398694247 287.00762137584388 161.85800182074308 16.116125743836164 272.03516870457679 4481.3134096655995 1019.1437864881009 12.072597563266752 104.33820252586156 276.86238888744265 337.15155841317028 6.581087530590592 5.0009333994239569 816.54578517191112 6.7270663129165751 1.8089589951559899 1665.5374821610749 160.96641493961215 3.0287660090252784 7.1305375490337601 8.6121969847008568 596.43834134563804 34.546879103407264
leaf_count=40607 39 3073 21317 65927 10752 10434 152 2841 10416 2597 319 4083 149856 13725 158 1533 6731 17943 144 304 7562 235 26 81188 6584 70 226 204 12843 543
internal_value=-5.71622e-05 0.000637461 0.00130527 -0.00309839 0.000110817 0.00663284 0.0138781 -0.00409578 0.00157522 0.00623315 0.0210636 0.000928733 -0.000733579 0.00313715 -0.0017137 0.00491781 0.0022771 -0.00809832 -0.000157702 0.0962591 0.0100415 0.0114271 0.0685472 -0.00353263 0.00375056 0.0118521 0.0886569 0.144891 0.000479825 0.0120126
internal_weight=14837.1 12078.4 10411.1 2758.73 1477.56 579.34 333.074 898.225 10183.7 1241.16 177.974 8942.51 5102.08 3840.43 1031.22 2809.21 1853.78 620.769 283.617 11.582 955.431 114.189 8.53603 1667.27 1063.18 305.779 18.7715 11.641 757.405 851.093
internal_count=472432 341458 260231 130974 65047 21338 10586 43709 257158 33259 2916 223899 172330 51569 13883 37686 28048 22474 4531 448 9638 3102 261 81227 30343 10916 500 274 19427 8105
is_linear=0
shrinkage=0.03


Tree=103
num_leaves=31
num_cat=0
split_feature=2 0 0 11 13 17 0 0 0 0 0 22 11 7 7 0 0 5 0 11 0 3 18 22 22 17 21 2 21 22
split_gain=34.5736 33.3505 121.95 38.12 40.2361 37.435 33.435 93.8251 62.6293 55.7554 57.6865 50.6452 50.488 41.4233 46.8222 32.9916 60.6496 30.835 30.6466 30.098 29.3226 37.1908 43.2997 29.1142 37.7532 89.0233 27.6238 25.1755 31.004 30.4652
threshold=0.91597561503675362 57.955000000000005 57.008500000000005 12.500000000000002 100.0279998779297 0.32071428000926977 97.005500000000012 108.95500000000001 76.995000000000019 77.953500000000005 96.823000000000022 4646.5000000000009 17.500000000000004 0.38042034553031639 1.0468925749435916 994.47500000000014 855.92000000000019 266.30927580079498 84.671000000000006 1.5000000000000002 87.002500000000012 0.78656609248549303 9529.5000000000018 68014.500000000015 74758.000000000015 0.022166866809129718 8350.5000000000018 0.60355339059327384 331.50000000000006 122415.00000000001
decision_type=2 2 2 2 2 2 2 2 2 2 2 2 2 2 2 2 2 2 2 2 2 2 2 2 2 2 2 2 2 2
left_child=1 2 5 4 -3 17 8 -8 -5 12 11 13 -10 -11 -15 16 -9 -1 -13 -6 21 -20 -23 -14 25 -25 -18 28 -21 -29
right_child=-2 3 -4 6 19 -7 7 15 9 10 -12 18 23 14 -16 -17 26 -19 20 27 -22 22 -24 24 -26 -27 -28 29 -30 -31
leaf_value=-0.00024297043314275166 0.0057375325735132317 -0.00054183201198717374 -0.02256079562041375 -0.0013430823710325324 0.022775505917861479 -0.009978123691851977 -0.010638585048049499 0.0003933812551748237 0.087799728535259622 0.005842767420110793 0.028281798538199704 -0.010193429249833089 0.0073958245686272074 0.11760599470626142 -0.01405615841691811 -0.011988721668622599 0.0037337114306434907 -0.019237928433346832 0.0068213580380738197 -0.014000389727488717 -8.986933393270041e-05 0.031765589502603241 0.13019802058965224 0.33521979189870521 0.029429885731171033 0.012673499898293489 0.033903343812934923 0.03602355719416464 0.0078951887023360409 -0.024985605246507479
leaf_weight=5017.8539096331224 872.30076003354043 564.72296673897654 252.37724367389455 1013.7381011429243 137.03501985967159 407.99774148501456 815.10796557739377 4024.5469473255798 10.978990543633698 13.168322840705516 86.966931632719934 179.76883651316166 72.168751404620707 9.0592485778033716 3.3224666453897944 183.53726574406028 44.118443759158254 78.112007942982018 49.261927786283195 66.100479909218848 209.61727433186024 19.627950914204124 5.058685725554823 1.2298080604523414 75.746127081103623 2.0603576181456447 71.710246667265892 46.923019407317042 487.16542963404208 8.7382159233093244
leaf_count=153854 16613 7420 17908 43799 747 14433 42709 127767 78 823 3632 6438 4379 131 83 5728 991 3078 1701 1075 7850 682 98 59 2687 94 836 426 6224 89
internal_value=-5.67127e-05 -0.000418827 -0.00216922 0.000809717 0.00549933 -0.00123419 -8.22858e-05 -0.00130236 0.00349693 0.010145 0.00576902 0.00176426 0.0256824 0.0428829 0.0822762 0.000457629 0.00100936 -0.000534129 -0.000503182 0.0100727 0.00564003 0.0218822 0.051936 0.021172 0.0337512 0.133236 0.0224119 0.00721406 0.00527925 0.0264458
internal_weight=14830.1 13957.8 5756.34 8201.48 1310.69 5503.96 6890.79 5139.02 1751.77 738.036 575.852 488.885 162.184 25.55 12.3817 4323.91 4140.38 5095.97 463.335 745.962 283.566 73.9486 24.6866 151.205 79.0363 3.29017 115.829 608.927 553.266 55.6612
internal_count=472432 455819 189273 266546 15981 171365 250565 178031 72534 28735 21438 17806 7297 1037 214 135322 129594 156932 16769 8561 10331 2481 780 7219 2840 153 1827 7814 7299 515
is_linear=0
shrinkage=0.03


Tree=104
num_leaves=31
num_cat=0
split_feature=3 3 2 5 19 2 19 0 0 6 6 0 10 10 18 10 9 0 0 5 6 18 19 12 8 8 12 6 8 8
split_gain=33.6898 80.5901 61.5708 39.7648 41.2503 42.7867 38.8568 34.9144 109.834 33.5131 31.6626 32.3714 30.8641 29.5203 27.265 35.2679 26.2346 36.5313 81.0528 35.7194 31.2758 49.5278 66.4465 42.0411 40.3731 39.576 35.1606 32.569 32.4912 66.7419
threshold=-0.70710678118654757 -0.60355339059327384 0.37940952255126054 260.33945970149256 35.500000000000007 0.25881904510252091 19.500000000000004 57.955000000000005 57.008500000000005 66.456332353807667 398.73478829115862 53.975000000000001 1087.5000000000002 57.500000000000007 9261.5000000000018 889.50000000000011 5.5000000000000009 49.956500000000013 48.955000000000005 260.33945970149256 305.38637327838245 33.500000000000007 4.5000000000000009 145.50000000000003 430.00000000000006 363.50000000000006 405.50000000000006 45.748518406342633 39.500000000000007 41.500000000000007
decision_type=2 2 2 2 2 2 2 2 2 2 2 2 2 2 2 2 2 2 2 2 2 2 2 2 2 2 2 2 2 2
left_child=2 -2 3 -1 -5 13 -4 8 10 -9 11 16 -11 -6 -15 -16 -3 18 20 -20 24 -22 23 -23 25 28 -24 -26 -18 -30
right_child=1 7 6 4 5 -7 -8 9 -10 12 -12 -13 -14 14 15 -17 17 -19 19 -21 21 22 26 -25 27 -27 -28 -29 29 -31
leaf_value=-0.0058374784163895098 0.028913082251150721 -0.0059771573274030043 0.0056777768247185398 0.00064589702442369786 0.086901753151280736 0.12927907546747489 0.045943097306891736 0.0056046371571333055 -0.022814875122333045 0.0010964856170372448 -0.01834464468564399 0.011613606831523446 -0.0099595018775963853 -0.0022334068485492966 -0.0020920293238787884 0.11041634184011713 -0.02002864469485155 -0.0095280057230795762 0.019899159670924753 0.15551038374571532 0.041513151579041313 -0.012701473967273762 -0.0014768700054168175 0.17147782221452451 -0.00023421109924030934 0.023023688672132857 0.13063332453905568 -0.007464815962292818 0.098622108898359415 0.00353922276788254
leaf_weight=1908.3439747556113 89.449215323664248 745.70388129912317 59.071388401091099 136.74151699896902 5.9014016240835181 3.8582065384834996 33.976259229704738 1556.2631294159219 208.87511321203783 5360.6382532957941 89.215102918446064 196.78656985331327 237.30866811145097 25.228575452230871 4.8388242665678245 5.2047731280326843 52.451863907277584 324.69068105332553 166.2897270694375 1.7666263077408064 40.050997722893953 1.662303834222256 142.53288333956152 3.3903333796188235 1825.4735567513853 97.932634422555566 1.8364782221615303 809.18259301129729 6.7094155084341756 682.53288283571601
leaf_count=72353 1844 45321 1871 3460 91 54 579 27938 14707 187974 3866 7080 9961 531 84 85 914 10705 6615 49 319 90 4630 97 22531 1441 34 37393 86 9729
internal_value=-5.60106e-05 0.000538345 -0.00349739 -0.00456039 0.00884713 0.0337506 0.0203806 0.000336127 -0.00148559 0.00171042 -0.000626881 -0.00031688 0.000627799 0.024799 0.0144086 0.0562118 -0.000795799 0.00013377 0.000952466 0.0213247 1.79917e-05 0.0118872 0.00394625 0.110883 -0.000629305 0.00509936 0.000203663 -0.00245495 0.00273265 0.00446481
internal_weight=14823.9 12640.7 2183.16 2090.12 181.773 45.0318 93.0476 12551.3 5397.08 7154.21 5188.21 5098.99 5597.95 41.1736 35.2722 10.0436 4902.21 4156.5 3831.81 168.056 3663.76 189.473 149.422 5.05264 3474.28 839.627 144.369 2634.66 741.694 689.242
internal_count=472432 393324 79108 76658 4305 845 2450 391480 165607 225873 150900 147034 197935 791 700 169 139954 94633 83928 6664 77264 5170 4851 187 72094 12170 4664 59924 10729 9815
is_linear=0
shrinkage=0.03


Tree=105
num_leaves=31
num_cat=0
split_feature=2 16 18 12 0 14 10 5 6 5 13 5 5 8 21 18 3 5 2 19 6 5 6 6 5 19 18 0 2 0
split_gain=32.2328 30.5181 43.7417 46.3574 29.7496 28.3095 26.8804 31.0119 37.6669 26.9269 26.745 25.4144 29.0822 54.1313 46.1205 24.4953 24.4111 28.1482 25.8993 24.0478 23.7875 26.5214 38.9985 46.0635 24.4337 32.2637 27.8918 23.7488 35.2385 25.5374
threshold=0.78656609248549325 1.0000000180025095e-35 33.500000000000007 1.0000000180025095e-35 266.78000000000003 11.500000000000002 806.50000000000011 279.57720085470095 458.29373749271912 353.90564182194623 25791.428710937504 37.769805555555564 39.771702697926493 274.50000000000006 95.500000000000014 8185.5000000000009 0.91597561503675351 293.58145646766178 -1.0000000180025095e-35 103.50000000000001 56.185516830688655 102.58994080996887 186.6198685303122 205.54493770658823 103.23119735755576 7.5000000000000009 6795.5000000000009 19.807500000000005 -0.9159756150367534 25.955000000000002
decision_type=2 2 2 2 2 2 2 2 2 2 2 2 2 2 2 2 2 2 2 2 2 2 2 2 2 2 2 2 2 2
left_child=1 2 3 -1 20 11 15 -8 9 10 -9 -3 13 -13 -15 -6 27 18 -18 -16 -4 22 -22 -24 25 -23 -27 28 -14 -29
right_child=-2 5 4 -5 6 -7 7 8 -10 -11 -12 12 16 14 19 -17 17 -19 -20 -21 21 24 23 -25 -26 26 -28 29 -30 -31
leaf_value=0.00068712881857494932 0.0040497491431252652 -0.010085213665651238 -0.00087847647241349341 0.018776878551378585 0.0070726831614619052 -0.0058607528807969687 -0.0039033878301110866 0.044334580663143434 -0.012222529028613194 -0.0045359379468103596 0.011095793382738821 -0.026872077819793224 0.024961086157001305 -0.016771032248248625 0.066367895760134216 0.035102967331098744 0.01054796863843231 0.038294067146716342 0.0013953875820711141 -0.0041862424979368061 -0.011979673571845265 -0.010386078748284552 0.17718783455625303 -0.018128611632006117 -0.0042427000253492594 -0.031807938742113955 0.079473064653520137 -0.0093828680413658386 0.00202148641969532 0.00062702285505914445
leaf_weight=493.09428534284234 1542.3157957280055 165.37377533782274 1808.5544105218723 171.95794558990747 192.43082131445408 508.47796716168523 582.44659683667123 45.2568971645087 45.671415282413363 30.19129971973598 42.011317115277052 14.854884516447781 86.658697615377605 10.197237022221087 29.255546905100346 32.848597621545196 440.32998664630577 22.966138524003327 755.97691574227065 5.1067802757024756 533.77262927079573 11.765081241726877 2.1450274791568509 2.2026567785069346 2764.5718876314349 2.508923038840293 10.555636718869208 243.25175354164094 197.90280816145241 4023.2253659996204
leaf_count=6949 31397 3156 40102 1024 2651 11081 18776 582 1382 799 719 223 1246 100 309 710 13261 380 22972 60 39802 783 38 65 137619 81 303 6895 2908 126059
internal_value=-5.5289e-05 -0.0005322 -0.00194179 0.00536447 -0.00273745 0.000935562 0.00207857 -0.000665372 0.0108957 0.0198847 0.0283333 0.001512 0.00184098 0.0227226 0.0392561 0.0111599 0.00162597 0.00539578 0.00476422 0.0558824 -0.00364781 -0.00515298 -0.0112508 0.0782351 -0.00397661 0.0256505 0.0581026 0.000615993 0.00900738 5.63123e-05
internal_weight=14817.9 13275.6 6771.99 665.052 6106.93 6503.58 970.857 745.578 163.131 117.46 87.2682 5995.1 5829.73 59.4144 44.5596 225.279 5770.31 1219.27 1196.31 34.3623 5136.08 3327.52 538.12 4.34768 2789.4 24.8296 13.0646 4551.04 284.562 4266.48
internal_count=472432 441035 252385 7973 244412 188650 25619 22258 3482 2100 1301 177569 174413 692 469 3361 173721 36613 36233 369 218793 178691 39905 103 138786 1167 384 137108 4154 132954
is_linear=0
shrinkage=0.03


Tree=106
num_leaves=31
num_cat=0
split_feature=6 0 0 0 6 14 0 18 0 7 7 6 6 18 18 11 8 8 8 8 7 6 6 0 10 22 16 0 8 6
split_gain=31.2131 51.7224 81.9183 35.1281 28.7733 28.1657 39.7346 91.3743 56.2411 51.3798 45.5175 45.043 112.474 46.4313 39.3376 41.7808 35.5389 120.928 43.0715 67.0429 126.36 46.1696 163.866 149.728 34.8772 37.3948 36.4248 33.3762 29.1976 53.6659
threshold=45.748518406342633 58.955000000000005 57.008500000000005 8.3700000000000028 38.091680187016983 5.5000000000000009 48.955000000000005 3113.5000000000005 50.014000000000003 -0.46486746330841833 -0.59001127166077627 204.38570124685731 205.54493770658823 33.500000000000007 3595.5000000000005 22.500000000000004 409.00000000000006 407.00000000000006 94.500000000000014 96.500000000000014 -0.53667229886840639 106.93596284701005 99.856082522133875 38.952500000000008 846.50000000000011 2293.0000000000005 6.5000000000000009 6.2015000000000002 187.50000000000003 190.97803365601996
decision_type=2 2 2 2 2 2 2 2 2 2 2 2 2 2 2 2 2 2 2 2 2 2 2 2 2 2 2 2 2 2
left_child=3 2 5 -1 -5 6 9 -8 14 10 -2 16 -13 -14 15 -9 17 18 -12 20 -20 22 -21 -24 -15 -26 -27 -11 29 -23
right_child=1 -3 -4 4 -6 -7 7 8 -10 27 11 12 13 24 -16 -17 -18 -19 19 21 -22 28 23 -25 25 26 -28 -29 -30 -31
leaf_value=-0.010108900911578584 -0.0072653849952699842 0.00041652669948371749 -0.020171445080395305 0.0004407540529497775 0.0053502102392350209 -0.014595417606582752 -0.01294280905656262 0.068233926074746515 -0.0021351069936741914 0.10370867488932126 -0.014717591303013425 0.092301527272297651 0.039608253944375317 -0.010245239459910375 0.014676330253529242 -0.014059263956886335 -0.006950275800185794 0.3257254560081953 -0.030885371601495095 0.024778276568052891 0.47371893223387707 0.010439795542955103 -0.030430403704255822 0.4335177237158418 0.17360196757218627 0.010466929558112674 0.14370210013127219 -0.011831096182559255 -0.02034888385325653 0.18563448806930261
leaf_weight=205.76722221262753 555.72247284371406 7176.4028633031994 265.37384388037026 2471.6695536598563 1900.53362573497 169.11941969674081 208.01258709281683 24.689974387176338 198.76649441104382 2.2584857037290922 44.701203987933695 15.55179150495678 38.069716636091471 91.980773713439703 302.36431142967194 7.1635542148724189 319.69809464272112 1.0943975551053871 0.96315240021795034 33.972921407781541 0.83282888401299604 13.554221174679695 0.97720568999648039 1.7421772321686146 1.3132710549980391 114.47250360064209 1.8770052259787906 611.53577613085508 29.182063213549554 1.780306034721433
leaf_count=2924 26661 249203 20155 49379 18106 7361 9519 431 10243 21 2588 182 341 3014 13620 403 18673 66 51 1022 58 846 85 80 49 4725 44 30476 2076 30
internal_value=-5.43122e-05 -0.000975455 -0.00424342 0.00200473 0.00257482 -0.00272917 -0.00196387 0.00392029 0.0105016 -0.00428152 -0.000831431 0.004192 0.0140423 0.00912911 0.0180169 0.049727 -0.00159007 0.0117146 0.00902362 0.0218091 0.203109 0.0177996 0.0427152 0.266799 0.00359432 0.0144132 0.0126163 -0.011406 -0.0027368 0.0307795
internal_weight=14811.1 10233.2 3056.77 4577.97 4372.2 2791.4 2622.28 740.997 532.984 1881.28 1267.49 711.764 263.265 247.713 334.218 31.8535 448.499 128.8 127.706 83.0049 1.79598 81.2089 36.6923 2.71938 209.644 117.663 116.35 613.794 44.5166 15.3345
internal_count=472432 402023 152820 70409 67485 132665 125304 34216 24697 91088 60591 33930 8355 8173 14454 834 25575 6902 6836 4248 109 4139 1187 165 7832 4818 4769 30497 2952 876
is_linear=0
shrinkage=0.03


Tree=107
num_leaves=31
num_cat=0
split_feature=2 0 0 6 11 13 0 0 0 0 0 22 11 6 0 0 13 8 8 6 6 0 0 11 10 22 6 22 9 18
split_gain=30.5605 28.562 110.709 36.6997 34.317 37.5814 31.2363 88.7365 57.8005 50.7215 52.7258 45.8254 43.3778 35.4023 31.3214 55.3431 31.212 29.2021 53.3457 133.865 111.224 28.9198 27.4014 27.1729 37.9185 25.5932 31.7408 51.5734 28.6799 61.1877
threshold=0.91597561503675362 57.955000000000005 57.008500000000005 398.73478829115862 12.500000000000002 100.0279998779297 97.005500000000012 108.95500000000001 76.995000000000019 77.953500000000005 96.823000000000022 4646.5000000000009 17.500000000000004 44.385651883297818 994.47500000000014 855.92000000000019 30437.663085937504 23.500000000000004 24.500000000000004 26.16936186975499 230.5035400017513 84.671000000000006 92.057000000000016 1.5000000000000002 2.5000000000000004 68014.500000000015 293.67560342542032 38617.500000000007 7.5000000000000009 9249.5000000000018
decision_type=2 2 2 2 2 2 2 2 2 2 2 2 2 2 2 2 2 2 2 2 2 2 2 2 2 2 2 2 2 2
left_child=1 2 3 17 5 -3 8 -8 -6 12 11 13 -10 16 15 -9 -11 -1 19 -19 -21 -13 -23 24 -7 26 -14 -28 29 -27
right_child=-2 4 -4 -5 6 23 7 14 9 10 -12 21 25 -15 -16 -17 -18 18 -20 20 -22 22 -24 -25 -26 28 27 -29 -30 -31
leaf_value=-0.0093110542111998137 0.0053748264012047275 -0.00066168257700184076 -0.022043175698649636 -0.019237708462277139 -0.0013254750541780149 0.012529915921225477 -0.010425589307861889 0.00035366067218338615 0.080244931004197301 0.051710143694414942 0.026696006906776513 -0.010030103562787366 0.0016263833268106355 0.0062184619109110677 -0.011781082071841469 0.021245662232846841 0.16670654784734812 0.34923229225631797 -0.00037528329159443807 -0.030945598065932473 0.26337213311770569 0.0091158777223458963 -0.017701690469386525 0.0068686146778190339 0.048864464818802446 0.26508184736582963 0.012212839311528762 0.2127171400000496 0.028215884369962623 -0.010569366652439099
leaf_weight=341.43478842172772 877.86115133669227 565.91066178493202 238.25811963295564 99.170273487456143 1012.6038235505112 103.47413958236575 806.86101806629449 4027.8519540801644 11.605315383523701 10.196156716905536 89.304487161338329 178.45474050287157 67.396108384244144 13.562271195463834 181.67014585994184 117.4431967344135 2.6831991495564571 1.3417631220072488 5031.4746505273506 6.170000241138041 1.4219152843579648 245.36783443577588 39.861438618041575 612.68981078173965 34.457723960280418 1.4188129138201468 3.4970992077141991 1.7236286774277685 78.721452082507312 1.4815347176045177
leaf_count=17042 16613 7420 17908 4464 43799 572 42709 127767 78 219 3632 6438 4124 764 5728 1827 54 58 149405 354 42 9163 1168 7814 175 53 186 69 2724 63
internal_value=-5.41173e-05 -0.000396308 -0.00202385 -0.00115362 0.000737722 0.00517584 -0.000110098 -0.00129194 0.00334145 0.0096824 0.00549535 0.00163243 0.0243112 0.0400463 0.000411231 0.000945566 0.0756677 -0.000820388 -0.000245235 0.0729985 0.0241782 -0.00055812 0.00536806 0.00957688 0.0216069 0.0201026 0.00714665 0.0784095 0.0316293 0.124276
internal_weight=14805.4 13927.5 5719.27 5481.01 8208.24 1316.53 6891.7 5133.83 1757.88 745.274 579.43 490.126 165.844 26.4416 4326.97 4145.3 12.8794 5381.84 5040.41 8.93368 7.59192 463.684 285.229 750.622 137.932 154.239 72.6168 5.22073 81.6218 2.90035
internal_count=472432 455819 189273 171365 266546 15981 250565 178031 72534 28735 21438 17806 7297 1037 135322 129594 273 166901 149859 454 396 16769 10331 8561 747 7219 4379 255 2840 116
is_linear=0
shrinkage=0.03


Tree=108
num_leaves=31
num_cat=0
split_feature=19 21 8 17 2 3 3 14 6 6 17 9 0 3 5 8 6 6 5 8 8 5 20 5 7 8 5 6 0 0
split_gain=30.7772 38.006 37.9069 35.7345 31.8771 103.98 56.4751 33.9351 28.9819 34.964 35.8959 28.5885 33.1361 30.8534 28.4149 31.5637 32.4328 27.4527 39.5895 146.552 236.61 300.086 235.598 158.593 26.7032 26.6426 25.2318 24.3935 39.5897 55.6581
threshold=1.5000000000000002 8187.5000000000009 7.5000000000000009 0.015395920258015396 0.25881904510252091 1.0000000180025095e-35 -0.3794095225512602 12.500000000000002 217.33991745726482 183.80827192880869 0.0078086180146783599 30.500000000000004 44.005000000000003 0.60355339059327384 247.20149662512983 92.500000000000014 308.8906580965741 32.368564995121005 67.858750000000015 7.5000000000000009 10.500000000000002 83.559434697855764 41.436414718627937 71.17058333333334 -1.0385214214712299 421.50000000000006 218.67191445969021 122.88870659280381 76.995000000000019 97.005500000000012
decision_type=2 2 2 2 2 2 2 2 2 2 2 2 2 2 2 2 2 2 2 2 2 2 2 2 2 2 2 2 2 2
left_child=1 14 -3 8 6 -6 26 27 9 -2 11 12 -11 -14 17 24 -17 18 -1 -20 21 -21 -23 -22 -16 -7 -5 -8 -29 -30
right_child=3 2 -4 4 5 25 7 -9 -10 10 -12 -13 13 -15 15 16 -18 -19 19 20 23 22 -24 -25 -26 -27 -28 28 29 -31
leaf_value=-0.0056807240332935093 -0.0066072388389114807 0.001465482715438821 -0.021754547630860654 -0.005743656816954038 0.016250311875293515 0.0057557079658069601 0.0040290969572162856 -0.0079619389140221687 -0.012339569836614 -0.020674451325527508 -0.0010755526131003747 0.0088860161996375826 0.084040415248853875 0.0091425861234018871 0.034004707701779033 0.073152568264621701 -0.02370296866477762 -0.0069326743609877907 0.0031736524622453864 -0.030707619445484655 0.2602967090679994 0.22625976145566337 0.81485959220358861 -0.011193845446209659 -0.0016020050627303091 -0.0013372729508782527 0.0024919476960728964 -0.0042692507874706603 0.017948550017490811 0.0011545971332025482
leaf_weight=137.37543302867562 751.91209653671831 94.354330197442323 192.10189424874261 1709.919908028096 497.18459544051439 714.49219628889114 2838.3421398508362 327.17312941513956 281.67070711310953 6.0362683199346092 651.84017377672717 164.56361552141607 14.596221360377969 7.4901717314496628 23.770313335582614 12.744610769674184 4.1166154015809289 642.78462405828759 87.864196587353945 1.5071964524686365 2.3630494195967904 1.2825392875820401 1.1706914128735659 10.727981440722941 93.588450120761991 1431.5141087765805 416.33155682403594 1156.3392391516827 192.25083788577467 2332.067035230808
leaf_count=6453 47816 4772 12669 55967 8765 17207 51876 6989 11927 372 27146 5961 528 338 548 78 160 34688 2772 84 86 53 55 537 2966 28046 10401 57363 8013 67796
internal_value=-5.36152e-05 -0.00445155 -0.0141062 0.000371961 0.000992742 0.00388829 0.000139742 0.00146615 -0.00346741 -0.00190203 0.00228718 0.013663 0.0416161 0.0586403 -0.00173826 0.0111243 0.0495056 -0.00368883 0.00491689 0.0187933 0.0992795 0.302456 0.507142 0.0378127 0.00560992 0.00102427 -0.00413108 0.00193933 0.0003278 0.00243362
internal_weight=14799.5 1305.75 286.456 13493.7 11615.6 2643.19 8972.42 6846.17 1878.11 1596.44 844.526 192.686 28.1227 22.0864 1019.3 134.22 16.8612 885.076 242.291 104.916 17.0515 3.96043 2.45323 13.091 117.359 2146.01 2126.25 6519 3680.66 2524.32
internal_count=472432 65921 17441 406511 312423 54018 258405 192037 94088 82161 34345 7199 1238 866 48480 3752 238 44728 10040 3587 815 192 108 623 3514 45253 66368 185048 133172 75809
is_linear=0
shrinkage=0.03


Tree=109
num_leaves=31
num_cat=0
split_feature=3 3 2 6 18 9 0 0 0 6 10 16 10 14 0 5 3 17 17 0 0 17 0 14 0 0 11 18 0 18
split_gain=29.2925 72.2833 55.6656 35.972 53.8467 34.0309 29.8801 98.9909 29.6822 28.933 29.067 29.4378 30.1585 28.5283 27.4514 38.4345 27.3772 27.1225 35.0696 26.0408 47.9639 25.3127 24.5506 23.1263 26.9405 34.5296 23.0959 59.092 27.2874 26.1293
threshold=-0.70710678118654757 -0.60355339059327384 0.37940952255126054 785.3357441263521 9375.5000000000018 30.500000000000004 57.955000000000005 57.008500000000005 53.975000000000001 66.456332353807667 1087.5000000000002 1.5000000000000002 882.50000000000011 1.0000000180025095e-35 257.31000000000006 116.70992336996339 0.91597561503675351 0.32071428000926977 0.1483944579958916 495.07500000000005 428.34500000000008 0.029127937741577629 445.03000000000003 16.500000000000004 19.107500000000005 26.955000000000002 42.500000000000007 3718.5000000000005 92.057000000000016 9529.5000000000018
decision_type=2 2 2 2 2 2 2 2 2 2 2 2 2 2 2 2 2 2 2 2 2 2 2 2 2 2 2 2 2 2
left_child=2 -2 3 13 -5 -4 7 8 17 26 11 12 14 -1 -11 22 -13 18 23 20 -17 -7 -16 24 -3 -26 29 28 -28 -8
right_child=1 6 5 4 -6 21 9 -9 -10 10 -12 16 -14 -15 15 19 -18 -19 -20 -21 -22 -23 -24 -25 25 -27 27 -29 -30 -31
leaf_value=-0.012130751565512505 0.027037057675105221 0.0044725960140552913 0.006255370188173591 0.012607224444826252 0.13878078097372182 0.016207488247336796 0.0033304387012533603 -0.022283760307318684 0.010672368195824651 0.0002937519073930321 -0.0097616951501302042 0.0023819606507011317 -0.0028813703496067882 -0.0030205206538316551 0.022558515379149088 0.0062294568965665688 0.01198096176344127 -0.0090027328249041912 0.0034334761296134992 -0.0047558585947230824 0.041630460258942334 0.069341770738106961 0.07565928686440887 -0.011926643756876475 -0.0094068643853053614 -0.00091287402687262071 0.10282724776306784 0.009616789345277009 0.022908377345419031 0.02520149774077541
leaf_weight=379.76199786458164 91.699970794841647 548.53909539990127 62.355259260628372 17.424197164364163 3.6885663252323857 15.333408823236821 1391.9124480253085 196.57300557754934 202.23686848394573 1303.6471820366569 235.08030971791595 1230.8849365445785 2050.2911487100646 1668.6585297593847 27.940631402656436 231.03255044482648 341.63102786103263 358.33382292557508 1447.3775303279981 131.53647635132074 40.480264138430357 17.032640314660966 10.890434950590132 205.8678092258051 561.77471593115479 1846.584962526802 9.7234713472425955 108.80451675783843 6.3601739704608908 50.962169126607478
leaf_count=17231 1844 9390 1905 456 79 373 23669 14707 7262 42876 9961 38693 87704 58892 768 3729 10741 12153 21785 2586 606 172 271 4449 18222 77639 135 2604 142 1388
internal_value=-5.3847e-05 0.00049874 -0.00327863 -0.00430795 0.0346507 0.0192105 0.000304652 -0.00138816 -0.000593778 0.00157164 0.000563695 0.00101585 -0.000414031 -0.00470949 0.0024841 0.00894611 0.00446736 -0.00105236 -0.000434394 0.00619986 0.0115074 0.0441694 0.037451 -0.00220445 -0.00152756 -0.00289418 0.00517418 0.0175508 0.0712238 0.00410292
internal_weight=14794.4 12630.2 2164.25 2069.53 21.1128 94.7213 12538.5 5367.29 5170.71 7171.18 5603.41 5368.33 3795.82 2048.42 1745.53 441.88 1572.52 4968.48 4610.14 403.049 271.513 32.366 38.8311 3162.77 2956.9 2408.36 1567.76 124.888 16.0836 1442.87
internal_count=472432 393324 79108 76658 535 2450 391480 165607 150900 225873 197935 187974 138540 76123 50836 7960 49434 143638 131485 6921 4335 545 1039 109700 105251 95861 27938 2881 277 25057
is_linear=0
shrinkage=0.03


Tree=110
num_leaves=31
num_cat=0
split_feature=19 21 17 0 0 2 3 7 3 2 6 2 2 16 6 6 17 5 6 21 5 18 18 9 0 17 0 11 6 7
split_gain=28.8281 36.5168 33.4876 29.9083 48.8191 29.2593 43.6861 36.5522 47.5851 58.0107 32.5408 31.6384 27.761 27.9055 27.7229 32.9533 33.1804 26.7274 28.7466 29.7025 29.444 26.9931 25.817 25.3318 28.8652 26.1382 33.8724 24.7236 30.0233 25.2154
threshold=1.5000000000000002 8187.5000000000009 0.015395920258015396 994.47500000000014 944.08500000000015 -0.37940952255126065 -0.3794095225512602 0.48052160243011161 0.37940952255126048 1.0000000180025095e-35 785.3357441263521 0.78656609248549325 -1.0000000180025095e-35 1.5000000000000002 217.33991745726482 183.80827192880869 0.0078086180146783599 247.20149662512983 383.13521196660548 3832.5000000000005 353.90564182194623 4844.5000000000009 9529.5000000000018 30.500000000000004 44.005000000000003 0.0073127360083162793 108.50500000000001 13.500000000000002 135.05704670585669 -0.4172902385662543
decision_type=2 2 2 2 2 2 2 2 2 2 2 2 2 2 2 2 2 2 2 2 2 2 2 2 2 2 2 2 2 2
left_child=1 17 14 4 5 6 -4 8 9 -7 -11 -12 13 -10 15 27 23 21 19 -19 -21 -1 -9 24 -17 -26 -27 28 -2 -30
right_child=2 -3 3 -5 -6 7 -8 22 12 10 11 -13 -14 -15 -16 16 -18 18 -20 20 -22 -23 -24 -25 25 26 -28 -29 29 -31
leaf_value=1.8499544355953678e-05 0.080232918518730323 -0.013864467849595394 -0.0045685536953003099 -0.01222016938021412 0.030070278568090147 -0.0078573292997073316 0.001118505534115485 0.006706419640342862 0.00094204703757207328 0.0089214157486129219 0.12298424916355782 0.015157903590605841 -0.0021270558087940553 0.015143521996221189 -0.012102400222941531 -0.020439766720622286 -0.0010405124026733482 0.0007951389704062685 -0.013699980297611198 0.04766107648788924 0.00023822290313994533 -0.011249876396835265 0.028392424306471428 0.0085254620797540447 0.039148819926345731 0.18798025341471852 0.008850469217171553 -0.0075747610667468157 0.048614187608909988 -0.015394783306086693
leaf_weight=600.49822957720608 5.9650413906201747 282.4404835216701 1646.2327071996406 152.96479899249971 52.233288995921612 210.77615557797253 4647.8197046625428 944.53350268304348 424.05641563422978 988.11676994245499 4.4459006991237384 5.4529880844056606 2314.8680718909018 176.29943167418242 278.32287292415276 5.9047773340716985 651.05645606853068 46.071200663223863 32.692327228374779 38.995866128243506 16.885422810912132 280.78772527631372 52.134147919714451 166.01825058367103 19.226055430248383 2.6026787254959336 1.4962450684979556 715.3939374294132 8.2043872904032522 17.049104120582339
leaf_count=26528 91 17441 50926 4468 572 7812 130953 15633 13563 19927 89 96 63121 4329 11927 372 27146 1105 1477 744 426 18200 934 5961 726 97 43 47262 199 264
internal_value=-5.30283e-05 -0.00432253 0.000357862 0.000957655 0.00113344 0.00100103 -0.000368966 0.00268495 0.00143892 0.00644337 0.00946361 0.0635861 -0.00063617 0.00511243 -0.0033667 -0.00184036 0.00221248 -0.00166976 0.0107791 0.0186287 0.0333315 -0.00357173 0.00784078 0.0130596 0.0388125 0.0538124 0.122592 -0.00643435 0.019699 0.00540053
internal_weight=14789.5 1298.37 13491.2 11619.9 11467 11414.7 6294.05 5120.68 4124.02 1208.79 998.016 9.89889 2915.22 600.356 1871.24 1592.92 846.304 1015.93 134.645 101.952 55.8813 881.286 996.668 195.248 29.2298 23.325 4.09892 746.612 31.2185 25.2535
internal_count=472432 65921 406511 312423 307955 307383 181879 125504 108937 27924 20112 185 81013 17892 94088 82161 34345 48480 3752 2275 1170 44728 16567 7199 1238 866 140 47816 554 463
is_linear=0
shrinkage=0.03


Tree=111
num_leaves=31
num_cat=0
split_feature=19 6 14 22 5 5 5 21 9 6 6 18 5 17 18 19 9 22 18 2 3 11 5 6 5 10 20 3 16 17
split_gain=27.56 34.1696 40.5938 46.2255 66.0531 83.269 48.4691 38.5326 59.1664 151.03 199.756 49.6984 30.3316 32.0912 30.8693 34.2004 35.5471 33.0255 30.3237 30.2499 64.2113 44.1877 30.1858 30.0836 45.3031 33.952 28.43 27.3653 27.2587 26.9866
threshold=3.5000000000000004 102.6404973389396 1.0000000180025095e-35 12744.500000000002 106.96885000000002 110.20941672648961 129.52252819548875 7211.5000000000009 2.5000000000000004 87.124785014072742 91.654153122780272 7032.5000000000009 32.515324423541337 0.014803769532591106 9087.5000000000018 8.5000000000000018 6.5000000000000009 57447.500000000007 9111.5000000000018 1.0000000180025095e-35 0.25881904510252057 42.500000000000007 157.86644114832538 97.867515242218602 170.88750000000005 901.50000000000011 26.925265312194828 -0.3794095225512602 1.5000000000000002 0.50925925374031078
decision_type=2 2 2 2 2 2 2 2 2 2 2 2 2 2 2 2 2 2 2 2 2 2 2 2 2 2 2 2 2 2
left_child=1 2 22 -4 7 -6 -7 8 9 -5 -11 -10 -2 -14 19 16 29 -18 -17 27 -21 -22 -1 -24 25 -25 -20 -15 -28 -16
right_child=12 -3 3 4 5 6 -8 -9 11 10 -12 -13 13 14 15 18 17 -19 26 20 21 -23 23 24 -26 -27 28 -29 -30 -31
leaf_value=-0.0058629028193301789 -0.013095240692962759 -0.0064056203551936175 0.001285774962257642 0.028443449563230361 0.15501884190167123 -0.012201521791230298 0.059356066540927926 -0.0044337837852336179 -0.013976664903124655 0.41825673284796672 -0.030572720247752927 0.16256302849448187 -0.0031618898444262982 -0.0040151407675576819 0.0077020302192177493 0.039904203613622312 0.1542395352061634 0.028391121671788217 0.028837532597096104 0.011393285775628429 -0.00043809884874484214 0.016956983101569675 0.0061309393281042618 0.042097750775239556 -0.011418893985592428 0.19949153405023839 -0.0020303459522492489 0.00067710010209475434 0.010441410227754685 0.12759780566437809
leaf_weight=768.16081747738644 144.57960365526378 1257.7124095084146 420.02993713459 14.966985444072636 6.0366638032719484 12.89463877584785 25.10597075521946 74.855460233055055 20.407628295011822 2.2673904830589886 1.4717059582471845 1.5437199613079418 1644.7052606055513 1458.3138468395919 254.61524751642719 19.377218671143055 1.9230278860777605 77.911706289276481 34.126895803026855 675.37915705423802 1934.401981884148 141.00951226335019 107.17297239694744 2.3654639013111574 4.0224903477355838 2.5775668537244201 665.53758551180363 4802.2633850052953 206.70856817811728 1.7008836083114136
leaf_count=40607 2468 65927 14701 571 119 587 379 3861 897 65 95 63 81227 42388 11410 420 33 2319 362 12135 40273 4211 2841 62 126 73 15543 125368 3236 65
internal_value=-5.21779e-05 -0.00277909 0.000336699 0.0065075 0.0202541 0.0515167 0.0350746 0.00833585 0.0318464 0.0710502 0.241598 -0.00156158 0.000563076 0.000728768 0.00135165 0.00574618 0.0139422 0.0314225 0.0027701 0.000736259 0.00335846 0.000743774 -0.00370772 0.0105471 0.0633372 0.124171 0.00197622 -0.000415892 0.000925263 0.00849764
internal_weight=14784.1 2721.59 1463.88 579.58 159.55 44.0373 38.0006 115.513 40.6574 18.7061 3.7391 21.9513 12062.6 11918 10273.3 1261.9 336.151 79.8347 925.75 9011.37 2750.79 2075.41 884.299 116.138 8.96552 4.94303 906.373 6260.58 872.246 256.316
internal_count=472432 130974 65047 21338 6637 1085 966 5552 1691 731 160 960 341458 338990 257763 33388 13827 2352 19561 224375 56619 44484 43709 3102 261 135 19141 167756 18779 11475
is_linear=0
shrinkage=0.03


Tree=112
num_leaves=31
num_cat=0
split_feature=9 8 14 8 8 1 8 6 5 22 8 5 5 19 8 8 5 18 8 5 22 5 6 6 16 6 6 22 6 6
split_gain=26.4462 46.1656 64.7479 45.3768 38.0282 34.9042 32.1397 29.6686 28.3578 25.8198 44.348 51.6074 91.5798 40.2968 37.209 64.0112 115.01 157.443 29.4678 29.2667 28.2227 27.1211 95.5161 55.1389 30.7937 26.914 59.1241 26.3953 24.3699 63.8564
threshold=5.5000000000000009 238.50000000000003 1.0000000180025095e-35 227.50000000000003 164.50000000000003 6.36966120327408 123.50000000000001 1.0000000180025095e-35 32.515324423541337 12744.500000000002 51.500000000000007 109.26259782001118 110.20941672648961 4.5000000000000009 40.500000000000007 43.500000000000007 117.95619047619049 7992.5000000000009 24.500000000000004 170.88750000000005 32735.500000000004 147.28426829268292 293.67560342542032 138.19102879488233 3.5000000000000004 419.83466928127365 387.67793117679764 38617.500000000007 203.15778998058366 190.97803365601996
decision_type=2 2 2 2 2 2 2 2 2 2 2 2 2 2 2 2 2 2 2 2 2 2 2 2 2 2 2 2 2 2
left_child=1 2 7 9 6 -3 -2 -1 -6 -4 14 -12 -13 -14 18 16 17 -16 27 -17 -21 22 24 -23 -15 26 -25 28 29 -11
right_child=4 5 3 -5 8 -7 -8 -9 -10 10 11 12 13 21 15 19 -18 -19 -20 20 -22 23 -24 25 -26 -27 -28 -29 -30 -31
leaf_value=0.009673097947909293 0.0027756276077288218 -0.012140973855662693 -0.0012958099201581703 0.037013428502454364 -0.014378624733364554 0.041444591023074642 0.014389245599145313 -0.0059565241848412581 0.00025644901726274533 0.022077039042626007 -0.014922839497191438 0.12114106425608462 -0.0042370485912833914 -0.010004427550556147 0.27514519668025761 -0.011254102289592414 0.02751228524718325 -0.030770554738461461 -0.003165463916847622 0.023398012191489979 0.10753680064955878 0.12943858749308232 0.26179840584759984 0.02402963629666632 0.14604661998096102 -0.025884193952134229 0.17325664992552575 0.088328980179725639 -0.013729236544988034 0.20506240902103259
leaf_weight=117.70038395468146 758.80079345405102 477.13590602390468 587.98825865145773 36.837444129399955 120.564991729334 11.196929265744982 298.9560985211283 1532.5605242205784 10214.113496220671 58.949150766246021 119.44478948926553 6.3547989800572386 156.01692015584558 45.69983134418726 4.8679811311885741 17.974997247569263 12.034506408497689 2.1976871956139803 72.696381875313818 18.159380274824802 4.4714406086131921 4.6564248632639638 1.2290273047983635 63.266686431132257 1.1671402398496855 8.9139079740270954 2.4833207139745346 5.2196845021098843 16.481207618489861 1.7678560791537155
leaf_count=4151 13203 35808 21433 933 2117 470 6119 78684 285175 1829 6950 112 6704 2275 90 812 293 105 2415 267 90 45 40 1463 17 216 62 107 416 31
internal_value=-5.17577e-05 -0.00237898 -0.000941615 0.00421204 0.000640227 -0.0109123 0.00605801 -0.00484178 8.57154e-05 0.00321512 0.00746535 0.00167106 0.00851073 0.00598547 0.0185035 0.0386279 0.0839194 0.179994 0.0107572 0.0173238 0.0400223 0.0185026 0.000727995 0.0292802 -0.00611825 0.0230339 0.0296658 0.0230377 0.0186231 0.0274049
internal_weight=14779.9 3387.47 2899.14 1248.88 11392.4 488.333 1057.76 1650.26 10334.7 1212.04 624.053 409.233 289.788 283.433 214.82 59.706 19.1002 7.06567 155.114 40.6058 22.6308 127.416 48.096 79.3203 46.867 74.6639 65.75 82.4179 77.1982 60.717
internal_count=472432 165818 129540 46705 306614 36278 19322 82835 287292 45772 24339 17884 10934 10822 6455 1657 488 195 4798 1169 357 4118 2332 1786 2292 1741 1525 2383 2276 1860
is_linear=0
shrinkage=0.03


Tree=113
num_leaves=31
num_cat=0
split_feature=10 10 16 5 5 6 8 12 11 10 18 10 21 5 20 16 5 5 2 6 5 5 11 3 19 5 6 0 5 12
split_gain=26.2857 37.801 56.8324 49.9656 107.46 64.7857 79.9764 34.6138 48.5267 106.857 43.7072 50.6907 50.4812 41.9265 35.7624 34.6655 33.2808 46.6601 43.5715 37.0221 41.6199 33.2379 37.3234 32.8185 31.6129 30.1743 47.1338 35.38 32.7737 44.8874
threshold=175.50000000000003 635.50000000000011 1.5000000000000002 108.91402769151141 103.23119735755576 139.11506431009667 182.50000000000003 1.0000000180025095e-35 1.5000000000000002 2.5000000000000004 1678.5000000000002 23.500000000000004 4003.5000000000005 143.45892908382868 23.440893173217777 1.0000000180025095e-35 40.528457893990939 143.45892908382868 0.37940952255126054 458.29373749271912 285.65054687500003 48.186564067272009 17.500000000000004 -0.60355339059327384 6.5000000000000009 131.63977291666669 192.86223179510634 2117.0100000000007 128.17677765237022 56.500000000000007
decision_type=2 2 2 2 2 2 2 2 2 2 2 2 2 2 2 2 2 2 2 2 2 2 2 2 2 2 2 2 2 2
left_child=7 3 16 4 -2 6 -6 -1 9 15 11 -10 14 21 -12 -9 18 24 -3 20 -19 -14 -23 -24 -18 27 -27 28 -26 -30
right_child=1 2 -4 -5 5 -7 -8 8 10 -11 12 -13 13 -15 -16 -17 17 19 -20 -21 -22 22 23 -25 25 26 -28 -29 29 -31
leaf_value=-0.0024342480814377588 -0.0028091417711033351 0.00068650425050980398 0.0035294403712760863 -0.014166255874190735 0.0054995689107764549 -0.006603318581569019 0.16823339292114417 0.018167039289664608 0.0031016842498010171 0.036794903660845972 0.005211265990534032 -0.013311510301208756 -0.0035849546376992988 -0.014423574293709098 0.018941461477503224 0.00057198977984780977 -0.0071973315235890709 0.00086186987597912086 0.024187419773966434 -0.010607725679523691 0.014334811931021161 0.006905875319145484 0.12715457524965831 0.031006244172043434 -0.0014390261492810503 0.022181881500099084 -0.015051894549450105 0.10477445297224196 0.085169285757592972 0.010675634144918509
leaf_weight=1287.2680412353948 355.86218025023118 260.53846546541899 2449.9723622552119 428.48525023460388 4.1390772722661513 6.2587364753708234 7.9165103090927005 135.04833657667041 342.27419700939208 116.17253110557795 1172.4778366433457 335.19929297547787 398.35727940313518 193.28045202232897 199.8308589765802 397.10715197585523 1799.7094073416665 1821.1710653658956 97.601558069698513 218.23527106270194 232.72697273269296 198.81619184836745 3.9187309257686165 17.30116961710155 1924.1073234886862 34.586190860718489 265.39033041056246 2.8660307712852946 8.2548611117526871 61.641550092026591
leaf_count=19674 7605 5438 84561 23389 233 398 150 706 3972 626 15811 12933 4856 2945 2359 3126 116835 67216 1354 7630 4726 2381 56 206 65774 1666 12381 94 295 3036
internal_value=-5.13537e-05 -0.000928614 -0.000382554 -0.00717169 0.000838077 0.0717065 0.112362 0.00177364 0.00331695 0.0107278 0.00163785 -0.00501921 0.00370288 -0.00222769 0.00721061 0.00503719 -0.00180734 -0.00230773 0.00709106 0.00114022 0.00238849 0.00158416 0.0109424 0.0487622 -0.00422012 -0.00188731 -0.010759 -0.000554583 -0.000705975 0.0194734
internal_weight=14776.5 9979.46 9176.8 802.662 374.177 18.3143 12.0556 4797.05 3509.78 648.328 2861.46 677.473 2183.98 811.674 1372.31 532.155 6726.83 6368.69 358.14 2272.13 2053.9 618.393 220.036 21.2199 4096.56 2296.85 299.977 1996.87 1994 69.8964
internal_count=472432 402781 371006 31775 8386 781 383 69651 49977 4458 45519 16905 28614 10444 18170 3832 286445 279653 6792 79572 71942 7499 2643 262 200081 83246 14047 69199 69105 3331
is_linear=0
shrinkage=0.03


Tree=114
num_leaves=31
num_cat=0
split_feature=3 3 2 5 9 2 19 17 0 0 0 11 0 21 21 12 17 17 0 0 0 0 0 0 0 0 19 9 17 0
split_gain=25.5007 64.1614 49.6697 34.3408 35.742 35.068 30.6265 30.1298 28.2926 94.1263 27.8943 27.2507 26.8055 35.6805 27.8165 26.1839 24.9825 31.9253 22.3229 22.2995 65.595 44.5874 45.4056 49.4175 32.3833 30.5139 28.0264 44.0184 28.9632 27.2942
threshold=-0.70710678118654757 -0.60355339059327384 0.37940952255126054 260.33945970149256 20.500000000000004 1.0000000180025095e-35 19.500000000000004 0.032902259379625327 57.955000000000005 57.008500000000005 53.975000000000001 35.500000000000007 58.941500000000012 8130.5000000000009 192.50000000000003 405.50000000000006 0.32071428000926977 0.1483944579958916 58.955000000000005 97.005500000000012 108.95500000000001 76.995000000000019 77.953500000000005 84.671000000000006 67.949500000000015 107.01000000000001 20.500000000000004 24.500000000000004 0.036812121048569686 65.006000000000014
decision_type=2 2 2 2 2 2 2 2 2 2 2 2 2 2 2 2 2 2 2 2 2 2 2 2 2 2 2 2 2 2
left_child=2 -2 3 -1 -5 -6 -4 -8 9 10 16 -7 13 14 -10 18 17 -3 -14 21 25 24 26 -24 29 -21 -23 -28 -29 -20
right_child=1 8 6 4 5 11 7 -9 12 -11 -12 -13 15 -15 -16 -17 -18 -19 19 20 -22 22 23 -25 -26 -27 27 28 -30 -31
leaf_value=-0.0052786782863784767 0.025140421432842234 -0.0021573697089274095 0.0048434624568332238 -0.0034136566955194686 0.013785890470601947 0.12012698599827297 0.014394142773196958 0.069234319553748508 0.067246126840349169 -0.022037487208124762 0.010275322675172104 0.035302937293254261 -0.022109006101393491 0.096895285794167341 -0.009106919672316572 -0.017450709736031172 -0.0087322688849644468 0.0032189848090897187 0.0021614107081430844 -0.0025993023294598508 0.002188254330751553 0.01374470585311382 -0.0055170910006116401 0.012393513252449275 -0.0063343140682277583 -0.014333442998640433 0.16383639512625414 0.015055009713655877 0.055684401714057856 0.019901696404140214
leaf_weight=1867.3099140878767 94.120027430355549 3153.9082804624923 60.218639303930104 102.45045646373183 65.40642449259758 5.1986847650259724 19.510746584273875 16.763568899594247 6.0568222701549592 191.27764237951487 203.64964594971389 9.8994888532906753 35.642178572248667 5.8632831596769384 14.757157159037886 65.720467945560813 354.07884378172457 1451.521334014833 592.46709395479411 546.92584697715938 4331.6930549712852 94.238561350852251 210.12461743224412 407.56216166447848 390.47581478580832 313.93817465519533 2.457496700808405 33.117127684876323 30.182748472318053 89.896678995341063
leaf_count=72353 1844 109700 1871 2638 1424 92 445 134 50 14707 7262 151 2557 110 331 2710 12153 21785 24233 20085 118287 4760 6206 12776 11993 19282 75 1065 258 1095
internal_value=-5.07321e-05 0.000463462 -0.00307341 -0.00406337 0.00834051 0.0232989 0.0179611 0.0397376 0.000278033 -0.00137201 -0.000606425 0.06451 0.00151007 0.0315261 0.0131116 0.00139799 -0.00105326 -0.000462871 0.00157298 0.00169283 0.000685097 0.00452051 0.00998999 0.00630069 0.000555782 -0.00687849 0.0242331 0.0392643 0.034428 0.00449857
internal_weight=14766.4 12619.7 2146.76 2050.26 182.955 80.5046 96.493 36.2743 12525.6 5354.44 5163.16 15.0982 7171.12 26.6773 20.814 7144.44 4959.51 4605.43 7078.72 7043.08 5192.56 1850.52 777.683 617.687 1072.84 860.864 159.996 65.7574 63.2999 682.364
internal_count=472432 393324 79108 76658 4305 1667 2450 579 391480 165607 150900 243 225873 491 381 225382 143638 131485 222672 220115 157654 62461 25140 18982 37321 39367 6158 1398 1323 25328
is_linear=0
shrinkage=0.03


Tree=115
num_leaves=31
num_cat=0
split_feature=0 0 17 19 18 14 16 18 10 17 10 15 2 17 9 21 19 3 21 15 15 15 0 7 19 7 21 10 7 2
split_gain=24.4502 50.4206 28.6865 29.4802 38.9324 29.3522 46.9049 48.8648 66.8239 30.8899 29.9394 77.947 27.7601 26.7827 41.5341 40.2715 36.1729 26.7358 26.6262 24.9775 24.093 23.3094 23.0479 22.5205 22.0065 20.8281 32.8621 47.0944 28.5802 21.4448
threshold=994.47500000000014 855.92000000000019 0.017181112430989746 1.5000000000000002 4844.5000000000009 5.5000000000000009 1.5000000000000002 23.500000000000004 1.5000000000000002 0.087325815111398711 2.5000000000000004 1.5000000000000002 0.91597561503675362 0.10811696574091913 7.5000000000000009 4109.5000000000009 141.50000000000003 -0.98296291314453399 8350.5000000000018 45.500000000000007 35.500000000000007 13.500000000000002 210.95500000000001 0.73790647366254103 291.50000000000006 0.28633737502411266 8372.5000000000018 806.50000000000011 2.4498421783677995 -0.37940952255126065
decision_type=2 2 2 2 2 2 2 2 2 2 2 2 2 2 2 2 2 2 2 2 2 2 2 2 2 2 2 2 2 2
left_child=1 2 -1 4 19 6 7 8 -5 20 -11 -12 25 14 15 21 -16 -13 -3 -4 -7 -8 -6 -24 -18 -9 29 28 -28 -27
right_child=-2 18 3 5 22 9 13 12 -10 10 11 17 -14 -15 16 -17 24 -19 -20 -21 -22 -23 23 -25 -26 26 27 -29 -30 -31
leaf_value=-0.0029847208127847494 -0.010697467930460105 0.0016695633122856175 0.0014280547579934289 0.0026925680562772023 -0.014256921289334829 -0.011505415919075081 0.031556456149363608 -0.0016635420544158089 0.022810952472045953 -0.0062518935495006278 0.04703191313649524 0.07231758514890628 0.0078039226857075893 0.0012543682954159045 0.0064743227157188464 0.016844146144973177 0.069359551332053848 0.0013633849469409794 0.030065064143752842 0.11029984552002997 -0.00058199816458318586 0.090680879133739969 0.014770353858678156 -0.012229366844834383 0.0072077430187072484 -0.003590214519784253 0.032399988015183845 0.0058871357521229984 0.13733252481477529 0.0047564054619960707
leaf_weight=2516.8203621944413 191.58296813908964 48.559277174994349 422.162425046321 588.59905523061752 362.82623233739287 449.12737169768661 11.697598820552232 4546.8728655437008 198.76739307306707 410.76132791489363 35.554752435535192 4.8051578449085346 373.60532123781741 575.46603106148541 885.60176230035722 69.67392295319587 13.441690735518934 894.14388784579933 76.60645017772913 1.9050891827791918 305.22673323564231 12.323629212565718 55.950323466211557 55.268294638954103 8.2891200967133027 727.21579511091113 42.484906653873622 426.48872226569802 2.4720032028853884 447.53439834527671
leaf_count=123722 5912 1023 18201 6168 25311 15063 118 164980 1324 5605 213 75 7101 6723 25662 2195 86 12402 852 99 8713 301 1339 2243 75 16159 901 10958 60 8848
internal_value=-4.99794e-05 9.00235e-05 -7.42526e-05 0.000539846 -0.0046868 0.000965417 0.0017158 0.000709158 0.00777137 -0.00222626 0.000498587 0.00346576 -0.000137625 0.00641158 0.00937634 0.0283926 0.00741264 0.00174266 0.0190487 0.00191715 -0.00708558 0.0618891 -0.0105945 0.00135328 0.045652 -0.00061671 0.00227469 0.0089656 0.0381698 -0.000410475
internal_weight=14761.8 14570.3 14445.1 11928.3 898.112 11030.2 8930.53 7354.04 787.366 2099.62 1345.27 934.504 6566.67 1576.49 1001.03 93.6952 907.333 898.949 125.166 424.068 754.354 24.0212 474.045 111.219 21.7308 6193.07 1646.2 471.446 44.9569 1174.75
internal_count=472432 466520 464645 340923 47193 293730 251659 216499 7492 42071 18295 12690 209007 35160 28437 2614 25823 12477 1875 18300 23776 419 28893 3582 161 201906 36926 11919 961 25007
is_linear=0
shrinkage=0.03


Tree=116
num_leaves=31
num_cat=0
split_feature=10 10 16 17 12 6 6 8 19 22 18 22 11 12 11 18 10 12 16 19 7 4 6 11 6 17 12 1 7 10
split_gain=23.8829 35.6591 51.8976 37.9656 33.9302 30.5587 93.9507 41.0434 30.2222 44.199 39.5163 27.9442 38.6775 35.3719 37.5409 95.3735 47.5531 60.2307 30.3281 28.3926 27.2273 26.6316 32.2283 27.4272 32.2237 26.404 24.2406 24.1954 23.002 22.7294
threshold=175.50000000000003 635.50000000000011 1.5000000000000002 0.0056861259508878001 18.500000000000004 141.41135609779022 137.47817414238094 498.00000000000006 8.5000000000000018 70493.000000000015 9261.5000000000018 317922.50000000006 19.500000000000004 1.0000000180025095e-35 6.5000000000000009 1730.5000000000002 2.5000000000000004 2.5000000000000004 4.5000000000000009 161.50000000000003 -0.43783549329126742 1.0000000180025095e-35 19.256250909393749 15.500000000000002 41.784537058020881 0.0012305529089644553 34.500000000000007 5.3563739877116054 -1.0385214214712299 940.50000000000011
decision_type=2 2 2 2 2 2 2 2 2 2 2 2 2 2 2 2 2 2 2 2 2 2 2 2 2 2 2 2 2 2
left_child=4 5 -3 -4 11 6 -2 -8 9 20 29 13 -13 27 16 -16 18 -18 -15 -19 -5 -6 -23 -24 -25 -17 -22 -1 -10 -11
right_child=1 2 3 8 21 -7 7 -9 28 10 -12 12 -14 14 15 25 17 19 -20 -21 26 22 23 24 -26 -27 -28 -29 -30 -31
leaf_value=-0.0033566545505669195 -0.003564138781555785 -0.0017251554211664512 -0.011535123445258498 0.027265151662698925 0.0043150142307643051 -0.013251237770186294 -0.0074660124737913596 0.13376543721982678 0.098760918669334841 0.21140957743262997 0.018589598442607241 -0.0077989064742575945 0.04854732946112527 0.0060636031783294604 -0.013739299132780944 0.028792090846322917 0.0051711424157334226 0.025139217091738743 -0.013205946475021922 0.061464941919897396 0.06863164905754926 0.13384731620883211 0.0055089846020152464 0.063036607131491479 0.01565675723515865 0.0036593548204559836 0.0046806595384171054 0.013937697255624361 0.0028210962367480907 0.072257275888179956
leaf_weight=1199.481119078584 414.32411234965548 6704.0304390504025 144.75321496510878 71.200571041554213 153.65897685289383 372.11060298001394 2.5836758343502861 6.5387535570189357 2.2516490481793872 2.2176741268485767 4.6716993860900402 408.41345703601837 11.266513925045727 540.01569797098637 318.84348296001554 38.590466111898422 184.39382687583566 152.81837171781808 85.092871975153685 22.175094161182642 5.4587797038257113 2.3471287991851559 49.952621486969292 23.134725178591907 29.256833890452981 1497.8609175207093 234.23437413200736 77.51068652421236 1992.6004986381158 2.0175817497074604
leaf_count=19030 10563 286445 12776 2981 3139 21009 152 51 24 51 147 5135 133 3759 11534 611 2131 1381 801 138 101 60 617 232 813 19607 9064 530 59363 54
internal_value=-4.9127e-05 -0.000886639 -0.000357701 0.00336981 0.00169042 -0.00697909 -0.00146734 0.0937655 0.00430193 0.0128636 0.078755 0.00108817 -0.00628626 0.00183995 0.0037047 0.00119206 0.00843981 0.0171354 0.00344054 0.0297424 0.0109758 0.0122655 0.0239346 0.0214139 0.0365784 0.0042906 0.00613708 -0.00230692 0.00292939 0.145121
internal_weight=14753.8 9958.99 9163.44 2459.41 4794.81 795.557 423.447 9.12243 2314.65 319.801 8.90696 4536.46 419.68 4116.78 2839.79 1855.29 984.496 359.387 625.109 174.993 310.894 258.35 104.691 102.344 52.3916 1536.45 239.693 1276.99 1994.85 4.23526
internal_count=472432 402781 371006 84561 69651 31775 10766 203 71785 12398 252 64790 5268 59522 39962 31752 8210 3650 4560 1519 12146 4861 1722 1662 1045 20218 9165 19560 59387 105
is_linear=0
shrinkage=0.03


Tree=117
num_leaves=31
num_cat=0
split_feature=3 3 2 5 9 2 11 9 14 0 0 6 0 12 0 18 21 21 6 14 9 0 0 5 18 6 21 10 5 7
split_gain=23.5195 59.103 46.5192 32.0638 33.0786 31.9086 30.9638 27.7124 27.0422 26.6641 90.2476 28.0352 26.8539 25.2755 24.4792 33.864 25.7145 24.2286 27.4 21.4746 22.1572 35.3825 65.9795 29.1806 53.085 27.6692 44.8346 43.2926 50.1354 58.4853
threshold=-0.70710678118654757 -0.60355339059327384 0.37940952255126054 260.33945970149256 34.500000000000007 1.0000000180025095e-35 37.500000000000007 30.500000000000004 1.0000000180025095e-35 57.955000000000005 57.008500000000005 398.73478829115862 53.975000000000001 405.50000000000006 58.941500000000012 8097.5000000000009 192.50000000000003 5839.5000000000009 458.29373749271912 19.500000000000004 5.5000000000000009 49.956500000000013 48.955000000000005 218.67191445969021 6335.5000000000009 305.38637327838245 95.500000000000014 849.50000000000011 218.67191445969021 -0.53667229886840639
decision_type=2 2 2 2 2 2 2 2 2 2 2 2 2 2 2 2 2 2 2 2 2 2 2 2 2 2 2 2 2 2
left_child=2 -2 3 8 17 -6 -7 -4 -1 10 11 12 19 14 15 16 -11 -5 -19 20 -3 22 25 -24 -25 -22 -27 -28 -29 -30
right_child=1 9 7 4 5 6 -8 -9 -10 13 -12 -13 -14 -15 -16 -17 -18 18 -20 -21 21 -23 23 24 -26 26 27 28 29 -31
leaf_value=-0.012953326364084288 0.02393437274041189 -0.0052289666726757309 0.0055535505391043245 -0.015962777621756286 0.015293425701386346 0.11987901542990775 0.023941379319593795 0.039119886373211885 -0.0034380707298261146 0.063421173650145657 -0.02182004812193002 -0.017687646960745845 0.010436018862167117 -0.0172121648801381 0.0015212131931858224 0.093149015472747898 -0.0092184786855266532 0.022470767432986611 -0.019163067543875582 -0.011857480949276454 -0.0002162790197055463 -0.0091740226336090632 0.016010693216716478 0.14897832238708414 0.019159657943304608 0.04023134755294562 -0.01278898317493911 -0.0050679573046470616 0.020272468412081933 0.10100163275741993
leaf_weight=326.15825101127848 95.673627303913236 723.09577543893829 63.209297499619424 53.80190256331116 47.638513096608222 5.7986482614651305 6.3361282125115395 34.067139897495508 1528.7725104647689 6.2249018009752097 186.86570765217766 84.959968157112598 200.97213626746088 64.656525322236121 7081.1372868181206 5.9759763032197943 14.847637583035974 50.643440593965352 19.784354450181127 151.88168157450855 3320.2689067879692 314.86222744546831 158.1656015785411 4.3014596300199619 8.3149814233183843 39.039107726886868 71.202758329920471 37.995147579349577 28.553969346918166 11.262119136750696
leaf_count=15941 1844 45321 1905 1430 1087 85 102 545 56412 50 14707 3866 7080 2710 222672 106 335 930 671 3380 68850 10605 6308 100 226 342 2434 1236 879 273
internal_value=-4.83765e-05 0.000444742 -0.0029593 -0.00392628 0.0080185 0.0263561 0.0697855 0.0173088 -0.00511117 0.000265165 -0.00133949 -0.00059706 -0.000310662 0.00146018 0.00163002 0.0301153 0.0122395 -0.000804637 0.0107751 -0.000754246 -0.00039674 0.000478121 0.00130416 0.019513 0.0634201 0.000417771 0.0116126 0.00411494 0.0195832 0.043107
internal_weight=14746.5 12610.3 2136.21 2038.93 184.003 59.7733 12.1348 97.2764 1854.93 12514.6 5341.74 5154.88 5069.92 7172.84 7108.19 27.0485 21.0725 124.23 70.4278 4868.94 4717.06 3993.97 3679.1 170.782 12.6164 3508.32 188.053 149.014 77.8112 39.8161
internal_count=472432 393324 79108 76658 4305 1274 187 2450 72353 391480 165607 150900 147034 225873 223163 491 385 3031 1601 139954 136574 91253 80648 6634 326 74014 5164 4822 2388 1152
is_linear=0
shrinkage=0.03


Tree=118
num_leaves=31
num_cat=0
split_feature=0 0 17 19 21 5 5 8 14 16 21 12 19 11 17 9 0 0 0 19 2 5 13 5 17 5 5 7 2 4
split_gain=23.2439 46.5358 27.1837 27.6165 37.0117 37.8371 69.9899 35.8818 26.6552 41.9281 40.6545 39.9327 29.587 40.3729 33.9307 45.217 33.0935 34.237 28.8712 27.112 26.4341 26.3809 33.5653 26.3785 26.0348 44.2489 48.7644 30.5735 29.3145 25.7923
threshold=994.47500000000014 855.92000000000019 0.017606118693947796 1.5000000000000002 4883.5000000000009 291.33348056365406 295.95424002339581 92.500000000000014 5.5000000000000009 1.5000000000000002 121.50000000000001 1.5000000000000002 57.500000000000007 36.500000000000007 0.029127937741577629 49.500000000000007 72.991000000000014 207.97500000000002 139.96000000000001 33.500000000000007 0.91597561503675362 116.70992336996339 7912.4995117187509 39.785202697926486 0.10811696574091913 106.03914328125617 102.58994080996887 -0.26354212336824462 0.78656609248549325 1.0000000180025095e-35
decision_type=2 2 2 2 2 2 2 2 2 2 2 2 2 2 2 2 2 2 2 2 2 2 2 2 2 2 2 2 2 2
left_child=1 2 -1 4 -4 -6 -7 -8 9 10 11 19 13 -10 15 -15 -17 18 -18 -5 -12 22 -2 -14 25 26 27 29 -27 -11
right_child=21 -3 3 8 5 6 7 -9 12 24 20 -13 23 14 -16 16 17 -19 -20 -21 -22 -23 -24 -25 -26 28 -28 -29 -30 -31
leaf_value=-0.0028497723466577455 0.13328942971364532 0.018208417583208646 0.001838631335319408 -9.0886630148758095e-05 -0.013457839206931924 0.16798278781931258 -0.0056124384479463163 0.063015307157618689 -0.013882373889444678 0.054470928110873514 -0.00057275890548107633 0.021611926424820311 -0.0045201299410777482 -0.028503448615013985 -0.0044108414476878594 -0.0082733214569975285 0.041833331820949345 0.010350964949265197 0.11029116643050763 0.012259480581174742 0.0077384235147340309 -0.013529804199077518 0.0081467214213503929 0.0036838583606138668 0.0010773263502547726 0.0057982780582588852 0.065929572456784699 -0.0022917241071712135 0.032851920305628717 0.0038131039773557423
leaf_weight=2597.1296286447905 2.3499977625906459 126.44961339235306 425.73440075013787 481.39057737588882 411.30055640311912 2.5195058565586796 40.986623520031571 8.2342573869973403 370.79550524614751 24.040893770754337 6073.3431591731496 138.30094714835286 605.49361729994416 12.921925369650124 200.80719196982682 11.992078050971029 12.721456811763348 12.873627172783015 9.8278236966580135 239.59079290367663 365.12050034850836 176.59311703685671 10.76624277140945 844.96696982160211 577.09452902898192 844.40179088898003 23.357440236024559 38.889719402417541 37.654850940220058 14.502329025417565
leaf_count=126977 47 1875 18392 5662 27353 44 1183 45 13023 625 199162 944 12397 607 5148 542 403 281 164 1881 6975 5432 433 9207 6723 24228 608 913 762 396
internal_value=-4.77028e-05 8.83074e-05 -7.05226e-05 0.000539686 -0.00454599 -0.0104162 0.0137626 0.00586843 0.000952847 0.00167085 0.000716571 0.00684578 -0.00210123 -0.0075188 0.00151677 0.0212444 0.0348021 0.0493849 0.0716698 0.00401329 -0.000101438 -0.0104809 0.0305682 0.00025911 0.00613515 0.00910494 0.0279357 0.016475 0.00695319 0.0354103
internal_weight=14742.2 14552.4 14426 11828.9 888.775 463.041 51.7404 49.2209 10940.1 8857.69 7297.75 859.282 2082.4 631.94 261.144 60.3369 47.415 35.4229 22.5493 720.981 6438.46 189.709 13.1162 1450.46 1559.94 982.847 100.79 77.4329 882.057 38.5432
internal_count=472432 466520 464645 337668 47017 28625 1272 1228 290651 248879 214624 8487 41772 20168 7145 1997 1390 848 567 7543 206137 5912 480 21604 34255 27532 2542 1934 24990 1021
is_linear=0
shrinkage=0.03


Tree=119
num_leaves=31
num_cat=0
split_feature=6 5 0 17 5 5 5 8 6 6 17 17 5 6 5 6 6 0 8 22 5 6 18 18 5 8 21 6 17 5
split_gain=23.0263 57.1187 33.1512 32.7738 29.2715 38.3753 92.7358 63.4119 36.6105 64.5683 31.856 36.4343 29.4737 51.9241 47.9546 40.2939 78.2851 59.274 51.8531 56.0249 59.777 80.9426 112.264 139.421 59.8384 50.57 56.8396 46.3277 46.637 55.8671
threshold=45.748518406342633 49.9330424528302 8.3700000000000028 0.0051786652766168126 71.17058333333334 102.58994080996887 103.91350000000001 380.50000000000006 186.6198685303122 187.78043695434891 0.023353106342256073 0.050039123743772514 183.47462987012989 239.13200698181927 194.67837767687723 204.38570124685731 205.54493770658823 25.665000000000003 243.50000000000003 94945.000000000015 118.93921900269544 236.82323399048286 8505.5000000000018 8222.5000000000018 143.45892908382868 121.00000000000001 9786.5000000000018 212.22418771571071 0.024893225170671943 113.54250948509487
decision_type=2 2 2 2 2 2 2 2 2 2 2 2 2 2 2 2 2 2 2 2 2 2 2 2 2 2 2 2 2 2
left_child=2 -2 -1 -3 -5 8 7 -7 -6 -10 -9 -12 13 15 -14 -8 17 -17 25 -20 -21 24 23 -23 -22 26 -18 -27 -29 -30
right_child=1 3 -4 4 5 6 12 10 9 -11 11 -13 14 -15 -16 16 18 -19 19 20 21 22 -24 -25 -26 27 -28 28 29 -31
leaf_value=-0.010089377576528566 -0.017861624002681951 -0.0097059706938329923 0.0022697470732383307 0.0072509273910118417 -0.0070660471679121406 -0.0054223948398756478 -0.0015665914440101327 0.02128727114035717 0.18359833842190398 -0.022233413387286176 0.081559447146994937 -0.010956925879080459 0.012237269669530371 -0.0083627231288340362 0.00063505707658023376 0.095240145094742643 -0.0073369914952009013 0.018448960939056985 -0.011299423360727567 0.03292295600936352 -0.019696842576470121 0.083845190790691485 -0.025152388051961974 0.43035098345205713 0.053386405013010632 0.064165936560401496 0.161847669722466 0.072126982513175994 0.10588026850489735 -0.018489447598148332
leaf_weight=204.45103381481022 174.45401257649064 339.59409472346306 4377.7062230305746 449.56478928774595 866.95008441014215 26.816955049522221 3321.4038517964073 20.023547966498882 2.4913965091109267 3.0517726335674524 28.713176564779133 4.4208876788616172 357.46295205038041 884.75484828092158 3110.8206721218303 14.953536910004912 50.606554022990167 22.901498408056796 220.08943541254848 70.057130774483085 87.070974454283714 4.4475303832441551 5.3515341561287642 1.3660814454779027 11.403463355265556 32.129545226693153 1.852620368823408 9.9033651147037727 3.7127735866233733 26.115851096343249
leaf_count=2924 1620 25394 67485 7640 56240 1479 155208 865 34 88 549 220 9126 38324 79858 128 2576 964 11532 2938 4200 198 244 60 511 616 58 217 110 1026
internal_value=-4.69875e-05 -0.000843719 0.0017183 -0.000546181 -0.000223452 -0.000589135 3.88222e-05 0.0321881 -0.00657466 0.0702784 0.0511618 0.0692155 -0.000273343 -0.00180392 0.00183085 -0.000309609 0.00711962 0.0487831 0.00411037 -0.0011517 0.0112771 -0.00255418 0.0739977 0.165267 -0.0112337 0.0210319 -0.00136216 0.0373797 0.0157189 -0.00300913
internal_weight=14734.6 10152.5 4582.16 9978.03 9638.44 9188.87 8316.38 79.9746 872.493 5.54317 53.1576 33.1341 8236.4 4768.12 3468.28 3883.37 561.962 37.855 524.107 399.786 179.697 109.64 11.1651 5.81361 98.4744 124.321 52.4592 71.8615 39.732 29.8286
internal_count=472432 402023 70409 400403 375009 367369 311007 3113 56362 122 1634 769 307894 218910 88984 180586 25378 1092 24286 19683 8151 5213 502 258 4711 4603 2634 1969 1353 1136
is_linear=0
shrinkage=0.03


Tree=120
num_leaves=31
num_cat=0
split_feature=13 3 0 0 3 0 0 7 6 14 11 13 0 0 5 5 21 10 12 17 21 13 10 9 9 0 6 6 7 21
split_gain=22.0986 23.0345 30.7561 70.1649 35.7791 36.2158 39.8027 32.6179 31.9263 30.7345 30.3767 38.1785 28.5173 28.9532 26.7859 27.7988 26.0501 25.2651 52.8165 39.1139 26.9706 24.6765 26.8831 23.3463 32.5027 23.0321 24.2946 48.9374 58.8599 31.6098
threshold=106449.06640625001 -0.5 76.995000000000019 77.953500000000005 0.37940952255126048 19.807500000000005 15.950500000000002 -0.59613529589201442 392.29733363186028 19.500000000000004 13.500000000000002 250.00250244140628 87.967000000000013 84.671000000000006 260.33945970149256 353.90564182194623 4003.5000000000005 943.50000000000011 12.500000000000002 0.22246482223272326 3948.5000000000005 20131.008789062504 959.50000000000011 12.500000000000002 29.500000000000004 26.404000000000003 118.00320056468131 116.4624855708158 -0.27413221474248461 2765.5000000000005
decision_type=2 2 2 2 2 2 2 2 2 2 2 2 2 2 2 2 2 2 2 2 2 2 2 2 2 2 2 2 2 2
left_child=1 14 4 21 5 6 -3 17 9 -6 11 -5 13 -13 -1 -16 -14 18 -8 20 -20 22 -4 -23 -25 -7 27 -27 -29 -28
right_child=-2 2 3 10 8 25 7 -9 -10 -11 -12 12 16 -15 15 -17 -18 -19 19 -21 -22 23 -24 24 -26 26 29 28 -30 -31
leaf_value=-0.0031468195388970541 -0.021857400462426031 0.0052752317826930527 0.028897496523942679 0.00076148484017224459 -0.0016169100668920204 -0.0074962139306969135 0.018141665493126517 -0.0047357394775419306 -0.018900726783969417 -0.017766397017939223 0.00061019358140810523 0.0056625489708839278 0.01359791869843085 0.07328710847431015 0.010669118210336616 -0.015564823075919098 -0.0080337624548238173 -0.0052326721339145824 0.10442461954705104 0.15260488323833296 0.03659265239488857 -0.0034357142614618434 0.086096132352345367 0.065948551400098185 0.0093839550643895712 0.0047974640611816209 -0.018070443083480485 0.051958528559015046 0.33662797991215276 0.0004853250954926613
leaf_weight=2835.4922141949646 41.690911993384361 289.54381769523025 56.586558744311333 516.03886718582362 3761.3374908766709 273.85717851808295 30.796650329604745 21.023759134113789 104.19319279352203 109.13727217540145 4386.2873512441292 9.8352720867842454 396.99427128024399 13.546068154275416 235.00706307031214 43.005632053129375 57.340842422097921 10.410556565970181 7.8711371878162089 4.8260457543656221 15.997669308446346 43.777902090921998 8.5069568520411831 13.621753904968498 27.804458356462419 825.53977364255115 99.572473754640669 3.270504885353148 0.81700384244322677 485.41384434327483
leaf_count=105345 1862 4344 1513 6144 123035 6782 288 342 4547 2508 151354 92 4224 84 5215 1221 671 154 71 68 203 2558 280 535 811 18422 4861 218 53 24627
internal_value=-4.68077e-05 1.51025e-05 0.000631302 0.00224796 -0.000848058 0.00235131 0.0107128 0.0280281 -0.00251343 -0.00207228 0.00168317 0.00641912 0.0125306 0.0448411 -0.00227552 0.006611 0.0108678 0.0378822 0.045427 0.0747108 0.0589614 0.0224652 0.0363727 0.0118403 0.0279835 0.000467184 0.00200883 0.00531016 0.108858 -0.00267311
internal_weight=14729.1 14687.5 11573.9 5530.34 6043.61 2068.94 380.47 90.9258 3974.67 3870.47 5380.04 993.755 477.716 23.3813 3113.5 278.013 454.335 69.9021 59.4915 28.6949 23.8688 150.298 65.0935 85.2041 41.4262 1688.47 1414.61 829.627 4.08751 584.986
internal_count=472432 470570 358789 168266 190523 60433 5470 1126 130090 125543 162569 11215 5071 176 111781 6436 4895 784 630 342 274 5697 1793 3904 1346 54963 48181 18693 271 29488
is_linear=0
shrinkage=0.03


Tree=121
num_leaves=31
num_cat=0
split_feature=0 0 5 6 16 17 19 18 5 5 0 2 3 2 0 0 19 3 18 21 6 0 19 2 11 14 10 21 18 6
split_gain=22.0786 43.0861 24.7235 47.3212 40.9536 24.2198 25.9473 36.303 37.1294 56.3591 24.9735 27.046 31.6996 47.9722 39.3131 58.232 37.6818 31.5117 24.0904 23.8814 28.402 23.5736 23.1087 35.625 29.6339 23.4698 23.0797 34.2908 49.9719 23.8514
threshold=994.47500000000014 855.92000000000019 116.70992336996339 193.28160263649175 1.5000000000000002 0.017606118693947796 1.5000000000000002 4844.5000000000009 291.33348056365406 295.95424002339581 8.3700000000000028 -0.37940952255126065 0.37940952255126048 1.0000000180025095e-35 76.995000000000019 77.953500000000005 32.500000000000007 -0.3794095225512602 9529.5000000000018 8350.5000000000018 144.52116561148964 9.3165000000000013 6.5000000000000009 0.91597561503675362 42.500000000000007 2.5000000000000004 362.50000000000006 8350.5000000000018 8770.5000000000018 259.0608665648445
decision_type=2 2 2 2 2 2 2 2 2 2 2 2 2 2 2 2 2 2 2 2 2 2 2 2 2 2 2 2 2 2
left_child=1 5 3 -2 -5 -1 7 -7 -9 -10 -8 17 13 -13 -14 16 18 -12 -16 20 -3 -19 -15 26 25 -25 -24 -28 29 -29
right_child=2 19 -4 4 -6 6 10 8 9 -11 11 12 14 22 15 -17 -18 21 -20 -21 -22 -23 23 24 -26 -27 27 28 -30 -31
leaf_value=-0.0026995226688524788 -0.013585365035488656 0.091846862975390117 -0.013287949037603436 0.19912003697412672 0.024624689892850125 0.0018981201430624435 -0.0087922144727130471 -0.013318965554365859 0.14294460204260037 0.0060408224969228964 -0.0039692776713863478 -0.005588911077097582 -0.0015166065734928168 0.0017417229552398822 0.0097060329364456657 0.0039203773380332594 0.074219051297495425 0.030352945232945815 0.11877591536635607 0.027687189626929048 -0.0046540089130820321 0.00088200021135742903 0.028790737820176878 0.01382786765488923 0.030468985632468051 0.00047605497609914775 0.00057467503232949983 0.10055966558950143 0.014603666295531894 0.022566450006384891
leaf_weight=2583.3146732496098 8.5647894684225303 2.9175211880356064 174.39922751951963 2.2066974751651278 2.6814248971641064 423.84223512560129 233.84424097463489 408.02296128496528 2.8632900109514585 49.359391801990569 1518.5716258506291 241.86653573205695 1981.2011213004589 289.46236783266068 25.988290580920879 1388.9898561816663 16.788270246237516 24.565819665789604 1.9599943319335569 78.604628451168537 46.397678699344397 4341.7109329178929 139.08745729550719 180.73192387074232 44.895461379550397 344.03654581494629 96.364557756111026 10.680873607285319 56.010878297500312 5.2701647356152526
leaf_count=126977 357 90 5432 54 69 18261 3283 27478 44 1234 47636 8463 49223 8252 982 36717 179 302 61 852 933 122244 1658 2563 571 4141 2794 215 1258 109
internal_value=-4.61151e-05 8.5936e-05 -0.0102652 0.028921 0.103399 -6.79478e-05 0.000506897 -0.00443675 -0.0102706 0.013547 0.000906332 0.00111813 0.00278349 0.00657054 0.00122161 0.00500543 0.0386944 -0.000246837 0.017355 0.0174201 0.00105505 0.00104781 0.00909164 0.0115173 0.00707582 0.00507446 0.0197479 0.0122758 0.0279448 0.074791
internal_weight=14725.2 14537.3 187.852 13.4529 4.88812 14409.4 11826.1 884.088 460.246 52.2227 10942 10708.2 4823.33 1408.41 3414.93 1433.73 44.7366 5884.85 27.9483 127.92 49.3152 4366.28 1166.54 877.078 569.664 524.768 307.414 168.326 71.9619 15.951
internal_count=472432 466520 5912 480 123 464645 337668 47017 28756 1278 290651 287368 117186 30024 87162 37939 1222 170182 1043 1875 1023 122546 21561 13309 7275 6704 6034 4376 1582 324
is_linear=0
shrinkage=0.03


Tree=122
num_leaves=31
num_cat=0
split_feature=6 6 0 0 0 6 0 0 6 22 0 12 0 0 22 6 13 8 6 22 6 22 22 0 18 0 10 0 18 20
split_gain=21.3472 41.6387 32.46 72.6064 29.9811 26.6111 26.4699 68.0416 61.3493 90.9116 53.0346 28.8766 27.8924 30.8419 31.2118 51.8493 56.5698 26.777 33.046 30.8089 48.1038 73.5859 30.7245 26.3552 103.97 56.4541 48.8229 38.3351 34.5978 37.0813
threshold=45.748518406342633 46.092055613603797 58.955000000000005 57.008500000000005 8.3700000000000028 398.73478829115862 97.005500000000012 108.95500000000001 51.678515180282197 33904.500000000007 96.823000000000022 248.50000000000003 107.01000000000001 106.97500000000001 71988.000000000015 184.336780497711 23493.919921875004 66.500000000000014 146.1395635446238 13629.500000000002 141.52101028590656 28533.500000000004 17753.000000000004 48.955000000000005 3113.5000000000005 50.014000000000003 10.500000000000002 47.936500000000009 3595.5000000000005 12.580979347229006
decision_type=2 2 2 2 2 2 2 2 2 2 2 2 2 2 2 2 2 2 2 2 2 2 2 2 2 2 2 2 2 2
left_child=4 -2 3 5 -1 23 10 8 9 -8 -4 17 13 -10 -15 16 -16 18 19 -9 22 -22 -21 26 -25 28 -3 -28 29 -26
right_child=1 2 6 -5 -6 -7 7 11 12 -11 -12 -13 -14 14 15 -17 -18 -19 -20 20 21 -23 -24 24 25 -27 27 -29 -30 -31
leaf_value=-0.0096610354063595173 -0.016085043093450557 0.011805800664413354 0.0027154414583876398 -0.01909141831930785 0.0021730537659719095 -0.017003956138579027 0.00516791725726854 -0.0030366465307850856 -0.0061316304442756283 0.14907638942307011 0.026652981926598429 -0.010121387320198754 -0.015811802558412694 -0.010042392140239808 0.3189725640448367 0.029326080030940768 0.026459855472858992 0.0025934778194246473 -0.009512942681677192 0.027139412189237481 -0.018066773533753241 0.21297821626864438 -0.0011674189521741095 -0.013768401224103739 0.12872750362793142 -0.0020792642989696749 -0.0035504156929007167 -0.02137178014764754 0.015152235969871582 0.035052718458254799
leaf_weight=201.52927161101252 158.18463244941086 175.69533495791256 1257.662795862183 239.19040449010208 4384.1133942296728 100.00830383319408 14.70869215205312 320.80909344181418 511.99034634884447 5.4017900731414548 89.208170997910202 200.55628345068544 344.85199009766802 7.2983709359541562 1.3713954389095291 6.4652278041467071 1.0510738305747507 3797.1010784218088 404.65381128154695 58.061601823195815 2.3268860755488268 2.6575923087075353 85.077186543494463 220.61880052648485 4.4196595381945398 193.82782437372953 1487.5970167783089 117.18951583746821 299.14132070075721 27.267925329506397
leaf_count=2924 1458 2253 60591 20142 67485 4613 577 9737 21337 77 3461 7583 22376 484 53 235 55 105379 12048 1393 102 39 3232 11143 53 10164 80915 8243 13506 774
internal_value=-4.54122e-05 -0.000813902 -0.00057176 -0.0032678 0.00165297 -0.00182637 0.000514413 -0.000370318 -0.00798221 0.0438226 0.00430091 0.00102532 -0.00917555 -0.00484266 0.0359294 0.0736803 0.192056 0.00150395 -0.00323177 0.00218842 0.013505 0.10512 0.0103147 -0.00122541 0.00351121 0.0107773 -0.00320807 -0.00485182 0.0183098 0.0481181
internal_weight=14720 10134.4 9976.21 2864.96 4585.64 2625.77 7111.25 5764.38 893.139 20.1105 1346.87 4871.24 873.028 528.176 16.1861 8.8877 2.42247 4670.69 873.586 468.932 148.123 4.98448 143.139 2525.76 745.276 524.657 1780.48 1604.79 330.829 31.6876
internal_count=472432 402023 400565 151806 70409 131664 248759 184707 45194 654 64052 139513 44540 22164 827 343 108 131930 26551 14503 4766 141 4625 127051 35640 24497 91411 89158 14333 827
is_linear=0
shrinkage=0.03


Tree=123
num_leaves=31
num_cat=0
split_feature=0 0 0 18 0 6 5 5 9 6 6 0 16 9 22 21 9 5 14 9 12 14 13 13 14 22 18 5 5 21
split_gain=21.0178 41.2628 96.7323 39.8039 29.7505 27.1778 50.7961 83.0221 48.267 34.1615 48.8171 29.403 28.2468 32.52 41.5289 67.5082 50.5128 41.6794 32.1454 30.16 29.9747 34.1247 25.3168 23.9202 23.8244 29.6199 34.8415 23.6488 56.4173 29.3008
threshold=994.47500000000014 440.99500000000006 454.97500000000008 8344.5000000000018 855.92000000000019 58.372396273751555 102.58994080996887 103.91350000000001 6.5000000000000009 186.6198685303122 187.78043695434891 8.3700000000000028 1.5000000000000002 25.500000000000004 214066.00000000003 9465.5000000000018 24.500000000000004 243.64987753222837 3.5000000000000004 36.500000000000007 137.50000000000003 6.5000000000000009 22384.852539062504 40050.742187500007 1.5000000000000002 54364.000000000007 7061.5000000000009 48.186564067272009 47.244698122241168 7998.5000000000009
decision_type=2 2 2 2 2 2 2 2 2 2 2 2 2 2 2 2 2 2 2 2 2 2 2 2 2 2 2 2 2 2
left_child=1 5 22 -4 -5 11 9 8 -8 -7 -11 -1 -9 14 16 -16 18 -17 -14 -15 21 -21 -3 -22 25 -10 -27 28 -13 -29
right_child=-2 2 3 4 -6 6 7 12 24 10 -12 27 13 19 15 17 -18 -19 -20 20 23 -23 -24 -25 -26 26 -28 29 -30 -31
leaf_value=-0.0093213847378002118 -0.010061950444206661 0.041038450348271575 -0.0040627954237700617 0.0046135102486257939 0.026246609789381523 -0.00812800739225422 -0.002991777893286605 -0.0020394288692113668 -0.0082969874108913769 0.15157070321400823 -0.021788024521612201 0.0014176491384701815 0.0078559881132629818 -0.008418546862264828 0.20127877037020733 -0.010688786800190678 0.056456200730166162 0.17744766264999826 -0.019052233572770336 0.0015766501599554523 0.0077947868892799897 -0.014573710808442211 0.014803723619467994 -0.0090630773698429298 0.073606641586490981 0.12915622493922629 0.033767517386259251 0.0070712703480691596 -0.014781827124859445 -0.0026234851278648746
leaf_weight=221.38681364245713 186.14052902068943 77.32132319919765 400.32958186604083 207.1542222192511 79.044793084263802 996.6813288629055 26.847580118570477 5192.6792354695499 11.295168782584367 2.9138413518667212 2.933900123462081 3253.7040448207408 465.74666370358318 314.36611215770245 2.5809618867933732 5.9777184901759028 18.166749030351639 1.2881640568375585 43.706500940956175 386.9693968296051 660.90934021212161 169.2429005978629 57.892036865465343 85.560401331633329 18.70662288274616 4.1971816606819656 19.261897851713002 1234.3068463746458 205.72110425774008 363.11563650658354
leaf_count=3118 5912 1232 9507 4653 846 69851 1635 217101 488 34 87 42666 16935 13425 79 264 693 22 1999 9820 21537 7343 1537 2814 352 40 566 23814 1936 12126
internal_value=-4.51206e-05 8.32026e-05 0.00661287 0.00204494 0.0105883 -0.000308218 -0.0013652 -0.000509642 0.0298277 -0.00770382 0.064594 0.00137992 -0.000841244 0.00204655 0.00843959 0.0694822 0.00730037 0.0226658 0.0055475 -7.83407e-05 0.00193434 -0.00333754 0.029806 0.00586254 0.0463093 0.0316164 0.050834 0.00184842 0.000454317 0.00486752
internal_weight=14716.1 14530 821.742 686.529 286.199 13708.3 8430.03 7427.5 80.3085 1002.53 5.84774 5278.23 7347.19 2154.51 537.467 9.84684 527.62 7.26588 509.453 1617.05 1302.68 556.212 135.213 746.47 53.4609 34.7542 23.4591 5056.85 3459.43 1597.42
internal_count=472432 466520 17775 15006 5499 448745 365085 295113 3081 69972 121 83660 292032 74931 19992 365 19627 286 18934 54939 41514 17163 2769 24351 1446 1094 606 80542 44602 35940
is_linear=0
shrinkage=0.03


Tree=124
num_leaves=31
num_cat=0
split_feature=13 5 6 17 21 5 18 7 5 19 22 0 0 6 21 18 21 6 6 6 22 19 18 5 8 8 9 5 7 0
split_gain=20.9174 20.8639 59.4065 39.0229 41.1543 181.327 41.9441 53.8755 38.0913 40.9253 48.3723 38.5994 38.9272 45.2725 35.7287 35.2084 31.7015 31.9552 33.2326 30.1524 30.1792 29.1822 42.2067 29.2219 60.8158 28.1711 46.505 42.122 34.9036 71.2051
threshold=106449.06640625001 183.47462987012989 239.13200698181927 0.097576983273029341 7727.5000000000009 132.21875000000003 8795.5000000000018 -0.36832059707539117 194.67837767687723 32.500000000000007 219449.50000000003 994.47500000000014 855.92000000000019 292.25516157722973 9009.5000000000018 8916.5000000000018 8350.5000000000018 349.83525281265167 376.01803382610933 82.717775613813913 9557.5000000000018 1.5000000000000002 4844.5000000000009 178.24452083333335 6.5000000000000009 82.500000000000014 7.5000000000000009 218.67191445969021 -0.55245868802709641 59.005000000000003
decision_type=2 2 2 2 2 2 2 2 2 2 2 2 2 2 2 2 2 2 2 2 2 2 2 2 2 2 2 2 2 2
left_child=1 2 21 -4 -5 -6 -7 -8 9 10 -3 12 19 -14 -11 -9 -15 -18 -19 20 -10 22 -1 -24 -25 -21 27 -27 -29 -30
right_child=-2 8 3 4 5 6 7 15 11 14 -12 -13 13 16 -16 -17 17 18 -20 25 -22 -23 23 24 -26 26 -28 28 29 -31
leaf_value=0.00087605200503721966 -0.021564848968310558 0.0018842113856421768 -0.010625075159587809 0.0013744867550859851 0.44252792350902526 -0.022376396275374147 0.24781086204067704 0.17927813258753453 0.0099210507113202968 0.030178613783201011 0.12056839722820754 -0.015539986420799996 0.06255561217139495 -0.015167689835256282 -0.016144614154609393 -0.013195625543768269 -0.028380408168824645 0.059333311471059469 0.0078405273183698287 -0.0060183974172672815 0.054607803242713547 0.00052377106942193686 -0.012587778092398532 0.27476025967733131 -0.0055760129106725755 -0.0023868648558246024 0.00040398906420850749 -0.018104352971177812 0.08488266986731749 0.020365940657688413
leaf_weight=503.29787689074874 40.537764535751194 227.34265956748277 757.32848625909537 103.00358881894499 1.0135485231876362 7.2390421102754754 1.4008636251091955 1.1415699478238819 81.338422886095941 117.93817285168916 3.1332746967673293 122.6865604436025 18.363979201763868 28.433733282610774 17.166333641856909 3.411568297073245 8.7818125486373884 23.0789481587708 22.064422067254782 501.47684729564935 16.332922506146133 9283.4915004190989 429.83104987908155 0.98248590761795584 2.3923852010630071 86.679081371054053 2148.7454697834328 16.034548702649772 17.670732302591205 119.60212931875139
leaf_count=23103 1862 7354 32622 4917 43 404 85 47 1492 1568 60 3608 200 499 354 171 86 141 177 16233 155 285606 31457 56 130 2861 53612 681 531 2317
internal_value=-4.4654e-05 1.48073e-05 -0.000627555 -0.00813202 0.00797633 0.0558424 0.0261355 0.0851175 0.00200725 0.0111828 0.0034977 0.00096269 0.00161822 0.0199618 0.0242928 0.0350617 0.0104645 0.0239798 0.0341655 0.000999844 0.0173937 1.46115e-05 -0.00503265 -0.0118974 0.0760349 0.000445831 0.00180289 0.0143281 0.0237787 0.028671
internal_weight=14711.9 14671.4 11094.5 874.539 117.21 14.2066 13.193 5.954 3576.87 365.58 230.476 3211.29 3088.6 100.723 135.105 4.55314 82.3589 53.9252 45.1434 2987.88 97.6713 10220 936.504 433.206 3.37487 2890.21 2388.73 239.986 153.307 137.273
internal_count=472432 470570 378641 38289 5667 750 707 303 91929 9336 7414 82593 78985 1103 1922 218 903 404 318 77882 1647 340352 54746 31643 186 76235 60002 6390 3529 2848
is_linear=0
shrinkage=0.03


Tree=125
num_leaves=31
num_cat=0
split_feature=2 16 18 10 15 17 14 5 1 2 1 10 5 6 5 12 18 17 1 9 3 5 16 14 5 9 1 20 12 8
split_gain=19.7896 22.1518 32.7084 37.0399 48.9878 25.1793 25.764 22.0822 29.7319 37.7121 21.8319 23.2265 24.9766 29.2691 25.0734 26.4167 21.5744 21.0798 21.057 20.8674 20.6168 24.4266 22.3074 21.625 19.6773 19.8983 19.3134 30.007 35.7389 19.1787
threshold=0.78656609248549325 1.0000000180025095e-35 33.500000000000007 1.5000000000000002 1.5000000000000002 0.0056861259508878001 9.5000000000000018 37.769805555555564 3.0353133713145306 -0.9159756150367534 5.5901655463522486 806.50000000000011 279.57720085470095 419.83466928127365 353.90564182194623 151.50000000000003 3255.5000000000005 0.26705427467823034 6.2402271098522464 3.5000000000000004 0.91597561503675351 293.58145646766178 10.500000000000002 4.5000000000000009 111.61648634453783 7.5000000000000009 2.8302973314814044 20.169117927551273 170.50000000000003 185.50000000000003
decision_type=2 2 2 2 2 2 2 2 2 2 2 2 2 2 2 2 2 2 2 2 2 2 2 2 2 2 2 2 2 2
left_child=1 2 3 -1 -5 -3 7 -7 9 26 -4 24 -13 14 15 -14 -8 19 -15 -11 23 22 -22 -10 25 -12 -9 -28 -29 -2
right_child=29 5 10 4 -6 6 16 8 20 17 11 12 13 18 -16 -17 -18 -19 -20 -21 21 -23 -24 -25 -26 -27 27 28 -30 -31
leaf_value=0.00057151267497345336 0.0090937773948431607 -0.010686632781493524 -0.003131849926251061 0.031959442251688071 -0.00062608933123043623 -0.0099765354849323251 -0.009909691644869047 0.018497011564827592 0.0016120178497179539 0.05901043883432322 0.065994661329319165 -0.0037308949253538641 0.056430408451605012 0.012304405522124867 -0.0031941303364591651 0.016713246764841868 0.00073993279529328305 -0.026016625579476919 -0.020872211959183498 0.0057788029544340929 0.0040922647419095928 0.035406428720784297 0.050999488374509835 -0.0038917064315719956 0.0077258761378414236 -0.0044191238573438613 -0.0012001741867385795 0.10743501750763175 0.022455087385484785 0.0012882019128739738
leaf_weight=496.75286342203617 372.15827608061954 166.61031368467957 5029.5955191175453 89.854135157540441 77.194380182772875 139.80787451658398 328.55422920547426 61.47420016117394 3230.302489079535 6.8069222262129179 10.649539100006225 577.24194095749408 22.936323182657361 32.350338013842702 28.687067409977317 43.955748047679663 357.4809398110956 18.443620867095888 36.807788783684373 251.92529183905572 1062.6614258247428 23.512095876038074 9.2035734346136433 802.04925628099591 212.02166707720608 5.4657533876597872 7.4384355433285263 10.210896503180267 7.9000160545110694 1186.5866051786579
leaf_count=6537 8388 15154 218793 579 857 2687 8351 886 98357 169 218 18776 259 704 740 679 6839 253 1100 3459 31374 377 198 20290 3075 68 61 93 102 23009
internal_value=-4.43008e-05 -0.000423216 -0.00163795 0.00468101 0.0169014 0.000825072 0.00112866 0.0017973 0.00209703 0.0103796 -0.00233707 0.00178349 -0.000790478 0.00951279 0.0202693 0.0303317 -0.00436036 0.00497037 -0.00535307 0.00717926 0.00150876 0.00515854 0.00449503 0.000517307 0.0101549 0.0421127 0.0276082 0.0495307 0.0703666 0.00315182
internal_weight=14706.6 13147.9 6663.51 663.801 167.049 6484.38 6317.77 5631.74 5491.93 364.199 5999.71 970.116 741.979 164.737 95.5791 66.8921 686.035 277.176 69.1581 258.732 5127.73 1095.38 1071.86 4032.35 228.137 16.1153 87.0235 25.5493 18.1109 1558.74
internal_count=472432 441035 252385 7973 1436 188650 173496 158306 155619 5023 244412 25619 22258 3482 1678 938 15190 3881 1804 3628 150596 31949 31572 118647 3361 286 1142 256 195 31397
is_linear=0
shrinkage=0.03


Tree=126
num_leaves=31
num_cat=0
split_feature=13 0 0 17 0 21 5 0 0 5 0 19 11 13 13 2 0 0 0 14 5 5 5 9 22 5 5 0 17 12
split_gain=20.084 19.6948 100.495 33.3758 27.7047 25.2443 23.0962 21.8801 31.6117 23.5853 27.1122 23.7197 22.5709 53.9719 27.4018 27.3133 21.4002 54.3338 39.3833 29.5241 28.3052 27.8241 28.8987 47.5371 27.3849 26.5058 52.4713 47.0659 35.8013 35.7537
threshold=106449.06640625001 57.955000000000005 57.008500000000005 0.32071428000926977 58.941500000000012 9109.5000000000018 266.30927580079498 994.47500000000014 855.92000000000019 116.70992336996339 2117.0100000000007 2.5000000000000004 10.500000000000002 912.15200805664074 100.0279998779297 0.78656609248549325 48.955000000000005 49.000500000000009 46.903000000000013 2.5000000000000004 218.67191445969021 73.866875000000007 69.605000000000004 4.5000000000000009 35593.000000000007 183.47462987012989 194.67837767687723 36.95600000000001 0.090923395007848754 253.50000000000003
decision_type=2 2 2 2 2 2 2 2 2 2 2 2 2 2 2 2 2 2 2 2 2 2 2 2 2 2 2 2 2 2
left_child=1 2 3 6 5 -3 16 8 12 10 11 -9 13 14 -6 -15 18 20 25 21 -18 22 -19 -24 -22 28 -27 -28 -1 -29
right_child=-2 4 -4 -5 7 -7 -8 9 -10 -11 -12 -13 -14 15 -16 -17 17 19 -20 -21 24 -23 23 -25 -26 26 27 29 -30 -31
leaf_value=-0.0048901821239725977 -0.021346576699313204 0.018334789548399177 -0.020925388231659112 -0.0086869400244819293 -0.001432678236566278 0.096207171054220039 -0.016272838574906561 0.1223233649935131 0.015744678728338277 -0.012536026565053872 0.10839393750248645 -0.011509979201647907 0.00019883687001194278 0.023437562102219239 0.0081760301003873433 0.085997632600662705 0.014228930121057724 0.014972266463927868 -0.014105069386454264 -0.0069637104621063199 0.12927155727117842 0.00074369955762130873 0.03378472214275869 0.24432485978879032 0.034956837861279441 0.032880673231948349 -0.0061941697938567653 0.02050916287655755 0.0012994853689627993 0.13211083253457911
leaf_weight=1207.4877803525887 39.722030991222709 25.340273392386738 225.87463257880881 419.55048430431634 579.46598859876394 4.396662473678588 76.508012343198061 1.371145456098019 129.97074688412249 167.8150690831244 2.9905062336474648 9.114715585485099 7072.4703161399812 69.501217369921505 495.53049664851278 6.9049031902104607 211.16083428356797 107.02910577598959 184.6089846175164 291.68728484027088 3.512885486707094 299.74299001507461 3.6983509063720694 1.3060074020177124 13.114925439469515 63.789727617055178 161.7391804466024 51.462790139950812 2771.1019303123467 2.7201375085860482
leaf_count=67058 1862 485 18582 15022 7362 68 3186 61 1868 5398 76 334 252027 718 5335 39 11049 1760 9422 8820 93 14428 194 52 353 1301 5530 1655 38243 51
internal_value=-4.34361e-05 1.4282e-05 -0.00128904 -0.000533467 0.000941926 0.0298484 9.41238e-05 0.000841214 0.00106498 -0.00946966 0.0287144 0.00599025 0.000832977 0.00472817 0.00299655 0.0290912 0.000327128 0.00446212 -0.000539584 0.000338609 0.0171965 0.0055113 0.0182669 0.0887302 0.0548823 4.85167e-05 0.00897505 0.00191263 -0.000579057 0.0261119
internal_weight=14700.7 14661 6096.1 5870.22 8564.87 29.7369 5450.67 8535.14 8353.84 181.291 13.4764 10.4859 8223.87 1151.4 1075 76.4061 5374.16 931.252 4442.91 703.464 227.789 411.776 112.033 5.00436 16.6278 4258.3 279.712 215.922 3978.59 54.1829
internal_count=472432 470570 196799 178217 273771 553 163195 273218 267349 5869 471 395 265481 13454 12697 757 160009 36749 123260 25254 11495 16434 2006 246 446 113838 8537 7236 105301 1706
is_linear=0
shrinkage=0.03


Tree=127
num_leaves=31
num_cat=0
split_feature=3 3 5 22 10 14 19 6 5 6 14 5 19 6 6 17 21 9 9 22 9 9 21 11 17 11 22 0 3 10
split_gain=19.2074 53.1168 27.9769 28.0361 41.0065 24.8434 24.6221 24.4984 32.3043 50.3808 30.9024 32.344 44.0733 28.9407 30.9696 27.8346 27.9766 33.9707 34.0939 46.9721 63.4095 37.0767 44.4997 30.9104 26.0481 52.9581 31.1569 25.3555 23.7249 23.5986
threshold=-0.70710678118654757 -0.60355339059327384 260.33945970149256 54364.000000000007 57.500000000000007 1.0000000180025095e-35 8.5000000000000018 419.83466928127365 183.47462987012989 239.13200698181927 6.5000000000000009 194.67837767687723 22.500000000000004 134.14452347908596 247.69080830032348 0.097576983273029341 998.50000000000011 3.5000000000000004 6.5000000000000009 43671.500000000007 5.5000000000000009 5.5000000000000009 5623.5000000000009 10.500000000000002 0.035020904615521438 43.500000000000007 64107.000000000007 2858.1300000000006 0.78656609248549303 257.50000000000006
decision_type=2 2 2 2 2 2 2 2 2 2 2 2 2 2 2 2 2 2 2 2 2 2 2 2 2 2 2 2 2 2
left_child=2 -2 5 -4 -5 -1 -6 8 9 27 11 12 -10 28 -15 -11 -17 -18 19 21 -21 29 -23 -20 26 -26 -14 -3 -13 -19
right_child=1 7 3 4 6 -7 -8 -9 10 15 -12 13 24 14 -16 16 17 18 23 20 -22 22 -24 -25 25 -27 -28 -29 -30 -31
leaf_value=-0.011248482247842031 0.022488113638943666 0.0003029134760909254 -0.0034561408764939802 0.099883084014813356 0.058789306960280181 -0.0022244509858540071 0.0093372518024132326 -0.0063668475657350353 0.0033205057943413584 -0.010294912125968281 -0.0071410130469952062 0.0078763711630679429 0.042625413928633178 -0.0094661908718948126 0.0035351425693749038 -0.023020296938650951 -0.015006667015684098 0.09562756591154431 0.097982225361507067 0.2512749930375906 0.006484581688071837 0.17210702504541184 -0.014134868845713635 -0.0011616110399342071 0.034317822734440707 0.16181877865147573 -0.00071916644550689031 0.12070039073410174 0.035016199651016176 -0.010187695475439348
leaf_weight=332.06826974498108 97.239264033734798 8795.7134743430652 94.724335497245193 5.3869079109281293 10.174825300462542 1585.6907347831875 82.812694412656128 486.98424300039187 159.443902826868 619.04599860263988 221.93531830701977 87.879185961559415 22.376403152942657 183.09369371645153 1658.7868186575361 21.780923634767532 22.857241329271346 2.3264863798394861 3.145794675685468 2.3340384522452942 1.6088443836197259 3.2375296261161557 1.7946959892287848 28.209873022511601 61.289931667968631 3.0791908148676148 44.823474522680044 1.5745526449754823 43.258947362191975 10.271368800662456
leaf_count=16410 1844 283267 2629 83 140 58289 1557 14420 5024 26929 7659 1638 169 5469 39581 780 1423 59 36 72 74 107 82 1425 1016 50 756 48 804 592
internal_value=-4.28541e-05 0.000401358 -0.00269107 0.00819319 0.0194103 -0.003787 0.0147484 0.000229361 0.000497051 -0.000298616 0.0035421 0.00458933 0.0139259 0.00321223 0.00224273 -0.00794765 0.00694535 0.0155575 0.0287566 0.0577847 0.151391 0.03685 0.105686 0.00878511 0.0267782 0.040417 0.0137138 0.000324462 0.0168291 0.00935355
internal_weight=14694.9 12584.1 2110.86 193.099 98.3744 1917.76 92.9875 12486.9 11999.9 9513.9 2485.97 2264.03 291.013 1973.02 1841.88 716.613 97.5668 75.7859 52.9286 21.573 3.94288 17.6301 5.03223 31.3557 131.569 64.3691 67.1999 8797.29 131.138 12.5979
internal_count=472432 393324 79108 4409 1780 74699 1697 391480 377060 314894 62166 54507 7015 47492 45050 31579 4650 3870 2447 986 146 840 189 1461 1991 1066 925 283315 2442 651
is_linear=0
shrinkage=0.03


Tree=128
num_leaves=31
num_cat=0
split_feature=13 3 2 6 6 0 0 3 0 0 6 14 11 13 19 9 11 0 0 17 14 0 10 6 6 6 18 18 18 13
split_gain=19.2843 19.108 104.15 30.6877 31.2726 26.5619 61.5396 31.736 32.1383 34.2213 29.4367 29.3914 26.3856 34.294 26.1585 32.7545 25.9789 25.2474 39.4639 23.4296 22.3155 22.163 23.6322 32.7289 22.9909 42.81 36.1243 117.376 26.1986 21.567
threshold=106449.06640625001 -0.5 0.37940952255126054 41.868701221492657 186.49048777273472 76.995000000000019 77.953500000000005 0.37940952255126048 19.807500000000005 14.992500000000001 392.29733363186028 19.500000000000004 13.500000000000002 100.0279998779297 20.500000000000004 24.500000000000004 12.500000000000002 87.967000000000013 84.671000000000006 0.036812121048569686 1.0000000180025095e-35 26.404000000000003 1087.5000000000002 395.77295757026781 118.00320056468131 116.4624855708158 7211.5000000000009 6595.5000000000009 2747.5000000000005 32000.761718750004
decision_type=2 2 2 2 2 2 2 2 2 2 2 2 2 2 2 2 2 2 2 2 2 2 2 2 2 2 2 2 2 2
left_child=1 2 20 -4 16 7 14 8 9 -3 11 -9 13 -8 -7 -16 -5 18 -15 -17 -1 -10 24 -24 25 29 27 -27 -26 -23
right_child=-2 5 3 4 -6 6 12 10 21 -11 -12 -13 -14 17 15 19 -18 -19 -20 -21 -22 22 23 -25 28 26 -28 -29 -30 -31
leaf_value=-0.0091792359142057016 -0.021127194404090187 0.0031497496237633312 0.042020189377427145 0.035528055123705812 0.025107945239690958 0.010319665291521911 -0.0015572010848730366 -0.0015210296735301801 -0.0074251401480076315 0.021676829010375064 -0.018413409200275978 -0.017462723485399685 0.00053497607187321164 0.0035491058706889882 0.13404482698274853 0.013476500318433494 -0.010851611032097254 0.0086703775981674044 0.068903403427648807 0.050649257002020914 -0.0022927816059662778 0.0059492180894182298 0.019399360898612966 0.14422531344346046 -0.017602769794282044 0.023957768628303826 0.00026125830471006908 0.45590152596636979 -0.0004021358294008558 -0.0084976549382853317
leaf_weight=515.40375229902565 38.936087156645954 241.56288829259574 41.306820388883352 13.455838210880755 85.450588879175484 90.083684742450714 354.80066761188209 3743.6233432902955 271.94598111044616 142.75191381620243 100.46874262718484 107.06324535422027 4388.5289625553414 17.008293265476823 2.891639055684208 32.887864258140326 56.549246929585934 611.97485726326704 16.270530842244625 28.470653418451548 2375.1651776689105 704.05910117644817 30.993495969567448 2.0132405934855333 95.97709650779143 1.6462190011516207 1.9449606486596165 0.8630209658294915 469.78124816063792 107.15443932637572
leaf_count=24292 1862 3242 449 114 1724 4385 4355 123035 6782 2228 4547 2508 151354 146 73 1009 2007 6613 101 230 83195 13726 1253 37 4798 99 127 42 23944 4155
internal_value=-4.23069e-05 1.37235e-05 -0.00208307 0.0190362 0.0129291 0.000573484 0.00207206 -0.000805905 0.0022025 0.0100315 -0.00238253 -0.00196427 0.0015371 0.00593469 0.0207503 0.0353749 -0.00193687 0.0100542 0.0355018 0.0307248 -0.00352067 0.000418316 0.00192634 0.0270131 0.00132693 0.00455019 0.0973015 0.172519 -0.00332011 0.00404091
internal_weight=14691 14652.1 3087.33 196.762 155.456 11564.8 5542.92 6021.85 2070.69 384.315 3951.16 3850.69 5388.58 1000.05 154.334 64.2502 70.0051 645.254 33.2788 61.3585 2890.57 1686.38 1414.43 33.0067 1381.43 815.668 4.4542 2.50924 565.758 811.214
internal_count=472432 470570 111781 4294 3845 358789 168266 190523 60433 5470 130090 125543 162569 11215 5697 1312 2121 6860 247 1239 107487 54963 48181 1290 46891 18149 268 141 28742 17881
is_linear=0
shrinkage=0.03


Tree=129
num_leaves=31
num_cat=0
split_feature=13 0 0 17 8 8 20 0 17 21 0 0 0 0 0 14 0 0 0 0 0 0 0 12 18 15 18 18 17 5
split_gain=18.5151 17.8238 96.4488 31.4498 28.1332 39.7184 39.1089 25.6934 25.5284 22.5666 21.6804 24.8966 67.9505 44.1609 37.1824 33.4771 24.075 28.1625 41.5418 43.1247 27.058 33.4371 26.9337 81.6267 26.7421 47.6563 60.0319 37.1298 24.6442 23.7844
threshold=106449.06640625001 57.955000000000005 57.008500000000005 0.32071428000926977 421.50000000000006 363.50000000000006 43.426305770874031 58.941500000000012 0.0063338105101138362 9109.5000000000018 58.955000000000005 97.005500000000012 108.95500000000001 96.823000000000022 107.01000000000001 4.5000000000000009 93.506500000000017 76.995000000000019 77.953500000000005 84.671000000000006 67.949500000000015 67.955000000000013 65.006000000000014 255.50000000000003 3522.5000000000005 23.500000000000004 1230.5000000000002 3454.5000000000005 0.01785963494330645 73.866875000000007
decision_type=2 2 2 2 2 2 2 2 2 2 2 2 2 2 2 2 2 2 2 2 2 2 2 2 2 2 2 2 2 2
left_child=1 2 3 4 5 -1 -7 9 -6 -3 -9 13 14 16 15 -13 17 20 -19 24 22 -22 -12 -24 25 -20 -27 -28 -21 -16
right_child=-2 7 -4 -5 8 6 -8 10 -10 -11 11 12 -14 -15 29 -17 -18 18 19 28 21 -23 23 -25 -26 26 27 -29 -30 -31
leaf_value=0.0020379640191704458 -0.020906332455900994 0.017583369125769605 -0.020689674609719023 -0.0084495589362878626 -0.015273313416142102 0.030864833101613792 -0.0036374857951909597 -0.02181383868449123 -0.00085098403080579904 0.090028494688106531 0.0016177349145980087 0.00050398904131802511 0.0013270735712416274 0.023450827242278319 0.015624437525722084 -0.016621097582867859 -0.021955764152332378 0.019559539344174273 -0.008117507958161017 -0.0059034167116680646 -0.024325223290416139 -0.0019556295374267806 0.011880827919357753 0.13296067809584283 -0.01254221002997598 0.11731699208202601 -0.0065753551882437389 0.11401920788425282 0.014304810115846597 -0.016434217165088083
leaf_weight=1463.4697755700909 38.178517590742558 25.646604240871969 220.89519139192998 415.69825620157644 113.82565143285319 87.528237411752343 44.651919453404844 37.998332401271909 3732.9287098986097 4.5574990464374414 684.59743311814964 536.60237877164036 5299.6082768952474 97.105555118061602 22.121384893544018 127.06359014939517 34.901064896956086 196.57324767485261 47.204043596982956 67.341490280814469 71.268710845150054 385.0928234346211 94.340438976883888 5.2921786336228243 170.59810176864266 7.0586077207699445 14.090987438336017 2.7454860620200625 280.7246570577845 356.17898736614734
leaf_count=52190 1862 485 18582 15022 10172 1328 1432 2888 98073 68 28798 19691 145878 3708 755 5221 750 7538 529 3403 4174 10521 1178 55 6315 134 542 30 7594 23516
internal_value=-4.17819e-05 1.26005e-05 -0.00122985 -0.000496065 0.000111433 0.00346042 0.0192096 0.000894046 -0.00127774 0.0285146 0.000796341 0.000897411 -4.9895e-05 0.00367999 -0.00705338 -0.00277473 0.00274885 0.00317423 0.00761592 0.003635 0.000358914 -0.00544903 0.00373869 0.0183122 -0.0061001 0.00935736 0.0438785 0.0130897 0.0103951 -0.0145596
internal_weight=14685.9 14647.7 6079 5858.1 5442.4 1595.65 132.18 8568.71 3846.75 30.2041 8538.51 8500.51 6341.57 2158.93 1041.97 663.666 2061.83 2026.93 786.337 589.763 1240.59 456.362 784.23 99.6326 241.697 71.0991 23.8951 16.8365 348.066 378.3
internal_count=472432 470570 196799 178217 163195 54950 2760 273771 108245 553 273218 270330 195061 75269 49183 24912 71561 70811 26085 18547 44726 14695 30031 1233 7550 1235 706 572 10997 24271
is_linear=0
shrinkage=0.03


Tree=130
num_leaves=31
num_cat=0
split_feature=0 0 0 18 6 6 6 6 21 21 18 6 5 5 8 6 6 0 16 9 9 0 9 12 14 14 14 10 5 20
split_gain=18.1108 35.1045 89.0858 35.4893 27.1677 39.244 44.0447 24.6214 24.1055 43.157 33.4186 23.6962 46.7796 76.74 51.5298 31.0053 39.4913 27.6591 26.1335 29.2493 36.9709 43.4921 28.3295 28.1574 30.5295 27.2959 24.7169 25.289 31.882 27.1094
threshold=994.47500000000014 440.99500000000006 454.97500000000008 8344.5000000000018 458.29373749271912 347.02440863574594 376.01803382610933 314.63076465601802 3892.5000000000005 8216.5000000000018 3318.5000000000005 58.372396273751555 102.58994080996887 103.91350000000001 498.00000000000006 186.6198685303122 187.78043695434891 8.3700000000000028 1.5000000000000002 25.500000000000004 23.500000000000004 16.699500000000004 36.500000000000007 137.50000000000003 6.5000000000000009 3.5000000000000004 1.5000000000000002 819.50000000000011 243.64987753222837 47.392210006713874
decision_type=2 2 2 2 2 2 2 2 2 2 2 2 2 2 2 2 2 2 2 2 2 2 2 2 2 2 2 2 2 2
left_child=1 11 8 -4 5 7 -7 -5 10 -10 -3 17 15 14 -14 -13 -17 -1 -15 20 25 -22 -21 24 -24 -20 27 -23 29 -29
right_child=-2 2 3 4 -6 6 -8 -9 9 -11 -12 12 13 18 -16 16 -18 -19 19 22 21 26 23 -25 -26 -27 -28 28 -30 -31
leaf_value=-0.0091310716380850858 -0.0094652121497368052 0.037901574533797514 -0.0041213596009752962 0.0071988906048908539 -0.025744386055316329 0.0458926559091846 0.0071845327784634911 -0.028425305085369605 0.0010655674256953569 0.038953567521675107 0.12392312693858414 -0.0078232047373470136 -0.0016054412838491182 -0.0019383429296639999 0.047293808744585275 0.13129441779980833 -0.021476407225497002 0.00174038697807994 0.007340074209855477 -0.0081671257008698126 0.19040517762331124 -0.019326908393491622 0.0013728379213439222 0.0056978993634158419 -0.01405581947538853 -0.019002350168229005 0.0068299707934653918 0.077212196221017201 0.17841215001599975 0.012084194258105887
leaf_weight=219.77091832552105 181.26990472897887 24.760405808687214 400.30218740087003 145.29639226943254 18.264006227254868 52.317349173128605 53.522308636456728 19.845809804275632 50.165954945608974 58.739820569753647 4.8628583941608658 983.21703574433923 31.57805225905031 5168.7347198370844 50.273230475839227 3.2597267329692832 2.8581221643835306 5060.002153982874 442.00857160007581 310.91384578961879 1.4842958655208338 4.5854075765237239 386.49027239624411 749.53110073879361 164.57870482373983 38.484334708191454 30.041880934499204 12.756341854110365 1.8145960196852673 10.475918638519941
leaf_count=3118 5912 306 9507 3758 325 459 617 340 1212 1186 65 69851 1846 217101 1235 34 87 80542 15950 13425 34 138 9820 24351 7343 1764 1188 489 14 415
internal_value=-4.13387e-05 7.6465e-05 0.00607436 0.00166396 0.00967056 0.0120575 0.0263183 0.00291779 0.0280278 0.021501 0.0520226 -0.000286789 -0.00127734 -0.000458624 0.0284286 -0.00740427 0.0599233 0.00128786 -0.000781553 0.00199535 0.00802647 0.0299953 -3.17836e-05 0.001913 -0.00323499 0.00523022 0.0260054 0.0454458 0.057304 0.0478446
internal_weight=14682.2 14500.9 828.077 689.548 289.246 270.982 105.84 165.142 138.529 108.906 29.6233 13672.9 8393.09 7403.75 81.8513 989.335 6.11785 5279.77 7321.9 2153.17 541.651 61.1584 1611.51 1300.6 551.069 480.493 59.6741 29.6323 25.0469 23.2323
internal_count=472432 466520 17775 15006 5499 5174 1076 4098 2769 2398 371 448745 365085 295113 3081 69972 121 83660 292032 74931 19992 2278 54939 41514 17163 17714 2244 1056 918 904
is_linear=0
shrinkage=0.03


Tree=131
num_leaves=31
num_cat=0
split_feature=13 1 1 6 17 8 8 6 9 6 6 6 18 19 10 1 20 5 19 5 17 21 5 13 10 2 10 5 17 18
split_gain=18.0376 18.1374 91.4718 32.8195 29.835 28.5041 38.6918 33.0617 82.4541 42.0397 50.2546 84.0926 37.1531 36.8223 57.9152 46.4668 31.9048 32.0406 29.8417 28.8573 32.4559 43.96 27.3274 48.6084 72.3968 35.0591 27.0915 28.3255 58.3635 100.664
threshold=54560.964843750007 4.0767744374322312 4.0605895407973458 392.29733363186028 0.32071428000926977 421.50000000000006 315.50000000000006 305.38637327838245 11.500000000000002 217.33991745726482 204.38570124685731 205.54493770658823 33.500000000000007 19.500000000000004 1060.5000000000002 3.2190557924759751 43.426305770874031 41.071173769022032 5.5000000000000009 139.56759256373152 0.0068349780049175033 9756.5000000000018 139.58836179450074 23924.299804687504 947.50000000000011 -0.78656609248549292 854.50000000000011 226.9394927937916 0.024311616085469726 9172.5000000000018
decision_type=2 2 2 2 2 2 2 2 2 2 2 2 2 2 2 2 2 2 2 2 2 2 2 2 2 2 2 2 2 2
left_child=1 2 3 4 5 6 -1 9 18 10 19 -12 -10 -13 15 -15 17 -8 -9 -7 21 -21 23 -22 25 -25 -14 -28 -29 -30
right_child=-2 -3 -4 -5 -6 7 16 8 12 -11 11 13 26 14 -16 -17 -18 -19 -20 20 22 -23 -24 24 -26 -27 27 28 29 -31
leaf_value=0.0019685190869237388 -0.011536599879615136 0.0009475056887426924 -0.020409868423481525 -0.014716244645919689 -0.0080061707507932938 -0.0017148792540566367 -0.010543745186235043 0.18460724554694372 0.032381826241301433 -0.012665944705619381 0.07680130045026648 -0.014574878650879308 -0.0097793581815500477 0.14035184467999307 0.23698451466289114 0.0027623685251403295 -0.0014898826577069073 0.029024685298012408 0.059675562346040205 0.1727707239511454 0.0065314523250040142 -0.030677335505765083 0.0034591735721864318 0.39149044086287726 0.020113870752976513 0.14239567573514722 -0.0032350569332553741 -0.016541569309560536 0.037804727691921426 0.23876913107899422
leaf_weight=1338.1825675950386 121.8230612645857 8513.4771467191167 215.18264716491103 142.42684487439692 402.7955208546482 3054.5591644700617 21.507898159325123 2.8851330112665883 41.721648830920458 288.93853063043207 19.758512017317116 33.563459118828177 99.399944620206952 2.6122939456254306 1.2327240481972683 14.312713598832486 67.603154240176082 128.20797813870013 4.2637747321277857 2.6511970078572622 7.2421661000698787 1.4947814540937541 51.850987325422466 0.99467375408858094 2.3665023306384683 1.0404628347605465 49.39856722112745 16.198614899069071 27.775670565664772 2.4403371773660174
leaf_count=47690 5454 271411 18472 6277 14372 75838 231 40 390 14599 340 1950 3473 70 56 640 2492 2181 102 108 374 72 2792 47 131 57 1524 414 777 58
internal_value=-4.08688e-05 5.53415e-05 -0.00120164 -0.000492355 -0.000136003 0.000464139 0.00387524 -0.000959633 0.00971383 -0.0017077 -0.000716281 0.0241552 0.00668507 0.00404342 0.0384582 0.0239986 0.0156162 0.0233404 0.110095 -0.00128569 0.0180959 0.09942 0.0127857 0.0543176 0.132942 0.264141 0.00119307 0.0125763 0.0294041 0.0540352
internal_weight=14677.9 14556.1 6042.61 5827.43 5685 5282.2 1555.5 3726.7 244.084 3482.62 3193.68 71.4797 236.935 51.7212 18.1577 16.925 217.319 149.716 7.14891 3122.2 67.6408 4.14598 63.4948 11.6438 4.40164 2.03514 195.213 95.8132 46.4146 30.216
internal_count=472432 466978 195567 177095 170818 156446 52594 103852 6778 97074 82475 3056 6636 2716 766 710 4904 2412 142 79419 3581 180 3401 609 235 104 6246 2773 1249 835
is_linear=0
shrinkage=0.03


Tree=132
num_leaves=31
num_cat=0
split_feature=5 5 8 0 19 18 8 5 5 8 8 8 22 7 3 10 8 8 9 18 18 9 5 22 22 6 6 6 8 6
split_gain=17.8901 29.9621 29.1997 37.8994 22.4931 35.3809 27.6878 24.3339 205.84 21.2659 62.3116 34.4487 67.3862 35.7002 32.7597 30.6364 27.6026 27.5486 31.4498 42.0503 36.0337 26.9591 26.8012 25.6494 35.9822 36.4934 69.9129 57.8636 94.8264 71.8823
threshold=353.90564182194623 333.93928571428575 41.500000000000007 213.01400000000004 1.5000000000000002 4844.5000000000009 11.500000000000002 40.528457893990939 39.785202697926486 164.50000000000003 142.00000000000003 146.50000000000003 28533.500000000004 -0.29417196175525689 -0.70710678118654757 1012.5000000000001 179.50000000000003 162.50000000000003 6.5000000000000009 9477.5000000000018 4011.5000000000005 13.500000000000002 36.05364770347331 12744.500000000002 18343.000000000004 60.498922812228322 106.93596284701005 87.124785014072742 40.500000000000007 91.654153122780272
decision_type=2 2 2 2 2 2 2 2 2 2 2 2 2 2 2 2 2 2 2 2 2 2 2 2 2 2 2 2 2 2
left_child=1 4 -3 -4 5 -1 -7 8 -8 10 14 12 -12 -14 -6 -15 -11 -13 -19 20 -20 23 -18 -16 25 -25 27 -27 -29 -30
right_child=-2 2 3 -5 9 6 7 -9 -10 16 11 17 13 15 21 -17 22 18 19 -21 -22 -23 -24 24 -26 26 -28 28 29 -31
leaf_value=0.00071973888152792112 -0.010138326774217747 -0.0053980636845633017 -0.010145188133169409 0.068168373933908483 -0.0072962479886501241 -0.0010687212912774289 -0.030523025619272417 -0.016532877598451092 0.42733954530200907 -0.011304842430416967 -0.0027810062519637124 0.0059304537039729186 0.088468424863686418 0.0026650056832998028 -0.0036228541329772152 0.11798621179398805 -0.014193056214267188 0.0052588425175732322 0.10434701836939218 0.17093056619317951 0.006038641779451054 0.011979192048275224 0.0001286321311665979 -0.0043106809249636368 0.00071262575535386901 0.018749612951901268 0.0057625642401500105 0.015235972391308004 0.20830753645158331 0.07893745106469402
leaf_weight=635.37015912262723 156.22999520972371 17.366526274941862 7.9471525056287673 18.527821939438581 342.59956797584891 199.28499444155023 5.6301947915926567 312.38743386091664 1.0482162395492194 199.18116447376087 22.398695110809058 161.00431842636317 20.981659111566842 10.531317971646784 592.73889291100204 2.5815270841121665 118.93714196421206 15.469998905900864 5.4207128183916238 2.7866125907748929 8.8081092238426191 249.14286660961807 10464.045865041204 82.960925044957548 791.67794121336192 50.532503050286323 140.66107457084581 17.069878067821264 5.1111956313252476 15.859129082411526
leaf_count=27802 4743 431 223 171 12730 12458 360 22744 60 4904 748 5098 332 234 14851 54 2111 720 136 55 286 2079 315359 3156 31422 2154 5708 654 173 476
internal_value=-4.06648e-05 6.79969e-05 0.0248313 0.0446605 -7.00954e-06 -0.00402545 -0.00984189 -0.0153215 0.0413412 0.000341038 0.00281151 0.0170328 0.037643 0.0641999 0.00125797 0.0253683 -0.000240562 0.0110152 0.0362161 0.0643617 0.0434909 0.00276415 -3.23226e-05 0.00141095 0.00411392 0.0127391 0.0189095 0.0397879 0.0677351 0.110469
internal_weight=14674.3 14518.1 43.8415 26.475 14474.2 1153.72 518.351 319.066 6.67841 13320.5 2538.34 249.983 56.4932 34.0945 2288.35 13.1128 10782.2 193.49 32.4854 17.0154 14.2288 1945.75 10583 1696.61 1103.87 312.195 229.234 88.5727 38.0402 20.9703
internal_count=472432 467689 825 394 466864 63424 35622 23164 420 403440 81066 7663 1368 620 73403 288 322374 6295 1197 477 422 60673 317470 58594 43743 12321 9165 3457 1303 649
is_linear=0
shrinkage=0.03


Tree=133
num_leaves=31
num_cat=0
split_feature=2 0 0 18 10 20 8 8 22 9 8 19 19 9 8 8 0 5 22 21 10 0 0 21 5 18 22 10 13 22
split_gain=17.657 18.196 33.9774 17.9971 18.9899 37.0939 21.8439 18.962 17.2824 26.1691 26.4043 17.1156 17.7756 16.9019 35.3559 52.3451 28.4749 25.1973 23.744 27.766 26.304 22.9978 21.9953 43.3395 22.3748 28.1616 137.481 38.2021 50.0734 46.8026
threshold=0.78656609248549325 994.47500000000014 855.92000000000019 2.5000000000000004 41.500000000000007 11.641574382781984 179.50000000000003 39.500000000000007 584032.50000000012 7.5000000000000009 41.500000000000007 16.500000000000004 36.500000000000007 5.5000000000000009 238.50000000000003 227.50000000000003 47.952000000000005 99.60721571648692 37105.500000000007 3763.5000000000005 1068.5000000000002 15.752500000000001 316.98500000000007 9573.5000000000018 94.820059978189761 7939.5000000000009 8792.5000000000018 954.50000000000011 24344.511718750004 35045.000000000007
decision_type=2 2 2 2 2 2 2 2 2 2 2 2 2 2 2 2 2 2 2 2 2 2 2 2 2 2 2 2 2 2
left_child=1 2 13 -2 5 6 7 -5 9 10 -4 -11 -13 14 15 16 21 22 19 -17 -21 -1 24 -24 -16 -26 -27 -28 29 -29
right_child=3 -3 8 4 -6 -7 -8 -9 -10 11 -12 12 -14 -15 17 18 -18 -19 -20 20 -22 -23 23 -25 25 26 27 28 -30 -31
leaf_value=0.0092708314818463738 -0.011509050954793213 -0.010104549654458962 -0.0053696630928409409 0.0014150424302705078 0.001679705961976721 0.045377101880007258 0.0032223766703117999 0.032573792467890383 0.050024351617798932 -0.019230506260069707 0.045417978414045601 0.028700213430851402 -0.0093295299530794674 0.00017618818853589781 -0.0096262445661045564 0.081247942511002147 -7.6700143304063502e-05 -0.017121358633072035 0.078188297043400828 0.0010783765592914363 0.13159462394572885 -0.010703307159161273 0.018966880883437853 0.21775788576857985 -0.0085433372822284973 0.5163376447144854 -0.0054926900567229594 0.44318073168408728 0.033163448783509707 0.091624447704562323
leaf_weight=59.239614921621978 73.558855941519141 171.59404242131859 13.238925861194728 27.547395274043083 1099.5091824023984 24.186011798679829 287.31038337014616 48.570515131577849 11.677201475948094 25.523375645279884 30.296069677919149 24.548010827973485 20.134537879377604 9839.1378481378779 150.0873246230185 5.6981369648128739 2036.0422267965041 230.82246928429231 8.2396428706124407 25.168914256151769 1.4709679959341873 417.5385446595028 10.846169586293398 1.0858506215736259 15.078798924572768 0.54875493096187611 8.4435550393536669 0.63335054554045089 2.8335792245343328 0.73789343098178506
leaf_count=2254 776 5739 286 352 27098 184 2633 354 90 439 413 325 251 279233 13580 120 89400 16982 114 800 57 27853 514 42 1309 51 796 53 264 70
internal_value=-4.04215e-05 -0.000399501 -0.000270795 0.00297606 0.00369255 0.00940218 0.00700806 0.0212973 0.0152681 0.0116999 0.0299735 0.000368344 0.0115635 -0.000422888 -0.00240452 -0.00107625 -0.00162208 -0.0104583 0.0327254 0.0211415 0.00828506 -0.00822152 -0.00237629 0.0370575 -0.0050143 0.0194657 0.0514683 0.0312998 0.105181 0.254001
internal_weight=14671.3 13110.7 12939.1 1560.68 1487.12 387.614 363.428 76.1179 125.418 113.741 43.535 70.2059 44.6825 12813.7 2974.52 2553.4 2512.82 421.118 40.5777 32.338 26.6399 476.778 190.295 11.932 178.363 28.2759 13.1971 12.6484 4.20482 1.37124
internal_count=472432 441035 435296 31397 30621 3523 3339 706 1804 1714 699 1015 576 433492 154259 120598 119507 33661 1091 977 857 30107 16679 556 16123 2543 1234 1183 387 123
is_linear=0
shrinkage=0.03


Tree=134
num_leaves=31
num_cat=0
split_feature=6 6 16 14 17 12 6 7 0 18 6 17 0 6 10 11 7 12 7 0 2 10 11 21 6 6 17 11 6 7
split_gain=17.4437 38.8954 27.9198 30.3246 36.0844 32.9235 42.8849 30.3985 28.818 30.5854 35.8638 47.4629 25.1964 23.709 37.3708 21.8831 28.9683 28.9079 21.3173 25.7074 27.5755 25.1759 26.5606 25.1279 24.4594 40.9368 35.5502 30.5033 59.5359 36.4564
threshold=45.748518406342633 46.092055613603797 1.0000000180025095e-35 6.5000000000000009 0.021038182079792026 178.50000000000003 311.98243690061923 0.48052160243011161 72.000500000000017 4844.5000000000009 286.12736913081704 0.030433002859354023 8.3700000000000028 91.654153122780272 802.50000000000011 2.5000000000000004 -0.61541387837336681 1.0000000180025095e-35 -0.45784146589730063 48.955000000000005 -0.37940952255126065 883.50000000000011 8.5000000000000018 36.500000000000007 398.73478829115862 376.01803382610933 0.024592309258878235 39.500000000000007 384.5429111756327 -0.51514969502019914
decision_type=2 2 2 2 2 2 2 2 2 2 2 2 2 2 2 2 2 2 2 2 2 2 2 2 2 2 2 2 2 2
left_child=12 -2 15 4 13 -5 7 8 -7 10 -10 -12 -1 14 -4 17 -17 -3 21 -20 -21 22 23 -6 25 -23 -27 28 -28 -29
right_child=1 2 3 5 18 6 -8 -9 9 -11 11 -13 -14 -15 -16 16 -18 -19 19 20 -22 24 -24 -25 -26 26 27 29 -30 -31
leaf_value=-0.0090055894730422855 -0.015627376537814732 0.0008705104465014773 0.167967660252896 -0.012523524642489221 -0.0058064005378273111 0.0038347427304721501 -0.010277730293582471 -0.021147322225167648 0.042902835981048187 0.030409331376729836 0.23995733254279294 0.061247699643100471 0.0019629019895026261 -0.0014816887533753516 0.019008810824394554 -0.010247390135364251 -0.0018128536057415729 0.024450744465568049 -0.011210325520043127 0.00088890791535886074 0.008528761490124652 0.015421276460519058 -0.0021969970484801774 0.03042463002772644 -0.025951552853468066 -0.016824437903688552 0.2425032339304688 -0.017074796900695161 0.055980659226274647 0.10815825653044905
leaf_weight=196.93500022124499 155.47390877502039 198.48560461588204 1.6505495128221834 271.27427294291556 25.682883577421308 12.167812729254363 54.171970633789897 8.648954972624777 5.2578410319983977 13.425378208979962 2.7553332876414061 2.5993016269057989 4395.1280931718647 1995.6526453760453 18.567059136461467 399.48315834486857 4435.1078298632056 61.223938165232539 110.4191928813234 1157.4915324742906 672.09431882575154 195.33547370880842 196.17803922202438 52.333153765648603 11.219989573583005 4.0577734038233784 2.6241700854152432 4.164181487634778 3.7282660342752934 4.2043368723243457
leaf_count=2924 1458 3062 64 11178 331 605 1435 231 168 372 53 83 67485 85425 1039 24581 201763 397 4660 32554 17031 7365 6774 692 322 87 54 99 79 61
internal_value=-3.99568e-05 -0.000738402 -0.000505051 0.0011302 0.0018158 -0.00711886 0.00768672 0.0293828 0.0414537 0.0604961 0.0985576 0.153206 0.00149251 -0.00115422 0.0311697 -0.00205408 -0.0025098 0.00642932 0.00427003 0.002847 0.00369539 0.0097966 0.00369114 0.0184974 0.0172259 0.0194885 0.0617956 0.0834669 0.133033 0.0458422
internal_weight=14667.5 10075.5 9920 4825.7 4455.4 370.301 99.0266 44.8546 36.2057 24.0379 10.6125 5.35463 4592.06 2015.87 20.2176 5094.3 4834.59 259.71 2439.53 1940.01 1829.59 499.528 274.194 78.016 225.334 214.114 18.7787 14.721 6.35244 8.36852
internal_count=472432 402023 400565 170762 156637 14125 2947 1512 1281 676 304 136 70409 86528 1103 229803 226344 3459 70109 54245 49585 15864 7797 1023 8067 7745 380 293 133 160
is_linear=0
shrinkage=0.03


Tree=135
num_leaves=31
num_cat=0
split_feature=5 5 17 19 18 5 6 3 18 6 17 11 6 6 5 11 14 7 18 18 17 16 11 1 1 5 5 17 6 6
split_gain=16.8092 28.0035 24.5096 20.7559 33.7653 22.2401 59.4797 40.7609 42.7921 26.6689 21.1383 29.3486 18.3281 50.9248 116.634 102.35 40.2067 17.0797 25.0741 28.702 30.8076 41.073 27.1543 25.2246 18.857 45.1126 32.2531 33.8921 28.9468 33.9598
threshold=353.90564182194623 333.93928571428575 0.1926996782422066 1.5000000000000002 4844.5000000000009 247.20149662512983 178.78343279922356 0.37940952255126048 8755.5000000000018 124.83406127644668 0.0046307018492370853 18.500000000000004 32.327576817491313 28.95606184010046 63.792105263157907 32.500000000000007 1.0000000180025095e-35 0.48052160243011161 8739.5000000000018 3718.5000000000005 0.023704353719949726 6.5000000000000009 42.500000000000007 4.1897456428538744 6.0912985697325359 108.91402769151141 117.34893873807779 0.19877672940492633 170.74345433437125 138.19102879488233
decision_type=2 2 2 2 2 2 2 2 2 2 2 2 2 2 2 2 2 2 2 2 2 2 2 2 2 2 2 2 2 2
left_child=1 3 -3 4 12 -6 7 9 -9 -7 11 -5 13 -1 -15 -16 -17 -12 19 20 21 -19 -22 -24 26 28 -20 -28 29 -26
right_child=-2 2 -4 10 5 6 -8 8 -10 -11 17 -13 -14 14 15 16 -18 18 24 -21 22 -23 23 -25 25 -27 27 -29 -30 -31
leaf_value=0.0039698864319627561 -0.0098830431115524749 0.042088546036868922 -0.0037244621027828152 0.073353240694079447 -0.01150266322539628 -0.024991976053596186 -0.025414823034741078 0.13389878168204192 0.007454678905100179 0.069823971537753854 -9.905900395904746e-05 -0.011395661302205045 -0.0025742638185825744 -0.0080051692919287602 0.0062270163028646562 0.14693930576330919 0.3423248061135426 0.019279993007064872 0.0092432011918893494 -0.001905572918095527 0.0029649797213930789 0.11107682296298323 0.13157694794186953 0.0259753075528192 0.082008429102910646 0.010690091681503167 -0.013570478470493037 0.047700248264022221 0.1815698323399679 -0.023573888472734995
leaf_weight=173.86165390256792 154.48436073865741 26.578211572952569 17.384399469010532 3.7529604844748965 469.3739034505561 7.8926540520042199 20.899507497437298 6.6727077187970263 3.7697055577300489 4.0346317226067185 10294.926347433589 183.08956611528993 445.63928289152682 8.9704900560900551 2.3773869872093192 1.6891500484198334 2.159994182176888 39.24831372871995 263.70450917817652 1282.5950179826468 815.9190956261009 4.9387614652514449 2.2798313833773163 19.015094672329724 8.9224563259631378 268.89577795565128 115.91479562222958 8.7377094477415067 1.6913924571126688 3.9579552300274363
leaf_count=5484 4743 389 436 49 34252 143 920 135 80 92 328735 16628 21788 313 78 96 43 409 6046 31398 9873 76 17 396 254 5272 3818 294 48 127
internal_value=-3.9472e-05 6.5338e-05 0.0239724 -7.32174e-06 -0.00387901 -0.00960547 0.0109749 0.0449729 0.0882525 0.00708133 0.000326233 -0.00969338 0.000746235 0.00857314 0.0612367 0.160993 0.256582 0.000468806 0.00253033 0.000958546 0.00512635 0.0295401 0.00383782 0.037281 0.00759318 0.0134761 0.00329914 -0.00927561 0.0648868 0.0495646
internal_weight=14663.4 14508.9 43.9626 14464.9 1147.34 512.643 43.2692 22.3697 10.4424 11.9273 13317.6 186.843 634.698 189.059 15.197 6.22653 3.84914 13130.7 2835.82 2164 881.401 44.1871 837.214 21.2949 671.825 283.468 388.357 124.653 14.5718 12.8804
internal_count=472432 467689 825 466864 63424 35622 1370 450 215 235 403440 16677 27802 6014 530 217 139 386763 58028 42169 10771 485 10286 413 15859 5701 10158 4112 429 381
is_linear=0
shrinkage=0.03


Tree=136
num_leaves=31
num_cat=0
split_feature=13 5 6 17 18 5 5 8 8 5 19 22 0 0 6 18 18 6 16 6 22 8 9 7 7 6 6 9 0 0
split_gain=17.3526 16.9616 52.3509 35.6381 32.6778 118.302 33.3563 33.1426 71.0272 32.0033 33.1428 43.2752 33.0827 30.1842 39.0457 29.5887 26.792 29.3244 25.3059 24.9954 28.3163 24.828 40.0922 36.1638 41.9105 53.1779 52.3832 34.6261 26.0088 27.2093
threshold=106449.06640625001 183.47462987012989 239.13200698181927 0.097576983273029341 7777.5000000000009 129.52252819548875 166.67175672715896 29.500000000000004 46.500000000000007 194.67837767687723 29.500000000000004 207563.50000000003 994.47500000000014 855.92000000000019 292.25516157722973 8979.5000000000018 7777.5000000000009 349.83525281265167 1.5000000000000002 82.717775613813913 14943.500000000002 82.500000000000014 7.5000000000000009 -0.55245868802709641 -0.4684585910271542 349.83525281265167 387.67793117679764 1.5000000000000002 58.955000000000005 97.005500000000012
decision_type=2 2 2 2 2 2 2 2 2 2 2 2 2 2 2 2 2 2 2 2 2 2 2 2 2 2 2 2 2 2
left_child=1 2 -1 -4 -5 -6 -7 -8 -9 10 11 -3 13 19 -15 18 -16 -18 -12 20 -11 -21 23 -23 25 -25 -27 -26 -24 -30
right_child=-2 9 3 4 5 6 7 8 -10 12 15 -13 -14 14 16 -17 17 -19 -20 21 -22 22 28 24 27 26 -28 -29 29 -31
leaf_value=3.0654663076786554e-05 -0.020555906593925338 0.00099474256107631438 -0.010129518518671025 0.001716145217079697 0.34869513583896627 -0.025815871861448965 -0.030739704457814671 0.25756499910977354 0.025072015377357766 0.0099153490419146249 0.017188808582340072 0.095790227856659721 -0.014780057385988707 0.05580165431051793 -0.020125889554003518 -0.015964512900578851 -0.028635691744961736 0.027797376691416284 0.045795862379064599 -0.0057322984692902432 0.060164534808099655 -0.019837682638014522 -0.0065277667948872966 -0.014866187192572877 0.064769702378542238 0.11091517849087562 -0.0020799616243173612 0.0092468858070170034 0.011845855273477212 0.00051217722697583542
leaf_weight=10189.174376956653 37.007559731602669 217.68788604950532 739.69018091494218 103.58422692958266 1.1013156305998553 6.1923250025138241 2.1118561057373881 1.8714981069788335 3.2129095136187971 88.519214499741793 88.692045278847218 4.4222234338521949 117.46154545433819 19.382759228348732 21.710328686982393 16.973705094307661 9.8860332909971458 51.239246509969234 40.556360231712461 495.20560065889731 11.391915019601582 26.595292517915368 403.18389121256769 7.4371698303148177 10.709287226200102 13.517036125995221 5.080213480629026 180.30644903331995 217.80710511934012 1528.5461645619944
leaf_count=340352 1862 7093 32622 4963 18 351 115 80 140 1582 1298 74 3608 200 424 353 109 370 518 16233 65 1179 14311 326 48 253 210 4374 6120 33181
internal_value=-3.91356e-05 1.27869e-05 -0.000568552 -0.00768639 0.00761892 0.0498162 0.0252311 0.0691565 0.110649 0.0018085 0.0101837 0.00288213 0.000846873 0.00144081 0.0174712 0.0212748 0.00850218 0.0186702 0.0261653 0.00089247 0.0156448 0.000382178 0.00164741 0.0131808 0.0172266 0.0529344 0.0800483 0.0123598 0.000340123 0.00192573
internal_weight=14660.3 14623.3 11046.9 857.764 118.074 14.4899 13.3886 7.19626 5.08441 3576.31 368.332 222.11 3207.98 3090.52 102.218 146.222 82.8356 61.1253 129.248 2988.3 99.9111 2888.39 2393.18 243.645 217.05 26.0344 18.5972 191.016 2149.54 1746.35
internal_count=472432 470570 378641 38289 5667 704 686 335 220 91929 9336 7167 82593 78985 1103 2169 903 479 1816 77882 1647 76235 60002 6390 5211 789 463 4422 53612 39301
is_linear=0
shrinkage=0.03


Tree=137
num_leaves=31
num_cat=0
split_feature=13 3 2 6 6 11 0 0 3 0 0 7 14 6 19 11 13 0 0 10 5 6 0 17 2 5 5 0 0 18
split_gain=16.7559 16.4104 96.3865 27.521 27.8282 23.8757 23.4911 51.1271 28.3582 30.8778 31.4563 29.0145 26.9618 28.1366 23.6858 23.2579 31.7269 24.0617 23.5909 22.3423 21.6322 32.9253 43.0061 26.224 25.1249 37.1483 24.0666 42.1846 51.0606 24.0262
threshold=54560.964843750007 -0.5 0.37940952255126054 41.868701221492657 186.49048777273472 12.500000000000002 76.995000000000019 77.953500000000005 0.37940952255126048 19.807500000000005 15.950500000000002 -0.59613529589201442 19.500000000000004 392.29733363186028 20.500000000000004 13.500000000000002 250.00250244140628 87.967000000000013 84.671000000000006 98.500000000000014 118.29433513621795 186.6198685303122 2117.0100000000007 0.1926996782422066 -0.78656609248549292 106.57711182902585 118.26592604530886 171.08000000000001 129.96000000000001 9755.5000000000018
decision_type=2 2 2 2 2 2 2 2 2 2 2 2 2 2 2 2 2 2 2 2 2 2 2 2 2 2 2 2 2 2
left_child=1 2 -1 -4 5 -5 8 14 9 10 -3 -12 13 -10 -8 16 -9 18 -18 -19 21 23 24 -17 25 -23 -27 28 -28 -25
right_child=-2 6 3 4 -6 -7 7 15 12 -11 11 -13 -14 -15 -16 20 17 19 -20 -21 -22 22 -24 29 -26 26 27 -29 -30 -31
leaf_value=-0.003304343601300204 -0.011213220570285414 0.0048902916418126765 0.039837548879275542 0.033832713616955612 0.023833378400806467 -0.010430873397424654 0.0088959580414856663 0.00043837512261646778 -0.0014007870364580518 0.00035668664615229366 0.033715438901606568 -0.0062503177305687713 -0.017202420606645733 -0.017825583337882655 0.032412196874687382 -0.00038659669074312834 0.0051407685725605758 0.011482207828341633 0.065672919093873003 -0.013422450105905282 -0.00091682087851819964 0.079299117325956472 0.15743692217324029 0.0097524576126154089 0.004812058357183434 0.011498880686936892 0.050352784561541603 -0.031021658975148116 0.23946089825545699 0.099983409371294171
leaf_weight=2856.3464745134115 119.78144466597587 290.53467430127785 42.169814664870501 13.670466726645826 86.777524377219379 55.467375359032303 91.555310539901257 518.08204003702849 3708.9757133168168 1672.226383280009 73.438042810652405 21.030357448849827 105.34222725965083 96.304520094767213 66.578912755474448 973.0109626413323 9.9219259768724459 427.24366425164044 13.929286438971756 35.081693761050701 2952.6813246947713 10.576500588096676 1.8942482583224762 232.0260381042026 112.91372367274016 56.360814433544874 4.0549232866615039 2.7976379171013832 1.881159061565995 2.6866790438070884
leaf_count=106882 5454 4324 449 114 1724 2007 4336 6144 122190 54513 779 342 2505 4525 1300 38555 92 4519 84 376 97550 383 35 6907 4048 1934 155 91 44 71
internal_value=-3.87113e-05 5.33731e-05 -0.00190093 0.0183359 0.0125205 -0.00167874 0.000573295 0.00198513 -0.000731 0.00212023 0.00978005 0.0248183 -0.00223093 -0.00181647 0.0187969 0.00148869 0.00560385 0.0111083 0.040492 0.00959242 0.000538838 0.00361285 0.0152049 0.00178458 0.0137763 0.0271524 0.0186796 0.0650185 0.110282 0.0107853
internal_weight=14655.3 14535.6 3054.43 198.085 155.915 69.1378 11481.1 5513.28 5967.85 2057.23 385.003 94.4684 3910.62 3805.28 158.134 5355.14 1004.26 486.177 23.8512 462.325 4350.88 1398.2 190.479 1207.72 188.585 75.671 65.0945 8.73372 5.93608 234.713
internal_count=472432 466978 111176 4294 3845 2121 355802 166624 189178 59958 5445 1121 129220 126715 5636 160988 11215 5071 176 4895 149773 52223 6690 45533 6655 2607 2224 290 199 6978
is_linear=0
shrinkage=0.03


Tree=138
num_leaves=31
num_cat=0
split_feature=13 5 5 5 14 7 0 5 0 0 8 22 9 18 9 21 10 0 0 0 5 13 5 0 5 7 17 17 21 11
split_gain=16.2781 16.3078 37.9746 43.2385 47.8982 154.811 41.4409 29.7814 32.0821 31.4824 29.2041 35.4942 32.5963 31.8805 39.7742 31.667 89.4099 28.2231 28.0418 54.5674 26.5983 26.3466 25.9519 39.9092 39.7497 61.4377 38.0487 56.3788 84.2656 48.0487
threshold=106449.06640625001 183.47462987012989 122.43615616098316 122.42834224728198 3.5000000000000004 -0.050471900991248951 15.001000000000003 194.67837767687723 46.020000000000003 994.47500000000014 207.50000000000003 13629.500000000002 9.5000000000000018 8297.5000000000018 33.500000000000007 8445.5000000000018 810.50000000000011 855.92000000000019 97.005500000000012 58.941500000000012 129.52252819548875 17566.451171875004 125.47726263019912 25.665000000000003 129.52252819548875 -0.16673160429660583 0.020362668670713905 0.009662640746682884 9465.5000000000018 41.500000000000007
decision_type=2 2 2 2 2 2 2 2 2 2 2 2 2 2 2 2 2 2 2 2 2 2 2 2 2 2 2 2 2 2
left_child=1 2 3 -1 18 -6 -4 8 -3 17 11 -8 -12 -14 15 16 21 -9 19 -5 -18 -15 23 -17 25 26 27 28 -24 -28
right_child=-2 7 6 4 5 -7 10 9 -10 -11 12 -13 13 14 -16 22 20 -19 -20 -21 -22 -23 24 -25 -26 -27 29 -29 -30 -31
leaf_value=0.0003012701554141063 -0.020207062975884003 0.028922302377596396 0.025913909106861924 0.0071311302371515062 -0.004032269312888863 0.34292470800675023 -0.0055702749088624628 0.00088602163147224685 0.0057435984551267721 -0.014516446093672003 -0.014698783414991137 0.0070701475981426827 -0.0071346925526256429 0.32881303109341364 -0.0089211838100140516 0.17501611438851356 -0.022515824333653144 0.016883613569959894 -0.0048515452628617312 0.10770481094029745 0.050201868286117252 0.12342243300511883 0.22799500185616478 -0.013952385603346383 0.0041257711761157881 0.00016231414204159424 0.21173495393111627 0.0097271335990533527 0.018173053504027967 0.033190469784653093
leaf_weight=8182.2586477920413 35.926572406664491 65.249959932640195 42.257306900806725 13.498469145968558 3.362954824231565 1.7648310549557198 395.92668233439326 2986.4216192197055 304.76797101646662 115.77993464004248 323.00750836310908 403.87098809611052 1119.3726386744529 1.0836880700662761 194.82330289110541 1.0217617619782675 7.3222993128001717 102.66384264454246 22.494021875783801 7.5825119111686936 11.858931362628935 1.167812638916075 3.2356613893061938 64.627140341326594 193.5859105642885 24.160076554864645 3.2154593961313358 12.614890214055775 3.6838766504079103 2.3464540960267186
leaf_count=250090 1862 1425 1147 758 198 67 17227 77882 7911 3608 18791 18388 46433 51 8642 64 359 1103 856 342 553 57 73 3381 9146 968 141 616 185 108
internal_value=-3.81954e-05 1.13836e-05 -0.000558863 0.000469024 0.0286523 0.11538 -0.00357059 0.00177245 0.00983099 0.00084205 -0.00402089 0.000812714 -0.00598614 -0.00427444 0.00182696 0.00817384 0.0434353 0.00141769 0.0184464 0.043306 0.0224424 0.222281 0.00572401 -0.0110113 0.0102482 0.0343102 0.067184 0.0474735 0.116288 0.136411
internal_weight=14651 14615 11040.1 8230.96 48.7028 5.12779 2809.18 3574.88 370.018 3204.87 2766.93 799.798 1967.13 1644.12 524.747 329.924 21.4327 3089.09 43.575 21.081 19.1812 2.2515 308.491 65.6489 242.842 49.2564 25.0963 19.5344 6.91954 5.56191
internal_count=472432 470570 378641 252311 2221 265 126330 91929 9336 82593 125183 35615 89568 70777 24344 15702 1020 78985 1956 1100 912 108 14682 3445 11237 2091 1123 874 258 249
is_linear=0
shrinkage=0.03


Tree=139
num_leaves=31
num_cat=0
split_feature=2 16 18 10 17 5 1 22 17 19 20 5 5 17 18 1 1 18 1 10 16 18 21 10 9 1 1 10 5 1
split_gain=15.894 18.665 28.6197 33.6609 20.804 20.18 24.0244 20.2624 22.8622 70.3887 24.2275 19.4681 36.7726 27.2644 31.0776 37.1926 66.5135 28.0831 34.6299 20.5947 28.3521 23.6271 28.1817 22.1645 21.71 20.7944 18.2501 21.0871 22.5581 19.0787
threshold=0.78656609248549325 1.0000000180025095e-35 33.500000000000007 1.5000000000000002 0.0056861259508878001 39.785202697926486 5.3660414313031231 576.50000000000011 0.20838212221860888 81.500000000000014 48.00108718872071 118.29433513621795 118.26592604530886 0.012384448666125538 5988.5000000000009 5.1479593768934366 4.9484761596714781 6506.5000000000009 3.4012307138844275 1030.5000000000002 3.5000000000000004 7596.5000000000009 7727.5000000000009 4.5000000000000009 49.500000000000007 2.688187514199019 5.5901655463522486 806.50000000000011 262.10847955886487 6.2168355893301159
decision_type=2 2 2 2 2 2 2 2 2 2 2 2 2 2 2 2 2 2 2 2 2 2 2 2 2 2 2 2 2 2
left_child=1 2 3 -1 -3 6 7 -6 -9 10 -10 12 19 -14 -15 16 17 -16 -19 20 -7 -21 24 -22 -23 -25 -4 -28 -29 -30
right_child=-2 4 26 -5 5 11 -8 8 9 -11 -12 -13 13 14 15 -17 -18 18 -20 21 23 22 -24 25 -26 -27 27 28 29 -31
leaf_value=0.00049405043710193299 0.0028213610137822758 -0.009909716513912193 -0.0028920362408080993 0.016075865531212041 -0.020861022820294818 0.0022810752574738222 0.063950323320870278 -0.0052341545602036434 -0.0010348874357813953 0.10740830602076905 0.086601686319700208 2.783403559489455e-05 -0.0056779658310777172 -0.0050287610439554448 0.16301644843118271 -0.031092093316750093 0.21971267942615447 0.1333453653455586 0.020870029315255521 -0.015443592976918342 -0.004188429211329117 0.0069841739832260316 -0.0035931677477084672 0.047006380675772209 0.062929094414179487 0.012239346340045911 0.0095439817895315634 -0.0040975926718735192 0.016788534535654112 -0.0015658545009177214
leaf_weight=496.2374693248421 1562.7482339763083 160.23030595574528 4981.3519988651387 166.68982294481248 63.006969077512622 1798.5414862642065 4.6116497144103041 455.23750735167414 56.080898902378976 6.5007930137217036 2.9904857575893393 3202.2743975836784 13.06127613969147 7.9882576540112522 2.0074584819376566 3.2125170454382888 2.6217681653797618 3.0894515439867964 12.162459770217536 110.89235844044015 74.357661556452513 14.033359558787197 99.699460577685386 16.194147336296737 11.245439101010561 352.53583624400198 229.86050717439502 534.80753941927105 102.1495454236865 101.72964430227876
leaf_count=6537 31397 15154 218793 1436 1144 41769 50 9729 1088 55 60 99686 516 348 62 97 50 89 462 3718 578 626 3541 162 193 9473 3361 17891 1995 2372
internal_value=-3.81731e-05 -0.000379678 -0.00150063 0.00441202 0.000765561 0.00103654 -0.00425383 -0.00479258 -0.00284864 0.0137129 0.00340171 0.0015804 0.00355202 0.0306925 0.0459761 0.063619 0.078923 0.0575365 0.0436532 0.00306844 0.0039557 -0.00536369 0.00358014 0.0107532 0.0318716 0.0137663 -0.0021594 0.0016086 -0.000860684 0.00763024
internal_weight=14648.2 13085.4 6612.83 662.927 6472.58 6312.35 588.428 583.817 520.81 65.5722 59.0714 5723.92 2521.64 44.1432 31.0819 23.0937 19.8811 17.2594 15.2519 2477.5 2241.63 235.871 124.978 443.088 25.2788 368.73 5949.9 968.547 738.687 203.879
internal_count=472432 441035 252385 7973 188650 173496 12126 12076 10932 1203 1148 161370 61684 1624 1108 760 663 613 551 60060 51982 8078 4360 10213 819 9635 244412 25619 22258 4367
is_linear=0
shrinkage=0.03


Tree=140
num_leaves=31
num_cat=0
split_feature=5 5 8 11 19 18 8 5 5 17 0 6 6 17 22 9 0 18 16 9 11 10 14 19 10 17 11 19 6 16
split_gain=15.8476 24.6913 25.6871 31.8623 19.2294 31.7968 26.646 22.5773 128.506 19.7785 25.252 25.3195 24.2967 29.7933 23.9729 21.1934 22.7981 20.866 31.3502 28.7212 28.5512 36.6984 33.7324 33.559 36.2539 32.4856 31.1175 33.2879 32.8732 28.5948
threshold=353.90564182194623 333.93928571428575 26.500000000000004 34.500000000000007 1.5000000000000002 4844.5000000000009 11.500000000000002 40.528457893990939 39.785202697926486 0.015181225724518301 6.2015000000000002 217.33991745726482 183.80827192880869 0.0078086180146783599 1560.5000000000002 30.500000000000004 44.005000000000003 6770.5000000000009 1.5000000000000002 15.500000000000002 26.500000000000004 794.50000000000011 3.5000000000000004 36.500000000000007 175.50000000000003 0.12503151595592502 19.500000000000004 93.500000000000014 38.091680187016983 3.5000000000000004
decision_type=2 2 2 2 2 2 2 2 2 2 2 2 2 2 2 2 2 2 2 2 2 2 2 2 2 2 2 2 2 2
left_child=1 4 -3 -4 5 -1 -7 8 -8 10 -6 12 14 15 -12 16 -14 20 -19 -20 22 -22 25 -24 26 -11 27 28 -25 -23
right_child=-2 2 3 -5 9 6 7 -9 -10 17 11 -13 13 -15 -16 -17 -18 18 19 -21 21 29 23 24 -26 -27 -28 -29 -30 -31
leaf_value=0.00073130785578207633 -0.0096484878507935908 -0.011577920805160929 -0.012363469344310854 0.056483070173023203 0.096381883259036127 -0.00072292991482558256 -0.030502198516307717 -0.016066011455834289 0.27994917257765745 0.007527346788288744 0.057055167043097252 -0.011554766321167805 -0.019766182053525715 -0.0010164373809397813 -0.0059198231825335406 0.0081106929372159325 0.047331211336215158 0.0011606635082263156 0.019367706475778637 0.0050128806678768614 -0.010264037772895187 -0.0024227478039971152 -0.0099887151484157628 -0.0098371010389998997 -0.022598830988471021 0.00079483137540325001 0.036229455567092957 -0.002827886591418203 0.010457484370988779 0.0073426632734400962
leaf_weight=634.49606903782114 152.80112053826451 13.784722995944319 8.3106395248323697 22.241199413314462 2.315465670078992 196.92836639238521 5.3823890406638375 302.48614107724279 1.544295424595475 1040.9454857213423 5.4834344312548629 252.49060008721426 5.5635722428560284 631.24314021831378 692.35818944498897 167.61036001704633 25.204126082360744 3385.1200784612447 153.47283212002367 686.87054379004985 470.63165579782799 1909.9172114860266 368.27349540498108 87.409648628905416 60.65835293661803 1695.9012079248205 22.313789868727326 924.41200817190111 403.09969190601259 314.27153310272843
leaf_count=27802 4743 342 178 305 44 12458 360 22744 60 16912 105 11520 371 26566 47094 5961 866 120690 4334 13486 17890 74248 11363 1151 1856 22102 359 13318 3996 9208
internal_value=-3.76489e-05 6.3695e-05 0.0224173 0.0377556 -4.90899e-06 -0.00374282 -0.00934935 -0.0148397 0.0387125 0.000315585 -0.00262547 -0.00275426 -0.00129954 0.00217062 -0.00542498 0.0123119 0.0351983 0.000770467 0.00244816 0.00763452 -0.00020092 -0.00265333 0.00123483 -0.00187526 0.000119519 0.00335551 0.00107834 0.000524 0.00684095 -0.00104292
internal_weight=14643.5 14490.7 44.3366 30.5518 14446.4 1140.84 506.341 309.413 6.92668 13305.6 1782.27 1779.95 1527.46 829.621 697.842 198.378 30.7677 11523.3 4225.46 840.343 7297.83 2694.82 4603.01 1866.17 1497.89 2736.85 1437.24 1414.92 490.509 2224.19
internal_count=472432 467689 825 483 466864 63424 35622 23164 420 403440 92527 92483 80963 33764 47199 7198 1237 310913 138510 17820 172403 101346 71057 32043 20680 39014 18824 18465 5147 83456
is_linear=0
shrinkage=0.03


Tree=141
num_leaves=31
num_cat=0
split_feature=13 3 2 6 6 12 11 5 5 2 9 11 10 6 6 5 5 5 3 5 10 18 13 16 18 6 12 20 18 7
split_gain=15.6125 15.3229 90.4939 25.0056 25.2535 22.2906 21.9962 20.5207 22.5952 20.3089 22.6227 23.8301 20.3112 19.7031 29.7149 23.7999 38.911 42.899 33.5661 25.1308 28.5595 36.172 31.7542 31.5572 38.2698 27.0251 24.9681 55.9162 52.5493 57.9608
threshold=106449.06640625001 -0.5 0.37940952255126054 41.868701221492657 186.49048777273472 14.500000000000002 12.500000000000002 260.33945970149256 353.90564182194623 1.0000000180025095e-35 34.500000000000007 35.500000000000007 798.50000000000011 419.83466928127365 433.60969280215306 182.7352221345952 122.43615616098316 122.42834224728198 0.37940952255126048 194.67837767687723 10.500000000000002 2095.5000000000005 20275.518554687504 1.5000000000000002 6390.5000000000009 134.14452347908596 181.50000000000003 46.791881561279304 3842.5000000000005 -0.28208643360364061
decision_type=2 2 2 2 2 2 2 2 2 2 2 2 2 2 2 2 2 2 2 2 2 2 2 2 2 2 2 2 2 2
left_child=1 2 7 5 6 -4 -5 -1 9 -9 12 -12 -11 15 -15 16 17 18 -3 20 -17 -22 23 -23 -25 -21 -19 28 -28 -30
right_child=-2 13 3 4 -6 -7 -8 8 -10 10 11 -13 -14 14 -16 19 -18 26 -20 25 21 22 -24 24 -26 -27 27 -29 29 -31
leaf_value=-0.0040486650262744296 -0.019980180391729916 0.00390820102682507 0.026565100517031662 0.032117601748399324 0.022704683930415148 0.079044719529589538 -0.010126632907888468 0.004784376977774717 -0.016712835719291601 -0.027934880991422457 0.10919653285529486 0.027092213215184274 0.037057747301902803 -0.025145833036126174 -0.0025851433466577652 0.032275215584918443 -0.0035059785969514664 0.014378881896579508 -0.00057344079439515614 0.015978130684415916 -0.017233622925426177 0.016112267286786632 9.4185054790767227e-05 0.036283025692960096 0.14113707917052368 0.0013220922757803644 -0.010059721962529647 0.019106602850544638 0.039377229245253269 0.28815044087012304
leaf_weight=2596.3598796958104 35.24440832156688 2303.2846897928976 33.672652441076934 13.914276598021386 88.206622570753098 9.294928774237631 54.713119062129408 192.7282158723101 37.692614568863064 7.6551429852843347 5.399322687648235 7.7455900572240353 9.9559154310263676 61.05644613225013 376.80724008521065 49.201697997748852 2111.6308796727099 24.884196423925459 4334.655216969084 120.50347917620093 44.701241110451519 104.74347063712776 104.39761965256184 15.014564085751774 3.9587626215070477 1876.9991261167452 1.4574471386149515 9.0263768164440972 1.2864866973832252 2.4444720158353448
leaf_count=101241 1862 61845 355 114 1724 94 2007 4535 1187 133 74 113 204 1702 11414 436 94982 1061 129589 2203 1890 2090 3246 294 56 47327 80 409 73 92
internal_value=-3.72312e-05 1.08999e-05 -0.00187757 0.0176413 0.0120863 0.0379177 -0.00156157 -0.00324235 0.00477326 0.00839708 0.0310356 0.0608169 0.00880687 0.000510957 -0.00573104 0.000757004 4.36177e-05 0.00116619 0.000981635 0.00346003 0.0112373 0.00744321 0.0122789 0.0225609 0.0581607 0.00220625 0.0324981 0.0642174 0.142697 0.20237
internal_weight=14638.6 14603.4 3057.34 199.802 156.834 42.9676 68.6274 2857.54 261.177 223.484 30.756 13.1449 17.6111 11546.1 437.864 11108.2 8788.67 6677.04 6637.94 2319.52 322.017 272.816 228.114 123.717 18.9733 1997.5 39.099 14.2148 5.18841 3.73096
internal_count=472432 470570 111781 4294 3845 449 2121 107487 6246 5059 524 187 337 358789 13116 345673 288131 193149 191434 57542 8012 7576 5686 2440 350 49530 1715 654 245 165
is_linear=0
shrinkage=0.03


Tree=142
num_leaves=31
num_cat=0
split_feature=6 5 5 5 5 17 14 6 6 6 5 10 10 12 18 13 10 18 0 0 13 18 22 22 6 6 8 8 5 5
split_gain=15.0741 50.8383 25.4894 39.3933 74.7772 48.4662 30.4333 27.2898 33.9831 25.8582 24.7647 30.001 26.6394 28.3722 25.0526 30.7887 34.6169 28.8822 28.4841 27.6241 42.7817 24.7274 22.1448 41.1805 91.3155 57.2019 54.2374 121.381 41.7647 71.5627
threshold=45.748518406342633 49.9330424528302 71.17058333333334 102.58994080996887 103.91350000000001 0.050039123743772514 1.5000000000000002 186.6198685303122 187.78043695434891 146.5934760236874 41.268379638916763 1436.5000000000002 1032.5000000000002 259.50000000000006 5643.5000000000009 3793.1574707031255 1014.5000000000001 9511.5000000000018 26.822000000000006 11.482500000000002 32000.761718750004 6123.5000000000009 13629.500000000002 17753.000000000004 127.13926306166469 47.746429166681615 40.500000000000007 42.500000000000007 110.20941672648961 109.26259782001118
decision_type=2 2 2 2 2 2 2 2 2 2 2 2 2 2 2 2 2 2 2 2 2 2 2 2 2 2 2 2 2 2
left_child=10 -2 -3 7 5 6 9 -4 -9 -5 11 14 -12 -14 -1 18 -17 19 -16 20 -18 -21 -6 24 26 -25 -24 -28 29 -29
right_child=1 2 3 4 22 -7 -8 8 -10 -11 12 -13 13 -15 15 16 17 -19 -20 21 -22 -23 23 25 -26 -27 27 28 -30 -31
leaf_value=-0.0034874842321162406 -0.017035310702335882 0.00649933819889216 -0.0066692518418981061 -0.0010266922754239281 -0.0034815773603146514 -0.0093039170295847896 0.074302907424977374 0.11751632825458729 -0.021427142919921132 0.04597887375259211 0.0040129034753994472 0.079398871765299722 -0.01500764838339938 0.017929459815012917 -0.0070978631192401805 -0.0011744108358559947 0.12225148118114437 0.093767967643114875 0.046328087901135878 0.071864089357200983 -0.022162891638824119 0.0032922568424152338 0.012233027756925011 0.20034506268334043 0.0012585351256019207 -0.00015200929355631965 0.19047124634201168 0.00098826021676569429 0.022529352909725874 0.15882890442688971
leaf_weight=1395.3260667910799 168.35085526481271 458.28799339802936 1023.511048511602 16.953920384403318 1635.8275412749499 23.191573450807482 18.06941507384181 3.5452818013727656 2.8641718877479434 27.810003209393471 2503.1737046409398 4.148367670364677 125.42846207134426 28.975183448754251 13.261336077935992 426.76075625605881 5.0006618006154886 4.6358300149440756 27.827957816421986 5.1875272588804355 2.9267244888469577 54.008915374055505 39.568256697617471 1.2809280473738898 230.94229709124193 6342.7150277490728 5.6471976833418003 4.4655487434938532 28.206460213288665 6.1393818128854036
leaf_count=23161 1620 7919 73219 805 64433 1262 254 35 91 842 34716 43 2645 603 154 7653 71 56 213 100 58 936 1412 19 9756 239173 82 175 862 64
internal_value=-3.67988e-05 -0.000688377 -0.000409523 -0.000745973 -6.55503e-05 0.0277606 0.041441 -0.00628281 0.0554271 0.028176 0.001386 -0.00119187 0.00326693 -0.00882671 -0.00136465 0.00412459 0.00206728 0.0213459 0.0290852 0.0163441 0.0689349 0.00930137 -0.000354134 0.000414147 0.0110021 -0.000111527 0.0377816 0.0605198 0.0416114 0.092365
internal_weight=14634 10037.4 9869.03 9410.74 8380.82 86.0249 62.8333 1029.92 6.40945 44.7639 4596.66 1939.08 2657.58 154.404 1934.94 539.61 498.52 71.7597 41.0893 67.1238 7.92739 59.1964 8294.79 6658.97 314.969 6344 84.0268 44.4586 38.8114 10.6049
internal_count=472432 402023 400403 392484 319139 3163 1901 73345 126 1647 70409 32445 37964 3248 32402 9241 8874 1221 367 1165 129 1036 315976 251543 12351 239192 2595 1183 1101 239
is_linear=0
shrinkage=0.03


Tree=143
num_leaves=31
num_cat=0
split_feature=13 1 1 6 17 1 1 1 6 18 5 5 1 17 1 18 11 1 14 5 6 5 5 20 20 18 10 12 5 22
split_gain=15.1922 16.2515 86.4894 29.1326 27.1381 24.4434 46.4663 34.768 30.2999 29.9195 24.1963 53.4128 30.3074 28.5144 23.6143 23.5331 30.2602 28.9233 48.8986 23.5229 26.1393 30.083 22.8514 23.7641 74.435 23.0937 21.7838 27.246 21.6875 21.145
threshold=54560.964843750007 4.0767744374322312 4.0605895407973458 392.29733363186028 0.32071428000926977 3.9111225951759701 3.9120330053281478 3.869178069964561 218.08213639348148 2.5000000000000004 188.96511764705886 194.67837767687723 3.6364275816172209 0.1483944579958916 4.0933690765461037 9681.5000000000018 40.500000000000007 3.9883263868713179 1.5000000000000002 218.67191445969021 239.13200698181927 102.58994080996887 208.64513968241306 35.404296875000007 39.555328369140632 7240.5000000000009 988.50000000000011 163.50000000000003 153.36504868270336 153804.50000000003
decision_type=2 2 2 2 2 2 2 2 2 2 2 2 2 2 2 2 2 2 2 2 2 2 2 2 2 2 2 2 2 2
left_child=1 2 3 4 5 7 19 10 15 -9 13 -12 -13 -1 -3 28 -17 -18 -19 20 21 -7 -14 -24 -25 26 27 -26 -8 -29
right_child=-2 14 -4 -5 -6 6 8 9 -10 -11 11 12 22 -15 -16 16 17 18 -20 -21 -22 -23 23 24 25 -27 -28 29 -30 -31
leaf_value=-0.002395055666218184 -0.010789703367285105 0.027207149687283744 -0.020100789726280179 -0.014102549201944637 -0.0076880172326212358 -0.00036858576058846097 0.0023377606216003341 0.047454142080337471 -0.010023187791834871 -0.01595580346280101 0.038047737295154177 -0.0048460266240911059 -0.016770501446764553 0.0029123422538810903 0.00079949466999649675 0.0064819692420002226 0.0086530554937916948 0.048940547103257487 0.27723549806930092 0.050159883150279284 -0.010699392912063626 0.026724257876805019 -0.010600533730822589 0.21469810512546 0.012614276991724405 0.0095740026729305861 -0.0027176225715345352 0.078627968004470736 0.034834657064036927 0.1965548243692056
leaf_weight=2535.5419947956689 117.29814815474674 30.585969381500036 209.06541065964848 137.54273270396516 397.4704388231039 52.861209700349718 469.83974464796484 6.9700571261346331 168.20312360301614 170.97122321184725 46.939354911446571 139.3668513270095 10.413414174690841 1421.9959076410159 8471.5501464130357 7.8811499318107945 2.0239512072876096 1.8739909175783398 1.5369079094380138 17.493427369743586 32.664116512984037 122.04731100425124 8.5918956408277136 2.1823247857391861 2.7192551940679568 16.13075446151197 3.0891308942809692 3.2478347141295671 19.239658758975565 2.364823704585433
leaf_count=85364 5454 551 18472 6277 14372 3674 15600 52 7305 9213 752 4716 385 19516 270860 374 57 108 31 422 1411 5747 272 51 80 474 85 94 616 47
internal_value=-3.64946e-05 5.04194e-05 -0.00114361 -0.000460427 -0.000129126 0.000441388 0.00495628 -0.000483863 0.000997686 -0.013472 6.73785e-05 0.00941909 0.0022752 -0.000488037 0.000894495 0.0046875 0.0440371 0.0984964 0.151807 0.0167512 0.0139356 0.0185362 0.0226378 0.0333453 0.0460438 0.032685 0.0653263 0.0905542 0.00361614 0.128315
internal_weight=14629.7 14512.4 6010.27 5801.2 5663.66 5266.19 895.665 4370.52 670.599 177.941 4192.58 235.046 188.106 3957.54 8502.14 502.395 13.316 5.43485 3.4109 225.066 207.573 174.909 48.7394 38.326 29.7341 27.5518 11.421 8.33191 489.079 5.61266
internal_count=472432 466978 195567 177095 170818 156446 35345 121101 24091 9265 111836 6956 6204 104880 271411 16786 570 196 139 11254 10832 9421 1488 1103 831 780 306 221 16216 141
is_linear=0
shrinkage=0.03


Tree=144
num_leaves=31
num_cat=0
split_feature=5 5 17 7 5 6 17 21 5 18 7 18 14 17 17 18 6 6 5 10 0 20 5 5 6 17 18 20 7 21
split_gain=14.7237 22.9609 21.4179 18.0887 15.9936 46.9599 34.086 28.1508 91.8507 31.4806 30.5516 32.3391 28.0001 29.9394 39.9499 54.206 22.7119 69.2759 53.4607 54.8213 51.2722 45.2893 59.1778 42.9073 53.8343 46.6693 110.137 39.4231 62.3272 38.6272
threshold=353.90564182194623 333.93928571428575 0.32071428000926977 -0.24230515299423203 183.47462987012989 239.13200698181927 0.097576983273029341 7727.5000000000009 129.52252819548875 8795.5000000000018 -0.36832059707539117 8891.5000000000018 6.5000000000000009 0.02158414572477341 0.068185124546289458 33.500000000000007 204.38570124685731 205.54493770658823 143.45892908382868 784.50000000000011 25.665000000000003 30.029209136962894 154.18444444444449 120.55234225571726 236.82323399048286 0.036812121048569686 8015.5000000000009 45.646087646484382 -0.45784146589730063 9693.5000000000018
decision_type=2 2 2 2 2 2 2 2 2 2 2 2 2 2 2 2 2 2 2 2 2 2 2 2 2 2 2 2 2 2
left_child=1 4 3 -3 5 16 -7 -8 -9 -10 -11 -12 13 -6 15 -15 -1 20 23 -20 -18 -21 29 27 -25 -26 -27 -19 -29 -23
right_child=-2 2 -4 -5 12 6 7 8 9 10 11 -13 -14 14 -16 -17 17 18 19 21 -22 22 -24 24 25 26 -28 28 -30 -31
leaf_value=-0.0003448188249967442 -0.0093580950976171473 0.0050841196853848329 -0.017445382300340817 0.049650830130979845 -0.0032539906443978797 -0.0097676499390383711 0.0017373423509450673 0.25574291147937228 -0.022673957512084321 0.16514045131948862 0.15921924490654965 -0.015591605162463967 -0.0071921962953908052 0.033308191354294962 -0.00054412504574719294 0.005959353222303245 0.086639301532022372 -0.0055125729403315143 -0.0086033037368586918 0.092583743326656434 0.016537953963245828 0.039708436843252141 -0.0038835929637475474 -0.018046525674788032 -0.026261996475961703 0.016250639483056887 0.23168351516065622 0.20270424293851808 0.017016574124171114 0.15207207810365642
leaf_weight=9605.9727565087378 150.91688188165426 13.257864860817788 9.8691221685148758 21.470018750056624 623.48597908951342 729.00501493504271 101.66599990893155 1.6590759493410612 7.5107759330421668 1.9894853578880427 1.2577025359496472 3.9239759957417846 285.62285468960181 68.373127156868577 997.45172246359289 1416.4870231491514 15.513139351271091 115.66916466923431 44.311178700067103 9.8810251187533122 23.790667206514627 45.792790784034878 36.939184983726591 171.6231736857444 6.3593629933893707 7.6317062210291606 2.9657116625458002 1.6533491229638446 101.59797582542524 2.9296550313010803
leaf_count=314447 4743 324 284 217 13277 32803 4917 22 430 88 38 185 10302 580 31346 31102 129 5335 1283 193 972 1837 1993 10147 267 366 95 29 4575 106
internal_value=-3.6105e-05 6.1082e-05 0.0215539 0.0326369 -5.33824e-06 -0.000558891 -0.00734632 0.00761175 0.0441595 0.0202504 0.0652075 0.0268387 0.00179657 0.00262322 0.0040994 0.00721868 5.14772e-06 0.00573552 0.00297302 0.0189771 0.0442068 0.0317685 0.0247535 -0.00251958 -0.0130082 0.0379858 0.07654 0.00651541 0.01999 0.0464648
internal_weight=14626.6 14475.7 44.597 34.7279 14431.1 11039.6 847.012 118.007 16.341 14.6819 7.17116 5.18168 3391.42 3105.8 2482.31 1484.86 10192.6 586.658 547.354 139.854 39.3038 95.5427 85.6616 407.5 188.58 16.9568 10.5974 218.92 103.251 48.7224
internal_count=472432 467689 825 541 466864 380257 38483 5680 763 741 311 223 86607 76305 63028 31682 341774 27327 26226 5412 1101 4129 3936 20814 10875 728 461 9939 4604 1943
is_linear=0
shrinkage=0.03


Tree=145
num_leaves=31
num_cat=0
split_feature=13 1 1 1 19 18 13 5 1 22 19 10 5 3 1 12 1 21 21 18 18 10 11 5 14 8 8 5 5 9
split_gain=14.6541 14.6984 74.0652 38.3886 43.6805 32.4422 26.2132 26.0623 28.9288 27.1545 40.2818 29.1291 27.3376 46.1682 35.4177 30.1016 42.0759 27.2175 29.8111 22.943 32.0023 60.2245 43.8816 41.3097 21.7975 43.4385 42.1087 32.6972 75.4522 30.8241
threshold=106449.06640625001 5.4165224462553345 5.3422146204293686 5.332530368305199 27.500000000000004 7480.5000000000009 31656.704101562504 117.34893873807779 6.9032198963399383 68951.000000000015 8.5000000000000018 802.50000000000011 115.99097222222224 -0.3794095225512602 5.7079401404580592 153.50000000000003 5.4731106533963034 9265.5000000000018 7698.5000000000009 2.5000000000000004 23.500000000000004 2.5000000000000004 1.5000000000000002 191.49906926406928 1.0000000180025095e-35 164.50000000000003 142.00000000000003 120.55234225571726 126.02607782441414 4.5000000000000009
decision_type=2 2 2 2 2 2 2 2 2 2 2 2 2 2 2 2 2 2 2 2 2 2 2 2 2 2 2 2 2 2
left_child=1 2 3 19 -5 -6 7 9 -9 11 -11 -3 14 -14 15 -12 -17 18 -18 -1 21 23 -23 -21 -22 26 -26 -28 -29 -30
right_child=-2 6 -4 4 5 -7 -8 8 -10 10 12 -13 13 -15 -16 16 17 -19 -20 20 24 22 -24 -25 25 -27 27 28 29 -31
leaf_value=-0.0078594882233815177 -0.019636271259505591 0.022414643581172313 -0.016611884849683716 0.012814711222749591 0.17573447348658605 0.04264609859267339 -0.0036612573315161745 0.0032544488065582894 -0.012685254393315384 0.083564119393964464 0.014400628968146019 -0.003506285270153107 0.20077546718806641 0.0052702891095498016 -0.0019009041913148417 0.02547685674410129 0.095428225073024744 0.025753894524362077 0.23778016441280886 -0.00012389467885784924 -0.0036534804494783423 0.034292870844872231 0.0054251030340542097 0.022113317033880052 0.0034056796423887785 -0.00070384261212565419 0.0067930125965475208 0.12347059396814691 -0.015520644249344448 0.035668561497560161
leaf_weight=338.89105572924018 34.249576026573777 57.206022357568145 249.37034494802356 17.470820062793795 3.0231966990977517 3.6250421106815338 564.97140735387802 1633.0850166706368 109.33434284571558 9.2389938328415138 27.313946649432182 122.72455893456936 1.9395598005503414 2.4734141528606406 52.55183375813067 10.512824088335039 3.2595771942287675 2.0771496184170246 2.2297163885086775 887.15563200414181 1631.0211183899082 97.382086001336575 92.31833660043776 82.147406931966543 994.32569474168122 7449.7187525588088 72.885862119030207 7.7988813128322354 13.558111069258301 48.313347994349897
leaf_count=4669 1862 876 8915 577 58 90 17040 34124 3548 180 556 5344 58 78 1472 302 61 55 65 10473 81831 582 879 837 35350 257872 2693 157 623 1205
internal_value=-3.59113e-05 1.01065e-05 -0.000433261 -8.95992e-05 0.0377194 0.103166 0.0020554 0.00364332 0.00225426 0.0119455 0.0235715 0.00473486 0.0181565 0.0911974 0.0148656 0.0342761 0.0643038 0.11825 0.153251 -0.000167438 6.16959e-05 0.004786 0.0202443 0.00176069 -0.00047419 0.000129715 0.00559182 0.0208401 0.0355355 0.0244513
internal_weight=14622.2 14587.9 11989 11739.6 24.1191 6.64824 2598.92 2033.95 1742.42 291.528 111.597 179.931 102.358 4.41297 97.945 45.3932 18.0793 7.56644 5.48929 11715.5 11376.6 1159 189.7 969.303 10217.6 8586.6 1136.88 142.556 69.6703 61.8715
internal_count=472432 470570 406811 397896 725 148 63759 46719 37672 9047 2827 6220 2647 136 2511 1039 483 181 126 397171 392502 12771 1461 11310 379731 297900 40028 4678 1985 1828
is_linear=0
shrinkage=0.03


Tree=146
num_leaves=31
num_cat=0
split_feature=13 3 0 0 3 0 0 7 14 0 15 13 0 0 8 5 13 18 7 0 19 9 13 19 19 3 21 0 5 0
split_gain=14.0513 14.2683 20.984 47.6214 25.5358 26.6849 28.7239 26.3494 25.2879 21.4089 21.1084 30.1127 21.7781 32.6857 20.7681 29.2202 20.8865 20.1109 24.1062 40.0994 20.019 21.9416 21.2452 19.2853 22.3735 21.3528 19.0801 18.9628 18.8363 25.4394
threshold=106449.06640625001 -0.5 76.995000000000019 77.953500000000005 0.37940952255126048 19.807500000000005 15.950500000000002 -0.59613529589201442 19.500000000000004 26.404000000000003 13.500000000000002 100.0279998779297 87.967000000000013 84.671000000000006 66.500000000000014 260.33945970149256 1593.4849853515627 9261.5000000000018 -0.30841267287031809 207.97500000000002 20.500000000000004 24.500000000000004 32535.835937500004 178.50000000000003 143.50000000000003 0.1294095225512602 4003.5000000000005 210.95500000000001 118.29433513621795 2117.0100000000007
decision_type=2 2 2 2 2 2 2 2 2 2 2 2 2 2 2 2 2 2 2 2 2 2 2 2 2 2 2 2 2 2
left_child=1 14 4 20 5 6 23 -8 -6 -7 11 27 13 -13 -1 16 -16 -17 -19 -20 -4 -22 -23 24 -3 -26 -14 -5 29 -12
right_child=-2 2 3 10 8 9 7 -9 -10 -11 28 12 26 -15 15 17 -18 18 19 -21 21 22 -24 -25 25 -27 -28 -29 -30 -31
leaf_value=-0.0069815194405303503 -0.019406327549155923 0.0054745478699361177 0.0087985610953768244 -0.0054327559375289131 -0.001772340980093547 -0.0074379597646701354 0.031469394902689608 -0.0067307117390818126 -0.016838362833706749 0.0017909647083969383 0.0031021885231116556 0.0032855596784754446 0.0096015630082567638 0.062352333027113051 0.0026873288972223009 0.0056237596003507456 -0.0035097392948304483 -0.022612509837060923 0.11144509654432687 0.024770659778668009 0.10279421947932828 0.034087194368411872 -0.011028494601957439 -0.010617180667147681 0.065318868629295923 0.0019533160561431462 -0.0075922966362469424 0.011338270301121684 -0.00092003825879110278 0.092287381603037094
leaf_weight=569.70440002856776 33.625237257219851 212.04747949447483 93.120813461951911 277.98902465309948 3805.0381837142631 269.35945341037586 75.528029122389853 20.706495206337422 102.98084287345409 1412.5615425803699 1414.279850773979 17.01637889444828 554.11212060786784 16.713004849851131 710.79717417620122 154.53519897628576 1572.0556086287834 6.6617731647565952 5.8194784373044959 27.528767792508006 3.5488979201763859 53.681096287444234 11.386508984491227 61.216785863041878 11.482169823721053 8.2073003929108364 64.888945110142231 77.619220407679677 2969.4042028756812 2.8843548297882071
leaf_count=24249 1862 3159 4385 3821 127582 6782 784 342 2508 48181 52803 146 5868 101 12754 3518 70671 191 96 302 73 957 282 947 137 101 745 534 98489 62
internal_value=-3.55771e-05 9.08803e-06 0.000491376 0.00181863 -0.000742097 0.00195101 0.00903008 0.02325 -0.00216935 0.000312954 0.00133776 0.00525172 0.00907831 0.0325533 -0.00181677 -0.000629076 -0.0015802 0.0105317 0.0294881 0.0398959 0.0178586 0.0301541 0.0261922 0.00435887 0.00831502 0.0389058 0.00779916 -0.00177212 0.000438062 0.00328371
internal_weight=14616.5 14582.9 11535.8 5556.64 5979.13 2071.11 389.188 96.2345 3908.02 1681.92 5394.91 1008.34 652.73 33.7294 3047.1 2477.4 2282.85 194.545 40.01 33.3482 161.737 68.6165 65.0676 292.954 231.737 19.6895 619.001 355.608 4386.57 1417.16
internal_count=472432 470570 358789 168266 190523 60433 5470 1126 130090 54963 162569 11215 6860 247 111781 87532 83425 4107 589 398 5697 1312 1239 4344 3397 238 6613 4355 151354 52865
is_linear=0
shrinkage=0.03


Tree=147
num_leaves=31
num_cat=0
split_feature=6 6 16 14 12 6 17 0 0 12 0 6 13 18 6 0 6 18 2 19 6 11 6 18 18 0 19 0 6 13
split_gain=14.7161 35.6947 24.1147 26.5679 30.7697 39.2985 29.7489 27.0665 29.2837 26.071 23.5229 22.0584 22.2645 21.1678 22.6725 19.2419 19.9974 29.403 24.8646 28.2086 18.4001 18.3306 23.5317 18.3222 29.0861 18.6833 26.1862 21.2234 18.2177 22.2399
threshold=45.748518406342633 46.092055613603797 1.0000000180025095e-35 6.5000000000000009 178.50000000000003 311.98243690061923 0.021038182079792026 209.96000000000001 72.000500000000017 198.50000000000003 8.3700000000000028 91.654153122780272 6432.7849121093759 4844.5000000000009 261.53313049381444 1717.7300000000002 297.5221818375345 6770.5000000000009 0.78656609248549325 8.5000000000000018 48.923200790549508 11.500000000000002 383.13521196660548 14.500000000000002 4.5000000000000009 38.952500000000008 9.5000000000000018 39.937000000000005 38.091680187016983 25.006999969482425
decision_type=2 2 2 2 2 2 2 2 2 2 2 2 2 2 2 2 2 2 2 2 2 2 2 2 2 2 2 2 2 2
left_child=10 -2 23 6 -5 7 11 8 -6 13 -1 12 -4 14 -10 16 17 20 21 -20 -8 22 -18 24 -3 26 -25 -27 29 -12
right_child=1 2 3 4 5 -7 15 -9 9 -11 28 -13 -14 -15 -16 -17 18 -19 19 -21 -22 -23 -24 25 -26 27 -28 -29 -30 -31
leaf_value=-0.0088167942297189827 -0.015092193066247438 -0.0044266983786092071 0.10906431085483156 -0.012066722815985153 0.0039715879221034955 -0.0099815627420414381 0.017957800842642646 -0.011245264753306622 0.086145760327643137 0.036423230373425965 -0.00546501185029938 -0.0013315919365860234 0.017588695197302134 0.054910920485154585 0.22454291378241992 -0.027677190094810417 0.027367455889531885 0.0079245583319987305 -0.022955489461472498 0.038144891180365063 -0.0017401133473382146 0.0044982582595352941 0.0028923835068629172 -0.012052283555705087 0.020287357930799277 0.015265644103931327 0.00021033425418336 -0.0017867912438651627 0.0040104828167225569 0.0015697596058611932
leaf_weight=195.28353159688413 152.30118970293552 87.103340558707714 2.7653316007927087 264.93199156457558 12.119907546788452 53.452030665241182 44.630104597657919 11.831308789551256 2.2981875659897941 13.613971792161463 509.5940332878381 1983.1702580577694 17.865186983719468 4.094953934662044 1.9859324628487227 17.224352512508631 78.125973018817604 512.88251910265535 8.1154444664716703 41.96772532351315 976.62729317974299 702.70251722820103 64.579014820978045 379.86099155293778 84.37525661662221 66.739533938467503 266.81494711060077 4167.9815508844331 1926.6070562005043 1960.4387933942489
leaf_count=2924 1458 1328 89 11178 605 1435 363 313 69 380 9292 85425 1014 99 46 537 900 16249 141 539 34667 15753 960 28112 938 4799 9734 184892 18106 40087
internal_value=-3.49842e-05 -0.000679482 -0.000457036 0.00106219 -0.00672657 0.00750715 0.00169977 0.0278537 0.0414143 0.0620482 0.00137139 -0.00101055 0.0298502 0.103683 0.150301 0.00391934 0.00414334 0.00206395 0.00770571 0.0282442 -0.000879292 0.00648898 0.0162916 -0.00190474 0.00773374 -0.00224333 -0.00699279 -0.00151804 0.00182392 0.000118411
internal_weight=14612.1 10020.2 9867.86 4814.98 364.328 99.3963 4450.66 45.9443 34.113 21.993 4591.92 2003.8 20.6305 8.37907 4.28412 2446.85 2429.63 1534.14 895.491 50.0832 1021.26 845.408 142.705 5052.88 171.479 4881.4 646.676 4234.72 4396.64 2470.03
internal_count=472432 402023 400565 170762 14125 2947 156637 1512 1199 594 70409 86528 1103 214 115 70109 69572 51279 18293 680 35030 17613 1860 229803 2266 227537 37846 189691 67485 49379
is_linear=0
shrinkage=0.03


Tree=148
num_leaves=31
num_cat=0
split_feature=5 5 17 19 21 5 3 21 7 0 0 17 10 21 7 0 0 3 11 5 5 3 5 21 13 14 16 11 12 10
split_gain=13.8126 21.5068 19.9231 16.9162 29.8592 20.1895 21.5885 17.8299 18.5619 19.6488 25.7868 17.2111 27.2723 17.166 16.5694 15.8888 40.7348 42.5948 16.3749 15.7262 67.6414 17.0589 15.2739 28.034 26.5098 15.6643 27.9412 24.652 52.4412 32.6648
threshold=353.90564182194623 333.93928571428575 0.32071428000926977 1.5000000000000002 4810.5000000000009 247.20149662512983 0.37940952255126048 8746.5000000000018 -0.9840105937902498 205.96100000000004 400.05500000000006 0.0046307018492370853 734.50000000000011 1753.5000000000002 -0.24230515299423203 15.001000000000003 14.992500000000001 0.1294095225512602 39.500000000000007 40.438652647975083 39.785202697926486 0.1294095225512602 32.515324423541337 4003.5000000000005 350.00250244140631 11.500000000000002 6.5000000000000009 6.5000000000000009 4.5000000000000009 2.5000000000000004
decision_type=2 2 2 2 2 2 2 2 2 2 2 2 2 2 2 2 2 2 2 2 2 2 2 2 2 2 2 2 2 2
left_child=1 3 14 4 13 19 -7 8 -8 -10 -11 12 -5 -1 -3 16 18 -18 -15 20 -6 -22 23 -13 -25 26 27 28 -24 -30
right_child=-2 2 -4 11 5 6 7 -9 9 10 -12 22 -14 15 -16 -17 17 -19 -20 -21 21 -23 25 24 -26 -27 -28 -29 29 -31
leaf_value=-0.004506341689080165 -0.0091113330838381006 0.0049646146196488262 -0.017187109818311889 0.057437016300295782 -0.0051492700771678225 -0.0091055982013035063 0.1468074983563204 -0.0060008026642618161 -0.030573082814544805 0.097242921402940788 -0.011083232527181543 -0.019656504816476329 -0.010973476476715252 -0.015668418805365091 0.047477332783308769 0.0042813058437836974 0.28326638578097618 0.022772622228253964 0.081602576813550612 -0.012185224251434749 0.23393386279134928 0.084911333431010719 0.0027197301202007197 0.08545980934434165 0.001453850376606645 -0.0039456007578358831 0.0099050910305298126 2.7659336043573848e-06 -0.0078733258298089512 0.037490875549367794
leaf_weight=291.56718800403178 149.34209825051948 13.290349043905733 9.7182575077749771 5.407103785313665 22.516185358166698 23.394376179669052 1.6759242387488491 6.8827466163784257 2.7199532235972592 5.9947107620537263 2.9515164960175753 91.191594216972589 174.60231887269765 5.8259115964174253 21.761027093976736 327.44754232279956 1.1443698247894647 1.1157646887004373 2.125992245040834 432.933771149721 1.2455512499436729 1.5537133505567906 1602.2135173520073 3.5736214891076079 62.683342234231532 666.29693831782788 294.59006943926215 10299.306468886789 18.420216042548418 63.642417153343558
leaf_count=11811 4743 324 284 180 1605 719 35 228 194 115 86 1711 16497 208 217 15427 49 55 95 32685 49 63 17056 64 1286 13946 8238 343870 101 491
internal_value=-3.44632e-05 5.92965e-05 0.0208201 -5.19054e-06 -0.00352708 -0.00898491 0.0105181 0.033217 0.0534482 0.0400365 0.0615042 0.000294735 -0.00891857 0.000826055 0.0313579 0.00543055 0.0422809 0.154668 0.0103376 -0.0108413 0.0121413 0.15122 0.000421319 -0.00886623 0.00598478 0.000534287 0.000777396 0.000553011 0.00391775 0.0273082
internal_weight=14607.1 14457.8 44.7696 14413 1131.1 501.868 43.6192 20.2249 13.3421 11.6662 8.94623 13281.9 180.009 629.227 35.0514 337.66 10.212 2.26013 7.9519 458.249 25.3154 2.79926 13101.9 157.449 66.257 12944.5 12278.2 11983.6 1684.28 82.0626
internal_count=472432 467689 825 466864 63424 35779 1377 658 430 395 201 403440 16677 27645 541 15834 407 104 303 34402 1717 112 386763 3061 1350 383702 369756 361518 17648 592
is_linear=0
shrinkage=0.03


Tree=149
num_leaves=31
num_cat=0
split_feature=6 5 5 5 5 17 21 11 11 13 6 6 0 14 16 12 17 18 17 6 5 6 5 5 0 18 13 18 6 19
split_gain=13.8492 46.7405 23.6081 35.4629 68.7757 43.2361 26.5957 30.1851 32.8071 31.7415 25.3054 28.9491 22.1697 19.9726 28.1668 26.4039 34.5038 22.6501 64.788 19.8824 45.636 22.4401 18.2951 26.461 34.8464 36.8105 24.1196 18.2577 48.4754 39.281
threshold=45.748518406342633 49.9330424528302 71.17058333333334 102.58994080996887 103.91350000000001 0.050039123743772514 8102.5000000000009 17.500000000000004 37.500000000000007 7178.7380371093759 186.6198685303122 187.78043695434891 8.3700000000000028 6.5000000000000009 1.5000000000000002 186.50000000000003 0.029778043739497665 4844.5000000000009 0.021859849803149704 419.83466928127365 212.58437500000002 433.60969280215306 229.71408256880738 228.35071838634605 49.956500000000013 2327.5000000000005 23636.798828125004 7176.5000000000009 201.95446459276988 1.5000000000000002
decision_type=2 2 2 2 2 2 2 2 2 2 2 2 2 2 2 2 2 2 2 2 2 2 2 2 2 2 2 2 2 2
left_child=12 -2 -3 10 5 6 7 -5 -9 -10 -4 -12 -1 14 19 -15 17 18 -17 20 -6 -21 23 27 26 -26 -25 -22 29 -29
right_child=1 2 3 4 13 -7 -8 8 9 -11 11 -13 -14 15 -16 16 -18 -19 -20 21 22 -23 -24 24 25 -27 -28 28 -30 -31
leaf_value=-0.008598607399102759 -0.016505273946678015 0.0062442935808349051 -0.0063883957286516319 -0.028069941319021185 -0.0021309894207168392 -0.0090639330860147783 0.015612096318298676 0.089984528403515895 0.17242015397739757 0.018926748903782691 0.10621005603569959 -0.021056387677836103 0.0017675555824504146 -0.011019198697506194 0.0029521340096687674 0.0058350440705113261 -0.0082697481663096262 0.012997434439925126 0.14556418119356695 -0.022898961950031098 0.0012460590168267463 -0.0043128740474729374 0.0020547060619945262 0.024184505014605704 0.072318724125493616 0.0039650465780454933 0.15325224497325518 -0.0050569823664728709 0.011484672765917346 0.14736407772514154
leaf_weight=193.86344681400806 164.78395035956055 459.57474121823907 1011.4541065455414 3.591119152493774 4064.727248525247 22.923663648311049 26.290723700076342 18.936731115914881 1.3218352003023017 14.662514894269405 3.8158748783171168 2.7809206685051322 4398.8499606316909 310.30836271634325 2098.2350202370435 7.3047803137451393 51.079431822523475 24.07423663046211 5.0519554605707526 68.642472898121923 195.31188143929467 394.29294212069362 881.89380066702142 2.1358988648280492 9.597660640254615 27.146455436013639 3.3420630786567926 2.3360499823465934 129.55831426940858 4.3653421467170119
leaf_count=2924 1620 7919 73219 53 187279 1262 1073 263 38 474 35 91 67485 12878 68315 262 1543 705 101 1976 5051 12274 20880 70 170 680 60 117 3460 155
internal_value=-3.39556e-05 -0.000659779 -0.000394553 -0.000719645 -7.63893e-05 0.0263467 0.0388731 0.0547524 0.0632694 0.03162 -0.00600642 0.0525601 0.00132999 -0.000356363 -2.53269e-05 -0.00691484 0.00763905 0.0299446 0.0629622 -0.00110557 -0.000586704 -0.00706876 0.00441223 0.00997435 0.0323424 0.0218192 0.102928 0.00712602 0.0155542 0.0942314
internal_weight=14602.3 10009.5 9844.76 9385.18 8367.13 87.7266 64.8029 38.5122 34.9211 15.9844 1018.05 6.5968 4592.71 8279.4 7881.59 397.819 87.5104 36.431 12.3567 5783.35 5320.41 462.935 1255.69 373.794 42.2221 36.7441 5.47796 331.572 136.26 6.70139
internal_count=472432 402023 400403 392484 319139 3163 1901 828 775 512 73345 126 70409 315976 300487 15489 2611 1068 363 232172 217922 14250 30643 9763 980 850 130 8783 3732 272
is_linear=0
shrinkage=0.03


Tree=150
num_leaves=31
num_cat=0
split_feature=13 0 0 6 0 0 0 0 17 18 18 9 15 6 10 3 6 15 19 8 5 0 0 17 20 10 10 7 19 5
split_gain=13.6317 14.7676 82.4508 27.4108 25.6514 45.5739 30.4716 28.8263 25.8959 25.3948 61.6664 31.7935 34.7831 27.9627 27.1576 29.7759 23.4227 22.6144 22.625 22.5332 22.1475 21.7782 20.7912 30.7377 25.3764 31.0677 30.4734 28.8307 28.2216 20.6534
threshold=54560.964843750007 57.955000000000005 57.008500000000005 392.29733363186028 48.955000000000005 49.956500000000013 53.975000000000001 47.936500000000009 0.32071428000926977 3113.5000000000005 3595.5000000000005 37.500000000000007 22.500000000000004 141.41135609779022 89.500000000000014 -0.60355339059327384 135.7451987736971 23.500000000000004 10.500000000000002 274.50000000000006 122.85285658311147 58.941500000000012 54.007500000000007 0.097576983273029341 46.424783706665046 844.50000000000011 867.50000000000011 -0.062911860949691881 3.5000000000000004 188.96511764705886
decision_type=2 2 2 2 2 2 2 2 2 2 2 2 2 2 2 2 2 2 2 2 2 2 2 2 2 2 2 2 2 2
left_child=1 2 3 4 7 -6 9 8 29 13 11 12 19 16 15 -12 -7 18 -9 -11 -21 -3 -8 -24 25 27 -27 28 -25 -1
right_child=-2 21 -4 -5 5 6 22 17 -10 10 14 -13 -14 -15 -16 -17 -18 -19 -20 20 -22 -23 23 24 -26 26 -28 -29 -30 -31
leaf_value=-0.0005132835918607644 -0.010331034866757328 0.025915871752307151 -0.019834077828554494 -0.013785316819235933 0.014413041993551581 -0.001081550906217092 0.030045521542935518 0.055158400689241348 -0.0091198168844114479 0.045708062312267497 0.09089838523317581 -0.0015389810795090298 -0.017397109550189634 -0.01972696759160544 -0.0074862029508958542 0.006561985299529712 0.11188554029942295 -0.019027201922864383 -0.0071142283978492694 0.17284965422369367 0.075413865090006346 0.00075988727900601057 -0.0077383398292873874 -0.012491209155020529 -0.027347657677098104 0.14567300787370444 0.038237786305921811 0.0044571226104206428 0.14547450510250037 0.0086221683543455923
leaf_weight=3978.8711470360868 114.79106191266328 31.086557747796178 204.0809580674395 135.11729897838086 284.56761771859601 105.26268915832043 36.428183780051768 7.6794400475919273 300.31283968128264 11.141876118257647 5.2958770319819477 12.036010246723889 4.5297849792987099 138.60333979222924 172.64721540594473 13.057023808360098 1.6782042197883118 126.57385930744931 16.60461513698101 3.2019351124763471 6.0983910085633397 8467.3698648996651 87.090591963846236 1.6500822035595764 10.523232864215968 2.6310387225821641 24.524713542312384 57.054506968706846 2.6567413844168186 235.93431934434921
leaf_count=105577 5454 551 18472 6277 12822 3375 1667 79 9909 209 77 181 271 7474 6255 224 90 8889 152 50 99 270860 4639 106 334 45 711 545 62 6976
internal_value=-3.3636e-05 4.79729e-05 -0.00109342 -0.000431921 -0.000112391 0.00429812 0.00016318 -0.00103938 -0.000608361 -0.00413979 0.00306961 0.0385133 0.0578178 -0.0108343 -0.00379793 0.0308979 0.000691221 -0.0139395 0.0125785 0.0744846 0.108959 0.000851906 0.00931887 0.0052624 0.0166945 0.0219304 0.0486469 0.0101069 0.0849528 -1.90373e-06
internal_weight=14599.1 14484.3 5985.85 5781.77 5646.66 980.679 696.111 4665.98 4515.12 473.552 228.008 37.008 24.972 245.544 191 18.3529 106.941 150.858 24.2841 20.4422 9.30033 8498.46 222.559 186.131 99.0403 88.5171 27.1558 61.3613 4.30682 4214.81
internal_count=472432 466978 195567 177095 170818 39236 26414 131582 122462 18305 7366 810 629 10939 6556 301 3465 9120 231 358 149 271411 8109 6442 1803 1469 756 713 168 112553
is_linear=0
shrinkage=0.03


Tree=151
num_leaves=31
num_cat=0
split_feature=0 0 0 18 17 7 0 21 21 21 18 8 8 7 17 5 18 19 5 9 5 8 9 5 13 18 10 10 5 5
split_gain=13.5033 27.9099 81.5047 30.1275 44.7143 25.5139 33.1311 23.1957 20.8767 37.4051 27.3567 21.8487 24.4242 19.9834 19.1419 18.6006 23.1134 20.3353 18.5067 19.5948 31.7667 18.3385 34.1349 25.3219 17.8337 19.2772 18.3842 17.47 16.9597 16.95
threshold=994.47500000000014 440.99500000000006 454.97500000000008 8344.5000000000018 0.016113890334963802 1.6697278309618635 500.11500000000007 8823.5000000000018 3892.5000000000005 8216.5000000000018 3318.5000000000005 469.00000000000006 276.50000000000006 -4.3073750111602331 0.056920632719993598 117.34893873807779 3193.5000000000005 4.5000000000000009 116.70992336996339 2.5000000000000004 115.16799944736117 63.500000000000007 1.5000000000000002 132.21875000000003 25362.954101562504 9573.5000000000018 969.50000000000011 1076.5000000000002 221.62976534296033 286.32593582887705
decision_type=2 2 2 2 2 2 2 2 2 2 2 2 2 2 2 2 2 2 2 2 2 2 2 2 2 2 2 2 2 2
left_child=1 -1 8 13 -5 6 7 -6 10 -10 11 12 28 -4 27 16 17 -15 19 -2 -21 23 -23 -17 25 26 -11 -7 -3 -9
right_child=18 2 3 4 5 14 -8 29 9 24 -12 -13 -14 15 -16 21 -18 -19 -20 20 -22 22 -24 -25 -26 -27 -28 -29 -30 -31
leaf_value=-0.00026013531874005707 0.12550924965581878 0.079032427042713266 0.054370363327927891 -0.01476103909971112 0.08705362873296163 0.029754073975012545 -0.0014442634646473159 -0.0064312048923918534 0.00081703815800915054 0.072420833227204773 0.11011709721346782 0.004254988250326699 0.12035704129303719 0.024453489166522548 0.0045002549503483005 0.082624768717294406 0.0032851005600109911 0.12757795540152447 -0.011343916673212155 -0.02392881934178915 0.073151612112632144 0.056217275751917421 -0.0053340469672548529 -0.023081096904304616 0.016146497109497279 0.010617491444084397 0.0067187509735102029 0.084368173567370836 -0.00094183403295232946 0.048108655539379715
leaf_weight=13591.397594759241 1.5319562796503294 4.2405588664114493 5.169535767287015 59.548509579151869 6.1368027739226845 65.524218675680459 108.63132347725332 10.356907537207009 49.983844413422048 23.02041328325868 5.2876186780631533 11.382535170763731 4.237980443984271 4.5650809351354829 27.036326811648905 2.0977797601371995 27.143415003083646 2.7622820772230625 158.29117656312883 8.1803267160430533 4.8215442327782503 8.3558677248656732 274.45131422486156 73.510801638476551 24.770104957744479 8.8564436547458154 4.5985662899911395 5.7325966842472544 5.4582962151616812 10.158729095011948
leaf_count=448745 58 54 100 1796 96 1017 1652 177 1212 357 65 131 47 144 576 78 1074 42 5432 327 95 89 6137 1843 588 149 92 104 74 81
internal_value=-3.33133e-05 6.65626e-05 0.00539692 0.001146 0.00844481 0.0143609 0.00590946 0.0358821 0.026112 0.0200745 0.0480531 0.0350919 0.0602771 -0.00422879 0.025993 -0.00499983 0.0160486 0.0633295 -0.00836921 0.024029 0.012072 -0.00702417 -0.00351544 -0.0201483 0.035791 0.0491314 0.0614814 0.0341478 0.0340247 0.0205753
internal_weight=14597.2 14424.4 833.018 691.181 293.125 233.577 135.284 26.6524 141.836 111.229 30.607 25.3194 13.9368 398.056 98.2931 392.887 34.4708 7.32736 172.825 14.5338 13.0019 358.416 282.807 75.6086 61.2455 36.4754 27.619 71.2568 9.69886 20.5156
internal_count=472432 466520 17775 15006 5499 3703 2006 354 2769 2398 371 306 175 9507 1697 9407 1260 186 5912 480 422 8147 6226 1921 1186 598 449 1121 128 258
is_linear=0
shrinkage=0.03


Tree=152
num_leaves=31
num_cat=0
split_feature=18 18 10 11 5 0 22 8 18 18 10 21 5 10 17 5 11 10 13 14 8 22 19 9 5 5 18 21 9 0
split_gain=13.3969 30.2506 49.8775 47.7024 39.6751 23.4121 22.7215 19.5571 22.2306 19.3225 26.9177 43.9924 40.1056 37.3853 28.7748 27.5303 28.4409 27.3163 36.2641 23.0136 53.9378 35.9013 27.3343 35.9392 28.8751 25.0687 28.2936 62.9527 23.4706 30.2325
threshold=2.5000000000000004 23.500000000000004 2.5000000000000004 1.5000000000000002 186.57689722863742 224.09500000000003 164.50000000000003 155.50000000000003 14.500000000000002 1979.5000000000002 162.50000000000003 4003.5000000000005 143.45892908382868 549.50000000000011 0.0034980330383405094 51.077455083965965 18.500000000000004 150.50000000000003 1395.7014770507815 1.0000000180025095e-35 164.50000000000003 68951.000000000015 8.5000000000000018 8.5000000000000018 102.58994080996887 124.25829901960786 9270.5000000000018 9161.5000000000018 27.500000000000004 4.8040000000000012
decision_type=2 2 2 2 2 2 2 2 2 2 2 2 2 2 2 2 2 2 2 2 2 2 2 2 2 2 2 2 2 2
left_child=5 2 4 -4 7 -1 -5 8 -2 -3 11 14 15 -12 -11 -13 -17 -16 -19 -15 -21 28 24 -24 -23 26 27 -26 29 -22
right_child=1 9 3 6 -6 -7 -8 -9 -10 10 13 12 -14 19 17 16 -18 18 -20 20 21 22 23 -25 25 -27 -28 -29 -30 -31
leaf_value=-0.0076804624975589193 0.015557234464813413 -0.0033880901160797789 0.032979119525114932 -0.013907943006538945 0.019354447222658819 0.025056920736500916 0.015666586746032832 -0.0022065962930695555 -0.0092586264115918308 0.033126748533265381 -0.010610517922909476 -0.0023544607461902767 -0.014283636674552196 -0.0038750130042673808 0.0053532804203216431 0.0095751533753166591 0.076462408142194946 0.0073182310036360885 0.13021191932673407 0.0068367264643984672 0.11056047701952804 -0.025900398800561737 -0.023430473978898133 0.00066791583124346256 0.028188141641061926 0.0053619985613063744 0.011565338545405294 0.13239707737312631 0.0036999907164539207 -0.0061604770708603108
leaf_weight=336.63922572787851 125.17419434897602 1607.6983365267515 100.20323213562369 39.914595812559128 105.65120745077729 20.879945956170559 56.439040529541671 730.67253780923784 43.877319343388081 35.358203273266554 322.99663259228691 468.27555719017982 194.14362942241132 1321.3072085967287 1322.0056274104863 154.08957280032337 5.9419891312718383 5.2357640666887146 3.6798651199787855 1019.1360583086498 2.0000866148620835 12.540832453873007 56.354811587836593 4774.3682108474895 17.257748762145642 39.012285738252103 19.789509521797299 7.4780618520453563 268.68844438716769 1378.224089093972
leaf_count=4675 1458 52206 597 451 956 108 454 8579 507 500 11115 5434 2998 78163 16011 2067 80 117 78 37595 13 769 2916 143022 792 1116 904 232 8068 90451
internal_value=-3.28017e-05 0.000111228 0.00466527 0.0184867 0.00196309 -0.00576852 0.00341531 -7.91117e-05 0.00911628 -0.000308672 0.000124547 0.00311596 -0.00236591 -0.000584111 0.00641585 0.00131661 0.0120587 0.00570623 0.0580418 -0.000220895 0.000414827 -0.00058047 0.000701923 0.000386786 0.0165467 0.0229189 0.038302 0.0596923 -0.00441215 -0.00599134
internal_weight=14595 14237.5 1201.93 196.557 1005.38 357.519 96.3536 899.724 169.052 13035.6 11427.9 2188.73 822.451 9239.15 1366.28 628.307 160.032 1330.92 8.91563 8916.16 7594.85 6575.71 4926.8 4830.72 96.0784 83.5376 44.5253 24.7358 1648.91 1380.22
internal_count=472432 467649 13002 1502 11500 4783 905 10544 1965 454647 402441 27285 10579 375156 16706 7581 2147 16206 195 364041 285878 248283 149751 145938 3813 3044 1928 1024 98532 90464
is_linear=0
shrinkage=0.03


Tree=153
num_leaves=31
num_cat=0
split_feature=2 18 0 0 0 19 13 0 0 0 0 22 19 20 6 22 9 6 18 17 0 0 10 17 17 18 2 22 18 0
split_gain=13.6973 15.0946 13.8587 63.799 37.6218 37.0312 24.6674 21.2984 22.3438 54.7991 21.2547 20.8206 39.6094 22.3689 36.971 46.1339 22.7422 67.9094 22.2187 27.0205 53.882 20.8894 33.7702 31.079 30.4862 20.6889 20.6522 20.1907 16.7386 16.5577
threshold=0.91597561503675362 2.5000000000000004 224.09500000000003 207.97500000000002 205.96100000000004 27.500000000000004 31656.704101562504 554.1600000000002 440.99500000000006 454.97500000000008 390.03000000000003 124834.50000000001 11.500000000000002 45.297719955444343 91.654153122780272 47801.000000000007 33.500000000000007 387.51350052012339 9158.5000000000018 0.19877672940492633 257.31000000000006 323.08450000000005 925.50000000000011 0.028796550817787651 0.019868137314915661 7480.5000000000009 -0.98296291314453399 33353.000000000007 1433.5000000000002 553.97500000000014
decision_type=2 2 2 2 2 2 2 2 2 2 2 2 2 2 2 2 2 2 2 2 2 2 2 2 2 2 2 2 2 2
left_child=2 -2 3 4 -1 -6 7 8 10 26 11 12 13 16 15 18 27 -18 19 -15 -21 -14 23 24 -23 -7 -10 -4 -9 -11
right_child=1 -3 6 -5 5 25 -8 28 9 29 -12 -13 21 14 -16 -17 17 -19 -20 20 -22 22 -24 -25 -26 -27 -28 -29 -30 -31
leaf_value=-0.00047100198976237338 -0.014107235943574093 0.0044207143855154547 0.0016819543049892379 -0.016185012746109107 0.013181754739948513 0.14639533980632494 -0.0037346552475068222 -0.029263216684656698 0.078569833966778316 -0.0012123827886812717 -0.0087851184870080361 -0.0022537606087349427 0.014233997177206116 0.024769038486265278 0.0064830616261100831 0.16680781013148074 0.0070348699107231228 0.17452215202260835 -0.008603878785901466 0.21824611544187592 0.021406856032389447 0.030126215990356638 -0.0020189655870550705 0.032812262819321279 0.14661312741270641 0.043775430756592362 0.025739605338031744 -0.014377867964757388 -0.001538395047591931 0.017055120080810119
leaf_weight=10919.704206846189 41.496740121394396 854.008656445425 332.92155353911221 235.03514030855149 17.258833537809554 3.5090315751731387 571.2917678207159 20.75003298651427 7.1233011707663527 174.3729219539091 123.92919926438481 311.10036931931973 158.42469140700996 9.7120173769071751 134.93991610407829 2.5603409055620423 12.959497325122355 2.6190789248794308 7.7795870723202816 2.2823233427479854 2.7713669072836637 3.1278463974595088 11.218253592029212 13.24394250102341 5.719546165317297 3.5639653857797384 102.28799800109118 89.367481114342809 353.18889458663762 60.029913920909166
leaf_count=383882 430 16183 7546 8685 566 58 17400 458 128 3543 2493 7018 2713 314 4669 72 289 62 262 81 72 69 307 225 76 87 1780 2866 8582 1516
internal_value=-3.24361e-05 0.00356215 -0.000267521 -0.000720098 -0.000387972 0.0368744 0.00174519 0.00335687 0.00489072 0.0116486 0.00299353 0.00431965 0.0069094 0.00310458 0.0127024 0.0461308 -0.000403545 0.0351929 0.0324262 0.0540436 0.110302 0.0187745 0.0403699 0.0618955 0.105431 0.0946869 0.0291792 -0.00171673 -0.00307686 0.00346587
internal_weight=14588.3 895.505 13692.8 11179.1 10944 24.3318 2513.72 1942.43 1568.49 343.814 1224.68 1100.75 789.647 597.913 160.046 25.1056 437.868 15.5786 22.5453 14.7657 5.05369 191.734 33.3096 22.0913 8.84739 7.073 109.411 422.289 373.939 234.403
internal_count=472432 16613 455819 393278 384593 711 62541 45141 36101 6967 29134 26641 19623 16233 5470 801 10763 351 729 467 153 3390 677 370 145 145 1908 10412 9040 5059
is_linear=0
shrinkage=0.03


Tree=154
num_leaves=31
num_cat=0
split_feature=13 3 3 5 22 10 19 14 6 6 5 6 14 5 19 11 19 22 6 6 4 12 11 10 12 16 7 6 6 22
split_gain=13.2131 12.8465 39.6263 22.973 21.6129 33.2139 21.3395 20.8553 17.975 21.3188 21.2917 37.2134 21.899 20.6836 32.6867 24.7827 31.6992 24.268 22.7554 26.6747 24.9326 19.8791 29.5677 55.5034 42.7126 32.4028 19.6243 19.5997 19.5055 50.2436
threshold=106449.06640625001 -0.70710678118654757 -0.60355339059327384 260.33945970149256 54364.000000000007 57.500000000000007 8.5000000000000018 1.0000000180025095e-35 419.83466928127365 433.60969280215306 182.7352221345952 239.13200698181927 6.5000000000000009 194.67837767687723 22.500000000000004 43.500000000000007 34.500000000000007 37105.500000000007 134.14452347908596 247.69080830032348 1.0000000180025095e-35 1.0000000180025095e-35 6.5000000000000009 2.5000000000000004 2.5000000000000004 4.5000000000000009 0.49961678617800104 411.85412471456999 251.94011294766565 14059.000000000002
decision_type=2 2 2 2 2 2 2 2 2 2 2 2 2 2 2 2 2 2 2 2 2 2 2 2 2 2 2 2 2 2
left_child=1 3 -3 7 -5 -6 -7 -1 10 -10 11 21 13 14 28 17 -17 -16 20 -20 -15 -4 23 25 -25 -23 27 -13 29 -12
right_child=-2 2 8 4 5 6 -8 -9 9 -11 12 26 -14 18 15 16 -18 -19 19 -21 -22 22 -24 24 -26 -27 -28 -29 -30 -31
leaf_value=-0.010224952511586194 -0.019072064934420537 0.019092325237461218 -0.003891918771015791 -0.0028446562415316945 0.085790988486497605 0.054035696273357622 0.0080169632312515164 -0.001770299566017671 -0.021621893692581166 -0.0029965111324696714 -0.01281330632098034 -0.0094633824538852204 -0.0062855997006855714 0.0035537738659937534 0.041314684926879425 0.13728418691346453 0.006883095908363503 0.011553177423861426 -0.0092360899121758187 0.0029039186818782784 0.029685383088651117 0.0037095142850200415 0.00020104618549959144 0.0050212053594908147 0.029556564290873954 -0.018434123706989627 0.0058127097315924707 0.092613275473938536 -0.0089807051153748731 0.028200146849145031
leaf_weight=315.90830281330273 32.729699452407658 100.95383813651279 908.53141221683472 91.90509585570544 5.9882431570440522 10.155991458334027 84.730481593869627 1555.5869354335591 64.027248505968601 406.18196964310482 46.955663834698498 566.41340207494795 214.28242763876915 78.620500683784485 32.66537182405591 3.6731283012777558 3.088446881622076 100.59811867028475 180.46367568243295 1673.1156179276295 56.458528598770499 412.25926673971117 7082.0238742227666 122.56950022000819 133.31270438805223 69.500267203897238 91.492323130369186 1.6980088562704612 77.601167245302349 62.884586759842932
leaf_count=16410 1862 1844 13519 2629 83 140 1557 58289 1867 12496 1461 27440 7691 1468 296 52 61 1717 5445 39456 962 2848 262499 1171 989 691 2983 99 2658 1749
internal_value=-3.21492e-05 1.06697e-05 0.000373031 -0.0021817 0.00767905 0.017267 0.0129425 -0.00319744 0.000220486 -0.00553268 0.000447466 -0.000210849 0.00288981 0.0037387 0.010725 0.0216912 0.0777216 0.0188483 0.00258828 0.00172197 0.0144759 0.000308391 0.000796406 0.0065124 0.0178039 0.000514998 -0.00708169 -0.00915829 0.00253297 0.0106673
internal_weight=14586.4 14553.6 12489.4 2064.28 192.78 100.875 94.8865 1871.5 12388.4 470.209 11918.2 9387.8 2530.41 2316.12 327.466 140.025 6.76158 133.263 1988.66 1853.58 135.079 8728.2 7819.67 737.642 255.882 481.76 659.604 568.111 187.441 109.84
internal_count=472432 470570 391462 79108 4409 1780 1697 74699 389618 14363 375255 312239 63016 55325 7994 2126 113 2013 47331 44901 2430 281717 268198 5699 2160 3539 30522 27539 5868 3210
is_linear=0
shrinkage=0.03


Tree=155
num_leaves=31
num_cat=0
split_feature=6 6 0 0 0 22 22 18 21 6 6 8 13 16 7 10 18 0 6 0 0 13 19 8 8 18 18 19 19 0
split_gain=13.0078 32.3785 23.5982 44.7944 20.823 20.0469 45.0983 30.0508 30.4268 28.1537 73.1972 31.5319 26.3794 25.0445 24.4502 41.5672 77.9916 23.7602 29.6021 28.5135 54.5635 45.0249 20.7078 20.6802 117.685 36.1682 79.8975 19.8976 29.2682 20.9598
threshold=45.748518406342633 46.092055613603797 36.95600000000001 35.94400000000001 8.3700000000000028 14059.000000000002 17753.000000000004 571.50000000000011 1441.5000000000002 106.93596284701005 97.867515242218602 123.50000000000001 25791.428710937504 1.5000000000000002 -0.55650657654956126 915.50000000000011 6675.5000000000009 39.937000000000005 51.678515180282197 99.960000000000022 111.94300000000003 14391.181152343752 81.500000000000014 222.50000000000003 216.50000000000003 7240.5000000000009 6915.5000000000009 9.5000000000000018 47.500000000000007 6.2015000000000002
decision_type=2 2 2 2 2 2 2 2 2 2 2 2 2 2 2 2 2 2 2 2 2 2 2 2 2 2 2 2 2 2
left_child=4 -2 3 27 -1 22 9 -8 -9 10 -7 -12 -11 17 15 -15 -17 23 19 -19 21 -21 -4 24 25 26 -10 29 -29 -3
right_child=1 2 5 -5 -6 6 7 8 13 12 11 -13 -14 14 -16 16 -18 18 -20 20 -22 -23 -24 -25 -26 -27 -28 28 -30 -31
leaf_value=-0.0083735910103737536 -0.014516196194898575 0.030636521494452763 -0.0028449752034755416 -0.022101878362399529 0.0017124850650397268 0.011673988418926097 0.06238944707233323 -0.022440750621973923 0.024517287832143748 0.0126798422175459 0.087263458557034573 -0.031453387102473161 -0.009526655725872659 0.0032395038236718451 0.0029351690305671925 0.21833833647631964 0.020816724049102842 0.0041958942036044288 -0.0014931078159944606 0.024103418701706091 0.016976399950038346 0.17611061333645689 0.04045201686855765 0.0065563781112521159 0.28932366976820617 -0.0093215045422749623 0.28514406195908193 0.0044816548091967043 -0.010730908411158794 -0.0078001707501938111
leaf_weight=192.27412042487413 149.06464887177572 13.097800322342662 1852.1135604148731 114.80370427714661 4398.8585034655407 77.73123642290011 7.018705458380281 52.608625697903335 5.1934224823489847 159.52602940890938 18.900419326033447 2.2536732931621364 68.954934872686863 13.572349646128716 1934.3453980428167 2.7630714653059831 5.1570336371660233 63.728832601103932 4167.03579030931 3.0409908629953888 22.844997394829988 4.1430695606395602 9.9953425116837007 67.604773295577615 1.5838773129507888 12.653188978321849 1.3296449473127721 502.62999676167965 147.1460005780682 507.75876960577443
leaf_count=2924 1458 250 76662 8118 67485 3033 102 2915 218 6217 365 134 3835 373 67664 85 141 833 167098 47 285 88 89 3773 36 887 80 18892 3976 34369
internal_value=-3.1638e-05 -0.000639151 -0.00042892 -0.00421888 0.00129009 0.000140603 0.000906698 0.000348158 0.000279666 0.0117658 0.0251389 0.0746158 0.00597798 0.000469244 0.00328874 0.0351102 0.0897257 -0.000798696 -0.00111802 0.0155524 0.0396537 0.111766 -0.00261257 0.0145988 0.0407885 0.0202606 0.0776428 -0.0024651 0.00103667 -0.00683362
internal_weight=14579.7 9988.6 9839.54 1285.44 4591.13 8554.1 6691.99 6364.62 6357.61 327.366 98.8853 21.1541 228.481 6305 1955.84 21.4925 7.92011 4349.16 4260.79 93.7579 30.0291 7.18406 1862.11 88.3649 20.7601 19.1763 6.52307 1170.63 649.776 520.857
internal_count=472432 402023 400565 65605 70409 334960 258209 244625 244523 13584 3532 499 10052 241608 68263 599 226 173345 168351 1253 420 135 76751 4994 1221 1185 298 57487 22868 34619
is_linear=0
shrinkage=0.03


Tree=156
num_leaves=31
num_cat=0
split_feature=2 8 5 5 5 0 5 22 21 10 11 14 17 16 21 3 17 13 16 16 21 21 14 10 22 17 0 17 12 22
split_gain=12.9894 16.6816 23.5794 36.0232 26.0627 26.5041 23.3776 22.5429 33.7239 23.0267 20.2294 19.7769 21.2666 20.9487 19.7537 18.3608 17.638 16.6384 16.0818 14.9727 25.7773 30.5738 25.4513 22.4401 21.8512 20.8122 20.3959 32.8358 21.0252 20.5271
threshold=0.78656609248549325 236.50000000000003 175.84264705882353 131.63977291666669 128.17677765237022 768.91500000000008 266.37641865793785 1044.5000000000002 231.50000000000003 4.5000000000000009 42.500000000000007 6.5000000000000009 0.021859849803149704 1.5000000000000002 9739.5000000000018 1.0000000180025095e-35 0.019149955362081531 4907.9641113281259 1.0000000180025095e-35 1.5000000000000002 3428.5000000000005 4003.5000000000005 6.5000000000000009 69.500000000000014 4260.5000000000009 0.0056861259508878001 19.807500000000005 0.13954563438892367 13.500000000000002 237404.00000000003
decision_type=2 2 2 2 2 2 2 2 2 2 2 2 2 2 2 2 2 2 2 2 2 2 2 2 2 2 2 2 2 2
left_child=19 17 3 4 5 7 11 18 9 -9 -10 12 14 -14 -4 -6 -17 -2 -3 24 22 23 -21 -22 -1 -23 27 28 -25 -29
right_child=1 2 6 -5 15 -7 -8 8 10 -11 -12 -13 13 -15 -16 16 -18 -19 -20 20 21 25 -24 26 -26 -27 -28 29 -30 -31
leaf_value=0.002184502923271177 0.011255024256455453 4.8145009405034532e-05 -0.0099674020814603873 -0.017897809796153599 0.12228773360952526 0.090538869182306941 -0.018383488364857682 0.012959144564158082 -0.0024831222735237071 0.056120342619759886 0.014723613679354571 -0.010036718351721829 0.018340791851249816 0.052495700868270094 0.067707060393435214 0.11493748240772456 0.0045118705002005679 -0.0025037468181089173 -0.020633769027097407 0.0010694778217089519 0.091428672346094267 -0.011007667967022971 -0.0081369262624002778 -0.029736521155550748 -0.0016430751593231319 0.002632211844492598 0.0088630737845703505 0.038961543512305637 0.038729927430710895 0.11433239442410179
leaf_weight=1624.4603967941366 307.51498619746417 61.788667418994009 31.565865335054696 104.6003341297619 2.3200450204312792 2.9111532848328343 23.127704338170588 76.65845225378871 532.76228940859437 13.013144653290508 69.517485012765974 26.906276165507734 97.719975659623742 19.364610419608653 3.2500857524573794 1.6275059748440961 6.5055540818721056 106.49835747573525 74.800096231512725 707.47842539846897 3.3328782543539992 105.4836945948191 437.30070929368958 7.4695801287889543 7729.9484745720401 2210.4624857171439 167.09060181258246 7.7019245177507383 8.7834843397140485 5.628853403031826
leaf_count=40329 4987 550 506 3845 51 59 430 584 10783 66 1594 782 1685 247 45 54 221 4134 774 16512 36 10682 12570 97 292263 64961 3313 68 132 72
internal_value=-3.15744e-05 0.00255303 0.000691843 -0.00129369 0.000769245 0.000177406 0.00999842 -0.000140088 0.00205848 0.0192227 -0.000497054 0.0136695 0.0178686 0.0239897 -0.00271645 0.0478448 0.0266091 0.0077158 -0.0112779 -0.000341853 0.00128471 0.00298282 -0.00244733 0.0142363 -0.000978389 0.00201096 0.0129282 0.035888 0.00726413 0.0707865
internal_weight=14577.6 1562.45 1148.44 946.505 841.904 831.451 201.935 828.54 691.951 89.6716 602.28 178.807 151.901 117.085 34.816 10.4531 8.13306 414.013 136.589 13015.1 3660.73 2515.95 1144.78 200.007 9354.41 2315.95 196.674 29.5838 16.2531 13.3308
internal_count=472432 31397 22276 18581 14736 14410 3695 14351 13027 650 12377 3265 2483 1932 551 326 275 9121 1324 441035 108443 79361 29082 3718 332592 75643 3682 369 229 140
is_linear=0
shrinkage=0.03


Tree=157
num_leaves=31
num_cat=0
split_feature=5 5 8 11 8 19 18 8 5 6 8 8 8 22 7 3 8 5 8 9 18 18 5 5 18 22 22 11 7 6
split_gain=12.7951 19.775 22.0207 26.3346 18.0028 15.4483 28.308 25.673 19.423 83.7409 17.6184 52.5564 28.4975 56.5091 29.0059 26.8914 26.7578 24.4016 23.7941 24.7009 28.4757 28.7283 23.0644 56.2911 30.3187 36.4634 26.6775 25.6743 31.069 25.2343
threshold=353.90564182194623 333.93928571428575 26.500000000000004 34.500000000000007 6.5000000000000009 1.5000000000000002 4844.5000000000009 11.500000000000002 40.528457893990939 15.084848173204785 164.50000000000003 142.00000000000003 146.50000000000003 28533.500000000004 -0.29417196175525689 -0.70710678118654757 179.50000000000003 36.05364770347331 162.50000000000003 6.5000000000000009 9477.5000000000018 4011.5000000000005 39.771702697926493 39.188393324785331 4.5000000000000009 3060.5000000000005 1215.5000000000002 15.500000000000002 -0.60857269623370858 33.95272669108568
decision_type=2 2 2 2 2 2 2 2 2 2 2 2 2 2 2 2 2 2 2 2 2 2 2 2 2 2 2 2 2 2
left_child=1 5 -3 -4 -2 6 -1 -8 9 -9 11 15 13 -13 -15 -7 -12 -18 -14 -20 21 -21 23 -19 -25 26 -26 -27 -29 -24
right_child=4 2 3 -5 -6 10 7 8 -10 -11 16 12 18 14 -16 -17 17 22 19 20 -22 -23 29 24 25 27 -28 28 -30 -31
leaf_value=0.00082536305610268919 0.0062850409942399087 -0.0116648921569484 -0.012161310806161511 0.05053693412572078 -0.016097319582476403 -0.0067683179386230736 -0.00026971256780267019 -0.030597261891726124 -0.015515264547096352 0.19086396256840921 -0.011211674953426724 -0.0034138053893757454 0.0052213501998875445 0.078295247322277467 0.022716220384016904 0.0024359197258059431 -0.013727670562929362 0.0020669935047682888 0.0048692929534841318 0.089353969512224671 0.13554143238925642 0.0049349520860487101 -0.033378539667550784 -0.026281241910440657 0.030554863366679473 -0.013483885275453871 0.10466377671693392 0.083531247397325176 0.018136214290977164 -0.00010445665640266867
leaf_weight=631.26436686981469 47.911721630487591 13.726136913523076 8.1938487882725912 22.822177428752184 99.526735465973616 334.726463268511 193.86498342594132 5.3125697476789346 291.17027052445337 2.1620725765824318 196.71331561217085 22.516614156775177 162.91182528436184 22.278922938741744 13.615805565379558 1949.6975113037042 116.00037415511906 328.47535762377083 15.456807617563753 6.0530818495899466 3.34080253727734 9.055847901850937 20.554850213229656 7.1657173968851557 7.356277912855151 11.957439262419937 10.774982471019028 9.4647685959935171 21.148457493633035 9989.2072202540003
leaf_count=27802 1330 342 178 305 3413 12730 12458 333 22744 87 4904 748 5098 332 288 60673 2111 5115 720 136 55 286 252 79 83 143 98 107 234 309248
internal_value=-3.106e-05 5.87999e-05 0.0199722 0.0339732 -0.00882393 -3.14945e-06 -0.00338034 -0.00877091 -0.0142895 0.0334614 0.000283098 0.00252979 0.0154411 0.0338422 0.0572127 0.00108726 -0.000249221 -4.42752e-05 0.00998005 0.0328443 0.0562813 0.0387557 0.000108258 0.00720607 0.0320789 0.0389682 0.0745961 0.0237939 0.0383546 -0.000172784
internal_weight=14574.4 14427 44.7422 31.016 147.438 14382.2 1123.77 492.51 298.645 7.47464 13258.5 2539.65 255.23 58.4113 35.8947 2284.42 10718.8 10522.1 196.818 33.9065 18.4497 15.1089 10406.1 396.343 67.8676 60.7019 18.1313 42.5707 30.6132 10009.8
internal_count=472432 467689 825 483 4743 466864 63424 35622 23164 420 403440 81066 7663 1368 620 73403 322374 317470 6295 1197 477 422 315359 5859 744 665 181 484 341 309500
is_linear=0
shrinkage=0.03


Tree=158
num_leaves=31
num_cat=0
split_feature=13 0 0 17 8 8 20 5 8 5 22 17 17 5 0 0 0 0 0 14 0 5 7 22 5 0 0 0 0 0
split_gain=12.6807 12.6139 58.4962 24.2784 23.8971 34.0512 28.0956 27.4544 22.6825 36.3263 39.177 30.1179 103.055 22.3557 25.9677 21.7143 60.4819 40.8554 35.0863 30.4787 22.7315 22.2631 25.0474 37.8437 25.0096 22.0304 33.6166 38.9751 25.7122 31.3559
threshold=106449.06640625001 58.955000000000005 57.008500000000005 0.32071428000926977 421.50000000000006 315.50000000000006 43.426305770874031 41.071173769022032 249.50000000000003 41.071173769022032 82923.500000000015 0.0075618266128003606 0.0065432852134108552 51.077455083965965 57.955000000000005 97.005500000000012 108.95500000000001 96.823000000000022 107.01000000000001 4.5000000000000009 93.506500000000017 73.866875000000007 0.77554039191413404 38617.500000000007 132.71733081781107 76.995000000000019 77.953500000000005 84.671000000000006 67.949500000000015 67.955000000000013
decision_type=2 2 2 2 2 2 2 2 2 2 2 2 2 2 2 2 2 2 2 2 2 2 2 2 2 2 2 2 2 2
left_child=1 2 3 4 5 8 7 -7 -1 10 -10 12 -11 14 -4 17 18 20 19 -17 25 22 23 -20 -23 28 -27 -28 -3 -30
right_child=-2 15 13 -5 -6 6 -8 -9 9 11 -12 -13 -14 -15 -16 16 -18 -19 21 -21 -22 24 -24 -25 -26 26 27 -29 29 -31
leaf_value=0.0029742031263898894 -0.018846884861230637 0.0036378287351937115 -0.023063215193231033 -0.0075290306395658247 -0.001161455997760898 -0.010369674705767676 -0.0018967494610266399 0.02628497109800821 -0.010043221876741322 -0.017160489974956866 0.075769412606575812 -0.014571384608522963 0.40179035227509563 -0.01839151235623002 0.025284119680333884 0.00044686345125287256 0.0011641650793191372 0.022155280460860741 0.025859291727560491 -0.016126498547608538 -0.021760179718006381 -0.022394188778169778 -0.00073526439227699714 0.22594313662445317 -0.0058098061965346434 0.017256918815591018 -0.0061718120525972656 0.0094994012938463164 -0.024053944600797579 -0.0020109471369628715
leaf_weight=1183.1392106721178 32.163538835011423 782.75817337911576 16.880828244611621 400.10541119519621 3801.8576918086037 21.348596729338169 68.408117464743555 132.72919765627012 10.076789885759355 2.2139873770065601 9.1233059838414174 162.61687703290954 0.69408916542306531 227.76791429752484 24.523542053066194 536.24148842832074 5285.8352072807029 99.222462708130479 3.170372229069474 122.72066651005298 34.330005060881376 214.46288402425125 18.125805246643722 1.1628092611208556 132.33537139138207 203.83292565029114 240.59691121336073 351.50409869523719 68.444134789519012 383.5198263078928
leaf_count=43830 1862 30031 329 15022 108245 231 2563 2302 123 241 91 5506 63 21439 255 19691 145878 3708 205 5221 750 15817 526 24 7699 7538 7550 10997 4174 10521
internal_value=-3.07242e-05 1.08992e-05 -0.00103414 -0.000398831 0.000130235 0.00321812 0.0141027 0.0212062 0.00144773 -0.00832916 0.0307324 -0.0128601 0.0828332 -0.0147053 0.0055726 0.000758043 -0.000130823 0.0033513 -0.00678805 -0.00263965 0.00244777 -0.0141911 0.0147551 0.0795518 -0.0160657 0.00285703 0.00674891 0.00313149 0.000348217 -0.00534908
internal_weight=14571.9 14539.7 6061.49 5792.31 5392.21 1590.35 222.486 154.078 1367.86 184.725 19.2001 165.525 2.90808 269.172 41.4044 8478.26 6314.05 2164.21 1028.22 658.962 2064.99 369.257 22.459 4.33318 346.798 2030.66 795.934 592.101 1234.72 451.964
internal_count=472432 470570 200240 178217 163195 54950 5096 2533 49854 6024 214 5810 304 22023 584 270330 195061 75269 49183 24912 71561 24271 755 229 23516 70811 26085 18547 44726 14695
is_linear=0
shrinkage=0.03


Tree=159
num_leaves=31
num_cat=0
split_feature=1 1 1 18 17 6 6 14 14 8 5 18 17 22 22 22 5 18 10 18 3 5 19 6 19 1 7 5 5 5
split_gain=12.7164 24.5757 68.9008 27.7748 41.8361 33.28 19.6309 23.9908 19.4729 19.3278 24.4243 28.8317 27.7468 25.8576 27.8695 53.6868 20.8889 17.9185 17.8024 19.5693 17.4087 17.0494 18.3285 24.6136 22.2834 16.655 19.5307 23.5863 39.2313 18.5561
threshold=6.9032198963399383 6.0912985697325359 6.1224379819470309 8344.5000000000018 0.016113890334963802 458.29373749271912 162.03848440571736 3.5000000000000004 3.5000000000000004 63.500000000000007 310.87402298850583 6567.5000000000009 0.056920632719993598 191339.50000000003 298485.50000000006 283885.50000000006 252.49307733619767 9324.5000000000018 823.50000000000011 8457.5000000000018 0.37940952255126048 131.63977291666669 2.5000000000000004 193.28160263649175 34.500000000000007 6.2168355893301159 1.6697278309618635 217.6693503937008 231.93064604651164 151.13613970588236
decision_type=2 2 2 2 2 2 2 2 2 2 2 2 2 2 2 2 2 2 2 2 2 2 2 2 2 2 2 2 2 2
left_child=1 -1 18 6 -5 8 7 -4 17 -8 11 13 -12 -11 15 16 20 25 -3 -20 -15 22 23 -2 -24 -6 -27 29 -29 -28
right_child=21 2 3 4 5 -7 9 -9 -10 10 12 -13 -14 14 -16 -17 -18 -19 19 -21 -22 -23 24 -25 -26 26 27 28 -30 -31
leaf_value=-0.00024181261506972933 0.0075246749170547024 0.039022857731204223 0.0084138919533466704 -0.014558137286813818 0.046438639118313134 -0.025627801101121915 -0.023011235370035531 0.12058511094736984 0.042345437612162147 -0.0024904217554032157 0.055699089672467422 -0.017655283543754376 -0.0084038062781450693 0.13061470546946657 -0.014027957659339072 0.18024095863403883 -0.014123375926274972 0.0023405121461654442 0.0041122943669047399 0.03069741768835043 0.016790864849103183 -0.012204004651242115 -0.0089696065819400532 0.18650905909030185 0.06451682927574276 0.0019167075806093639 0.034650677238457363 0.11588716731662928 0.027328912910310112 -0.012701544606782366
leaf_weight=13561.613299915101 1.5669897515326767 46.677432490512729 58.010177752003074 58.872759111225605 19.449209954589605 17.881402894854546 56.022732553072274 1.7683401890099038 24.1540093626827 121.91661506332457 12.690040823072197 114.15602853428572 11.66198826394975 2.4041668809950369 6.7980256937444201 2.6877978090196839 4.9907127618789673 75.312554309144616 53.108033793047071 46.949501260183752 2.4333115983754396 144.75997898448259 19.003666505217556 1.2376519329845903 4.6157338712364426 46.478977655991912 14.998590997420253 6.2242318894714144 16.271980294957757 14.79539563693106
leaf_count=448745 70 477 1723 1796 290 325 1564 46 261 2848 67 2627 220 58 143 57 97 1146 1370 922 57 4927 788 42 85 738 446 56 128 313
internal_value=-3.0594e-05 6.60459e-05 0.00505587 0.00108584 0.00806216 0.0137154 -0.00410732 0.0117321 0.0169472 -0.00692734 -0.00370625 -0.00644357 0.0250007 0.00261881 0.03487 0.0614288 0.0289363 0.0137773 0.0237238 0.0165867 0.0733599 -0.008159 0.0140009 0.0865082 0.00539121 0.0210633 0.0160665 0.0286438 0.0518311 0.011136
internal_weight=14569.5 14398.3 836.714 689.979 294.439 235.566 395.54 59.7785 217.685 335.761 279.739 255.387 24.352 141.231 19.314 12.516 9.82819 193.531 146.735 100.058 4.83748 171.184 26.424 2.80464 23.6194 118.218 98.7692 52.2902 22.4962 29.794
internal_count=472432 466520 17775 15006 5499 3703 9507 1769 3378 7738 6174 5887 287 3260 412 269 212 3117 2769 2292 115 5912 985 112 873 1971 1681 943 184 759
is_linear=0
shrinkage=0.03


Tree=160
num_leaves=31
num_cat=0
split_feature=13 0 0 0 6 0 0 0 0 17 11 5 11 19 20 0 17 22 0 0 0 0 9 22 6 5 6 6 5 0
split_gain=12.2914 14.7393 12.74 75.8133 25.755 23.9501 42.4124 28.3371 27.3728 23.6072 22.0892 25.1383 21.6145 20.4949 19.8661 49.7594 24.7856 19.8279 19.3637 56.2554 37.8425 32.9726 29.6923 26.6541 21.8473 21.4869 28.0023 48.4474 24.7121 21.3661
threshold=54560.964843750007 15.950500000000002 57.955000000000005 57.008500000000005 392.29733363186028 48.955000000000005 49.956500000000013 53.975000000000001 47.936500000000009 0.32071428000926977 22.500000000000004 122.43615616098316 23.500000000000004 10.500000000000002 23.440893173217777 50.014000000000003 0.040882240980863578 33353.000000000007 97.005500000000012 108.95500000000001 96.823000000000022 107.01000000000001 7.5000000000000009 12744.500000000002 497.30960222108229 73.866875000000007 48.923200790549508 51.678515180282197 132.71733081781107 93.506500000000017
decision_type=2 2 2 2 2 2 2 2 2 2 2 2 2 2 2 2 2 2 2 2 2 2 2 2 2 2 2 2 2 2
left_child=2 -2 3 4 5 8 -7 10 9 -1 11 14 13 -10 -8 16 -16 -9 20 21 29 22 23 24 -20 26 -23 -28 -27 -4
right_child=1 -3 18 -5 -6 6 7 17 12 -11 -12 -13 -14 -15 15 -17 -18 -19 19 -21 -22 25 -24 -25 -26 28 27 -29 -30 -31
leaf_value=1.0238920598448362e-05 0.041815790233094542 -0.01218513817872499 0.0027275474522085955 -0.019365313182175624 -0.01345642703009735 0.013858276633506503 0.0062639614150618002 0.019731718812681372 0.051734642176641629 -0.0087569254960963971 -0.011593793033359971 -0.0080526937278779936 -0.018752650630827119 -0.0069354835456791634 0.023974491356233748 -0.0088903842442569995 0.13724869899780093 0.0015465555358156868 -0.0030105171614703873 0.0011896514979493407 0.021191870574047315 -0.0051324027261670357 -0.0072990487102070284 0.020427860891603668 0.061826288364929982 -0.022120993432330687 0.17031007694301467 -0.0045691814873240026 -0.0054646617611335676 -0.021400540364599898
leaf_weight=4204.1833296529949 4.7494313530623904 107.79197631496936 2090.9466227386147 196.00173328770325 132.69502757582814 287.67013147985563 126.51424260996282 91.051844080444425 7.9364746240898993 295.8730603014119 199.5432154792361 128.7030719500035 123.86275863833725 16.497723488137126 2.6875814711675039 8.3221531957387906 4.9232092397287488 132.46829642634839 153.96600604010746 5253.7393944710493 100.43090448342264 16.738640218041841 419.98873596452177 77.424559506587684 4.8238593479618421 207.73416707897559 2.5192307755351058 3.2846101536415517 130.54539138404652 33.561220921110362
leaf_count=112553 88 5366 73631 18472 6277 12822 2782 3242 79 9909 10863 4381 8889 152 75 104 100 4867 6552 144489 3680 494 14764 3310 215 15645 65 189 7632 745
internal_value=-3.02096e-05 -0.00990621 4.66833e-05 -0.00101677 -0.000392721 -8.48318e-05 0.00417244 0.000158799 -0.000984107 -0.000566191 -0.00401798 0.00155716 -0.0136657 0.0121212 0.0102398 0.0418096 0.0972484 0.00895436 0.000792595 -6.05344e-05 0.00319705 -0.00651873 -0.00251321 0.005996 -0.00104085 -0.0138033 0.0145562 0.0713394 -0.0156932 0.00234639
internal_weight=14567.2 112.541 14454.6 5958.93 5762.93 5630.24 981.884 694.214 4648.35 4500.06 470.693 271.15 148.297 24.4342 142.447 15.9329 7.61079 223.52 8495.7 6270.76 2224.94 1017.03 656.203 236.214 158.79 360.822 22.5425 5.80384 338.28 2124.51
internal_count=472432 5454 466978 195567 177095 170818 39236 26414 131582 122462 18305 7442 9120 231 3061 279 175 8109 271411 193355 78056 48866 24841 10077 6767 24025 748 254 23277 74376
is_linear=0
shrinkage=0.03


Tree=161
num_leaves=31
num_cat=0
split_feature=0 0 5 9 0 9 20 21 0 0 17 5 18 13 14 18 13 21 5 21 14 19 5 10 19 7 7 0 5 13
split_gain=12.1521 22.8327 16.0872 23.7287 22.5733 19.0052 15.677 22.7139 22.7645 24.1457 14.067 17.3265 26.4092 28.9013 15.6098 31.5852 40.2587 25.8631 29.9432 30.7118 37.9595 28.7703 27.346 46.339 37.1117 57.6411 47.0522 41.6661 30.9592 28.904
threshold=994.47500000000014 944.08500000000015 131.63977291666669 1.5000000000000002 2117.0100000000007 49.500000000000007 48.620622634887702 8781.5000000000018 1224.2300000000002 1717.7300000000002 0.017181112430989746 32.515324423541337 4011.5000000000005 350.00250244140631 1.0000000180025095e-35 57.500000000000007 70.029499053955092 6952.5000000000009 274.21960089399755 4003.5000000000005 11.500000000000002 89.500000000000014 226.9394927937916 994.50000000000011 52.500000000000007 -0.4082482904638628 -0.34778076320389872 59.960500000000003 240.48751895842852 23924.299804687504
decision_type=2 2 2 2 2 2 2 2 2 2 2 2 2 2 2 2 2 2 2 2 2 2 2 2 2 2 2 2 2 2
left_child=1 10 3 -2 -5 -6 -4 -8 -9 -10 -1 12 -12 -14 15 16 -13 18 19 20 22 -22 -16 24 26 27 29 -26 -28 -24
right_child=2 -3 6 4 5 -7 7 8 9 -11 11 14 13 -15 17 -17 -18 -19 -20 -21 21 -23 23 -25 25 -27 28 -29 -30 -31
leaf_value=-0.002082867788089077 0.11856678304576758 0.018234332266668853 -0.015236405813399329 -0.011441608861947805 0.012945867229532532 0.11706322248066467 -0.021852857946415661 -0.032240313063152622 0.14695878435423704 0.018213624923315512 -0.018661648322720509 0.0034521414706646259 0.085059655648533836 0.00047254202551625356 0.0019235412605530522 -0.0031786261270573893 0.039676798914245769 0.0032470271627722666 -0.011259953312961079 -0.0024620638478463552 -0.024306590679212876 -0.0031409778857831158 -0.012119766455400836 0.06109508134043222 0.024693951165150562 -0.026412356666710934 0.027280786340875704 0.15066543519178757 0.0048547627206342358 0.048875750726248453
leaf_weight=2452.6505860546604 1.7991837859153772 61.973815185017884 129.44035790953785 18.312320890836421 4.0970000531524411 2.5661598108708858 6.6088456800207478 1.9592230794951317 2.8394756531342864 2.4356584586203098 103.45049795135856 172.25976910069585 3.8385690823197356 68.681878822855651 3300.7996048335917 1763.9826928125694 32.882548169232905 3216.7155173318461 207.27848430816084 2272.2288946118206 72.568561139982194 284.00684057548642 117.52598616620526 15.568693744018672 4.073888421058653 5.1503986064344636 96.779914299957454 5.6271988060325384 129.58260730421171 7.434344599954783
leaf_count=123959 64 738 4462 741 154 26 260 58 64 83 2177 2217 68 1792 67785 82009 195 93066 5468 68559 2461 5638 4872 456 65 49 1799 74 2814 259
internal_value=-3.00116e-05 6.41734e-05 -0.00800257 0.0133426 0.00576244 0.0530442 -0.0119912 0.0183527 0.0550819 0.087514 -1.43912e-05 0.000412634 -0.00893099 0.00494981 0.000553111 -0.00188292 0.00925864 0.00104584 -4.03751e-05 0.0003281 0.00189772 -0.0074485 0.00280271 0.0104045 0.00824931 0.054701 0.00628566 0.0977648 0.0144429 -0.00849092
internal_weight=14565.1 14395.1 170.058 26.7747 24.9755 6.66316 143.284 13.8432 7.23436 5.27513 14333.1 11880.4 175.971 72.5204 11704.5 1969.13 205.142 9735.34 6518.63 6311.35 4039.12 356.575 3682.54 381.743 366.174 14.8515 351.323 9.70109 226.363 124.96
internal_count=472432 466520 5912 985 921 180 4927 465 205 147 465782 341823 4037 1860 337786 84421 2412 253365 160299 154831 86272 8099 78173 10388 9932 188 9744 139 4613 5131
is_linear=0
shrinkage=0.03


Tree=162
num_leaves=31
num_cat=0
split_feature=6 6 0 0 7 7 0 17 19 0 22 0 6 7 18 19 18 17 9 9 17 6 18 0 6 0 0 0 18 18
split_gain=12.2175 31.0441 21.7893 43.2915 19.5436 65.3594 45.2731 63.1411 62.8331 32.4901 29.3953 27.2032 30.6565 35.1236 25.8072 25.6913 43.5015 64.5384 42.2412 44.7468 24.964 71.4839 24.9591 22.4457 23.8637 24.3379 27.6549 48.4489 28.1616 46.4851
threshold=45.748518406342633 46.092055613603797 36.95600000000001 35.94400000000001 -0.46115371840402503 -0.47844791256722374 49.000500000000009 0.064915910363197341 5.5000000000000009 47.936500000000009 16467.000000000004 46.903000000000013 332.12182412913114 -0.51106149174897897 8481.5000000000018 45.500000000000007 7134.5000000000009 0.022732338868081573 5.5000000000000009 3.5000000000000004 0.0073127360083162793 108.36489171659771 7748.5000000000009 48.955000000000005 58.372396273751555 49.000500000000009 108.95500000000001 107.01000000000001 3193.5000000000005 3595.5000000000005
decision_type=2 2 2 2 2 2 2 2 2 2 2 2 2 2 2 2 2 2 2 2 2 2 2 2 2 2 2 2 2 2
left_child=-1 -2 3 -3 5 11 7 20 9 -9 -11 12 -4 -14 22 18 17 -17 19 -8 21 -7 -13 -6 -25 -26 27 28 -27 -30
right_child=1 2 4 -5 23 6 15 8 -10 10 -12 14 13 -15 -16 16 -18 -19 -20 -21 -22 -23 -24 24 25 26 -28 -29 29 -31
leaf_value=0.0012509855804508851 -0.01427281653744387 -0.0023561273545812393 0.0052476823253448449 -0.021879144622512017 -0.0087642264473745107 0.40072446315296273 -0.0068785282431040188 -0.03060016566105031 0.26098942908835693 0.05232573630453461 0.24757312272375367 -0.0011793623865475236 0.017460881868479432 0.083761124898230385 -0.013408302933812189 0.19123170759130734 0.0054606393828522054 0.023676676323341542 -0.014415360992881703 0.067936453168447847 0.024698951734236863 0.013493682740470324 0.019479673732472717 0.0086165336022965815 0.011302961012838985 -0.0079182178056915256 0.00067172413793553166 -0.014480286115849415 0.025170489915853762 -0.00072096998562425096
leaf_weight=4590.4876037305221 147.65763410693035 1164.9546114094555 132.96950117219239 112.05651610391214 275.68622238468379 0.6259169564582433 13.529851029161364 1.7647978658787895 2.3551158960908651 1.6781204976141455 1.1833608755841849 413.01094430405647 24.504445800092071 10.178439883515237 135.19672113889828 3.6148406546562928 11.364199994131921 4.8378344234079123 41.154931228142232 15.366647453978658 23.913495208136737 1.364150554873049 60.318815906532109 275.54714351054281 156.88124105660245 483.40286200959235 4675.3450459437445 305.46609153179452 65.300319602247328 1409.2137581240386
leaf_count=70409 1458 57487 8139 8118 16081 48 783 128 82 78 64 19422 773 205 7457 59 265 96 1791 355 1145 117 3086 6612 7995 23763 134748 21386 2093 78189
internal_value=-2.97113e-05 -0.000619356 -0.000414115 -0.00406925 0.000132079 0.0043164 0.0246576 0.0547758 0.134849 0.0706343 0.13307 0.00109943 0.0117995 0.0369181 -0.00184849 0.0136366 0.0437946 0.0953327 0.0051052 0.0329068 0.0331949 0.135286 0.00145332 -0.000359813 -4.54826e-05 -0.000381859 -0.000646047 -0.00336809 -0.00163442 0.000425659
internal_weight=14560.9 9970.44 9822.79 1277.01 8545.77 898.932 122.753 32.885 6.9814 4.62628 2.86148 776.179 167.652 34.6829 608.526 89.8683 19.8169 8.45268 70.0514 28.8965 25.9036 1.99007 473.33 7646.84 7371.16 7095.61 6938.73 2263.38 1957.92 1474.51
internal_count=472432 402023 400565 65605 334960 44093 5011 1662 352 270 142 39082 9117 978 29965 3349 420 155 2929 1138 1310 165 22508 290867 274786 268174 260179 125431 104045 80282
is_linear=0
shrinkage=0.03


Tree=163
num_leaves=31
num_cat=0
split_feature=2 3 3 10 19 10 8 8 18 5 2 20 13 20 5 21 11 10 8 5 6 8 5 6 18 17 10 22 9 3
split_gain=12.2223 57.5009 30.5002 29.581 28.6369 20.6801 20.5117 19.6022 18.1206 19.8388 17.9391 18.5676 17.699 17.2955 51.455 17.1848 16.7603 18.8104 16.554 17.6264 16.3342 16.3199 17.4072 27.5756 15.7268 37.3525 48.3633 24.5892 25.0123 25.1372
threshold=0.25881904510252091 1.0000000180025095e-35 -0.3794095225512602 150.50000000000003 392.50000000000006 1072.5000000000002 421.50000000000006 365.00000000000006 7540.5000000000009 41.071173769022032 0.91597561503675362 10.732646465301515 40050.742187500007 44.531452178955085 39.771702697926493 9799.5000000000018 42.500000000000007 844.50000000000011 27.500000000000004 253.46117030533148 785.3357441263521 66.500000000000014 295.95424002339581 497.30960222108229 9605.5000000000018 0.14290695637464526 798.50000000000011 38617.500000000007 4.5000000000000009 0.78656609248549303
decision_type=2 2 2 2 2 2 2 2 2 2 2 2 2 2 2 2 2 2 2 2 2 2 2 2 2 2 2 2 2 2
left_child=2 3 5 10 8 21 7 -3 20 -10 -2 -12 24 16 -15 -16 -8 -18 -11 -20 -5 -1 -23 -24 -4 -26 -27 -28 29 -29
right_child=1 6 12 4 -6 -7 13 -9 9 18 11 -13 -14 14 15 -17 17 -19 19 -21 -22 22 23 -25 25 26 27 28 -30 -31
leaf_value=-0.0087987411570644852 0.023921381032542304 0.0020263266322628863 0.00044322679363285698 -0.0042332391155431442 0.093808979181897997 0.010082662530001662 -0.0042139679890526209 0.01984765916696913 0.039361536763964103 -0.021282759879979966 -0.00037397924943593879 0.031891376542198903 -0.004568893215460639 0.10265131894793325 0.0021078085761902792 0.062430450317148778 -0.027374138672769128 0.01115723072712968 0.0063661016827371445 0.036025552577491189 0.078666400591207983 -0.0030690148114340642 0.032437308013241767 -0.018013171600280029 0.0033156475408791263 0.10365933607980383 -0.014664850144057238 0.023025745951660091 0.021335883952438069 0.16080300636773989
leaf_weight=480.147867155727 154.70770362205803 827.8263391610235 7661.189371404238 178.28217310877517 3.2169656716287127 100.19045635173097 1412.406257762108 59.543305170256644 18.286035896278918 17.349821002688259 69.373539749532938 20.884066497907043 606.6609625518322 5.0146243907511225 109.21134996879846 4.4224962512962511 12.691018123645334 112.33353612711653 187.16524548223242 19.956261001527309 2.1651029270142308 2054.8720652032644 29.813897350803018 14.489585543982683 352.2495241756551 7.2126415534876278 12.906367537099866 2.1926833484321859 19.114048446994275 2.6109417853876948
leaf_count=21615 1421 23755 247872 5258 24 4753 32099 1051 140 596 513 128 26427 54 4375 131 358 3262 5823 217 47 75641 454 488 14672 194 710 76 228 50
internal_value=-2.97337e-05 0.00160308 -0.000492479 0.00941224 0.00463943 -0.00328973 -0.000458281 0.00322215 0.00396161 0.00931367 0.0177205 0.00709167 0.000372611 -0.00243035 0.0086057 0.0044555 -0.00328204 0.00724598 0.00686589 0.0092238 -0.00323856 -0.00380916 -0.00266788 0.0159373 0.000744665 0.0065722 0.0326214 0.0187074 0.0367156 0.0979126
internal_weight=14558.5 3214.84 11343.7 671.387 426.422 2679.51 2543.45 887.37 423.205 242.757 244.965 90.2576 8664.14 1656.08 118.648 113.634 1537.43 125.025 224.471 207.122 180.447 2579.32 2099.18 44.3035 8057.48 396.286 44.0367 36.824 23.9177 4.80363
internal_count=472432 79252 393180 14167 12105 102951 65085 24806 12081 6776 2062 641 290229 40279 4560 4506 35719 3620 6636 6040 5305 98198 76583 942 263802 15930 1258 1064 354 126
is_linear=0
shrinkage=0.03


Tree=164
num_leaves=31
num_cat=0
split_feature=18 18 10 11 6 16 0 0 16 10 0 5 0 18 13 0 10 10 10 5 11 0 14 0 17 21 20 5 0 6
split_gain=12.0801 26.7366 44.2138 44.1076 43.9481 23.5141 21.4285 21.0802 20.0918 18.7646 16.3838 23.3905 22.9121 16.4814 24.7967 15.4749 39.7319 42.3224 28.1277 16.3356 14.9108 14.8892 14.81 21.6588 15.7007 26.2364 24.6537 21.1872 18.67 31.2098
threshold=2.5000000000000004 23.500000000000004 2.5000000000000004 1.5000000000000002 305.38637327838245 1.0000000180025095e-35 137.01650000000004 224.09500000000003 4.5000000000000009 4.5000000000000009 26.955000000000002 40.438652647975083 19.807500000000005 9467.5000000000018 18220.913085937504 14.992500000000001 549.50000000000011 257.50000000000006 343.50000000000006 41.268379638916763 3.5000000000000004 17.405500000000004 24.500000000000004 161.04150000000001 0.021038182079792026 6333.5000000000009 39.388044357299812 279.57720085470095 47.952000000000005 91.654153122780272
decision_type=2 2 2 2 2 2 2 2 2 2 2 2 2 2 2 2 2 2 2 2 2 2 2 2 2 2 2 2 2 2
left_child=7 2 4 9 8 10 20 -1 -2 -4 12 13 15 -12 -15 -3 17 19 -19 -17 -5 -20 24 -24 28 27 -27 -26 -7 -30
right_child=1 5 3 6 -6 22 -8 -9 -10 -11 11 -13 -14 14 -16 16 -18 18 21 -21 -22 -23 23 -25 25 26 -28 -29 29 -31
leaf_value=-0.0073506014768480715 0.0012842936771766639 -0.0053540169034920161 0.022517430763277828 0.012948254081831003 0.022823028317452101 -0.0070639813924222115 -0.034783819637433946 0.023525494275790669 -0.01495421128482557 0.050464502558717463 0.0060930062834835758 -0.0013549171234463087 -0.010506270027333484 0.07680683394623021 0.00078561927096035527 -0.0075221507913835854 -0.0079701725712518125 0.17129098128094766 -0.016339824545863215 0.021717581114592068 -0.025629238978217866 0.093298885475514487 -0.015020748592353066 0.074463020734639743 0.0008063095941199961 0.015694763846692633 0.0039078170461691363 -0.015645904419966668 0.043686173786762768 -1.3878082204438525e-05
leaf_weight=332.75367231946439 846.42765754275024 271.24122086539865 67.615347504615784 74.417628888040781 82.509655801579356 371.30337816663086 11.859286081045864 21.166820667684078 74.621215227991343 31.788125444203615 230.05231225583702 5555.8693610932678 411.73465691879392 7.5843186657875759 7.8672236138954759 23.501476635225117 94.108238709159195 2.4941182639449826 1.9637341629713772 64.093474904075265 10.260562494397162 2.5785617176443338 74.154852263629436 2.5170110128819934 2509.9690322922543 179.40007972624153 1454.8176705064252 72.481994305737317 14.840907748788593 1649.3445378267206
leaf_count=4675 9598 4511 413 621 754 22189 93 108 1148 184 3975 235511 15348 115 163 372 2700 64 89 786 191 31 1747 37 63518 2754 32381 1921 766 65669
internal_value=-2.93176e-05 0.00010712 0.00439273 0.0174277 0.00184771 -0.000288251 0.0029843 -0.005504 -3.13118e-05 0.0314546 -0.0015307 -0.000954485 -0.00536551 0.00810748 0.0381003 -0.000763957 0.0058325 0.0195589 0.0903457 0.0138726 0.00827377 0.0458997 0.00102179 -0.0120831 0.00118249 0.00222701 0.00520176 0.000344543 -0.000981301 0.000375831
internal_weight=14555.3 14201.4 1199.5 195.941 1003.56 13001.9 96.5375 353.92 921.049 99.4035 6673.09 5801.37 871.715 245.504 15.4515 459.981 188.74 94.6314 7.03641 87.595 84.6782 4.5423 6328.83 76.6719 6252.16 4216.67 1634.22 2582.45 2035.49 1664.19
internal_count=472432 467649 13002 1502 11500 454647 905 4783 10746 597 263665 239764 23901 4253 278 8553 4042 1342 184 1158 812 120 190982 1784 189198 100574 35135 65439 88624 66435
is_linear=0
shrinkage=0.03


Tree=165
num_leaves=31
num_cat=0
split_feature=2 18 5 5 5 5 9 20 11 10 20 11 18 0 21 10 12 19 16 18 10 11 21 18 14 19 11 0 17 5
split_gain=11.8989 13.4678 12.5485 13.7996 19.9593 16.7465 15.3766 25.0755 29.2425 19.2614 25.1616 16.7061 15.0711 16.5842 16.5513 18.0465 14.11 12.1256 12.044 27.9327 38.9019 36.3067 23.0238 29.1362 28.896 22.6738 21.5813 20.2565 30.4989 23.3653
threshold=0.91597561503675362 2.5000000000000004 266.37641865793785 183.47462987012989 130.10881791819295 186.57689722863742 40.500000000000007 38.455017089843757 42.500000000000007 102.50000000000001 11.641574382781984 13.500000000000002 917.50000000000011 129.96000000000001 71.500000000000014 2.5000000000000004 30.500000000000004 95.500000000000014 1.5000000000000002 23.500000000000004 1.5000000000000002 1.5000000000000002 3428.5000000000005 3785.5000000000005 11.500000000000002 2.5000000000000004 42.500000000000007 19.807500000000005 0.13954563438892367 44.677524918831175
decision_type=2 2 2 2 2 2 2 2 2 2 2 2 2 2 2 2 2 2 2 2 2 2 2 2 2 2 2 2 2 2
left_child=18 -2 3 4 6 -5 9 8 12 10 -3 -11 14 -14 -8 -16 -10 -7 19 20 -1 -22 24 27 26 -23 -20 28 -24 -29
right_child=1 2 -4 5 -6 17 7 -9 16 11 -12 -13 13 -15 15 -17 -18 -19 22 -21 21 25 23 -25 -26 -27 -28 29 -30 -31
leaf_value=0.00061546848734104879 -0.013560050560603857 0.016908836714000414 -0.015408984960217189 0.063143054805426369 -0.0097234915560409692 0.0097022287448583003 -0.014122381011672678 0.044881429157584772 -0.00010138294402516969 0.083610014874159505 0.068583754356249818 0.0052619107883209535 -0.010895280833120779 0.028052624688591814 0.0020883896636398132 0.028130981721190683 0.043568423682538986 0.060969738633500144 -0.00065323630039744842 -0.0013272372923359781 0.025113642800148366 -0.030608537430664082 0.009894684768090552 0.0019544365176859964 -0.01222141071781082 0.0075439921092909819 0.034090406793339217 -0.010748088274379883 0.071581805453119846 0.017647098445449302
leaf_weight=717.65380514971912 40.618381218984723 48.392243772745132 28.623439791612327 5.9931856738403431 93.227164700627327 107.96100625675172 33.86259701102972 11.501224566251038 10.166991885751488 2.4819724634289733 10.282430186867712 186.67377921426669 167.31740446947515 10.454148683696983 81.634698450565338 33.889563022181392 19.299010157585144 4.3181059919297686 987.05406960984692 8882.8903624443337 131.74119030870497 16.760197576135397 15.988374589942397 2436.9701225119643 214.34566652774811 85.718462135642767 16.357150111813098 35.485289724543691 13.143007095903156 98.411846179980785
leaf_count=9036 430 458 515 79 3014 1893 215 87 54 22 83 7008 1498 88 745 240 138 46 24101 333591 834 273 225 78318 5591 726 565 591 128 1840
internal_value=-2.88309e-05 0.0033188 0.00411966 0.00479519 0.00321306 0.014282 0.00517105 0.00128189 -0.000124209 0.010948 0.0259646 0.00628994 -0.00270234 -0.00860489 0.00432174 0.0097281 0.0285005 0.0116739 -0.000248704 -0.000803868 0.00408021 0.0146963 0.00118143 0.00277584 -0.00222275 0.00130422 -8.68613e-05 0.0150543 0.0377256 0.0101218
internal_weight=14549.2 896.697 856.079 827.456 709.183 118.272 615.956 368.126 356.624 247.83 58.6747 189.156 327.158 177.772 149.387 115.524 29.466 112.279 13652.5 9834.76 951.874 234.22 3817.76 2600 1217.76 102.479 1003.41 163.029 29.1314 133.897
internal_count=472432 16613 16183 15668 13650 2018 10636 3065 2978 7571 541 7030 2786 1586 1200 985 192 1939 455819 344460 10869 1833 111359 81102 30257 999 24666 2784 353 2431
is_linear=0
shrinkage=0.03


Tree=166
num_leaves=31
num_cat=0
split_feature=13 7 14 17 7 21 3 11 6 2 20 8 0 19 8 7 17 17 0 6 2 3 2 0 0 19 21 21 21 21
split_gain=11.7377 11.4678 22.498 17.7566 16.1168 14.3939 13.405 13.5695 13.9747 13.6429 13.5022 13.0078 16.2686 16.8756 14.4058 22.4351 12.2698 18.9517 20.4607 18.716 18.4197 25.4246 29.1951 27.0809 38.4715 26.3898 25.1517 25.215 25.1387 25.0333
threshold=106449.06640625001 -1.0385214214712299 7.5000000000000009 0.0051786652766168126 -0.85325389439115884 1696.5000000000002 -0.78656609248549325 11.500000000000002 42.680705077250359 0.98296291314453421 11.641574382781984 38.500000000000007 7.4425000000000017 2.5000000000000004 43.500000000000007 -0.9093744376973758 0.0078086180146783599 0.014803769532591106 6.2015000000000002 212.22418771571071 -0.37940952255126065 0.37940952255126048 1.0000000180025095e-35 76.995000000000019 77.953500000000005 32.500000000000007 9693.5000000000018 3948.5000000000005 7600.5000000000009 9539.5000000000018
decision_type=2 2 2 2 2 2 2 2 2 2 2 2 2 2 2 2 2 2 2 2 2 2 2 2 2 2 2 2 2 2
left_child=1 2 5 -3 11 -1 -7 8 10 -9 -8 -5 13 -13 15 -14 19 18 -18 -6 -19 22 -22 -23 25 29 27 -26 -27 -25
right_child=-2 3 -4 4 16 6 7 9 -10 -11 -12 12 14 -15 -16 -17 17 20 -20 -21 21 23 -24 24 26 28 -28 -29 -30 -31
leaf_value=-0.0058969259968564124 -0.018428162335977574 -0.0064679612292201996 0.11932328869486696 -0.018476126181407475 0.0076549817513209663 -0.015934677048109726 0.015180831222103857 0.0091327847367778797 -0.013357251102990894 0.083018865103032954 0.082898247774381997 0.049900504788551701 0.0035770643599450963 -0.014955762981703076 0.0001923795427819714 0.15014583087813679 0.095513671236106351 -0.00058356305346726138 -0.0036538128376727851 -0.026489042783916113 -0.0038481121189579835 -0.0019266319243828821 0.0068342035204349309 0.0048508834256910226 0.006365816937413735 0.075206804376933875 0.022101607705384094 -0.0013150094565830893 0.00082310772483831578 0.095336836853150336
leaf_weight=66.993811092339456 31.136125531978905 383.13063986692578 1.5827724169939745 62.412862012628466 306.26168281352147 15.53769464092329 4.3016073927283269 132.92714006314054 3.2983401129022232 2.2878986820578566 6.9019282460212708 3.7348133120685807 2.5630204412154853 108.70856634806842 213.04912688117474 1.4842002480290819 1.8754681916907419 6650.2897105836309 1189.0882232575677 15.163981829304246 279.27472988981754 2019.2218579328619 1312.0350779010914 33.910215496085584 629.74160552723333 14.811809254810216 56.129090511240065 988.43948926636949 5.6484991461038581 2.9946900755166999
leaf_count=2050 1862 28125 31 3375 14975 700 80 5763 99 56 90 39 117 1622 3748 78 35 208797 57507 1203 10719 56993 26230 1278 12650 137 1442 32465 74 92
internal_value=-2.83053e-05 1.11675e-05 0.00660114 -9.67418e-05 7.89103e-05 0.00583294 0.0105882 0.0133408 0.040919 0.010383 0.0568981 -0.00591806 -0.00353963 -0.0128016 0.00125751 0.0573269 0.00025296 0.000111765 -0.00349765 0.00604416 0.000470213 0.00178201 0.00495946 0.000433991 0.0031866 0.027344 0.00235892 0.00167411 0.0546716 0.0121935
internal_weight=14544.9 14513.8 233.831 14280 13896.8 232.248 165.255 149.717 14.5019 135.215 11.2035 391.953 329.54 112.443 217.096 4.04722 13504.9 13183.5 1190.96 321.426 11992.5 5342.21 1591.31 3750.9 1731.68 57.3652 1674.31 1618.18 20.4603 36.9049
internal_count=472432 470570 8869 461701 433576 8838 6788 6088 269 5819 170 8979 5604 1661 3943 195 424597 408419 57542 16178 350877 142080 36949 105131 48138 1581 46557 45115 211 1370
is_linear=0
shrinkage=0.03


Tree=167
num_leaves=31
num_cat=0
split_feature=0 0 0 6 18 17 21 21 18 8 6 14 21 6 5 7 9 9 6 8 5 18 22 22 21 8 10 0 9 17
split_gain=11.5389 21.892 63.6087 25.848 28.4341 46.7854 17.6691 30.076 21.4186 22.352 20.7548 17.0483 17.2869 20.1188 17.0898 19.5543 18.3272 16.5811 16.4689 18.1027 33.5773 26.5819 22.8455 27.9982 51.6857 16.0474 20.7114 15.3117 19.3708 15.2097
threshold=994.47500000000014 440.99500000000006 454.97500000000008 458.29373749271912 8344.5000000000018 0.016113890334963802 3892.5000000000005 8216.5000000000018 3113.5000000000005 469.00000000000006 283.69928812281711 3.5000000000000004 9503.5000000000018 376.01803382610933 279.57720085470095 1.6697278309618635 2.5000000000000004 9.5000000000000018 146.1395635446238 63.500000000000007 310.87402298850583 6567.5000000000009 191339.50000000003 298485.50000000006 6293.5000000000009 467.50000000000006 816.50000000000011 825.11500000000012 3.5000000000000004 0.017380694858729843
decision_type=2 2 2 2 2 2 2 2 2 2 2 2 2 2 2 2 2 2 2 2 2 2 2 2 2 2 2 2 2 2
left_child=1 -1 6 4 18 -6 8 -8 9 10 -3 14 13 -13 15 -7 -16 -18 27 -20 21 22 -21 24 -24 -9 -27 -4 -29 -2
right_child=29 2 3 -5 5 11 7 25 -10 -11 -12 12 -14 -15 16 -17 17 -19 19 20 -22 -23 23 -25 -26 26 -28 28 -30 -31
leaf_value=-0.00022791243470544681 0.010545983665800958 0.028190489677721708 0.0086328523651593141 -0.02163963917819671 -0.014309382108553318 -0.0047000950591637291 -0.00015263970567300716 0.014426393222705598 0.08944074644799406 -0.0020559683344310402 0.10456739340380602 0.048794711236998439 0.071741644866967144 -0.019974506411700333 -0.00398726659280795 0.017566386572530859 0.05320379414534996 0.013229774461665032 -0.020724385311351838 -0.00096729449128725464 0.037642110021149013 -0.015973085203046182 0.022394546225356769 -0.013839012174051202 0.16128912696932937 0.094927175935188471 0.033846950028948192 0.13923949354599571 0.0092721648559795193 -0.012244362378589658
leaf_weight=13533.754297886975 32.689215033315122 9.2553746942430717 37.896729908883572 42.853282732889056 58.059594479389489 64.0152348857373 51.143956577405334 30.229825201444328 6.8116100803017607 11.238176196813583 4.8960091546177873 9.1854159347713011 9.2828407771885377 6.565387323498725 12.451899103820322 79.676311263814569 24.181905327364802 15.214918877929447 56.742588170804083 123.70475680008531 17.880635607987642 110.00236172880977 8.2457325514405984 6.731104450300335 3.4077601600438348 6.0085012000054112 29.658978388644755 1.9183416999876488 2.2340562548488379 136.00920298229903
leaf_count=448745 1133 104 1151 933 1796 1104 1212 551 84 122 61 96 79 86 216 1545 158 94 1575 2900 127 2649 176 143 60 70 565 40 78 4779
internal_value=-2.78657e-05 6.36867e-05 0.00476465 0.000924812 0.00241842 0.00965134 0.022524 0.0171097 0.0422036 0.0295307 0.0546149 0.0159583 0.0392682 0.0201297 0.0129741 0.00764657 0.0277386 0.037766 -0.00304667 -0.0053211 -0.00208365 -0.00490137 0.00367011 0.0348739 0.0630106 0.0305072 0.0441365 0.0146253 0.069315 -0.00782821
internal_weight=14541.9 14373.2 839.493 690.251 647.398 278.634 149.242 117.041 32.2012 25.3896 14.1514 220.574 25.0336 15.7508 195.54 143.692 51.8487 39.3968 368.764 326.715 269.972 252.092 142.089 18.3846 11.6535 65.8973 35.6675 42.0491 4.1524 168.698
internal_count=472432 466520 17775 15006 14073 5174 2769 2398 371 287 165 3378 261 182 3117 2649 468 252 8899 7630 6055 5928 3279 379 236 1186 635 1269 118 5912
is_linear=0
shrinkage=0.03


Tree=168
num_leaves=31
num_cat=0
split_feature=5 5 8 11 8 10 11 8 19 18 8 5 5 5 8 8 8 8 8 22 7 3 10 5 8 10 22 5 9 22
split_gain=11.4412 17.9384 19.871 23.0695 16.7972 13.6082 27.4789 34.9236 13.3943 27.0481 25.2392 18.0162 69.147 17.6463 50.2884 15.9792 46.9857 25.842 25.5575 50.0423 25.409 24.1862 23.4125 22.5896 21.6917 21.885 31.5398 44.7764 21.4865 23.419
threshold=353.90564182194623 333.93928571428575 26.500000000000004 34.500000000000007 6.5000000000000009 958.50000000000011 40.500000000000007 4.5000000000000009 1.5000000000000002 4844.5000000000009 11.500000000000002 40.528457893990939 39.785202697926486 291.33348056365406 14.500000000000002 164.50000000000003 142.00000000000003 179.50000000000003 146.50000000000003 28533.500000000004 -0.29417196175525689 -0.70710678118654757 1012.5000000000001 36.05364770347331 162.50000000000003 343.50000000000006 73340.000000000015 226.9394927937916 13.500000000000002 12744.500000000002
decision_type=2 2 2 2 2 2 2 2 2 2 2 2 2 2 2 2 2 2 2 2 2 2 2 2 2 2 2 2 2 2
left_child=1 8 -3 -4 5 6 -2 -8 9 -1 -11 12 -12 -13 -15 16 21 -17 19 -18 -21 -10 -22 -19 -20 -26 -27 -28 29 -23
right_child=4 2 3 -5 -6 -7 7 -9 15 10 11 13 -14 14 -16 17 18 23 24 20 22 28 -24 -25 25 26 27 -29 -30 -31
leaf_value=0.00094971556514923553 0.0024777474318056244 -0.011346601896326226 -0.011578689453106287 0.047521725119740961 -0.015619247244634047 -0.023202106782567591 0.024729753990211913 0.17261472358071131 -0.006474531512097953 -2.8349800088422153e-05 -0.030514890655453843 -0.01651412471222713 0.16150635683608738 0.11979860489320326 -0.031991828179485177 -0.011064327399388899 -0.0035219080492600537 -0.013339234819226359 0.0048061606605424778 0.072534055768923342 0.00072035855405226136 -0.0037558621286934613 0.095190129498207737 0.00010234686495299603 0.076654970332829073 0.0012526026122470408 0.16710969049008606 0.0042914452783444548 0.010447735727182673 0.0036478209489375127
leaf_weight=628.28289368376136 30.147036828566343 13.480163565371184 8.011357808485629 23.038461029529572 96.734575493726879 11.002630815375595 4.7954709874466053 2.0522370571270585 330.56616566516459 192.33487169770524 5.2558903638273469 277.66233589872718 2.4861448183655739 3.2518101795576495 4.9615418324247003 195.03681454528123 22.475714669097215 113.75771816819906 164.12975811259821 23.083899271674454 10.891090535558758 588.12904264824465 3.0145618049427858 10385.626822465099 7.4008859414607278 21.286124738864604 2.7928267568349829 3.3358855834230781 253.49657372385263 1110.6616533072665
leaf_count=27802 740 342 178 305 3413 382 141 67 12730 12458 360 22502 60 38 204 4904 748 2111 5098 332 234 14851 54 315359 109 967 39 82 2079 43743
internal_value=-2.74797e-05 5.69066e-05 0.0190683 0.0322729 -0.0084202 0.00608887 0.0148003 0.0690504 -2.08874e-06 -0.00316103 -0.00847577 -0.0140093 0.0311475 -0.0152322 0.0281047 0.000263844 0.0024022 -0.000244282 0.0145267 0.0317835 0.0532359 0.00102975 0.0212002 -4.32887e-05 0.00936858 0.0308769 0.0185187 0.078487 0.00230039 0.00108463
internal_weight=14539.2 14394.5 44.53 31.0498 144.732 47.9974 36.9947 6.84771 14349.9 1114.24 485.953 293.618 7.74204 285.876 8.21335 13235.7 2541.26 10694.4 258.411 59.4653 36.9896 2282.85 13.9057 10499.4 198.945 34.8157 27.4148 6.12871 1952.29 1698.79
internal_count=472432 467689 825 483 4743 1330 948 208 466864 63424 35622 23164 420 22744 242 403440 81066 322374 7663 1368 620 73403 288 317470 6295 1197 1088 121 60673 58594
is_linear=0
shrinkage=0.03


Tree=169
num_leaves=31
num_cat=0
split_feature=18 11 10 10 6 18 3 12 16 19 2 16 0 9 22 0 0 19 0 19 11 18 2 18 17 18 10 0 5 5
split_gain=11.181 24.6905 121.787 33.7154 26.2765 25.8025 23.2062 23.4018 20.9877 19.6347 31.1788 21.342 19.5793 18.8714 26.6328 17.213 30.1104 26.1988 25.4491 26.4788 27.9676 20.1677 17.6252 34.8546 45.638 30.4472 20.8079 17.5504 17.4778 14.3631
threshold=2.5000000000000004 1.5000000000000002 2.5000000000000004 4.5000000000000009 305.38637327838245 18.500000000000004 0.60355339059327384 1.0000000180025095e-35 1.0000000180025095e-35 384.50000000000006 -0.25881904510252113 1.0000000180025095e-35 224.09500000000003 7.5000000000000009 164.50000000000003 20.004500000000004 28.604000000000003 357.50000000000006 29.995000000000001 126.50000000000001 16.500000000000004 10.500000000000002 -0.60355339059327362 8419.5000000000018 0.009208553936332466 8755.5000000000018 202.50000000000003 30.951000000000004 149.54143939393944 44.677524918831175
decision_type=2 2 2 2 2 2 2 2 2 2 2 2 2 2 2 2 2 2 2 2 2 2 2 2 2 2 2 2 2 2
left_child=12 2 4 -4 6 13 7 -2 -3 11 -11 -9 -1 -6 -15 17 -17 -10 19 22 -21 -20 -18 26 -25 -26 -24 -23 -27 -22
right_child=1 8 3 -5 5 -7 -8 9 15 10 -12 -13 -14 14 -16 16 18 -19 21 20 29 27 23 24 25 28 -28 -29 -30 -31
leaf_value=-0.0071113522352312681 -0.0011150091423632446 -0.0014713144025067491 0.020055259270907587 0.051440616848327118 0.061396673995881723 -0.01631290780583778 -0.0056023020069788784 0.024132576395229512 0.0081052420604639814 0.12614019822952138 0.0056799993980921146 0.0032335642501179992 0.022531522619866851 -0.01430694707875314 0.030106344252693533 -0.0072916086838532464 -0.0045507778406556594 -0.019639573586504373 -0.027497464084146543 -0.010514408640713227 0.03843129077542385 -0.012328382289958889 0.058503097867489272 -0.013064947509389505 0.20478487233079093 0.039474954492076213 -0.0060501455429411519 0.0011337207929224783 0.13312556321846153 0.10087591384639739
leaf_weight=330.29248981270939 372.65910953097045 6598.4937472124584 89.16815566085279 47.06354496628046 10.587253406643866 17.389199271798134 449.98668319452554 62.928682275116444 467.51377111673355 3.4071595221757889 4.4720227532088748 146.02465360239148 21.350161112844944 16.691536402329803 44.676838615909219 415.71852853428572 46.076440977863967 32.778600374236703 22.593120450153947 5.2763776052743223 6.3325194083154184 88.648382362443954 5.3507050145417443 5.1621188274584702 1.9037676081061343 5.2794528966769576 28.068918929435313 5180.9248079112731 2.7163029201328754 6.9574305042624474
leaf_count=4675 5363 262713 580 287 85 276 5774 315 8081 58 59 1081 108 200 346 11569 2219 765 227 80 109 3692 51 384 86 223 1342 161564 72 48
internal_value=-2.71924e-05 0.000103807 0.00410368 0.0308979 0.000870037 0.0164823 -0.000471859 0.00344445 -0.000287845 0.0112806 0.0577701 0.00952754 -0.00531157 0.0244077 0.0180264 0.000947521 0.000488577 0.00628743 0.00108695 0.0151664 0.0479215 0.000785988 0.00873502 0.0213618 0.0592522 0.0969621 0.00428526 0.000907252 0.0712898 0.0711217
internal_weight=14536.5 14184.8 1265.05 136.232 1128.82 89.3448 1039.48 589.492 12919.8 216.833 7.87918 208.953 351.643 71.9556 61.3684 6321.3 5821.01 500.292 5405.29 113.124 18.5663 5292.17 94.5577 48.4813 15.0616 9.89952 33.4196 5269.57 7.99576 13.2899
internal_count=472432 467649 14424 867 13557 907 12650 6876 453225 1513 117 1396 4783 631 546 190512 181666 8846 170097 4614 237 165483 4377 2158 765 381 1393 165256 295 157
is_linear=0
shrinkage=0.03


Tree=170
num_leaves=31
num_cat=0
split_feature=13 1 6 5 5 17 14 6 6 6 22 22 6 8 8 22 5 18 6 18 5 5 5 21 7 20 6 6 5 8
split_gain=11.2596 10.8076 15.4121 33.7114 64.3479 36.9557 25.2915 23.7902 25.3665 21.3474 20.7711 45.4887 78.7707 42.6812 87.8665 39.6721 29.8863 43.7885 26.2055 25.1482 24.7314 34.5721 24.5583 23.525 23.1903 33.601 22.572 26.0304 33.5483 22.8144
threshold=106449.06640625001 2.2375126349582053 58.372396273751555 102.58994080996887 103.91350000000001 0.050039123743772514 1.5000000000000002 186.6198685303122 187.78043695434891 146.5934760236874 14059.000000000002 17753.000000000004 127.13926306166469 40.500000000000007 42.500000000000007 14509.000000000002 110.20941672648961 5904.5000000000009 286.19406183984853 571.50000000000011 140.27371024043455 144.14347093918403 142.07315232240441 1441.5000000000002 -0.59001127166077627 22.645161628723148 314.63076465601802 305.38637327838245 333.93928571428575 334.50000000000006
decision_type=2 2 2 2 2 2 2 2 2 2 2 2 2 2 2 2 2 2 2 2 2 2 2 2 2 2 2 2 2 2
left_child=1 -1 -3 7 5 6 9 -4 -9 -5 18 12 13 15 -15 -12 17 -16 -6 -13 -17 -22 -18 24 25 -21 27 28 -20 -29
right_child=-2 2 3 4 10 -7 -8 8 -10 -11 11 19 -14 14 16 20 22 -19 26 23 21 -23 -24 -25 -26 -27 -28 29 -30 -31
leaf_value=-0.0064298027277845029 -0.018201497848669108 0.0014442463405639893 -0.0063024112336438412 -0.0017000805257406356 -0.0059655235552628682 -0.0081525386343745312 0.065606507766688998 0.097839526656125803 -0.020771071124964714 0.040339928287881049 0.093975739820793144 0.054361490015327536 0.0024426743745845701 0.16390142560289081 -0.0013815082721421251 -0.027818698015914873 -0.0030574419084961608 0.12427018493571071 -0.0092393698948995007 -0.0305141783832736 0.12603804322879877 0.0064573513969444904 0.054948991304392042 5.193276866436451e-05 -0.022606909553275288 0.27148273589442151 -0.0016141364489113659 -0.00012992690759436627 0.042743868274146099 0.038570356896167689
leaf_weight=230.69878300558776 30.613584899576381 5067.8940773382783 962.28176347352564 17.24787992797792 1085.2193210725673 21.991618308238685 19.330752692185342 4.0406969338655463 2.7118682144209743 29.401802314445376 4.7058271095156661 7.6340044410899273 204.69612958095968 6.0258199842646709 3.7735244808718544 14.53430685773492 14.516506548505276 7.3736972599290311 59.727772468701005 0.74674480501562246 2.6181449205614618 12.882794076576827 11.998042669147253 6217.3848468903452 54.21657290449366 0.59640816273167729 357.14804132143036 19.828124604187906 13.744687121361492 44.427797634154558
leaf_count=3616 1862 80765 70601 800 48090 1235 251 35 91 831 137 112 8742 73 124 655 676 85 2267 54 65 341 92 233978 3247 58 12190 568 142 649
internal_value=-2.67657e-05 1.16078e-05 0.000115754 -0.000615993 7.05206e-06 0.0255272 0.0367528 -0.00590865 0.0502048 0.0247964 -0.000268625 0.000474745 0.0122375 0.0378017 0.057537 0.0129841 0.0405189 0.0817349 -0.00335658 -5.55138e-05 0.000294624 0.0266548 0.0231909 -0.000121738 -0.0195563 0.103583 0.00236461 0.012682 0.000485272 0.0266282
internal_weight=14530 14499.4 14268.7 9200.81 8231.77 87.9721 65.9804 969.034 6.75257 46.6497 8143.8 6563.7 283.125 78.4287 43.6876 34.7411 37.6618 11.1472 1580.1 6280.58 30.0352 15.5009 26.5145 6272.94 55.5597 1.34315 494.876 137.728 73.4725 64.2559
internal_count=472432 470570 466954 386189 315462 3117 1882 70727 126 1631 312345 248439 10990 2248 1050 1198 977 209 63906 237449 1061 406 768 237337 3359 112 15816 3626 2409 1217
is_linear=0
shrinkage=0.03


Tree=171
num_leaves=31
num_cat=0
split_feature=13 0 0 0 6 0 0 0 0 5 0 11 5 11 5 5 0 8 7 7 19 5 7 19 19 7 0 0 0 0
split_gain=10.9726 13.6365 11.544 52.3326 24.0745 21.7948 37.3564 25.8651 25.528 21.0767 23.4556 20.9798 23.0369 20.6571 20.0651 41.5748 21.7791 21.3023 36.5817 31.0957 23.7917 18.8743 22.3989 19.1471 18.8296 18.7737 18.1494 49.9682 34.8095 30.6285
threshold=54560.964843750007 15.950500000000002 58.955000000000005 57.008500000000005 392.29733363186028 48.955000000000005 49.956500000000013 53.975000000000001 47.936500000000009 51.077455083965965 57.955000000000005 22.500000000000004 122.43615616098316 23.500000000000004 188.96511764705886 194.67837767687723 36.95600000000001 278.50000000000006 -0.67332736053208542 -0.70710678118654691 42.500000000000007 208.64513968241306 -0.59001127166077627 7.5000000000000009 10.500000000000002 -0.7920927243045951 97.005500000000012 108.95500000000001 96.823000000000022 107.01000000000001
decision_type=2 2 2 2 2 2 2 2 2 2 2 2 2 2 2 2 2 2 2 2 2 2 2 2 2 2 2 2 2 2
left_child=2 -2 3 4 5 8 -7 11 14 10 -5 12 -8 24 -1 17 -17 18 19 25 -19 -18 -23 -24 -10 -16 28 29 -4 -28
right_child=1 -3 26 9 -6 6 7 -9 13 -11 -12 -13 -14 -15 15 16 21 20 -20 -21 -22 22 23 -25 -26 -27 27 -29 -30 -31
leaf_value=-0.0010125960930103058 0.039554342621322167 -0.011735109247401062 0.0022840999037857025 -0.022526168252175564 -0.013118277958812765 0.012967391046624806 0.0098249448299912983 0.008550210121476538 0.049077189356044812 -0.017854051310998761 0.02382667213533908 -0.011299098314362524 -0.0077285268255820301 -0.018417632384110417 0.17318875929927066 -0.004142859091715685 -0.017306729645722465 -0.023853627057531232 0.0082624239807950785 0.26582817824536198 0.036454819698467596 -0.012828352495610854 0.091155158230973921 0.028880393405118446 -0.0067404154985415453 -0.0042016792976295216 -0.0023452816290297873 0.0011152481481225131 0.020220575399418093 -0.013335898862522054
leaf_weight=4234.7544444561936 4.8818632364273062 105.22334102285095 2058.8007682156749 16.218167038634419 130.18123230384663 292.77626464096829 143.30548505764455 224.45354545162991 8.1404685461893695 218.23502656398341 24.924684102647007 196.58182220254093 126.8502258756198 120.61175444256514 1.0274263611063363 145.22713072272018 10.811640679836271 7.224550678394734 3.0585975591093293 1.3108441140502689 31.804653156548738 9.8247184874489886 5.2738683773204675 28.219968748278916 16.392086185514927 1.1247691726312044 652.02191160526127 5251.9409789992496 102.21390333492309 351.08119976520538
leaf_count=114959 88 5366 70951 327 6277 12822 3061 8109 79 21315 255 10863 4381 8889 48 5077 409 250 133 39 286 394 112 699 152 56 24841 144489 3680 24025
internal_value=-2.65283e-05 -0.00946103 4.55377e-05 -0.000960099 -0.000364378 -6.83568e-05 0.00398598 0.000181615 -0.000930952 -0.0141409 0.00555477 -0.00384283 0.0015828 -0.0133134 -0.000529752 0.00781919 0.00191084 0.0336776 0.083866 0.15064 0.0252913 0.0181524 0.0270025 0.038686 0.0117812 0.0804819 0.00076228 -5.65849e-05 0.00313248 -0.00619194
internal_weight=14524.5 110.105 14414.4 5998.33 5738.96 5608.77 983.967 691.191 4624.81 259.378 41.1429 466.738 270.156 145.144 4479.66 244.908 199.357 45.5508 6.52164 3.46304 39.0292 54.1302 43.3186 33.4938 24.5326 2.1522 8416.06 6255.04 2161.01 1003.1
internal_count=472432 5454 466978 198992 177095 170818 39236 26414 131582 21897 582 18305 7442 9120 122462 7503 6691 812 276 143 536 1614 1205 811 231 104 267986 193355 74631 48866
is_linear=0
shrinkage=0.03


Tree=172
num_leaves=31
num_cat=0
split_feature=0 0 0 6 18 6 6 6 19 19 21 21 5 7 6 14 8 5 18 18 6 18 0 13 5 0 19 10 20 10
split_gain=10.9514 20.2498 58.595 24.5579 26.7341 27.6754 33.0683 21.8002 19.8396 18.6096 16.1144 27.2395 20.3494 20.7263 15.9188 19.6403 16.3512 31.3415 24.0739 23.2674 25.0174 24.5602 20.7047 18.3372 14.9192 15.2722 17.3409 16.1123 15.0128 28.4637
threshold=994.47500000000014 440.99500000000006 454.97500000000008 458.29373749271912 8344.5000000000018 347.02440863574594 376.01803382610933 314.63076465601802 64.500000000000014 55.500000000000007 3892.5000000000005 8216.5000000000018 240.48751895842852 0.84472927220077798 162.03848440571736 3.5000000000000004 63.500000000000007 310.87402298850583 6567.5000000000009 6039.5000000000009 376.01803382610933 6123.5000000000009 884.0100000000001 24636.986328125004 131.63977291666669 2117.0100000000007 2.5000000000000004 949.50000000000011 49.826141357421882 1014.5000000000001
decision_type=2 2 2 2 2 2 2 2 2 2 2 2 2 2 2 2 2 2 2 2 2 2 2 2 2 2 2 2 2 2
left_child=1 -1 10 4 14 7 9 8 -6 -7 12 -12 13 -3 15 -4 -16 18 19 -18 21 -21 -23 -22 25 26 -2 -27 -26 -30
right_child=24 2 3 -5 5 6 -8 -9 -10 -11 11 -13 -14 -15 16 -17 17 -19 -20 20 23 22 -24 -25 28 27 -28 -29 29 -31
leaf_value=-0.00021827443426219152 0.070624776732857622 0.10134013013058585 0.0078978346092612242 -0.021374823438551672 0.0032218511013913033 0.050030266715567914 0.0046516254662104612 -0.028325613616033338 0.056968778930115468 0.01315478244086991 -0.00021209472352422791 0.028816312009275449 0.0014038533715115416 0.037855039107924635 -0.021632754380302596 0.10397784599931556 -0.0030754100008101837 0.035494938475496805 -0.01649169136518501 0.097986022693975938 0.13841268915073879 -0.01577824019038369 0.087672610108613463 0.033524606836911913 -0.013610861874649972 0.079537261591820188 -0.01189505676970211 -0.017820945880104699 0.12419098735904764 -0.014569814594438943
leaf_weight=13513.971626507817 2.6449224958196345 6.264029826968911 58.611699752509594 41.964628461748362 143.27989585883915 36.230058817192912 55.481467310339212 19.313342807814479 6.4598254151642314 18.661079049110413 51.100702844560146 67.554829712957144 8.9399707484990341 17.723969586193562 49.225776196457446 1.9794704541563977 111.41342832893133 17.930600944906473 103.88450936414301 2.5531986858695808 2.8068475648760787 13.496909501031038 1.9990673791617162 3.2221942208707333 134.66903751436621 5.0469654500484458 17.171844281256199 2.1953381262719631 2.0907690068706861 3.6585953654721379
leaf_count=448745 95 58 1723 933 3691 313 617 340 67 146 1212 1186 124 189 1425 46 2483 127 2484 73 47 383 38 70 4739 122 702 66 46 142
internal_value=-2.63217e-05 6.26683e-05 0.00458197 0.000864422 0.00230787 0.00930027 0.0209849 0.0016715 0.00554051 0.0374939 0.0214676 0.0163148 0.0400356 0.054433 -0.00301419 0.0110367 -0.00579158 -0.00276098 -0.00562656 0.00270399 0.0294461 0.0117725 -0.0024325 0.0823557 -0.00765342 0.0127438 -0.000881224 0.0500254 -0.011584 0.0358909
internal_weight=14521.5 14354.1 840.098 688.514 646.549 279.426 110.373 169.053 149.74 54.8911 151.584 118.656 32.928 23.988 367.124 60.5912 306.533 257.307 239.376 135.492 24.0782 18.0492 15.496 6.02904 167.477 27.0591 19.8168 7.2423 140.418 5.74936
internal_count=472432 466520 17775 15006 14073 5174 1076 4098 3758 459 2769 2398 371 247 8899 1769 7130 5705 5578 3094 611 494 421 117 5912 985 797 188 4927 188
is_linear=0
shrinkage=0.03


Tree=173
num_leaves=31
num_cat=0
split_feature=7 16 17 5 7 21 13 5 5 17 22 22 0 21 18 3 0 0 0 18 12 21 5 2 19 17 18 17 5 13
split_gain=10.6933 17.6254 16.5298 17.9994 14.8813 14.1572 13.0832 12.2566 16.3507 20.6492 13.833 11.7418 27.7429 11.7164 11.8452 17.3893 11.6018 38.5755 37.2601 29.9714 20.3712 25.2172 23.6373 32.5514 23.38 21.439 19.6495 18.7711 18.2304 29.2708
threshold=-1.0385214214712299 2.5000000000000004 0.0051786652766168126 37.769805555555564 -0.85325389439115884 1696.5000000000002 43794.537109375007 353.90564182194623 333.93928571428575 0.1926996782422066 39108.500000000007 96484.000000000015 129.96000000000001 8846.5000000000018 8770.5000000000018 -0.60355339059327384 26.404000000000003 26.822000000000006 19.107500000000005 14.500000000000002 1.0000000180025095e-35 4163.5000000000009 44.439118825100145 -0.98296291314453399 51.500000000000007 0.14599545300006869 23.500000000000004 0.13046630471944812 47.244698122241168 1125.5880126953127
decision_type=2 2 2 2 2 2 2 2 2 2 2 2 2 2 2 2 2 2 2 2 2 2 2 2 2 2 2 2 2 2
left_child=1 5 3 -2 -4 -1 7 8 16 -10 -11 13 -13 14 -5 -16 18 19 20 -18 -6 22 24 27 -22 -26 -20 -24 29 -25
right_child=2 -3 4 11 6 -7 -8 -9 9 10 -12 12 -14 -15 15 -17 17 -19 26 -21 21 -23 23 28 25 -27 -28 -29 -30 -31
leaf_value=-0.0067766858906718012 0.028201727446563393 0.055742578438512665 -0.0057436402265232563 -0.0058097473417982777 -0.0062186019899918565 0.0096992266794505202 -0.0053900210153041573 -0.0097379342328792248 0.039149662150092655 -0.016122762349738848 0.068732435208301579 -0.0012393019767789537 0.18139781110847386 -0.01747138543893326 0.17874307171295292 0.017561597111955329 0.063980681942601647 0.00062445457738815214 0.0017041696679422598 0.012451915504758472 -0.011099292312165401 -0.00055047022533705279 0.019768652292531604 0.013822655839454853 -0.0032086517329564402 0.027325612711884117 -0.0084270345513063286 0.08888369024855021 0.0078403033568753642 0.063039624807843933
leaf_weight=65.924603685270995 13.139759149402378 6.319429130293428 389.38912330428138 268.63533684331924 178.82911939639598 162.97348688496277 365.95431000809185 107.28180675255135 21.795335112139583 14.07110574282706 1.9712584717199195 3.0800488623790434 0.98886340856552113 90.249619130045176 0.71746572852134693 3.756660326384007 14.153553191572426 11183.078255195171 227.4511107262224 35.995096742641181 64.520857537165284 333.98473222926259 5.8699781643226734 33.369947602972388 39.055007696151733 44.023609267547727 710.5028253630735 8.8968901112675649 106.85442893765867 16.133456946350634
leaf_count=2044 587 99 8999 18658 2897 6756 15477 3587 269 371 30 225 40 8372 76 379 118 367466 2722 653 855 6510 91 211 612 463 21794 76 1861 134
internal_value=-2.59624e-05 0.00631852 -0.00013044 -0.00629888 3.84066e-05 0.00495402 0.000205012 0.000360743 0.000443822 0.0201361 -0.0056959 -0.00753267 0.0431468 -0.00810018 -0.00500345 0.0434085 0.000386518 0.000742181 -0.00187133 0.026995 0.00275215 0.00520995 0.0112462 0.0188337 0.00244935 0.0129715 -0.00597025 0.0614098 0.0148127 0.0298628
internal_weight=14519 235.218 14283.7 380.568 13903.2 228.898 13513.8 13147.8 13040.6 37.8377 16.0424 367.428 4.06891 363.359 273.109 4.47413 13002.7 11233.2 1769.49 50.1486 831.538 652.709 318.724 171.125 147.599 83.0786 937.954 14.7669 156.358 49.5034
internal_count=472432 8899 463533 28337 435196 8800 426197 410720 407133 670 401 27750 265 27485 19113 455 406463 368237 38226 771 13710 10813 4303 2373 1930 1075 24516 167 2206 345
is_linear=0
shrinkage=0.03


Tree=174
num_leaves=31
num_cat=0
split_feature=18 18 10 15 6 16 1 9 22 19 21 15 18 3 5 7 17 7 7 19 20 12 16 7 5 7 1 10 19 5
split_gain=10.6023 22.5696 38.7294 37.6103 36.7866 20.4219 20.1627 19.9167 24.7255 19.392 21.5393 30.7304 26.1747 22.122 21.8418 54.4571 69.225 21.1475 20.8459 24.3323 19.2712 19.0727 18.5555 18.3749 19.623 25.0797 18.3296 17.9553 17.7812 20.3886
threshold=2.5000000000000004 23.500000000000004 2.5000000000000004 1.5000000000000002 305.38637327838245 1.5000000000000002 4.9273732360810341 7.5000000000000009 164.50000000000003 321.50000000000006 3428.5000000000005 42.500000000000007 3785.5000000000005 0.91597561503675351 252.49307733619767 -0.42797154241373708 0.03178303316235543 -0.61541387837336681 -0.71513175049983457 80.500000000000014 21.50512790679932 16.500000000000004 4.5000000000000009 0.38042034553031639 40.528457893990939 1.1273983582464013 5.4165224462553345 4.5000000000000009 138.50000000000003 46.544581362612618
decision_type=2 2 2 2 2 2 2 2 2 2 2 2 2 2 2 2 2 2 2 2 2 2 2 2 2 2 2 2 2 2
left_child=26 2 4 27 22 -3 -5 -6 -9 10 11 13 17 20 -15 16 -16 18 21 -20 -7 -12 -2 -19 -25 -26 -1 -4 -14 -30
right_child=1 5 3 6 7 9 -8 8 -10 -11 12 -13 28 14 15 -17 -18 23 19 -21 -22 -23 -24 24 25 -27 -28 -29 29 -31
leaf_value=-0.0069401807537532029 0.0012035229209180292 -0.00099168942753954091 0.020675248937348591 0.0079928076399308611 0.057390980016567665 -7.5310954934379329e-05 -0.034426593013463395 -0.013748234193148728 0.025946068012428693 -0.0086848776811910555 -0.019009863233774942 0.035988360291318917 0.0019220459688244834 0.0041215670079500699 0.32648129072390386 0.010381818916383899 0.036150342871738406 0.0031566050302410356 0.022413600621465746 0.10093277934014246 -0.010284951399878414 0.052365816638305175 -0.014520289922192894 -0.007493193777695157 0.05794927210689893 -0.0048265176093989599 0.021644592779194193 0.048298998895510488 0.0082694311284571345 0.042416032875514084
leaf_weight=328.51481428742409 845.66852114722133 9425.9572138020303 67.680495204403996 84.642874752171338 11.573505107313393 329.45439603272825 11.448742326349018 19.551469348371029 50.867862094193697 155.35401491075754 7.6477014757692832 18.677184669300914 2189.0894454037771 129.82962706079707 1.2575054112821811 9.6300823600031418 1.7930028075352309 95.674714751075953 6.6627255808562023 7.6079248394817114 336.17932869493961 6.0230245902203023 73.409372385591269 10.493643609806893 20.590812228620056 7.9349419744685283 21.511506021022797 30.821267079561949 193.8108343500644 17.128321193158627
leaf_count=4675 9598 345995 413 812 98 6457 93 232 424 3067 86 581 75035 3676 55 306 110 1882 76 75 14037 77 1148 153 225 113 108 184 2533 108
internal_value=-2.55748e-05 0.000101866 0.00404581 0.0162921 0.00166531 -0.000261691 0.00293879 0.0209194 0.0149252 0.00167942 0.00215446 -0.00205581 0.00351287 -0.00293506 0.00779207 0.0453723 0.155833 0.0151599 0.0389116 0.0642735 -0.00523171 0.0124367 -5.23829e-05 0.0102328 0.0275836 0.0404871 -0.00518345 0.0293187 0.00272361 0.0110421
internal_weight=14516.5 14166.5 1195.66 194.593 1001.07 12970.8 96.0916 81.9928 70.4193 3544.84 3389.49 826.821 2562.66 808.144 142.51 12.6806 3.05051 162.635 27.9414 14.2707 665.634 13.6707 919.078 134.694 39.0194 28.5258 350.026 98.5018 2400.03 210.939
internal_count=472432 467649 13002 1502 11500 454647 905 754 656 108652 105585 25222 80363 24641 4147 471 165 2687 314 151 20494 163 10746 2373 491 338 4783 597 77676 2641
is_linear=0
shrinkage=0.03


Tree=175
num_leaves=31
num_cat=0
split_feature=13 11 11 18 8 22 0 11 13 12 22 21 11 11 21 5 8 18 22 8 22 8 8 22 8 8 0 6 5 8
split_gain=10.4082 10.4154 38.1071 19.1069 23.0447 25.7756 25.2649 30.1223 32.611 21.8291 28.074 21.2983 26.9242 47.054 29.8353 25.125 36.6669 24.608 25.8703 27.5846 38.1592 35.0145 48.4082 29.9472 54.4184 128.101 75.8202 76.4404 51.2282 46.3666
threshold=106449.06640625001 1.0000000180025095e-35 1.5000000000000002 1979.5000000000002 67.500000000000014 8659.5000000000018 137.01650000000004 8.5000000000000018 503.94200134277349 19.500000000000004 725.00000000000011 4003.5000000000005 22.500000000000004 38.500000000000007 1995.5000000000002 44.439118825100145 3.5000000000000004 5583.5000000000009 12744.500000000002 164.50000000000003 65914.000000000015 142.00000000000003 146.50000000000003 18343.000000000004 38.500000000000007 43.500000000000007 108.50500000000001 75.771096398816283 117.68043966215437 83.500000000000014
decision_type=2 2 2 2 2 2 2 2 2 2 2 2 2 2 2 2 2 2 2 2 2 2 2 2 2 2 2 2 2 2
left_child=1 -1 -3 4 9 -6 -7 8 -8 -4 -11 12 15 14 -14 16 -5 -13 -19 21 -21 23 -23 24 -20 26 27 -26 -29 -27
right_child=-2 2 3 11 5 6 7 -9 -10 10 -12 17 13 -15 -16 -17 -18 18 19 20 -22 22 -24 -25 25 29 -28 28 -30 -31
leaf_value=-0.0035998000878916954 -0.017775717428565607 0.0060947343281266917 -0.01585577889527124 0.071199981118622246 0.0021310596667232493 -0.011715534468418911 0.008296180057341002 -0.0056858425340433469 0.064676339776226763 0.039637518563136305 -0.0054237614858887685 -0.0036666434544979543 0.12179134180025927 0.0053621831396789823 -0.0092093638742678629 0.006859359448811767 -0.0069431782077401753 -0.006080789957247105 -0.0014447542036518824 -0.0057921839137719013 0.00098097774214916575 0.045611814163575959 0.008167904135116354 0.00028460360931954781 -0.0023019268360863336 -0.0033411221772844456 0.036942930756549704 0.24970914024501795 0.073096429663037366 0.03987032771237569
leaf_weight=684.9090238660574 29.669250304810703 918.31834814883769 219.48172404104844 5.562707399018108 719.6403740523383 320.58017294947058 36.935697175562382 114.02069111168385 12.310687832534311 14.43954771524295 90.013308652210981 1740.5557901989669 1.5706483228132118 442.69008444668725 411.93245679652318 1241.374182804022 189.71007216535509 530.09307566704229 123.64312265394256 892.94390128972009 4631.5738697540946 41.816511167678982 120.96177627937868 862.93879841500893 2.1015358283184487 58.5712396861054 9.108826754614709 5.5095389364287257 2.0200603744015098 36.13712557638064
leaf_count=10713 1862 8422 6528 160 20954 13218 512 3419 112 798 5315 48260 99 19611 16456 15346 2566 36258 6578 61816 145975 907 4690 36674 116 2923 197 144 130 1673
internal_value=-2.52171e-05 1.11496e-05 0.00019041 -0.000230614 -0.0033807 -0.00146893 -0.0068233 0.00278275 0.0223902 -0.0104833 0.000805503 0.000193277 0.00277618 -0.00143491 -0.00871177 0.00528585 -0.00471713 -0.000460533 0.000302087 0.000800593 -0.000113788 0.00480081 0.017787 0.00287917 0.0123226 0.0273271 0.0989922 0.157677 0.202327 0.0131467
internal_weight=14511.1 14481.5 13796.6 12878.2 1527.42 1203.49 483.847 163.267 49.2464 323.935 104.453 11350.8 2292.84 856.193 413.503 1436.65 195.273 9057.98 7317.42 6787.33 5524.52 1262.81 162.778 1100.03 237.091 113.448 18.74 9.63114 7.5296 94.7084
internal_count=472432 470570 459857 451435 50856 38215 17261 4043 624 12641 6113 400579 54238 36166 16555 18072 2726 346341 298081 261823 207791 54032 5597 48435 11761 5183 587 390 274 4596
is_linear=0
shrinkage=0.03


Tree=176
num_leaves=31
num_cat=0
split_feature=6 5 5 5 5 17 18 6 6 5 18 2 3 18 20 6 5 5 14 22 6 6 0 22 6 8 8 6 6 6
split_gain=10.604 42.1753 20.428 28.332 59.4223 34.855 23.5871 22.3874 21.5603 19.6965 24.5918 21.0822 30.6956 30.8553 31.037 25.7428 22.3764 19.2844 42.9666 17.5257 33.9401 43.509 88.3788 48.2152 39.3553 37.9032 59.0104 35.8354 33.6404 47.4571
threshold=45.748518406342633 49.9330424528302 71.17058333333334 102.58994080996887 103.91350000000001 0.050039123743772514 1678.5000000000002 146.5934760236874 186.6198685303122 41.268379638916763 5643.5000000000009 0.25881904510252091 -0.3794095225512602 6123.5000000000009 44.242036819458015 32.670251370927943 39.771702697926493 44.677524918831175 5.5000000000000009 13629.500000000002 142.68724901098199 141.52101028590656 31.421000000000003 17438.500000000004 127.13926306166469 40.500000000000007 42.500000000000007 47.746429166681615 160.77600226570254 162.03848440571736
decision_type=2 2 2 2 2 2 2 2 2 2 2 2 2 2 2 2 2 2 2 2 2 2 2 2 2 2 2 2 2 2
left_child=9 -2 -3 8 5 6 -5 -8 -4 10 -1 -12 -13 15 -15 -14 -16 18 -11 -6 21 23 -23 24 25 -21 -27 -25 -22 -30
right_child=1 2 3 4 19 -7 7 -9 -10 17 11 12 13 14 16 -17 -18 -19 -20 20 28 22 -24 27 -26 26 -28 -29 29 -31
leaf_value=-0.003286161926035416 -0.015865860264959536 0.0058472299795201644 -0.0057937672289208441 0.080540513778627559 -0.0031570602382652913 -0.0084374540349965738 0.0018876743713761917 0.041010754109245734 0.047157633220351818 0.005007554351031872 0.00038021246972225453 0.051020603719486843 0.13345651193623737 -0.00067696926632933058 0.074422359360736434 0.025424341227483015 0.011825631909759863 0.0017257464083134894 0.033340116664916923 0.010859414829894191 -0.0084792248215968102 0.32073905834083 0.038420106137178521 0.13847708040269707 -0.017131489903449308 0.12974326984130494 0.036996707471274912 0.0011632756611612823 0.028684616315272474 7.8796915065016215e-05
leaf_weight=1374.8861929932609 159.75974147859961 459.69255214277655 985.53859773883596 8.8284220257773978 1587.1244785785675 22.27630064683035 19.739228549879044 39.516724523156881 6.9695036709308615 370.34134853538126 383.64772907271981 17.302056294865906 3.0709435725584608 117.28877834882587 9.0788184907287377 5.6145198196172714 11.845344060100613 2232.76717712963 55.375918202102184 36.442455741111189 417.45728311315179 1.1093182796612371 9.9407857661135477 1.7181547759100784 16.43618524260819 7.3491546520963302 38.615882599726319 384.50360656389967 52.680801158305258 5668.9693975262344
leaf_count=23161 1620 7919 73219 73 64433 1262 856 972 126 3525 7261 142 62 1442 140 78 159 34182 257 1258 22436 58 489 19 760 79 998 20235 2395 202816
internal_value=-2.5302e-05 -0.000576384 -0.000326239 -0.000631218 -5.92233e-05 0.0241362 0.0347939 0.0279781 -0.00542194 0.00116855 -0.00114449 0.00423029 0.0132258 0.00877428 0.00532761 0.0636216 0.0389858 0.00284144 0.00869296 -0.000325122 0.000352268 0.00789991 0.0667621 0.00655899 0.0252553 0.0337094 0.0518256 0.00177413 -0.000257674 0.000342179
internal_weight=14505.9 9924.67 9764.91 9305.22 8312.71 90.3607 68.0844 59.256 992.508 4581.22 1922.73 547.848 164.2 146.898 138.213 8.68546 20.9242 2658.48 425.717 8222.35 6635.22 496.116 11.0501 485.065 98.8437 82.4075 45.965 386.222 6139.11 5721.65
internal_count=472432 402023 400403 392484 319139 3163 1901 1828 73345 70409 32445 9284 2023 1881 1741 140 299 37964 3782 315976 251543 23896 547 23349 3095 2335 1077 20254 227647 205211
is_linear=0
shrinkage=0.03


Tree=177
num_leaves=31
num_cat=0
split_feature=1 1 5 9 9 20 18 9 7 14 1 15 17 2 1 18 10 5 13 9 1 17 18 18 5 5 5 14 17 17
split_gain=10.3247 19.3065 14.0712 17.3543 19.2802 14.5828 18.0551 20.1324 13.3045 13.7584 13.1238 12.9597 11.4505 16.6961 22.8536 24.822 27.2129 27.816 41.1024 22.8677 22.3631 25.2647 22.0471 40.7708 57.3549 28.3661 33.7023 39.4591 90.1872 30.8015
threshold=6.9032198963399383 6.8512748664941823 131.63977291666669 1.5000000000000002 37.500000000000007 48.620622634887702 8755.5000000000018 25.500000000000004 4.4326192389206618 24.500000000000004 5.5242049376245435 39.500000000000007 0.017181112430989746 -0.37940952255126065 5.4731106533963034 9308.5000000000018 806.50000000000011 73.866875000000007 14942.388183593752 1.5000000000000002 3.401030687211537 0.14290695637464526 8755.5000000000018 8505.5000000000018 44.677524918831175 128.84162489957825 106.96885000000002 1.5000000000000002 0.020556487143039707 0.018740739673376087
decision_type=2 2 2 2 2 2 2 2 2 2 2 2 2 2 2 2 2 2 2 2 2 2 2 2 2 2 2 2 2 2
left_child=1 8 3 -2 -5 -4 -7 -8 9 12 -10 -6 -1 -14 15 22 17 18 -17 -18 -21 -22 23 -15 -25 26 -26 29 -29 -28
right_child=2 -3 5 4 11 6 7 -9 10 -11 -12 -13 13 14 -16 16 19 -19 -20 20 21 -23 -24 24 25 -27 27 28 -30 -31
leaf_value=-0.001863617378001039 0.094232861397749862 0.016748943045201654 -0.014593067932527438 -0.010106261109219396 0.091319829667816044 -0.021049149639126897 -0.0059710780037887752 0.090600357349166799 0.035231623796120395 -0.010685695437663845 0.0041965724862155999 0.0060587937963784639 -0.00062263771353639663 0.00040646843781690187 0.0070241180308769696 0.013840122011868745 -0.01797661933717706 0.0098083507813891239 0.10544498473516213 -0.0093758800527937846 0.0072887531078547263 0.031891147915891746 -0.0075934121090032941 0.07032662252392298 0.0066480699356167338 -0.013855309816283523 0.19238814557903583 -0.0078645523178185305 0.346761325694318 0.024926744449156039
leaf_weight=2422.3455463070422 2.1397703783586648 62.123059866018593 124.76378534547985 18.776056179776791 3.318865004926919 6.089639366604386 3.4927694369107485 4.3782651368528605 18.599483698606491 109.00384945049882 35.995657949708402 3.1061149630695581 6429.6704012770206 3884.5247403467074 628.58128814864904 8.7384781651198882 33.099503418896347 22.659022556152195 8.8962092907167953 51.754312770906836 177.5902547147125 47.645240696612746 296.46850765682757 16.89063754118979 34.922812148928642 29.556871447712183 1.0757838059216727 1.3112442865967744 1.2710841922089455 12.186461532954125
leaf_count=123669 64 738 4462 809 47 250 116 99 170 2592 845 65 201118 100152 12201 146 2439 1153 130 835 5801 635 10349 208 1239 1268 53 61 53 665
internal_value=-2.51963e-05 6.09632e-05 -0.00746257 0.0122081 0.00524351 -0.0113394 0.017738 0.0477468 -1.16721e-05 -6.84294e-05 0.0147696 0.0501009 1.35968e-05 0.000402689 0.00165669 0.000927775 0.00860448 0.0317978 0.0600522 0.00559069 0.00840692 0.012493 0.000299057 0.000886707 0.0200761 0.00950942 0.0231124 0.0594012 0.166691 0.0385106
internal_weight=14501 14334.9 166.065 27.3408 25.201 138.724 13.9607 7.87103 14272.8 14218.2 54.5951 6.42498 14109.2 11686.8 5257.17 4628.59 350.383 40.2937 17.6347 310.089 276.99 225.235 4278.21 3981.74 97.2149 80.3243 50.7674 15.8446 2.58233 13.2622
internal_count=472432 466520 5912 985 921 4927 465 215 465782 464767 1015 112 462175 338506 137388 125187 11139 1429 276 9710 7271 6436 114048 103699 3547 3339 2071 832 114 718
is_linear=0
shrinkage=0.03


Tree=178
num_leaves=31
num_cat=0
split_feature=0 9 8 17 6 5 5 17 21 6 5 6 18 0 18 13 3 11 20 13 3 21 0 14 6 18 5 5 19 0
split_gain=9.95354 15.4446 24.986 14.7561 14.6392 29.9209 56.139 30.5777 22.1856 20.0068 19.8335 35.405 19.6836 25.351 25.5352 34.8774 42.1904 23.7333 32.734 29.394 23.0115 38.3437 22.5934 19.3536 18.5118 18.0108 17.3856 43.6577 218.873 47.7294
threshold=8.3700000000000028 2.5000000000000004 163.50000000000003 0.013193211983889343 58.372396273751555 102.58994080996887 103.91350000000001 0.050039123743772514 1576.5000000000002 186.6198685303122 48.988886634844874 44.385651883297818 9467.5000000000018 25.001500000000004 9477.5000000000018 20583.484375000004 0.78656609248549303 42.500000000000007 36.061012268066413 36150.117187500007 0.1294095225512602 8487.5000000000018 20.737000000000005 1.0000000180025095e-35 146.5934760236874 9384.5000000000018 94.715614035087739 92.912905863988058 5.5000000000000009 316.98500000000007
decision_type=2 2 2 2 2 2 2 2 2 2 2 2 2 2 2 2 2 2 2 2 2 2 2 2 2 2 2 2 2 2
left_child=1 2 -1 -3 10 9 7 8 -7 26 11 12 17 -14 -15 16 -16 25 -19 -20 21 -21 -22 -12 -10 -2 27 -6 29 -29
right_child=4 3 -4 -5 5 6 -8 -9 24 -11 23 -13 13 14 15 -17 -18 18 19 20 22 -23 -24 -25 -26 -27 -28 28 -30 -31
leaf_value=-0.015509145026145959 -2.4467071917944644e-05 0.053237056338649884 0.07367382291524377 -0.0089996246122069374 -0.0061052275935198881 0.078867808495545283 -0.00031715209506214025 -0.0077841238246198043 0.0033941808285996838 0.044081215152344963 0.00027087756111610236 -0.012919312103532575 -0.0081175477146507181 0.072739231962152526 0.013553680588521327 -0.0062444329514596796 0.0710935801390251 0.039766570413734201 -0.00095887803385151472 0.1069336309156886 0.057761613057220711 -0.002381908116415179 -0.0077401030625499625 0.0074650098538736262 0.038412473374340263 -0.02808596078554846 -0.010212698397077641 -0.0062196102867133809 0.15725775709071144 0.08684558625376293
leaf_weight=5.8030337742529792 3154.1909551890567 3.4843836836516848 5.513636686373502 214.30949555989355 408.46092551620677 8.3624801132827979 8149.9708710338455 21.65843057539314 20.349929905496538 7.2243051873520008 581.26444474374875 175.74889331217855 40.577223107218742 7.6315777609124771 37.439739549532533 38.327533490024507 16.533420067280531 29.312236461788416 133.67581915017217 7.2715026373043639 6.803520368877801 4.7902691513299942 15.620968987233935 799.38809337373823 40.877503514289856 20.720337762497365 461.29250798234716 67.429164670407772 9.0248281019739789 5.3534549847245207
leaf_count=255 40538 91 56 3219 27835 67 313644 1239 858 126 22813 1649 619 70 386 501 174 231 1777 72 79 85 212 11427 972 273 36427 6231 258 248
internal_value=-2.50341e-05 -0.00622842 0.027942 -0.00800393 7.45686e-05 -0.00063871 -5.51574e-05 0.0233453 0.0330336 -0.00565462 0.00136906 0.000221025 0.000878431 0.0118801 0.02 0.0156395 0.0311797 0.000420052 0.0105112 0.00541177 0.0301057 0.0635195 0.0121329 0.00443623 0.0267736 -0.000207604 -0.00603222 -0.00209881 0.017905 0.00062571
internal_weight=14498.4 229.111 11.3167 217.794 14269.3 9200 8241.22 91.2483 69.5899 958.785 5069.3 3688.64 3512.9 140.509 99.9323 92.3007 53.9732 3372.39 197.474 168.162 34.4863 12.0618 22.4245 1380.65 61.2274 3174.91 951.561 490.268 81.8074 72.7826
internal_count=472432 3621 311 3310 468811 387905 316780 3136 1897 71125 80906 46666 45017 1750 1131 1061 560 43267 2456 2225 448 157 291 34240 1830 40811 70999 34572 6737 6479
is_linear=0
shrinkage=0.03


Tree=179
num_leaves=31
num_cat=0
split_feature=7 14 7 17 19 21 8 0 13 8 7 6 19 19 19 22 0 17 6 17 0 6 6 6 21 18 0 18 6 16
split_gain=10.3436 18.5249 14.1845 13.6699 13.4855 14.7757 12.4943 14.8039 12.3091 12.2413 17.3585 12.1788 12.1439 15.8363 11.9995 11.1658 23.9196 10.8829 17.0023 15.3553 17.2739 17.1601 14.78 17.3757 39.6628 42.9338 51.5933 27.7119 15.7787 14.3007
threshold=-1.0385214214712299 7.5000000000000009 -0.85325389439115884 0.0051786652766168126 163.50000000000003 1696.5000000000002 38.500000000000007 7.4425000000000017 43794.537109375007 43.500000000000007 -0.9093744376973758 33.95272669108568 55.500000000000007 89.500000000000014 2.5000000000000004 96484.000000000015 224.09500000000003 0.0078086180146783599 212.22418771571071 0.014803769532591106 6.2015000000000002 194.320360819797 201.89085824335965 106.93596284701005 8421.5000000000018 7939.5000000000009 93.506500000000017 8123.5000000000009 134.14452347908596 3.5000000000000004
decision_type=2 2 2 2 2 2 2 2 2 2 2 2 2 2 2 2 2 2 2 2 2 2 2 2 2 2 2 2 2 2
left_child=1 4 6 11 5 -1 -2 14 17 10 -9 -4 -11 -14 -8 -13 -17 18 22 20 -19 29 23 24 25 -5 27 -27 -25 -22
right_child=2 -3 3 8 -6 -7 7 9 -10 12 -12 15 13 -15 -16 16 -18 19 -20 -21 21 -23 -24 28 -26 26 -28 -29 -30 -31
leaf_value=-0.0072514703785352581 -0.017681189524417548 0.10283535423415292 0.0071663420670378883 -0.0099413702014995997 0.10076737306547577 0.0096231819839451577 0.036763713485737863 0.0026151288730461206 -0.0052575698629640987 -0.0059372275435279542 0.12519994613880586 -0.0086620578388269202 0.025787364230725151 -0.00066722529028195301 -0.014314075164699215 0.0049897997567016203 0.18428581449183903 0.083667992892772963 -0.02619602277184846 0.00052803059006305904 -0.0029475965518653098 -0.0088003097735447136 0.020418586259441089 -0.019489602129324903 0.0068048094320697161 0.42354290843743275 0.0057562207747499745 0.16922078967023427 0.0048783694519664933 0.0068547266026283121
leaf_weight=64.68545767525211 65.759931738954037 1.7722165677696455 56.290461054537445 1.4491154258139425 1.3290057070553292 167.96505440678447 4.3081089043989769 2.6337737049907446 363.68284182972275 123.20529534574598 1.71764167677611 307.23637364432216 31.308238493278623 58.267492515966296 105.7357720406726 3.3827273757196954 0.8349525462836026 2.0603630486875764 14.159219618421046 11686.675860934891 617.31302466057241 350.31509704841301 62.393206907436252 27.386868747416884 11.28960596770048 0.792017587926239 0.82428393326699723 0.75146307190880179 188.65897915838286 171.07058364106342
leaf_count=2038 3788 31 2417 135 16 6814 43 121 15477 2798 80 25210 247 743 1624 239 26 34 1160 339938 33290 15638 2405 2349 1048 40 50 68 8208 6357
internal_value=-2.49593e-05 0.00620763 -0.000128002 3.12746e-05 0.00547575 0.0049314 -0.00574883 -0.00335052 0.000186744 0.00119244 0.0510032 -0.00567555 0.000173801 0.0085791 -0.0123144 -0.00799653 0.0404841 0.000337485 0.00591292 0.000203741 -0.00311849 -0.00327552 0.0074617 0.00396435 0.0350696 0.118672 0.197385 0.299723 0.00178938 -0.0008206
internal_weight=14495.3 235.752 14259.5 13866.6 233.98 232.651 392.936 327.176 13498.8 217.132 4.35142 367.745 212.781 89.5757 110.044 311.454 4.21768 13135.1 307.705 12827.4 1140.76 1138.7 293.546 231.152 15.1065 3.81688 2.36776 1.54348 216.046 788.384
internal_count=472432 8899 463533 454089 8868 8852 9444 5656 426197 3989 201 27892 3788 990 1667 25475 265 410720 15463 395257 55319 55285 14303 11898 1341 293 158 108 10557 39647
is_linear=0
shrinkage=0.03


Tree=180
num_leaves=31
num_cat=0
split_feature=5 8 5 8 11 10 11 8 6 21 2 8 8 5 5 5 5 3 21 0 6 8 8 14 10 10 16 5 11 12
split_gain=9.87123 15.8831 15.263 17.0216 19.9464 12.9451 23.822 25.9745 12.5772 19.6167 10.1498 15.9935 19.0999 18.4264 34.0952 21.9206 21.7503 18.0995 23.6942 17.8004 16.5514 17.1513 57.5971 16.3388 16.2226 26.8926 15.4234 14.5541 14.3944 15.9779
threshold=353.90564182194623 6.5000000000000009 333.93928571428575 26.500000000000004 34.500000000000007 958.50000000000011 40.500000000000007 4.5000000000000009 690.40248557587267 6710.5000000000009 0.78656609248549325 185.50000000000003 121.00000000000001 164.62909090909093 131.63977291666669 266.37641865793785 128.17677765237022 1.0000000180025095e-35 6872.5000000000009 768.91500000000008 32.327576817491313 41.500000000000007 31.500000000000004 6.5000000000000009 888.50000000000011 802.50000000000011 3.5000000000000004 57.129780701754392 13.500000000000002 3.5000000000000004
decision_type=2 2 2 2 2 2 2 2 2 2 2 2 2 2 2 2 2 2 2 2 2 2 2 2 2 2 2 2 2 2
left_child=2 5 10 -4 -5 6 8 -8 -2 -10 -1 12 20 14 16 23 19 18 27 -13 21 22 -12 26 25 -18 -15 -14 29 -22
right_child=1 -3 3 4 -6 -7 7 -9 9 -11 11 13 17 15 -16 -17 24 -19 -20 -21 28 -23 -24 -25 -26 -27 -28 -29 -30 -31
leaf_value=-0.00028000916674116803 -0.0042280433604460019 -0.015079101513562546 -0.010936629575248276 -0.011442493386817952 0.043582997612926985 -0.022941136768826052 0.023746440232771882 0.14484023490379891 0.11682878651156264 -0.030601648856969286 0.013121259120981367 -3.6376058368638331e-05 0.048249522255544047 0.014082439509024465 -0.017446858241862876 -0.018429052248498643 0.023325319557243138 0.011268928989135497 0.075446438312146591 0.067638028559135338 0.0047429612912570735 -0.0096510931779545291 0.10933807208621316 -0.0097416191368915103 0.003465951079416542 0.15247247009988188 0.069234245610686779 -0.0099656261335132716 -0.0056826104957169912 0.044685293887394187
leaf_weight=12758.032026126748 26.535572846885774 93.8107147263363 13.24089764524251 7.9424472181126502 23.387853307649493 10.682985249441115 4.8756256978958836 2.3687334395945072 2.0106569328345354 1.3628004807978866 41.782475071027875 852.95445385063067 7.2317281737923649 155.57803125679493 103.31297872308642 23.883877767249942 3.5682017086073738 67.969955509062856 10.518547552637754 3.5124325137585393 55.662589926272631 16.211360045708716 6.4659100845456114 26.469624632969499 5.1933699292130768 2.4457897027023137 4.7014528680592766 8.3023205334320647 143.40658073499799 10.755145700648425
leaf_count=435702 580 3413 342 178 305 382 141 67 75 85 1068 14806 39 2587 3899 464 72 1113 124 61 526 170 70 782 191 75 57 88 4879 91
internal_value=-2.46836e-05 -0.00790549 5.30931e-05 0.0175813 0.0296337 0.00616251 0.0145309 0.0633412 0.00270838 0.0572702 -1.50966e-06 0.00229092 0.0077494 0.000589538 -0.00115531 0.00863305 0.000784502 0.0194179 0.0406783 0.000241162 0.00374951 0.0170455 0.0260156 0.0120941 0.0423066 0.0758473 0.0157002 0.0171359 -0.000335144 0.0112109
internal_weight=14494.2 141.647 14352.5 44.5712 31.3303 47.8364 37.1534 7.24436 29.909 3.37346 14308 1549.93 368.307 1181.62 970.987 210.633 867.674 94.0226 26.0526 856.467 274.284 64.4597 48.2484 186.749 11.2074 6.01399 160.279 15.534 209.824 66.4177
internal_count=472432 4743 467689 825 483 1330 948 208 740 160 466864 31162 8168 22994 19104 3890 15205 1364 251 14867 6804 1308 1138 3426 338 147 2644 127 5496 617
is_linear=0
shrinkage=0.03


Tree=181
num_leaves=31
num_cat=0
split_feature=18 15 10 10 6 19 12 16 16 21 1 18 19 9 6 8 8 6 22 2 14 7 2 6 21 22 7 14 18 18
split_gain=9.90013 20.8194 112.153 31.0514 24.1614 21.8813 25.1841 22.9112 19.0228 17.2944 17.2739 16.6865 18.8418 20.1718 24.1664 16.1971 45.8692 20.2246 15.7655 14.8719 25.8471 24.2863 21.7674 21.3057 22.5628 20.5044 21.2941 18.7516 25.8896 22.5193
threshold=2.5000000000000004 1.5000000000000002 4.5000000000000009 1.5000000000000002 305.38637327838245 126.50000000000001 1.5000000000000002 1.5000000000000002 1.0000000180025095e-35 95.500000000000014 5.4165224462553345 18.500000000000004 77.500000000000014 7.5000000000000009 314.63076465601802 43.500000000000007 39.500000000000007 32.327576817491313 725.00000000000011 -0.37940952255126065 22.500000000000004 -1.0385214214712299 -0.25881904510252113 36.744629843552012 4505.5000000000009 21051.500000000004 -0.6836433606845177 5.5000000000000009 18.500000000000004 3255.5000000000005
decision_type=2 2 2 2 2 2 2 2 2 2 2 2 2 2 2 2 2 2 2 2 2 2 2 2 2 2 2 2 2 2
left_child=10 2 3 4 15 7 -7 18 -3 -10 -1 12 13 -6 -15 16 -2 -17 -5 21 22 23 25 24 -11 -21 -27 28 -23 -29
right_child=1 8 -4 5 11 6 -8 -9 9 19 -12 -13 -14 14 -16 17 -18 -19 -20 20 -22 27 -24 -25 -26 26 -28 29 -30 -31
leaf_value=-0.0067474341203720362 0.0047923841214857297 -0.0013912331508884816 0.049736635445310894 0.019665297274971103 0.057788924252020583 0.0041182568300923749 0.044527374399264824 -0.0098549891560348185 -0.01101970139718279 0.13443002448110666 0.020932735526681828 -0.013022797814049619 0.076395977823579167 0.033459736558564594 -0.0099084130254434369 -0.021146604908359307 0.093254145159090834 -0.0018447920411556625 -0.0030896920105770958 0.023487015688812944 -0.018299559243906621 0.079261750780962523 0.0019920873322844222 0.0030733705980266618 0.027696623645540697 0.036641482846362754 0.004744360345936771 -0.012681882737692997 0.00068904020332763362 -0.0010355671303836377
leaf_weight=326.10345592256635 81.326473602093756 6571.3194742724299 46.042770585045218 96.967017248272896 9.3458394780755025 23.686794621869922 33.528885044157505 54.180868731811643 107.42111771553755 3.2095565879717451 21.636838562786579 14.56659368611872 5.3656809367239466 20.941392064094543 25.82510250993073 52.248172380030155 5.6412963755428782 752.75825854204595 38.197692586109042 75.899526909459382 50.718457663431764 3.7789815701544276 2008.8137929099612 7.5520248245447874 4.0090818740427494 19.874271863140166 360.71560627548024 217.62788458634168 2976.0198732675053 476.78536881320179
leaf_count=4675 1395 262713 287 649 77 314 222 368 1282 55 108 245 37 160 292 883 57 9199 239 2484 1081 24 56287 180 104 292 10936 8992 99124 9671
internal_value=-2.43313e-05 9.86139e-05 0.00377814 0.00203593 -0.00038493 0.0115404 0.0277984 0.00662764 -0.000261413 0.000914745 -0.00502514 0.0158474 0.022688 0.0175522 0.00951125 -0.00176881 0.0105306 -0.00309756 0.0132347 0.00112135 0.00289976 -9.15807e-05 0.00333589 0.0382995 0.0751525 0.00924937 0.00641002 -0.000245916 0.000788686 -0.0046855
internal_weight=14492.1 14144.4 1260.62 1214.58 968.019 246.561 57.2157 189.346 12883.7 6312.43 347.74 76.0446 61.478 56.1123 46.7665 891.974 86.9678 805.006 135.165 6205 2516.02 3688.98 2465.3 14.7707 7.21864 456.489 380.59 3674.21 2979.8 694.413
internal_count=472432 467649 14424 14137 12345 1792 536 1256 453225 190512 4783 811 566 529 452 11534 1452 10082 888 189230 71080 118150 69999 339 159 13712 11228 117811 99148 18663
is_linear=0
shrinkage=0.03


Tree=182
num_leaves=31
num_cat=0
split_feature=0 0 0 6 18 17 19 19 7 17 17 6 14 8 5 22 18 7 0 7 5 5 5 21 21 5 7 22 6 2
split_gain=9.84074 18.4632 54.2212 23.2649 24.8278 41.9953 15.3056 33.5907 33.3473 31.9359 18.4163 15.9867 22.2908 14.9849 28.6425 14.9787 21.3305 20.9261 20.4681 15.2348 21.5778 28.1014 18.9362 14.8969 24.632 18.3133 17.8177 14.4572 16.8801 13.7886
threshold=994.47500000000014 440.99500000000006 454.97500000000008 458.29373749271912 8344.5000000000018 0.016113890334963802 47.500000000000007 38.500000000000007 1.2863883124071303 0.026432816870510582 0.035455202683806426 162.03848440571736 3.5000000000000004 63.500000000000007 310.87402298850583 584032.50000000012 9308.5000000000018 1.8703577223255718 500.11500000000007 1.6697278309618635 217.6693503937008 231.93064604651164 151.13613970588236 3892.5000000000005 8216.5000000000018 240.48751895842852 0.84472927220077798 55100.500000000007 433.60969280215306 -0.98296291314453399
decision_type=2 2 2 2 2 2 2 2 2 2 2 2 2 2 2 2 2 2 2 2 2 2 2 2 2 2 2 2 2 2
left_child=1 -1 23 4 6 -6 7 11 9 -9 -11 12 -4 -13 27 16 18 -17 -7 -20 22 -22 -21 25 -25 26 -3 28 -15 -26
right_child=-2 2 3 -5 5 15 -8 8 -10 10 -12 13 -14 14 -16 17 -18 -19 19 20 21 -23 -24 24 29 -27 -28 -29 -30 -31
leaf_value=-0.00020903131258171543 -0.0073119193362363938 0.094029554583180852 0.0077378255791802891 -0.021116608255988444 -0.014055487211426439 0.046824411040674654 -0.018338180952696386 0.14460601832637074 -0.012378884903307899 -0.021124873482100882 0.08599610628833762 -0.021283121104574237 0.11313504622706194 -0.00017411823549991584 0.033524721241332031 0.020130541385863111 -0.00064681188245491194 0.08544559571822978 0.0023651683326578331 0.032179559892715669 0.098369008996668866 0.026430857412566868 -0.014340994807280209 -0.00025070335313372106 0.072381072532796673 0.0013948825410355764 0.036175894703756317 -0.01493249902744005 0.070217407394669876 0.023252119485678322
leaf_weight=13481.002109327354 164.84739355836064 6.5329212807118919 58.773619138635695 41.092385269701481 57.224128971807659 20.814946801401675 50.408797889947891 3.8086275607347471 6.141041111201047 2.8742455933243036 2.9036138467490673 47.860116465948522 1.8632166329771269 83.251578774303198 17.982362281531096 15.931983694434168 73.883707674220204 6.1069474667310706 50.587651984766126 15.562333265319468 6.7326414845883873 17.828443573787808 15.941923496313391 51.030904898419976 5.5939251491799942 8.9187953900545818 17.969275718554854 86.446008283644915 3.1832742039114228 63.567896684631705
leaf_count=448745 5912 58 1723 933 1796 292 960 46 136 63 40 1425 44 2041 127 150 1148 34 797 442 54 137 324 1212 95 124 189 2239 55 1091
internal_value=-2.39098e-05 5.99769e-05 0.00437304 0.00077118 0.00216323 0.00887479 -0.00298965 -0.000534139 0.0422007 0.077164 0.0327079 -0.0027793 0.0109764 -0.00627332 -0.00250952 0.0147486 0.0121786 0.0382292 0.0196125 0.0143017 0.025072 0.0461504 0.00863902 0.0204863 0.0155599 0.038203 0.0516012 -0.00625766 0.0024183 0.0272258
internal_weight=14486.7 14321.8 840.817 687.204 646.111 280.615 365.497 315.088 15.7275 9.58649 5.77786 299.36 60.6368 238.723 190.863 223.391 201.352 22.0389 127.468 106.653 56.0653 24.5611 31.5043 153.614 120.193 33.421 24.5022 172.881 86.4349 69.1618
internal_count=472432 466520 17775 15006 14073 5174 8899 7939 285 149 103 7654 1767 5887 4462 3378 3194 184 2046 1754 957 191 766 2769 2398 371 247 4335 2096 1186
is_linear=0
shrinkage=0.03


Tree=183
num_leaves=31
num_cat=0
split_feature=5 18 11 3 1 1 11 17 22 19 2 6 5 5 5 5 17 21 11 12 11 6 22 22 6 8 8 22 6 5
split_gain=9.67152 18.1957 16.5908 27.833 32.9692 51.6228 20.4677 14.6198 15.5435 14.3958 13.1806 13.1542 38.7279 18.1137 25.0454 50.8706 28.8489 20.6926 25.3756 25.5754 18.2893 18.1175 16.7311 36.0363 55.068 39.7383 50.6304 33.995 30.8511 23.6848
threshold=32.515324423541337 4011.5000000000005 33.500000000000007 0.37940952255126048 2.688187514199019 3.1770741472371609 14.500000000000002 0.22246482223272326 8510.5000000000018 3.5000000000000004 0.98296291314453421 45.748518406342633 49.9330424528302 71.17058333333334 102.58994080996887 103.91350000000001 0.050039123743772514 8102.5000000000009 17.500000000000004 76.500000000000014 37.500000000000007 186.6198685303122 14059.000000000002 17753.000000000004 127.13926306166469 40.500000000000007 42.500000000000007 14509.000000000002 47.746429166681615 110.20941672648961
decision_type=2 2 2 2 2 2 2 2 2 2 2 2 2 2 2 2 2 2 2 2 2 2 2 2 2 2 2 2 2 2
left_child=1 9 3 -3 -5 -6 -7 10 -9 -1 -4 -2 -13 -14 21 16 17 18 -16 -20 -21 -15 -17 24 25 27 -27 -24 -25 -28
right_child=11 2 7 4 5 6 -8 8 -10 -11 -12 12 13 14 15 22 -18 -19 19 20 -22 -23 23 28 -26 26 29 -29 -30 -31
leaf_value=0.0017362534499566877 0.0014340054589535487 -0.011287684160073631 -0.014614668776139405 -0.031555414237314464 0.20214629703584852 -0.020650862346640281 0.095278161487638277 -0.030495556482942998 0.041138364017706999 -0.021520562755105766 0.070134041032180447 -0.015338485706353659 0.0054949288078212843 -0.005480757500727745 -0.0292604437123581 -0.0030470043093824397 -0.0080798857497062539 0.011542046543599178 0.088195373599331148 0.065287890233965196 0.014830597858197918 0.041470366112386428 0.078732060896709546 0.12075676045404465 0.0022749533043574196 0.12090426596002334 0.070734822571578274 -0.002902455351610832 -0.00014804450942795133 0.020324893074044257
leaf_weight=34.430171555839479 4388.2614810471423 8.7553119929507393 45.414658810012043 2.619810468517243 2.5623498065397126 2.6613162215799093 2.8262350428849459 3.6509553380310527 10.762724285945295 78.725316094234586 1.7139535695314396 156.62446035631001 462.22234252421185 973.21805588761345 3.8181011080741873 1609.5087500149384 21.944173500873148 28.626502649392933 11.996820267289875 10.942759133875372 15.801347458269445 7.4535314962267867 5.3273945194669059 1.9000118076801289 205.47005095984787 7.5070073567330828 12.132312069647012 33.214454157743603 6306.84437346505 27.183314541820437
leaf_count=1185 65273 192 1355 60 49 52 54 250 410 1509 20 1620 7919 73219 53 65601 1262 1073 129 182 464 126 144 19 8799 75 210 1165 239173 790
internal_value=-2.35953e-05 -0.0066748 0.0041832 0.0283548 0.0608845 0.0909688 0.0390557 -0.00344626 0.0229936 -0.0144441 -0.0115326 6.67581e-05 -0.00053918 -0.000301324 -0.000589936 -5.43761e-05 0.0219932 0.0312637 0.0445292 0.0518015 0.035476 -0.00512391 -0.000304499 0.000364344 0.0106891 0.0309419 0.0495125 0.00838136 -0.000111631 0.0358808
internal_weight=14484.1 194.123 80.9673 19.425 10.6697 8.0499 5.48755 61.5423 14.4137 113.155 47.1286 14290 9901.74 9745.11 9282.89 8302.22 93.1297 71.1855 42.559 38.7409 26.7441 980.672 8209.09 6599.58 290.835 85.3645 46.8226 38.5418 6308.74 39.3156
internal_count=472432 5136 2442 407 215 155 106 2035 660 2694 1375 467296 402023 400403 392484 319139 3163 1901 828 775 646 73345 315976 250375 11183 2384 1075 1309 239192 1000
is_linear=0
shrinkage=0.03


Tree=184
num_leaves=31
num_cat=0
split_feature=13 0 0 17 5 0 8 8 20 5 8 5 22 17 22 13 17 0 0 0 0 9 18 6 11 10 6 2 10 5
split_gain=9.79565 9.81741 50.6059 21.0376 19.86 21.9152 19.8205 30.2895 24.9253 24.4305 20.9064 33.1663 32.1869 23.2817 53.3906 18.0728 17.916 17.2248 46.8168 32.1575 30.2565 28.5725 35.8637 24.2847 20.9823 63.1262 56.0284 38.0291 26.4614 25.448
threshold=106449.06640625001 58.955000000000005 57.008500000000005 0.32071428000926977 51.077455083965965 57.955000000000005 421.50000000000006 315.50000000000006 43.426305770874031 41.071173769022032 249.50000000000003 41.071173769022032 82923.500000000015 0.0075618266128003606 8098.5000000000009 27220.920898437504 0.0063338105101138362 97.005500000000012 108.95500000000001 96.823000000000022 107.01000000000001 7.5000000000000009 1979.5000000000002 572.98417971754645 25.500000000000004 134.50000000000003 185.01971730504098 0.60355339059327384 94.500000000000014 117.34893873807779
decision_type=2 2 2 2 2 2 2 2 2 2 2 2 2 2 2 2 2 2 2 2 2 2 2 2 2 2 2 2 2 2
left_child=1 2 3 6 5 -4 7 10 9 -9 -1 12 -12 14 -13 -11 -8 19 20 -3 21 22 23 -19 25 27 29 -24 -29 -27
right_child=-2 17 4 -5 -6 -7 16 8 -10 15 11 13 -14 -15 -16 -17 -18 18 -20 -21 -22 -23 24 -25 -26 26 -28 28 -30 -31
leaf_value=0.0027449706671184792 -0.017449112258320978 0.0021506253632004738 -0.022324269009376358 -0.0070467553151498732 -0.017635650722031073 0.022556394479382836 -0.013448051581034338 -0.01016358031110208 -0.0019200753028938875 0.022526647080632567 -0.0095630128160598248 0.21084784421103517 0.067159590133350419 -0.014303071613411994 -0.030327949688048986 0.0853673723672497 -0.00068486595878253622 -0.012513505091248101 0.00099961920126688183 0.019190018278278317 -0.013214027441693534 -0.006997857794805707 0.010381173109313795 0.097829717318067944 0.0029119580789002163 0.15103163207807324 0.30914124693270667 0.028929489258476951 0.12174403295950399 -0.031057339342387358
leaf_weight=1181.606687169522 28.975115860346705 2070.1710062241182 16.022539328783751 391.6599624203518 214.59025995293632 25.18103464692831 101.73401077277958 21.160118095576763 68.371012148447335 130.5215054624714 9.892631087452175 1.3595744250342243 9.7928765490651113 159.05370511999354 2.1054256241768599 4.2531616603955618 3662.1641112975776 79.460778747685254 5279.5659791645594 104.72466332372278 348.65784339839593 414.37530684564263 65.887113035656512 1.836572597734629 72.707393396645784 1.4848601920530193 1.2359503200277684 6.2196219488978368 4.9765563756227493 1.2916368562728164
leaf_count=43830 1862 71561 329 15022 21439 255 10172 231 2563 2166 123 55 91 5506 249 136 98073 3714 145878 3708 24271 14798 1285 75 4722 68 65 76 51 58
internal_value=-2.34077e-05 1.15293e-05 -0.000916568 -0.000335114 -0.0139727 0.00510397 0.000156044 0.00296664 0.0131827 0.0198046 0.0012864 -0.0081725 0.0286039 -0.0126271 0.0643031 0.0245097 -0.00102984 0.000670273 -0.000126844 0.0029711 -0.0060852 -0.00225823 0.00609557 -0.0100208 0.0146143 0.0251063 0.141118 0.0190675 0.0701844 0.0663232
internal_weight=14481 14452.1 5999.47 5743.67 255.794 41.2036 5352.01 1588.12 224.306 155.935 1363.81 182.204 19.6855 162.519 3.465 134.775 3763.9 8452.6 6277.7 2174.9 998.134 649.476 235.1 81.2974 153.803 81.0957 4.01245 77.0833 11.1962 2.7765
internal_count=472432 470570 200240 178217 22023 584 163195 54950 5096 2533 49854 6024 214 5810 304 2302 108245 270330 195061 75269 49183 24912 10114 3789 6325 1603 191 1412 127 126
is_linear=0
shrinkage=0.03


Tree=185
num_leaves=31
num_cat=0
split_feature=0 0 17 7 14 6 5 20 11 22 11 16 22 18 11 18 10 0 7 17 3 22 3 7 0 10 0 5 5 18
split_gain=9.36028 17.5248 13.3947 12.1596 12.6799 12.5831 10.9276 12.4512 13.718 12.0037 11.6577 10.8038 27.0353 24.7509 26.2789 18.9202 19.3139 27.2399 33.333 30.5992 23.0642 24.6828 20.0859 19.5875 17.0687 21.0589 31.1174 23.5677 20.8295 18.2837
threshold=994.47500000000014 944.08500000000015 0.017380694858729843 4.4326192389206618 24.500000000000004 36.173965711446563 115.99097222222224 48.045017242431648 40.500000000000007 52179.000000000007 38.500000000000007 1.5000000000000002 4646.5000000000009 3385.5000000000005 42.500000000000007 3785.5000000000005 114.50000000000001 19.807500000000005 0.39996338849516716 0.03178303316235543 0.37940952255126048 164283.00000000003 -0.12940952255126037 -1.0000000180025095e-35 279.97500000000008 810.50000000000011 300.25000000000006 262.10847955886487 291.33348056365406 2182.5000000000005
decision_type=2 2 2 2 2 2 2 2 2 2 2 2 2 2 2 2 2 2 2 2 2 2 2 2 2 2 2 2 2 2
left_child=1 3 6 4 11 -5 9 -8 -9 -2 -11 12 -1 14 -13 16 22 -18 19 20 21 -19 -15 -22 -14 27 -27 -26 29 -28
right_child=2 -3 -4 5 -6 -7 7 8 -10 10 -12 13 24 15 -16 -17 17 18 -20 -21 23 -23 -24 -25 25 26 28 -29 -30 -31
leaf_value=0.0026528390829372458 0.1008552306935912 0.015917160648310703 -0.011464521536565606 0.03713518895491514 -0.010339678922512635 0.0051651562179330949 -0.014005856461211264 0.089869772545054863 -0.008274599757748852 0.063106554028369552 -0.008797003640362587 -0.002606428990974091 -0.0017978728360601649 0.031381765746286421 0.032933811100375424 0.0024060438500665493 0.069064342792842251 0.037290845646817429 0.048212850977285081 -0.017193099154609603 -0.015920629494231561 0.16122141050589028 -0.0049184044931329836 0.091160134868475615 0.014672280475969461 0.017688671458685506 0.05713794651539382 -0.0079806988248068127 0.0090303475131545442 -0.0042385460421618618
leaf_weight=1980.3517841892317 2.0218068566173306 62.4378911992535 130.79551746603101 15.331474743783472 107.30215666815639 39.957275909371674 17.378885359503332 2.4814035603776565 2.651199309155345 3.348256476223467 5.151801249012351 1242.8815443105996 7120.3295954305213 17.544291442260146 19.010817220434546 2418.0634396565147 10.461862601339815 4.3703630296513465 20.73200142942369 27.569090526551008 7.7470603017136463 2.1618324220180511 62.916694685816765 1.918091951403764 195.50373573694378 81.585510731674731 4.396255148574709 52.41627598926425 135.24017646163702 684.62576618604362
leaf_count=47182 64 738 4779 154 2592 861 674 90 102 58 145 29669 277364 201 570 77416 112 184 284 705 344 29 698 45 2578 2453 106 658 2223 19354
internal_value=-2.34138e-05 5.81886e-05 -0.00715358 -1.12874e-05 -6.59707e-05 0.0140304 0.00991561 -0.00188084 0.0391742 0.0351541 0.0195265 1.22695e-05 -0.000495779 0.00137061 -0.002071 0.00305819 0.0132044 0.024161 0.0168775 0.00203411 0.0347602 0.0783057 0.00299675 0.00533002 -0.00124938 0.00213557 1.52125e-05 0.00988289 -0.00173411 -0.00384694
internal_weight=14478.7 14314.9 163.829 14252.4 14197.1 55.2888 33.0334 22.5115 5.1326 10.5219 8.50006 14089.8 10254.4 3835.38 1261.89 2573.48 155.421 74.9603 64.4984 43.7664 16.1973 6.5322 80.461 9.66515 8274.1 1153.77 905.848 247.92 824.262 689.022
internal_count=472432 466520 5912 465782 464767 1015 1133 866 192 267 203 462175 351918 110257 30239 80018 2602 1703 1591 1307 602 213 899 389 304736 27372 24136 3236 21683 19460
is_linear=0
shrinkage=0.03


Tree=186
num_leaves=31
num_cat=0
split_feature=13 0 11 6 0 0 0 18 10 18 10 10 3 19 0 3 9 19 0 0 18 18 0 0 17 18 18 6 20 11
split_gain=9.40234 11.9563 11.4844 25.9438 10.1901 36.134 34.9125 28.3799 25.5288 23.9668 22.56 21.9367 53.9562 17.943 15.7101 27.472 24.6241 26.9267 15.5493 24.0917 33.1076 28.4672 26.9458 20.0988 24.4851 24.7841 57.7802 36.5968 35.5573 31.617
threshold=54560.964843750007 15.950500000000002 42.500000000000007 395.77295757026781 26.404000000000003 26.822000000000006 19.807500000000005 14.500000000000002 1.0000000180025095e-35 23.500000000000004 2.5000000000000004 971.50000000000011 -0.12940952255126037 357.50000000000006 18.306500000000003 0.25881904510252057 49.500000000000007 63.500000000000007 27.623000000000001 29.001000000000001 9605.5000000000018 9626.5000000000018 27.987000000000005 28.604000000000003 0.010827365331351759 8419.5000000000018 8770.5000000000018 91.654153122780272 46.01629829406739 42.500000000000007
decision_type=2 2 2 2 2 2 2 2 2 2 2 2 2 2 2 2 2 2 2 2 2 2 2 2 2 2 2 2 2 2
left_child=4 -2 3 -3 6 7 8 -6 -1 10 -8 -9 -13 14 -10 16 -16 -18 -7 20 23 -22 -23 -20 -25 27 28 29 -27 -26
right_child=1 2 -4 -5 5 18 9 11 13 -11 -12 12 -14 -15 15 -17 17 -19 19 -21 21 22 -24 24 25 26 -28 -29 -30 -31
leaf_value=-0.0097276892011487742 0.035929137104204624 -0.0042820064097690595 -0.017039552809425835 0.092654669123806044 0.06051924045746037 -0.014080717439926246 -0.0016184329901959079 0.00035035857770488637 0.0025867924797413713 -0.0088665955795775922 0.025106624928143015 0.15759250907101385 -0.011073379572589869 -0.015823528313764438 -0.0040314060983919703 0.0019838921817644213 0.076905340270387743 0.021299388329139232 -0.0036812440086004322 0.00016190714875393683 0.16310462973961024 0.13599775097330663 0.019342094707512927 -0.016801286001173893 0.026680662904387299 0.2154694787156696 0.019883652313376066 -0.0027810376076062818 0.067340865082954254 0.12201562521331574
leaf_weight=161.99290812388062 5.104345239698886 23.437529632821683 75.800785837229341 2.7795330518856636 14.763328373432158 67.505294776987284 189.8302875328809 30.37980995606631 969.21637255791575 720.00294609600678 33.434885360300541 2.9255063855089247 4.0982416509650639 43.723054641857743 11.697647353168575 61.941610235255212 14.539501534774901 17.003329964354634 97.393052348401397 11775.11098727677 1.827470190823077 2.1021763244643781 11.702494666446 19.736310142092407 32.599735918454826 2.4198509883135584 18.816894676536322 56.98507628031075 3.6709685367532074 3.4634480304084709
leaf_count=2863 88 1172 4148 46 124 1982 2471 575 15664 25041 252 42 110 1065 275 896 120 171 1672 404843 59 42 684 1751 893 96 1134 3809 241 103
internal_value=-2.31207e-05 -0.00887808 -0.01112 0.00599522 4.28943e-05 0.000384716 -0.00182435 0.0252989 0.00140264 -0.00620371 0.00238376 0.0113973 0.0591787 0.0030152 0.00378185 0.0147939 0.0331441 0.0469307 0.000277243 0.00035784 0.00955995 0.0518362 0.0371064 0.00674876 0.0141262 0.0193009 0.0458797 0.0121861 0.126192 0.0358365
internal_weight=14476 107.122 102.018 26.2171 14368.9 12145.5 2223.38 52.1669 1280.11 943.268 223.265 37.4036 7.02375 1118.12 1074.4 105.182 43.2405 31.5428 12093.3 12025.8 250.717 15.6321 13.8047 235.085 137.692 117.956 24.9077 93.0483 6.09082 36.0632
internal_count=472432 5454 5366 1218 466978 418160 48818 851 21054 27764 2723 727 152 18191 17126 1462 566 291 417309 415327 10484 785 726 9699 8027 6276 1471 4805 337 996
is_linear=0
shrinkage=0.03


Tree=187
num_leaves=31
num_cat=0
split_feature=5 8 5 8 10 17 10 15 8 6 22 19 21 8 13 2 5 8 8 6 6 5 6 5 6 6 6 9 8 17
split_gain=9.35302 15.0171 14.0423 15.7819 18.2401 13.8048 12.1927 20.7885 19.6885 11.2899 22.4186 10.5798 25.4549 27.9326 19.4634 51.6358 22.1964 18.1783 37.1717 68.4376 110.29 160.128 143.215 55.2599 105.715 20.3522 40.2445 25.7709 21.3973 33.1105
threshold=353.90564182194623 6.5000000000000009 333.93928571428575 26.500000000000004 819.50000000000011 0.15687003731727603 958.50000000000011 40.500000000000007 4.5000000000000009 690.40248557587267 6603.5000000000009 1.5000000000000002 8187.5000000000009 7.5000000000000009 12179.974609375002 -1.0000000180025095e-35 138.2116666666667 42.500000000000007 29.500000000000004 50.260408874353324 44.385651883297818 71.17058333333334 46.092055613603797 69.605000000000004 35.030968572923697 186.6198685303122 193.28160263649175 3.5000000000000004 40.500000000000007 0.32071428000926977
decision_type=2 2 2 2 2 2 2 2 2 2 2 2 2 2 2 2 2 2 2 2 2 2 2 2 2 2 2 2 2 2
left_child=2 6 11 -4 -5 -6 7 9 -9 -2 -11 12 17 14 15 16 -14 18 -1 20 23 22 -22 -20 -25 28 -27 -28 -21 -30
right_child=1 -3 3 4 5 -7 -8 8 -10 10 -12 -13 13 -15 -16 -17 -18 -19 19 25 21 -23 -24 24 -26 26 27 -29 29 -31
leaf_value=-0.00018542315323561977 -0.0041704021921737666 -0.014802726294005118 -0.010751810821182877 -0.0063517001469834307 0.029247760450003588 0.083346501428949157 -0.022765771163415962 0.022577217833565043 0.12334117548545137 0.12087121403214406 -0.030937826256272838 0.00023579577365886566 0.10709011413456654 -0.019503749937154702 -0.0023603096103209311 0.0086319144479370929 0.32625969381648678 -0.0071713973490423509 -0.020081662394516191 -0.022011729715643316 0.56596717772125871 -0.030528267885043502 0.11738830114195709 0.20965812755114779 -0.022670561785365747 0.11220619103254008 -0.026513101912961544 0.10151019164154138 0.0081538084928356683 0.22203843834903939
leaf_weight=560.20045978436247 26.46704115904868 92.403294818941504 13.141765835694967 9.4949486176483351 16.216233357787136 5.7506287787109605 10.477091886103151 4.9754629684612146 2.6880648285150528 1.954576191492378 1.585823180619627 13188.993118657265 1.0907051921822128 146.17449906351976 60.017787777818739 6.8626682474277896 0.67216926161199797 264.02005123673007 8.0372422020882386 24.299153027124706 1.3572373623028391 1.5665983129292724 1.213048330042511 3.5712214382365337 3.480649683624506 4.0556233450770369 7.2640897645615023 1.7575063006952403 3.0450452165678139 0.82867284957319487
leaf_count=26198 580 3413 342 198 183 102 382 141 67 70 90 403440 90 12392 3803 391 36 16974 364 1820 64 103 59 87 174 64 506 65 186 48
internal_value=-2.29596e-05 -0.0077242 5.25592e-05 0.0168591 0.0283923 0.0434101 0.00586055 0.0138221 0.0579213 0.00255976 0.0528726 9.52474e-08 -0.0028272 -0.0120906 0.00369567 0.045834 0.190658 -0.000577916 0.00222678 0.0245715 0.0713175 0.208544 0.35426 0.0336949 0.0949858 0.00278392 0.0337134 -0.00157275 -0.0115729 0.0539084
internal_weight=14473.7 140.551 14333.1 44.6036 31.4618 21.9669 48.1481 37.671 7.66353 30.0074 3.5404 14288.5 1099.51 214.818 68.6433 8.62554 1.76287 884.697 620.677 60.4761 19.226 4.13688 2.57029 15.0891 7.05187 41.2501 13.0772 9.0216 28.1729 3.87372
internal_count=472432 4743 467689 825 483 285 1330 948 208 740 160 466864 63424 16712 4320 517 126 46712 29738 3540 851 226 123 625 261 2689 635 571 2054 234
is_linear=0
shrinkage=0.03


Tree=188
num_leaves=31
num_cat=0
split_feature=18 18 10 6 11 19 16 19 7 10 10 11 6 22 19 2 19 10 22 22 20 0 7 7 16 10 19 9 6 6
split_gain=9.28646 19.4595 34.1225 33.1847 32.6887 19.6226 18.315 17.7541 19.1375 18.3282 19.4966 20.9669 35.3134 55.3501 43.2616 28.0086 20.334 28.7148 34.449 32.3367 30.5653 18.6651 18.5903 17.7188 17.2607 16.9529 16.7388 20.732 30.007 16.3889
threshold=2.5000000000000004 23.500000000000004 2.5000000000000004 305.38637327838245 1.5000000000000002 2.5000000000000004 1.5000000000000002 321.50000000000006 -0.66289294356743433 819.50000000000011 175.50000000000003 14.500000000000002 35.030968572923697 46452.500000000007 214.50000000000003 -0.37940952255126065 5.5000000000000009 327.50000000000006 28533.500000000004 2293.0000000000005 43.593669891357429 224.09500000000003 -0.062911860949691881 -0.52957771348526894 4.5000000000000009 4.5000000000000009 81.500000000000014 7.5000000000000009 314.63076465601802 395.77295757026781
decision_type=2 2 2 2 2 2 2 2 2 2 2 2 2 2 2 2 2 2 2 2 2 2 2 2 2 2 2 2 2 2
left_child=-1 2 3 24 25 -6 -3 8 -8 10 11 -10 13 -13 15 -15 17 19 -19 -12 -20 -18 -21 -14 -2 -4 27 -5 -29 -11
right_child=1 6 4 26 5 -7 7 -9 9 29 16 12 23 14 -16 -17 21 18 20 22 -22 -23 -24 -25 -26 -27 -28 28 -30 -31
leaf_value=-0.0048796418583361562 0.0011005541159871538 -0.00093587844652820548 0.019237867489884635 0.052188615635753915 -0.030154841215902225 0.0084455967920807895 0.011512146696289421 -0.0083908638726141703 -0.0023419795573071099 0.0026238832416015053 -0.0079936130173091698 -0.015267198942692529 -0.017995790797761809 0.064518085889028048 -0.0017639323238975162 0.16581200230822538 -0.011598511835399004 -0.016245898983369467 0.18681275709262066 0.13974779055954228 0.025347991189405835 0.0076462359134037254 0.050372284738357663 0.0083171076445295641 -0.01417972671937103 0.046405826059708666 0.068032703772197015 0.032721818748898797 -0.0087815829491078041 0.016567702835305773
leaf_weight=345.91751628555357 844.67109683342278 9390.9511456473265 67.610509572550654 12.002528596669434 13.855709082446991 81.987898303195834 181.92804078944027 153.29964914731681 426.8115612231195 2032.8537039160728 6.2900380440987638 8.5509821977466363 26.303289086557925 4.8692426942288867 3.9654240496456614 4.9587164483964434 330.89848274178803 31.013958054594696 1.371250991243868 3.1175165679305792 4.5773489470593631 52.56229979172349 6.3832031060010177 185.21527931978926 72.222137259319425 29.775010477751493 6.0085830111056557 27.679791610687971 36.159588681533933 78.803695020265877
leaf_count=4783 9598 345995 413 98 221 684 3157 3067 6000 72658 229 141 645 58 69 60 13883 1431 55 116 161 1547 84 3719 1148 184 44 218 394 1572
internal_value=-2.33268e-05 9.55888e-05 0.00376344 0.00153081 0.0153033 0.00286529 -0.000242415 0.00159525 0.00204677 0.00151008 -0.00163591 0.00161403 0.00883394 0.0447014 0.081878 0.115626 -0.00655815 0.0109048 -0.00356187 0.0447681 0.0625683 -0.00896057 0.0796995 0.00504498 -0.000103048 0.0275443 0.0198334 0.0160148 0.00921367 0.00314424
internal_weight=14472.6 14126.7 1191.97 998.744 193.229 95.8436 12934.7 3543.77 3390.47 3208.55 1096.89 660.674 233.863 22.3444 13.7934 9.82796 436.214 52.7533 36.9626 15.7908 5.9486 383.461 9.50072 211.519 916.893 97.3855 81.8505 75.8419 63.8394 2111.66
internal_count=472432 467649 13002 11500 1502 905 454647 108652 105585 102428 28198 10692 4692 328 187 118 17506 2076 1647 429 216 15430 200 4364 10746 597 754 710 612 74230
is_linear=0
shrinkage=0.03


Tree=189
num_leaves=31
num_cat=0
split_feature=0 9 8 17 0 0 0 22 12 11 2 12 3 10 6 2 20 10 21 5 17 0 11 4 6 3 22 0 0 0
split_gain=9.36561 13.7722 21.6659 12.6324 12.5936 39.3719 33.1316 25.5201 22.9439 26.7656 25.0684 22.4853 20.0553 47.132 19.4811 17.6095 24.0935 19.5587 17.1603 17.0999 16.1997 17.658 30.9453 18.6838 17.724 17.0675 16.8462 20.0846 14.6784 21.5447
threshold=8.3700000000000028 2.5000000000000004 163.50000000000003 0.013193211983889343 19.107500000000005 26.404000000000003 26.822000000000006 3264.5000000000005 1.0000000180025095e-35 33.500000000000007 -0.98296291314453399 36.500000000000007 -0.12940952255126037 971.50000000000011 11.54831870628148 0.98296291314453421 32.089578628540046 1301.5000000000002 3561.5000000000005 41.071173769022032 0.32071428000926977 14.383000000000001 18.500000000000004 1.0000000180025095e-35 38.60731767805536 -0.60355339059327384 554419.00000000012 17.405500000000004 27.623000000000001 29.001000000000001
decision_type=2 2 2 2 2 2 2 2 2 2 2 2 2 2 2 2 2 2 2 2 2 2 2 2 2 2 2 2 2 2
left_child=1 2 -1 -3 8 -6 7 -7 -2 10 11 19 13 -9 18 17 -17 -11 -12 -10 21 24 23 -23 -16 -26 27 -24 -8 -30
right_child=4 3 -4 -5 5 6 28 12 9 15 14 -13 -14 -15 20 16 -18 -19 -20 -21 -22 22 26 -25 25 -27 -28 -29 29 -31
leaf_value=-0.015339338521057431 -0.0054924163449137087 0.046778406611172989 0.066973829873531773 -0.008733052822202934 -0.0059087299975892887 0.051371718947434454 -0.013832077318436638 -0.006124643588134652 -0.013234061183452364 -0.0022001338535545195 0.018990956421239061 0.096943028256755562 -0.0055713316615447483 0.13824949219577684 -0.0072206496322218816 -0.0086220334891364322 0.081348754730712167 0.053606955927047652 0.12910357258165095 0.041504888878718289 -0.015183760745256762 0.020281221952940881 0.012520304914821688 -0.00096294185341884713 -0.029756254391240047 0.015656773285252609 0.089007626125417669 0.066981395308350705 0.008907311454683613 8.3526425098303766e-05
leaf_weight=5.7430536802858096 210.53927712794393 3.7547702090814701 5.7687528692185879 212.15424827300012 995.82261813059449 19.387879944872111 66.806904627010226 5.5025353585369867 7.172775609418756 357.02848692284897 2.9502828055992714 4.7760450821369878 24.887870755046606 3.2294673663564026 82.702718675136566 5.2041753064841014 5.5203170711174607 5.7429465465247622 2.2415650403127074 18.08960931468755 25.28131538303569 81.071502608247101 16.437512095086284 68.94422213640064 8.1457387087866646 86.979753396008164 5.8567070458084336 9.6854515140876156 254.38110260758549 11866.073086578865
leaf_count=255 3352 91 56 3219 28801 169 1993 121 105 7865 94 68 531 43 1104 57 53 82 56 150 499 833 494 697 133 831 76 108 10627 409869
internal_value=-2.30386e-05 -0.00606299 0.0259091 -0.00776768 7.34198e-05 -0.000172335 0.000294357 0.0239607 0.0033121 0.00564723 0.0108399 0.0372485 0.00815329 0.0472711 0.00880741 -0.000196651 0.0376895 -0.00131667 0.0665318 0.0259628 0.00802919 0.00966014 0.0162294 0.0105178 0.00293693 0.011768 0.0430223 0.0327125 0.000191422 0.000268718
internal_weight=14467.9 227.421 11.5118 215.909 14240.5 13236.1 12240.3 53.0078 1004.37 793.831 420.335 30.0384 33.6199 8.732 390.297 373.496 10.7245 362.771 5.19185 25.2624 385.105 359.824 181.995 150.016 177.828 95.1255 31.9797 26.123 12187.3 12120.5
internal_count=472432 3621 311 3310 468811 452154 423353 864 16657 13305 5248 323 695 164 4925 8057 110 7947 150 255 4775 4276 2208 1530 2068 964 678 602 422489 420496
is_linear=0
shrinkage=0.03


Tree=190
num_leaves=31
num_cat=0
split_feature=5 18 13 14 17 6 5 5 0 0 0 0 0 0 18 0 21 21 11 0 11 18 3 21 11 5 0 0 0 0
split_gain=9.27059 17.3535 19.6619 14.8507 13.5328 12.1483 36.7916 16.4565 23.5231 36.1345 27.0716 43.3824 35.6456 61.4506 26.5624 24.692 44.8849 34.4913 32.5269 29.2038 30.7014 26.9479 26.8817 28.3673 25.4063 24.4913 20.9168 35.3881 25.5061 32.3655
threshold=32.515324423541337 4011.5000000000005 350.00250244140631 10.500000000000002 0.090894699096679701 45.748518406342633 49.9330424528302 71.17058333333334 36.95600000000001 35.002500000000005 49.000500000000009 58.955000000000005 48.955000000000005 47.936500000000009 33.500000000000007 57.008500000000005 2703.5000000000005 4003.5000000000005 47.500000000000007 50.014000000000003 24.500000000000004 3193.5000000000005 -0.60355339059327384 3561.5000000000005 6.5000000000000009 115.16799944736117 24.995000000000001 26.955000000000002 29.001000000000001 32.975000000000001
decision_type=2 2 2 2 2 2 2 2 2 2 2 2 2 2 2 2 2 2 2 2 2 2 2 2 2 2 2 2 2 2
left_child=1 4 -3 -4 -1 -2 -7 -8 9 26 12 15 13 -10 -11 16 19 21 -19 -12 -21 24 25 -24 -18 -23 -9 -28 -29 -30
right_child=5 2 3 -5 -6 6 7 8 10 14 11 -13 -14 -15 -16 -17 17 18 -20 20 -22 22 23 -25 -26 -27 27 28 29 -31
leaf_value=0.014396071564925606 0.0013793267192449923 0.06368264863321671 -0.0016831785703156047 0.086232444438462938 -0.018027223230611133 -0.015031973953470232 0.0052280441630627485 0.0035285111325574709 0.0068079518833223038 0.14727248675206805 -0.019630740636789736 0.00018219310290678805 0.015013126147497426 -0.020011428037211971 -0.023010057968346525 -0.016882150371648332 0.12232712332087312 -0.0045855895145644737 0.15850857432719778 0.11193265690523686 -0.0047212031774174395 0.12131366580224553 0.042722146240733241 -0.0036977535723948167 -0.010054446287070083 0.036788221073323316 -0.016197559142076497 0.0099850128490015233 -0.014184714943461695 0.0061120056232347062
leaf_weight=13.126657518558202 4387.6157623087056 4.6809590812772504 74.854457683861256 1.7701419629156578 98.681843572296202 154.71668593771756 463.78718593297526 302.62765694549307 331.82521733827889 0.83113796263933082 161.39422605931759 6865.9855372379534 240.03588801668957 100.08078780816868 102.6258017225191 190.88374310918152 1.3623379282653321 235.98333705868572 1.1057045026682306 3.1243310607969743 5.7997624697163701 4.7918413393199435 23.037332754582167 24.394261975772679 30.868548525497317 8.6622800491750223 207.99545285431668 129.84379668300971 174.97704205475748 118.65910998219624
leaf_count=517 65273 78 2336 28 2177 1620 7919 13247 19299 16 9698 246217 11482 8229 7865 19860 26 12155 53 78 431 79 557 604 1475 182 12749 8798 11352 8032
internal_value=-2.27371e-05 -0.00655178 0.00399414 0.000347803 -0.0142206 6.5601e-05 -0.000517494 -0.000286715 -0.000562716 -0.00481946 -2.60236e-05 -0.000539093 0.00574451 0.000593394 -0.0216421 -0.00770178 -0.00420069 0.00225136 -0.00382497 -0.0167096 0.0361194 0.0177226 0.0294648 0.0188482 -0.00445893 0.0668929 -0.00295626 -0.00606402 -0.00108686 -0.00598276
internal_weight=14466.1 193.114 81.3056 76.6246 111.809 14273 9885.4 9730.68 9266.9 1037.56 8229.34 7557.39 671.942 431.906 103.457 691.408 500.524 330.206 237.089 170.318 8.92409 93.1166 60.8857 47.4316 32.2309 13.4541 934.103 631.475 423.48 293.636
internal_count=472432 5136 2442 2364 2694 467296 402023 400403 392484 62059 330425 291415 39010 27528 7881 45198 25338 15131 12208 10207 509 2923 1422 1161 1501 261 54178 40931 28182 19384
is_linear=0
shrinkage=0.03


Tree=191
num_leaves=31
num_cat=0
split_feature=7 10 14 7 5 5 8 0 21 8 0 9 2 4 7 10 2 0 9 21 13 21 0 10 6 9 5 10 12 2
split_gain=9.2632 17.0051 15.5209 13.4423 12.7182 12.288 16.9858 22.9318 17.6784 11.8083 13.6997 16.5076 11.6314 40.5477 16.3937 15.4551 27.4284 19.3333 18.9684 17.3216 16.5359 18.2794 27.9675 23.4912 38.2466 39.7945 20.3417 18.378 17.9152 17.7349
threshold=-1.0385214214712299 1436.5000000000002 7.5000000000000009 -0.85325389439115884 353.90564182194623 333.93928571428575 41.500000000000007 213.01400000000004 9314.5000000000018 38.500000000000007 7.4425000000000017 1.5000000000000002 0.25881904510252091 1.0000000180025095e-35 -0.2060054714883027 114.50000000000001 0.91597561503675362 24.004500000000004 10.500000000000002 1641.5000000000002 7648.3850097656259 7918.5000000000009 146.02100000000004 816.50000000000011 235.18211288360143 21.500000000000004 115.99097222222224 816.50000000000011 23.500000000000004 0.78656609248549325
decision_type=2 2 2 2 2 2 2 2 2 2 2 2 2 2 2 2 2 2 2 2 2 2 2 2 2 2 2 2 2 2
left_child=1 2 -1 9 5 12 8 -8 -7 -2 11 -11 -5 15 -15 16 -14 -18 -17 -19 21 22 -20 24 -24 -26 -25 -23 -28 -27
right_child=3 -3 -4 4 -6 6 7 -9 -10 10 -12 -13 13 14 -16 18 17 19 20 -21 -22 27 23 26 25 29 28 -29 -30 -31
leaf_value=0.0045204080958006895 -0.017365358309506074 0.10846659977261264 0.089153581108684918 -0.00039633748241745253 -0.0098141382315526278 -0.023089484576810957 -0.013444874765907514 0.048115042934563111 0.073533657147260886 0.052500789277802024 0.0010524798331425049 -0.014131073848857688 0.022547784779711567 -0.0032474017184091993 0.0020269813101441111 -0.0023799074078972079 0.020612125017030743 -0.010132939786789136 -0.0072999193599263875 0.012292456210585886 0.048069073196102319 -0.012362580464262828 -0.032832301750182369 0.058475910405255571 0.17101449393868706 0.10781401318632396 -0.017817840125936606 0.018668553874307835 0.032038558207454132 0.011166072773025065
leaf_weight=234.04240471171215 64.276396289933473 1.4446644694544364 1.9665883947163809 10664.404149112059 117.0239092274569 12.402088423725216 7.609192875679585 19.157869271934032 1.9756908388808359 3.4565216545015565 217.19209542544559 104.92920660693198 136.54398702643812 1033.1249725152738 1089.8622127119452 235.79921086831018 49.810598585754633 79.282241333276033 118.2193418815732 50.901615705341101 9.3385246871039254 19.57562729716301 3.6024156399071208 5.7327318117022505 3.089320953935383 2.5679538752883673 21.862998634576801 140.18137630168349 9.2231902368366701 5.1073446720838547
leaf_count=8836 3788 32 31 374004 4119 344 195 171 36 26 3989 1641 1169 33057 23758 8930 378 678 2847 387 210 373 66 79 49 51 329 2581 179 99
internal_value=-2.27402e-05 0.00585375 0.00522563 -0.000120826 3.39672e-05 0.00011797 0.0164881 0.0306151 -0.00981223 -0.00561462 -0.00329476 -0.0120061 6.87277e-05 0.00171436 -0.000539731 0.00708615 0.0124086 0.00471707 0.00415255 -0.00136466 0.00870304 0.00758621 0.000720844 0.0192456 0.0517806 0.0800966 0.00655025 0.0148662 -0.00302558 0.0435019
internal_weight=14463.7 237.454 236.009 14226.3 13836.4 13719.4 41.1448 26.7671 14.3778 389.854 325.578 108.386 13678.2 3013.83 2122.99 890.838 316.538 179.994 574.3 130.184 338.501 329.162 169.405 51.186 14.367 10.7646 36.8189 159.757 31.0862 7.6753
internal_count=472432 8899 8867 463533 454089 449970 746 366 380 9444 5656 1667 449224 75220 56815 18405 2612 1443 15793 1065 6863 6653 3699 852 265 199 587 2954 508 150
is_linear=0
shrinkage=0.03


Tree=192
num_leaves=31
num_cat=0
split_feature=3 2 19 17 10 11 22 0 11 10 8 2 5 13 0 5 4 0 0 18 21 12 21 18 10 6 10 6 11 2
split_gain=9.1481 70.2918 19.0357 24.8755 18.9077 17.6706 17.2506 17.0403 16.1379 21.9124 15.6229 20.562 26.1382 14.3886 16.6785 26.5447 22.5572 21.6677 19.0228 21.1166 24.2733 35.6066 29.2801 48.4981 28.7884 24.3138 20.0308 20.2281 19.8182 23.8208
threshold=-0.5 0.37940952255126054 11.500000000000002 0.029127937741577629 1072.5000000000002 12.500000000000002 2293.0000000000005 14.992500000000001 1.5000000000000002 4.5000000000000009 66.500000000000014 1.0000000180025095e-35 208.64513968241306 40050.742187500007 134.96000000000001 117.06547767857144 1.0000000180025095e-35 19.807500000000005 14.992500000000001 4.5000000000000009 3892.5000000000005 7.5000000000000009 8327.5000000000018 8366.5000000000018 484.50000000000006 46.092055613603797 1076.5000000000002 32.368564995121005 14.500000000000002 -0.98296291314453399
decision_type=2 2 2 2 2 2 2 2 2 2 2 2 2 2 2 2 2 2 2 2 2 2 2 2 2 2 2 2 2 2
left_child=1 4 5 -4 7 6 -3 -1 9 -9 -10 -12 -13 14 16 -16 17 18 26 -20 21 -21 -22 -24 25 28 27 -2 -23 -30
right_child=13 2 3 -5 -6 -7 -8 8 10 -11 11 12 -14 -15 15 -17 -18 -19 19 20 22 24 23 -25 -26 -27 -28 -29 29 -31
leaf_value=-0.014871581221895462 -0.017203843711012873 -0.0094008980787800098 0.0082779657936047218 0.038014556637614966 0.0096915566029533509 -0.0001025563157163879 0.049821232485092959 0.0036360033039550509 -0.0085076810708186231 0.060282828324799947 -0.0034663729369541858 0.00029015348163489437 0.022903209851541727 -0.0041638523276776611 0.0078003820999704987 0.0010352623876376617 -0.0016225176257323656 0.00071936904919478527 -0.027861885150527184 0.012632382835327896 -0.0067293552888182855 0.12113931415664513 0.13889488111013143 0.016753168949500245 -0.0056876819168098615 0.019307441236463399 0.070473062121301888 0.0052651075632600191 0.11412276783638586 0.03338548139790809
leaf_weight=108.63826698577031 42.85914708301425 6.4687699787318733 45.956874542869627 56.376896765083075 105.88812072109431 79.881450209766626 14.022463511675594 194.28310329839587 443.80294615402818 6.3465941026806822 1674.5760302077979 191.36040807608515 60.564525599591434 599.02287122863345 659.75277046766132 2500.0147571712732 4203.338589833118 3049.8817840772681 9.7613361440598947 52.396669298410416 56.15380195248872 7.1280289292335572 3.2636641245335367 28.259086809121072 6.5740007390268138 8.1322417752817255 3.866212408989667 227.32973420666531 4.929680326953533 9.8814144581556267
leaf_count=2043 940 72 1007 531 4996 2579 105 2627 21465 43 66692 8476 1145 26592 18397 58328 138590 111688 134 592 1089 62 35 597 168 206 38 3043 39 113
internal_value=-2.24293e-05 -0.00150092 0.0155554 0.0246602 -0.00274216 0.00627274 0.0311257 -0.00323351 -0.00274172 0.00542793 -0.00343323 -0.00226424 0.00572649 0.000362663 0.000612028 0.00244781 -0.000139956 0.00163525 0.00770063 0.0150921 0.0174647 0.0284976 0.00626002 0.0293989 0.0511822 0.0636147 0.00267113 0.00170093 0.0800383 0.0602578
internal_weight=14460.7 2988.17 202.706 102.334 2785.46 100.373 20.4912 2679.57 2570.93 200.63 2370.3 1926.5 251.925 11472.5 10873.5 3159.77 7713.76 3510.42 460.535 186.48 176.719 89.042 87.6766 31.5228 36.6454 30.0714 274.055 270.189 21.9391 14.8111
internal_count=472432 111781 4294 1538 107487 2756 177 102491 100448 2670 97778 76313 9621 360651 334059 76725 257334 118744 7056 3035 2901 1180 1721 632 588 420 4021 3983 214 152
is_linear=0
shrinkage=0.03


Tree=193
num_leaves=31
num_cat=0
split_feature=13 3 2 19 0 8 5 5 2 11 11 7 18 18 6 14 7 21 7 0 14 7 0 5 6 0 0 6 3 7
split_gain=8.96212 9.02898 65.7693 17.5084 17.392 17.1855 14.9836 17.1191 20.7642 18.8328 18.7837 25.4957 18.282 17.9195 22.8933 15.8991 15.8714 23.9157 19.9229 15.1404 28.813 29.3427 15.831 14.8459 17.0886 14.24 37.8233 22.0736 19.9992 20.6653
threshold=106449.06640625001 -0.5 0.37940952255126054 11.500000000000002 14.992500000000001 203.00000000000003 260.33945970149256 269.61174278352206 1.0000000180025095e-35 37.500000000000007 11.500000000000002 -0.24230515299423203 1862.5000000000002 5857.5000000000009 458.29373749271912 1.0000000180025095e-35 0.25382360678020283 8045.5000000000009 0.59222575639465613 20.737000000000005 18.500000000000004 -1.0385214214712299 22.976500000000005 125.29120922715252 205.54493770658823 76.995000000000019 77.953500000000005 411.85412471456999 0.60355339059327384 -0.45185528573453809
decision_type=2 2 2 2 2 2 2 2 2 2 2 2 2 2 2 2 2 2 2 2 2 2 2 2 2 2 2 2 2 2
left_child=1 2 4 5 -1 -4 15 8 10 -10 11 12 -8 -9 16 -6 17 -15 -18 20 21 -17 -21 -23 -25 27 -27 28 29 -3
right_child=-2 25 3 -5 6 -7 7 13 9 -11 -12 -13 -14 14 -16 19 18 -19 -20 22 -22 23 -24 24 -26 26 -28 -29 -30 -31
leaf_value=-0.014389664335677814 -0.016973468487667894 0.0041002731011616318 0.01604688067174187 0.023631910477760747 -0.0083647910727361035 -0.0093236983939303866 0.032831604900681446 -0.012755113750161608 0.078932518525537135 0.013025441412287642 0.0028572750908249346 -0.013796751245053808 0.1323954993220755 0.035381853892480927 -0.017636693991979136 0.11419351478899384 0.056790450853990739 -0.017095890191379731 0.010217628020710912 -0.024905310341289767 0.089920666049183945 -0.0034021178534615459 -0.0020367387438162306 0.066554842345564677 0.0039771848165294655 0.015546069461421848 0.00104776641730195 -0.01581193744726846 -0.0021126527659829897 -0.0010554969833027905
leaf_weight=109.4261062508449 28.015951843932271 1341.1539674233645 61.062893605325371 103.55928104743361 402.06708830292337 39.621214983519167 3.3773753941059113 69.351550831925124 7.9121312098577601 7.698978129774332 68.968265927396715 4.0422758180648071 3.2638828307390213 12.274827063083647 24.060030946973711 2.2246239064261308 15.001187654212115 21.51556429406628 18.413918973878026 27.640086865983903 3.9463059436529866 58.77221765788272 1901.7736094570719 6.5243682079017189 9.867057429160921 166.96363635966554 5387.8490505213849 84.987832154612988 3003.0872597903945 1462.8353870757855
leaf_count=2085 1862 40499 1308 1538 21900 1448 55 2039 100 119 1676 57 48 300 914 42 135 498 275 666 96 1314 74710 117 341 5697 162569 4487 103619 41918
internal_value=-2.21778e-05 1.0735e-05 -0.00145948 0.0149711 -0.00266744 0.00606305 -0.00218679 0.004716 0.0147918 0.0464289 0.00859113 0.0456064 0.0817628 -0.00126 0.007475 -0.00291883 0.0164652 0.00196738 0.0311258 -0.00182986 0.0108492 0.00681704 -0.00236435 0.00363901 0.0288853 0.000393785 0.00148355 -0.000633602 -0.000411464 0.00141052
internal_weight=14457.3 14429.2 2982.36 204.243 2778.12 100.684 2668.7 255.88 95.2629 15.6111 79.6518 10.6835 6.64126 160.617 91.2655 2412.82 67.2055 33.7904 33.4151 2010.75 81.3346 77.3883 1929.41 75.1636 16.3914 11446.9 5554.81 5892.06 5807.08 2803.99
internal_count=472432 470570 111781 4294 107487 2756 105402 6216 2055 219 1836 160 103 4161 2122 99186 1208 798 410 77286 1910 1814 75376 1772 458 358789 168266 190523 186036 82417
is_linear=0
shrinkage=0.03


Tree=194
num_leaves=31
num_cat=0
split_feature=0 0 6 21 6 5 12 7 14 0 11 20 18 12 6 5 16 14 12 6 7 17 0 12 21 5 5 18 5 7
split_gain=8.94413 16.1099 13.0467 32.6595 56.395 14.2178 13.078 10.9032 11.8549 11.1791 10.1218 26.3319 11.2538 19.7411 9.58469 35.7012 15.6105 17.2027 27.4944 34.0238 21.2155 20.7792 19.0134 19.2231 20.476 23.7354 17.5902 31.3685 20.326 28.6083
threshold=994.47500000000014 944.08500000000015 286.19406183984853 9092.5000000000018 276.70098360140219 116.70992336996339 5.5000000000000009 4.4326192389206618 24.500000000000004 250.03000000000003 38.500000000000007 38.455017089843757 5705.5000000000009 146.50000000000003 45.748518406342633 49.9330424528302 1.0000000180025095e-35 6.5000000000000009 178.50000000000003 311.98243690061923 0.48052160243011161 0.021859849803149704 72.000500000000017 198.50000000000003 4978.5000000000009 182.67751380126185 99.035227472527481 3718.5000000000005 97.486229942693413 -0.25159900013308251
decision_type=2 2 2 2 2 2 2 2 2 2 2 2 2 2 2 2 2 2 2 2 2 2 2 2 2 2 2 2 2 2
left_child=1 7 3 -2 5 -5 -4 8 14 -9 11 -11 -13 -14 -1 -16 -17 21 -19 20 22 26 -20 24 25 -24 27 -18 -29 -30
right_child=2 -3 6 4 -6 -7 -8 9 -10 10 -12 12 13 -15 15 16 17 18 19 -21 -22 -23 23 -25 -26 -27 -28 28 29 -31
leaf_value=0.0011676457830270784 -0.0095738538872811377 0.015221384463199865 0.036242836318888853 0.057608048591785241 0.15757428746425303 -0.0063533079343939727 -0.016193726802005374 0.031203750171725112 -0.010061165458033818 -0.010018739602005241 -0.015753739662591311 0.10461127008557754 0.12049232190589497 -0.006657736961649105 -0.01497125251346489 -0.001487321508532622 0.13962165205581892 -0.01083210430360332 0.0039269898150008234 -0.0091828690133045777 -0.019650980659625793 0.0034146034346013206 0.060661563504704134 0.028479937367182975 0.029436409700002868 0.17499024942268251 -0.0012818871440763795 0.0082110848446958207 0.25331100316019883 0.0022400162814800273
leaf_weight=4436.2604934978299 46.304211135488003 62.778976799920201 4.4835115671157828 4.5966326426714685 2.9749978603795162 9.7882516179233772 94.627486109733582 19.969758244231343 105.90311835333705 13.028876200318338 14.868213006295262 3.0196101218461973 1.5757571347057817 3.6318792710080743 151.38801374658942 4806.0345613150857 1.742367099970578 246.77409755764529 12.131185266189275 50.128800361417234 7.5709804762154809 2298.2626511566341 3.5520018134266156 16.361304147168994 4.3606361914426088 3.0270384643226862 1960.300298911985 67.808496904326603 0.73998697847127914 0.91166590247303136
leaf_count=67426 1765 738 48 108 46 398 3547 173 2592 117 485 64 47 129 1604 225633 65 11066 605 1344 199 65833 90 425 108 53 82407 5209 56 52
internal_value=-2.19378e-05 5.77016e-05 -0.00701451 0.00358269 0.0386753 0.0140853 -0.0138216 -9.19962e-06 -6.14428e-05 0.0131911 0.00323352 0.0165147 0.0585338 0.0318161 1.3838e-05 -0.000517627 -0.000286807 0.000947707 -0.00551036 0.00801012 0.0263464 0.00146066 0.0351779 0.0490643 0.07985 0.113265 -0.000749859 0.0138976 0.0107439 0.114727
internal_weight=14454.9 14292.1 162.775 63.6641 17.3599 14.3849 99.111 14229.4 14173.3 56.0941 36.1243 21.2561 8.22725 5.20764 14067.4 9631.09 9479.71 4673.67 343.906 97.1319 47.0031 4329.77 39.4322 27.301 10.9397 6.57904 2031.5 71.2025 69.4601 1.65165
internal_count=472432 466520 5912 2317 552 506 3595 465782 464767 1015 842 357 240 176 462175 394749 393145 167512 13890 2824 1480 153622 1281 676 251 143 87789 5382 5317 108
is_linear=0
shrinkage=0.03


Tree=195
num_leaves=31
num_cat=0
split_feature=7 14 17 5 5 21 13 21 14 3 11 5 0 17 6 11 21 17 16 0 2 3 3 2 2 0 20 6 17 20
split_gain=8.71435 13.3824 12.5682 15.5898 12.7098 20.6419 19.6771 12.031 11.9615 11.7755 12.0866 11.9377 14.0269 11.4814 16.7978 16.603 15.0998 13.6165 14.2947 16.3906 13.7397 19.699 19.6626 26.4108 24.7518 24.2716 22.9501 22.8213 21.9416 20.5525
threshold=-1.0385214214712299 6.5000000000000009 0.0051786652766168126 37.769805555555564 32.515324423541337 4003.5000000000005 350.00250244140631 1696.5000000000002 10.500000000000002 -0.78656609248549325 11.500000000000002 61.796000000000006 197.81500000000003 0.0078086180146783599 212.22418771571071 42.500000000000007 9724.5000000000018 0.014803769532591106 3.5000000000000004 6.2015000000000002 -0.37940952255126065 -0.12940952255126037 0.37940952255126048 -1.0000000180025095e-35 1.0000000180025095e-35 43.954000000000008 50.218528747558601 690.40248557587267 0.0450515914708376 33.075162887573249
decision_type=2 2 2 2 2 2 2 2 2 2 2 2 2 2 2 2 2 2 2 2 2 2 2 2 2 2 2 2 2 2
left_child=1 7 3 -2 5 -4 -7 -1 -8 -9 11 -11 -13 14 15 -6 -17 18 19 -15 21 -19 24 -24 -22 26 -25 -26 29 -29
right_child=2 -3 4 -5 13 6 8 9 -10 10 -12 12 -14 17 -16 16 -18 20 -20 -21 22 -23 23 25 27 -27 -28 28 -30 -31
leaf_value=-0.0061139518411674858 0.025877457842452326 0.069564101992881572 -0.017550983740147262 -0.0067838780875535713 0.0105216473000604 0.063058020248161512 -0.0025301321850339752 -0.015899131091690367 0.071647881301763014 0.09155381444378051 0.0087898992793018303 0.00088737489058673762 0.068498846610782621 0.071355647178407491 -0.026194961578839302 -0.0097487403867453949 0.085091058083270998 -0.0027028832803440198 0.003564748916439338 -0.0049246665445786429 -0.0039736673766800606 0.00064753932532667872 0.0050456759774289272 -0.0051521422772740936 0.0054631460479793465 0.00089998712625071582 0.046485635844749525 -0.0076790215199584316 0.11208233261849569 0.080561035157191818
leaf_weight=64.934200692456216 13.657378562726079 2.913829591125249 93.544350762851536 355.93509935378097 251.31814852356911 4.6988079808652392 67.407340770587325 15.469783811829982 2.0149727277457705 2.9140027407556763 139.90293282642961 8.0758191822096688 4.1967237740755072 2.5420269314199677 14.201072024647145 56.893679928500205 1.5521107362583269 2533.9657497007865 233.65337861375883 945.0732943508774 277.93772607110441 4192.5317734985147 810.04653470683843 1032.1931681134738 1332.8383013280109 1970.8991456492804 7.8048429372720411 6.8084309939295036 3.276124471332877 3.6487341737374663
leaf_count=2043 587 41 2091 27750 12177 70 1787 700 30 64 5847 177 27 34 1207 2824 63 85258 8745 49194 10858 127419 24155 23185 26388 59282 199 101 83 46
internal_value=-2.17662e-05 0.00566633 -0.000117168 -0.00557696 2.85827e-05 -0.00818105 0.00364426 0.00487571 -0.000377126 0.00905962 0.0115492 0.0369686 0.0240078 0.000129223 0.00570961 0.00717227 -0.00723014 -6.16412e-06 -0.00308132 -0.00472004 0.000292275 -0.000614612 0.00141251 0.000237068 0.00417721 -0.00105663 -0.00476462 0.00585958 0.0443346 0.0231099
internal_weight=14452.8 238.407 14214.4 369.592 13844.8 167.665 74.1211 235.493 69.4223 170.559 155.089 15.1865 12.2725 13677.2 323.965 309.764 58.4458 13353.2 1181.27 947.615 12172 6726.5 5445.45 3820.94 1624.51 3010.9 1040 1346.57 13.7333 10.4572
internal_count=472432 8899 463533 28337 435196 3978 1887 8858 1817 6815 6115 268 204 431218 16271 15064 2887 414947 57973 49228 356974 212677 144297 106821 37476 82666 23384 26618 230 147
is_linear=0
shrinkage=0.03


Tree=196
num_leaves=31
num_cat=0
split_feature=13 6 9 17 9 7 18 3 17 10 7 6 17 11 3 17 18 7 7 6 18 18 7 8 7 18 17 20 17 8
split_gain=8.72024 8.87013 26.7086 22.0475 26.0738 36.9951 16.569 39.0382 27.1799 17.2861 14.8498 15.7026 13.3007 18.6144 25.4548 13.129 24.8476 11.7747 11.5422 15.664 35.5419 57.006 14.4892 15.3608 28.8593 28.4765 46.9156 13.5413 20.5553 11.1467
threshold=54560.964843750007 419.83466928127365 31.500000000000004 0.097576983273029341 34.500000000000007 -0.076834844107319597 9324.5000000000018 -0.60355339059327384 0.028175028041005138 902.50000000000011 0.19182967887546584 433.60969280215306 0.051894953474402435 37.500000000000007 0.91597561503675351 0.033808985725045211 8366.5000000000018 0.034993351103949917 -0.27413221474248461 454.44813214039453 7939.5000000000009 8150.5000000000009 -0.26944361777078352 498.00000000000006 -0.027897901866032287 7913.5000000000009 0.051894953474402435 48.763376235961921 0.052676333114504821 16.500000000000004
decision_type=2 2 2 2 2 2 2 2 2 2 2 2 2 2 2 2 2 2 2 2 2 2 2 2 2 2 2 2 2 2
left_child=1 -1 10 6 -5 -6 12 9 -9 -8 11 17 15 -14 -15 16 -4 -3 19 20 29 -22 -20 -24 25 26 -25 -21 -29 -13
right_child=-2 2 3 4 5 -7 7 8 -10 -11 -12 18 13 14 -16 -17 -18 -19 22 27 21 -23 23 24 -26 -27 -28 28 -30 -31
leaf_value=0.00019130471452635423 -0.008612217769525676 -0.02437283231566079 0.01093689165176197 -0.02249891807579623 0.0022982257096790951 0.15084362168765919 0.024445394449175976 -0.019132765158950023 0.067035418880255243 0.10083569974712291 -0.020615462902215428 0.065172408585122743 -0.0079065024062005933 0.015212601911991213 0.091129838622935208 -0.019100904688532483 -0.024571739833391285 0.022786730958317774 0.084925831729268611 -0.014018431440486579 0.24293019017115611 -0.00091917658752546747 -0.0015465305387224134 0.21405232048465744 -0.02119894535643236 0.002908431864750287 0.039696385046360173 0.13100127662680866 -0.015978073669379485 -0.023345865782176491
leaf_weight=13790.951967961621 105.56684451340698 49.523640711326152 62.776136591099203 2.9859975017607194 2.6901936028152704 3.4364022016525269 4.6303624603897351 16.381281104870144 4.1239562127739182 6.2843258753418922 76.248287963680923 1.547461889218537 20.663705047219992 19.353422477841381 5.0023713465780011 44.559766385704279 24.72035073582083 5.2721337005496016 2.0571869364939621 98.806338942609727 1.5196542972698801 1.9962185928598044 72.509972963947803 2.1921677105128783 6.1037267800420514 4.3800089284777641 3.7907665520906448 1.4793776879087084 2.0334188607521355 7.4170796684920788
leaf_count=449859 5454 1722 1160 114 113 60 65 356 55 64 2234 62 663 378 97 1460 550 94 83 4754 29 92 2045 47 115 125 103 55 131 293
internal_value=-2.1495e-05 4.17234e-05 -0.00367861 0.00451358 0.0501899 0.0856172 0.00251724 0.0225942 -0.00180286 0.0684285 -0.00897041 -0.00556359 -0.00104517 0.0130367 0.030805 -0.00584583 0.000904651 -0.0198354 -0.00176423 -0.00809037 0.0236393 0.104479 0.00621345 0.00439358 0.0305505 0.0610307 0.103581 -0.0119606 0.0459207 -0.00806581
internal_weight=14451 14345.4 554.486 217.608 9.11259 6.1266 208.496 31.4199 20.5052 10.9147 336.877 260.629 177.076 45.0195 24.3558 132.056 87.4965 54.7958 205.833 114.8 12.4804 3.51587 91.0338 88.9766 16.4667 10.3629 5.98293 102.319 3.5128 8.96454
internal_count=472432 466978 17119 5135 287 173 4848 540 411 129 11984 9750 4308 1138 475 3170 1710 1816 7934 5416 476 121 2518 2435 390 275 150 4940 186 355
is_linear=0
shrinkage=0.03


Tree=197
num_leaves=31
num_cat=0
split_feature=0 9 6 0 3 10 18 12 4 17 6 0 0 7 0 0 18 17 6 3 22 22 7 5 17 17 10 17 9 5
split_gain=8.54769 12.1148 16.3169 11.8906 16.5832 20.7343 23.2617 14.479 11.4693 11.0412 9.73319 27.1216 32.4562 28.4917 34.5122 38.8939 28.102 34.8186 43.9243 33.1259 30.524 79.2869 24.085 27.7831 31.5206 27.7417 46.9949 31.6805 31.9881 26.2841
threshold=8.3700000000000028 2.5000000000000004 42.680705077250359 9.3165000000000013 0.98296291314453421 77.500000000000014 33.500000000000007 144.50000000000003 1.0000000180025095e-35 0.013193211983889343 58.372396273751555 36.95600000000001 35.002500000000005 -0.44874098010860536 49.000500000000009 58.955000000000005 8441.5000000000018 0.028175028041005138 235.18211288360143 -0.3794095225512602 122415.00000000001 47801.000000000007 -0.59001127166077627 218.67191445969021 0.024311616085469726 0.028796550817787651 933.50000000000011 0.034527704119682319 49.500000000000007 95.284335535976524
decision_type=2 2 2 2 2 2 2 2 2 2 2 2 2 2 2 2 2 2 2 2 2 2 2 2 2 2 2 2 2 2
left_child=1 2 -1 4 5 6 8 -7 -2 -3 -5 12 -12 14 22 -16 17 18 -17 -20 21 -21 -13 29 -25 26 -26 -27 -29 -24
right_child=3 9 -4 10 -6 7 -8 -9 -10 -11 11 13 -14 -15 15 16 -18 -19 19 20 -22 -23 23 24 25 27 -28 28 -30 -31
leaf_value=-0.023567163536401255 0.02920027120129149 0.042046241331103643 0.050546686190368853 0.0010728282539383971 0.068661189730664027 -0.025250529132504047 0.069236862483272446 0.015271237795877333 -0.009741795413484378 -0.0083844857483338711 -0.0033979062059677628 -0.0027407433221633376 -0.021236999330320465 -0.00063942777960331206 -0.0079508272119373762 -0.011921248098897138 -0.0072483927942784089 0.0071013597375863321 0.10538777122571548 0.017322480637973866 0.017705666987922124 0.23852793778679582 0.042044790686042367 -0.0070130138941824184 0.023416864107086485 -0.016588138050066679 0.17135396827196964 0.041686676193909998 0.15642147605788009 0.0079843249686623978
leaf_weight=4.1657113023102266 14.776873271912336 3.9814524147659531 7.4634844628162682 4999.2462311787531 4.3947202702984205 19.368711295537651 8.061667909845708 13.444891638588159 12.620075082406402 209.57621053513139 923.01568122347817 71.236297308001667 101.92603343119845 7178.2477643340826 266.12812408898026 12.742496622726319 89.85501989396289 216.29259351920336 8.3248121002688986 4.2672689938917783 19.356043815612793 2.2154315495863557 22.980684275273234 12.141237947158514 3.774017038755118 7.883336220867931 3.9608477205038071 25.536552282050256 2.3917963458225122 180.93455183738843
leaf_count=213 150 91 98 80042 72 273 92 197 158 3219 54108 4604 7886 278933 14351 833 4000 9108 186 208 370 51 1775 279 77 190 62 712 62 10032
internal_value=-2.13755e-05 -0.00582051 0.0239983 7.04262e-05 0.0121748 0.00853877 0.0244429 -0.00864733 0.0112621 -0.00744428 8.2751e-06 -0.000573156 -0.00517193 6.73011e-06 0.00488902 0.00070937 0.00723733 0.0121827 0.0356138 0.0533436 0.0365758 0.0929184 0.0127114 0.0169516 0.0357319 0.0476496 0.0991721 0.0365214 0.0515126 0.0118228
internal_weight=14450.3 225.187 11.6292 14225.1 72.6669 68.2722 35.4586 32.8136 27.3969 213.558 14152.5 9153.21 1024.94 8128.27 950.021 619.182 353.054 263.199 46.9061 34.1636 25.8387 6.4827 330.839 259.603 55.6878 43.5465 7.73486 35.8117 27.9283 203.915
internal_count=472432 3621 311 468811 942 870 400 470 308 3310 467869 387827 61994 325833 46900 29107 14756 10756 1648 815 629 259 17793 13189 1382 1103 139 964 774 11807
is_linear=0
shrinkage=0.03


Tree=198
num_leaves=31
num_cat=0
split_feature=18 11 13 16 19 16 8 0 18 11 21 19 12 0 3 12 18 16 21 14 22 0 19 7 18 3 6 11 13 21
split_gain=8.55697 18.3965 40.205 28.2233 20.7301 37.0163 17.4569 15.9787 15.8213 21.2631 51.0211 21.4101 23.7503 43.8428 46.4229 27.2578 21.2487 20.6595 20.5445 20.2782 19.5501 18.985 17.7909 19.3479 17.4007 25.2747 34.8299 24.5522 17.262 16.4739
threshold=2.5000000000000004 1.5000000000000002 25.006999969482425 1.0000000180025095e-35 141.50000000000003 4.5000000000000009 85.500000000000014 224.09500000000003 1678.5000000000002 22.500000000000004 731.50000000000011 42.500000000000007 19.500000000000004 149.96000000000001 0.1294095225512602 23.500000000000004 113.50000000000001 1.5000000000000002 3763.5000000000005 6.5000000000000009 2109.5000000000005 6.2015000000000002 314.50000000000006 -0.66289294356743433 3454.5000000000005 -0.9159756150367534 100.62886340315426 40.500000000000007 1823.3979492187502 3561.5000000000005
decision_type=2 2 2 2 2 2 2 2 2 2 2 2 2 2 2 2 2 2 2 2 2 2 2 2 2 2 2 2 2 2
left_child=7 2 -2 6 -5 -6 -4 -1 9 10 11 12 -3 28 15 -15 19 18 24 20 -13 -12 23 -19 -10 26 -26 -28 -14 -27
right_child=1 8 3 4 5 -7 -8 -9 17 -11 21 16 13 14 -16 -17 -18 22 -20 -21 -22 -23 -24 -25 25 29 27 -29 -30 -31
leaf_value=-0.0063800115653259758 -0.00030523968661418414 -0.0073491582871557356 0.041225091378927256 0.001197391211617135 0.032898966699444809 -0.010375128015273851 0.016145397196141779 0.020169723959097344 0.00085110251557905152 0.0023041580173288031 0.048047747236548734 0.028087748334258814 0.036102016746680572 0.2402952708300794 0.023703152472876864 0.077288754992046668 0.029223038352188747 0.013104362676510425 -0.0013805462926867603 -0.0087360932636976717 -8.5979297607458206e-05 -0.018840463712480993 -0.008327525560629892 0.0021072372865816253 -0.025481575262019357 0.017709245334428268 0.10135429826657164 -7.9137019403477358e-05 -0.022110982275260357 0.0022289701862963952
leaf_weight=321.99321032408625 826.45854828227311 398.59481368446723 34.069585178047419 219.06071685254574 55.109560485929251 26.270755589008331 93.608444791287184 21.781679555773735 1260.1553265824914 400.76601082552224 3.8813717104494563 38.933725098147988 6.4946990902535644 1.7626704573631271 7.0470395246520638 1.9387426218017934 31.332619884051383 151.62518802797422 6855.2015248851385 79.32479609362781 51.47226196154952 237.78664344362915 138.70949305593967 2857.6027924071532 4.3704644842073312 87.932037536986172 8.1317134089767915 2.9184967591427258 15.587689537089316 208.74921795725822
leaf_count=4675 11578 10092 195 1398 459 298 496 108 34694 19032 43 249 222 41 188 67 383 2587 275191 1023 404 9009 2670 90330 108 1800 104 142 791 4055
internal_value=-2.13732e-05 9.26044e-05 0.00356007 0.0110218 0.00600047 0.0189295 0.0228377 -0.00469781 -0.000245925 -0.00341777 -0.00604104 -0.00156098 -0.00532903 0.019197 0.0688882 0.154915 0.00652421 0.000103425 -0.000671176 0.00233397 0.0120472 -0.0177662 0.00217714 0.00266135 0.00242175 0.00876346 0.0462098 0.0745645 -0.00498983 0.0068171
internal_weight=14448.7 14104.9 1254.58 428.119 300.441 81.3803 127.678 343.775 12850.3 1274.92 874.157 632.489 431.426 32.8308 10.7485 3.70141 201.063 11575.4 8427.46 169.731 90.406 241.668 3147.94 3009.23 1572.26 312.102 15.4207 11.0502 22.0824 296.681
internal_count=472432 467649 14424 2846 2155 757 691 4783 453225 41544 22512 13460 11401 1309 296 108 2059 411681 316094 1676 653 9052 95587 92917 40903 6209 354 246 1013 5855
is_linear=0
shrinkage=0.03


Tree=199
num_leaves=31
num_cat=0
split_feature=19 18 19 17 18 19 6 6 6 16 18 10 12 22 16 15 10 12 18 21 4 19 0 0 19 18 18 7 0 19
split_gain=8.41002 31.5632 27.7576 35.3587 26.645 26.2372 20.441 44.1186 19.4197 19.2049 17.9379 15.6376 15.1941 36.916 30.4645 20.2199 17.269 21.0767 16.9563 23.0787 23.6751 26.6494 15.3601 20.0912 22.0778 14.6781 23.3113 23.8522 14.2059 23.9784
threshold=93.500000000000014 9467.5000000000018 79.500000000000014 0.16002207249403003 9477.5000000000018 126.50000000000001 38.091680187016983 32.670251370927943 32.368564995121005 5.5000000000000009 18.500000000000004 114.50000000000001 1.0000000180025095e-35 6962.5000000000009 4.5000000000000009 15.500000000000002 1.5000000000000002 1.5000000000000002 3255.5000000000005 3637.5000000000005 1.0000000180025095e-35 167.50000000000003 70.009000000000015 93.506500000000017 351.50000000000006 9231.5000000000018 9172.5000000000018 -0.26944361777078352 102.22500000000001 159.50000000000003
decision_type=2 2 2 2 2 2 2 2 2 2 2 2 2 2 2 2 2 2 2 2 2 2 2 2 2 2 2 2 2 2
left_child=2 5 -1 9 -3 -2 7 8 -5 -4 -10 -8 -7 14 16 22 -14 -18 -17 20 -20 -22 -15 24 -24 26 28 -28 -21 -30
right_child=1 4 3 6 -6 12 11 -9 10 -11 -12 -13 13 15 -16 18 17 -19 19 25 21 -23 23 -25 -26 -27 27 -29 29 -31
leaf_value=1.877120914787869e-05 -0.0093329898742153805 0.063844731891583295 0.00045175840987735842 0.00014364478576990063 0.0090111670877386883 -0.0068797360874696418 0.056221794730202918 -0.015295855817413131 0.10153806481766391 0.026222903880134003 0.035481117187688593 0.011045885796903411 0.010371468319852183 -0.01323706069348303 -0.012364730499986565 -0.021313836915593427 0.0077156227061117924 0.045686861918011683 -0.0028025496424726581 0.00095090106003853142 0.0073794885502584786 0.10417637517447566 0.0094405786657281651 -0.015245571396213877 0.076857667893695802 -0.0099926644148379991 0.091356249604760256 0.0046504235352262911 0.060604288423375098 0.0046398868212171257
leaf_weight=12292.462350762216 435.47138412110507 8.5910929478704912 231.47157205920666 6.4640032034367332 111.33207277208567 284.82741668447852 24.767733708024025 23.761372931301594 6.1995300464332113 29.321387215517461 9.1757378727197629 9.5569365844130498 63.874749962240458 178.30637426860631 30.410808406770229 28.14159251563251 19.841365322470665 39.048416491597891 8.3085242938250303 411.96586262062192 4.3136650249361992 6.2959339525550604 22.164996489882473 22.951348297297955 5.4459182061254969 85.518044428899884 5.4363906569778919 6.0146028064191324 9.8554397858679277 22.901869624853134
leaf_count=444276 5282 73 2418 132 1175 5711 116 292 47 213 83 58 598 2628 392 653 148 223 93 5739 46 84 182 255 82 968 52 64 88 261
internal_value=-2.11918e-05 -0.0019331 0.000252889 0.0086994 0.0129394 -0.00298778 0.0261567 0.0129939 0.0437735 0.00334925 0.0621162 0.0436436 -0.000787151 0.00100039 0.0145163 -0.00153172 0.0211752 0.0328935 0.00140972 0.00255041 0.0351216 0.0648206 -0.00909844 0.00549628 0.0227378 0.00141288 0.00355106 0.0458143 0.00246284 0.0214775
internal_weight=14444.2 1811.02 12633.2 340.718 119.923 1691.09 79.9253 45.6006 21.8393 260.793 15.3753 34.3247 1255.62 970.796 153.175 817.621 122.765 58.8898 588.752 560.61 18.9181 10.6096 228.869 50.5623 27.6109 541.692 456.174 11.451 444.723 32.7573
internal_count=472432 24797 447635 3359 1248 23549 728 554 262 2631 130 174 18267 12556 1361 11195 969 371 8048 7395 223 130 3147 519 264 7172 6204 116 6088 349
is_linear=0
shrinkage=0.03


Tree=200
num_leaves=31
num_cat=0
split_feature=0 0 0 21 0 7 5 3 18 10 10 0 0 0 21 10 10 0 9 20 18 13 7 21 22 13 0 0 13 11
split_gain=8.37488 30.9481 30.7307 23.8459 23.1298 24.9993 35.2373 18.0147 16.6167 20.7651 14.503 13.7511 20.2917 33.4541 31.8981 27.2978 18.1001 19.7576 15.9532 14.6027 27.4588 36.6432 22.2863 22.5386 16.5119 15.5026 14.5922 33.3582 31.9005 58.5632
threshold=26.404000000000003 19.107500000000005 26.822000000000006 71.500000000000014 18.306500000000003 -0.60857269623370858 40.528457893990939 0.1294095225512602 23.500000000000004 2.5000000000000004 1.0000000180025095e-35 27.623000000000001 29.995000000000001 30.951000000000004 9617.5000000000018 915.50000000000011 863.50000000000011 29.001000000000001 14.500000000000002 47.01245307922364 7939.5000000000009 4907.9641113281259 -0.44108807527771859 4552.5000000000009 90184.500000000015 24636.986328125004 34.004500000000007 35.958000000000006 5417.1599121093759 33.500000000000007
decision_type=2 2 2 2 2 2 2 2 2 2 2 2 2 2 2 2 2 2 2 2 2 2 2 2 2 2 2 2 2 2
left_child=1 4 3 -2 10 6 -6 -8 9 -3 -1 -4 14 -14 18 16 17 -16 -13 20 22 -22 23 24 -20 -23 28 -28 -15 -30
right_child=2 8 11 -5 5 -7 7 -9 -10 -11 -12 12 13 26 15 -17 -18 -19 19 -21 21 25 -24 -25 -26 -27 27 -29 29 -31
leaf_value=-0.0084958222812915127 0.06554678248398714 -0.0023280871804112549 -0.01350616792915817 0.013547897076864827 0.095220112846818195 -0.0090233854205857694 0.045166152200951312 0.0048759342174007061 -0.0078468820673125717 0.023300086789227705 0.0017008924480408358 -0.0048484221402503875 -0.011663926308870967 -0.0045501970374842611 0.069183479362229336 0.089915276302930849 -0.013170287566369289 -0.033529582402963137 0.023301556465435296 -0.010137291662003303 0.089865292676945277 0.0051938875452622645 -0.0010641492278308285 -0.0021624467390927455 0.066744328731152811 0.063326829255707526 -0.010561546156110723 0.00032310931103630324 0.080562088345611876 0.0098197999975186325
leaf_weight=143.21033216826618 9.7093754205852729 199.78788071870804 65.645793209783733 43.486926520708948 6.4623465640470377 21.230671061668545 16.013106323778629 26.544060519430786 752.53290681634098 33.179308492690325 1017.3858078112826 105.52342795114964 215.55688488623127 150.16295535117388 7.8841657657176309 7.0527262086980036 8.0517826583236438 2.1437945873476565 28.669492558576167 30.46729436609894 8.7482151715084893 18.591283279471103 106.50020797457546 22.914732100442052 10.855686638504265 5.307180398143827 259.43857582006603 10897.107109156437 11.088771511800585 209.74196127802134
leaf_count=2595 70 2643 1993 794 89 429 147 274 25901 257 16744 7262 9953 2075 362 116 419 62 441 938 88 561 1604 815 97 152 10782 375252 272 9245
internal_value=-2.09022e-05 -0.00171763 0.000286716 0.0230387 0.00145447 0.0181701 0.0299477 0.020036 -0.00567943 0.00132189 0.000442681 0.000187277 0.000261532 4.56721e-05 0.00725021 0.0398559 0.0203282 0.0472253 0.00482273 0.00922056 0.0121463 0.0373333 0.007279 0.0215094 0.0352332 0.0181036 0.000264633 6.99934e-05 0.00611786 0.013372
internal_weight=14441 2216.35 12224.6 53.1963 1230.85 70.2502 49.0195 42.5572 985.5 232.967 1160.6 12171.5 12105.8 11743.1 362.71 25.1325 18.0797 10.028 337.578 232.054 201.587 32.6467 168.94 62.4399 39.5252 23.8985 11527.5 11156.5 370.994 220.831
internal_count=472432 49079 423353 864 20278 939 510 421 28801 2900 19339 422489 420496 407579 12917 959 843 424 11958 4696 3758 801 2957 1353 538 713 397626 386034 11592 9517
is_linear=0
shrinkage=0.03


Tree=201
num_leaves=31
num_cat=0
split_feature=13 5 6 6 6 0 8 19 10 20 8 9 21 0 6 18 7 7 9 22 18 5 22 0 7 5 9 18 6 18
split_gain=8.36099 8.46988 37.8545 31.1385 57.3729 46.1279 46.0142 51.9074 47.695 52.0364 43.4528 71.48 39.1069 30.6814 30.1847 28.5196 34.0434 80.3433 25.7679 34.1899 31.3217 24.7537 43.8257 46.245 104.208 35.5886 24.4225 40.5445 24.2899 50.2357
threshold=106449.06640625001 183.47462987012989 235.46029878853855 204.38570124685731 205.54493770658823 25.665000000000003 243.50000000000003 18.500000000000004 1076.5000000000002 49.378746032714851 78.500000000000014 5.5000000000000009 9786.5000000000018 24.004500000000004 201.95446459276988 8123.5000000000009 -0.0069730964125819545 0.17602965117925407 25.500000000000004 108735.00000000001 9395.5000000000018 143.45892908382868 102369.00000000001 226.12000000000003 -0.1833228028670725 112.66187242798357 12.500000000000002 9270.5000000000018 246.61510741446597 8505.5000000000018
decision_type=2 2 2 2 2 2 2 2 2 2 2 2 2 2 2 2 2 2 2 2 2 2 2 2 2 2 2 2 2 2
left_child=1 2 3 14 5 -5 10 21 13 -10 12 -12 -6 -9 -1 16 -15 -18 19 -4 26 25 -23 24 -24 -8 27 -21 29 -28
right_child=-2 -3 18 4 6 -7 7 8 9 -11 11 -13 -14 15 -16 -17 17 -19 -20 20 -22 22 23 -25 -26 -27 28 -29 -30 -31
leaf_value=-7.9928832480827584e-05 -0.016601421327516106 0.0012811942296370648 -0.0059108593905246162 0.081985481971670951 -0.014138748003734533 0.015862018358274395 0.014151324502969497 0.10363321894026649 0.25114964536148132 0.019365186429429231 0.048416303726779568 -0.014727349070239674 0.11711175615631868 0.0056672543755988455 -0.015291488172971827 -0.011909260398345561 0.15608734519104717 -0.0069512712280358708 -0.012150398802829738 0.021248505375600735 -0.016090757478194165 0.00043402257967179239 0.028215149220749924 -0.021276789056658661 0.29861868627288207 -0.015780692365603456 0.11925148176562334 0.18992073743769972 0.011816024669214739 -0.03074508356225069
leaf_weight=9344.5719039924443 27.319489590125158 3556.9208007403649 385.14403243875131 15.672236067242919 35.410604952834547 24.08969673095271 43.700777670834213 3.5187461394816628 1.7008656822144979 1.7882327148690818 62.846845365595073 21.708206339739263 2.168223198503255 16.358913873322312 118.89758101664484 23.847087479196489 5.4121822882443649 5.4691732544451952 388.29568833811209 3.4652184797450891 24.540800262242556 45.398716913536191 3.566120226867497 2.9595569036900997 2.0032108351588231 196.50943834753707 5.5728099104017002 2.0362842585891485 64.732262854464352 3.1427928879857063
leaf_count=307554 1862 91929 19865 129 1895 971 2052 79 59 66 1687 733 46 640 5594 1094 97 116 16307 176 1211 2302 183 78 83 12245 173 86 2971 149
internal_value=-2.07369e-05 1.06947e-05 -0.000405635 0.000119588 0.00730988 0.0419247 0.00440843 -0.00109347 0.02482 0.132355 0.0202759 0.0322051 -0.00656586 0.017949 -0.000271045 0.0120473 0.0330197 0.0741411 -0.00638156 -0.00179732 0.0135114 -0.00621165 0.0121561 0.0745519 0.125476 -0.0103352 0.0227131 0.0836796 0.0181465 0.0651636
internal_weight=14438.8 14411.4 10854.5 9977.6 514.129 39.7619 474.367 352.233 58.0952 3.4891 122.134 84.5551 37.5788 54.6061 9463.47 51.0874 27.2403 10.8814 876.93 488.634 103.49 294.138 53.9276 8.52889 5.56933 240.21 78.9494 5.5015 73.4479 8.7156
internal_count=472432 470570 378641 337703 24555 1100 23455 19094 2151 125 4361 2420 1941 2026 313148 1947 853 213 40938 24631 4766 16943 2646 344 266 14297 3555 262 3293 322
is_linear=0
shrinkage=0.03


Tree=202
num_leaves=31
num_cat=0
split_feature=0 0 0 6 18 17 19 19 7 17 17 6 14 8 9 17 14 18 21 6 0 2 7 0 21 17 8 6 18 6
split_gain=8.32586 15.7186 49.9771 21.4836 23.0711 38.6527 14.5964 30.5001 28.8294 24.7646 16.1836 15.008 17.2247 13.8483 18.1506 14.5707 13.6217 15.6341 13.7678 17.2365 13.6753 13.517 19.4888 13.2065 15.521 13.0856 18.6235 14.3191 12.8851 20.0462
threshold=994.47500000000014 440.99500000000006 454.97500000000008 458.29373749271912 8344.5000000000018 0.016113890334963802 47.500000000000007 38.500000000000007 1.2863883124071303 0.026432816870510582 0.035455202683806426 162.03848440571736 3.5000000000000004 63.500000000000007 1.5000000000000002 0.043505299836397178 3.5000000000000004 9308.5000000000018 9503.5000000000018 376.01803382610933 495.07500000000005 -0.98296291314453399 1.7605337687479865 944.08500000000015 9057.5000000000018 0.055603865534067161 292.50000000000006 395.77295757026781 3842.5000000000005 73.708244266358932
decision_type=2 2 2 2 2 2 2 2 2 2 2 2 2 2 2 2 2 2 2 2 2 2 2 2 2 2 2 2 2 2
left_child=1 -1 21 4 6 -6 7 11 9 -9 -11 12 -4 -13 -15 -16 17 20 19 -18 -7 22 -3 24 -22 26 -17 -28 -23 -30
right_child=-2 2 3 -5 5 16 -8 8 -10 10 -12 13 -14 14 15 25 18 -19 -20 -21 23 28 -24 -25 -26 -27 27 -29 29 -31
leaf_value=-0.00019390284514566474 -0.0068018066306010346 0.028260579489437283 0.0073005874229238417 -0.020784622731795471 -0.013855103283390874 0.043045580425983776 -0.018181034190885154 0.12574870123264051 -0.012232635587379954 -0.020976860683935471 0.078314417702048042 -0.020960390245886765 0.093964666248102832 0.043234609995077902 -0.015362913999082997 0.096885226486545795 0.042379628108683724 0.00084940765073560694 0.061673665791802522 -0.020243240136066872 -0.0013594433404385082 0.033638651078934399 0.1172079917928862 0.037450710498155709 0.024875625166573007 -0.0039250301559509973 -0.0050827657613783028 0.040561699998934699 0.10150525003054757 0.01021886509216615
leaf_weight=13432.385315566324 161.15480460785329 9.1197553705424053 59.306111373007298 40.010291234590113 56.571009278297424 16.894728360697627 49.927184512838721 4.2277464084327239 6.1001702565699807 2.8394848965108395 3.0798217505216599 46.698754810728133 2.138450361788272 7.4296808913350096 69.957045466639102 2.5488051790744093 9.8183788862079435 79.204667193815112 10.083557985723017 6.6247746497392646 51.395686930045485 31.862057868391275 2.9290134795010081 17.753830891102552 33.539744581095874 84.391125711612403 16.554623587056998 9.8755534607917053 2.2085531763732424 109.84801408369094
leaf_count=448745 5912 165 1723 933 1796 201 960 46 136 63 40 1425 44 81 1904 58 96 1177 79 86 1090 341 63 135 514 1927 404 88 27 2173
internal_value=-2.10738e-05 5.54742e-05 0.00402934 0.000548724 0.00186805 0.00831524 -0.00311004 -0.000722416 0.0393079 0.0702928 0.0306845 -0.00289833 0.0103168 -0.00631789 -0.0027333 -0.00459623 0.0138816 0.0111871 0.0340744 0.0171495 0.0180341 0.01936 0.0498834 0.0139191 0.0090004 0.00204754 0.0194406 0.0119721 0.0168046 0.0120181
internal_weight=14436.5 14275.3 842.939 686.971 646.961 281.886 365.075 315.147 16.2472 10.1471 5.91931 298.9 61.4446 237.456 190.757 183.327 225.315 198.789 26.5267 16.4432 119.584 155.967 12.0488 102.689 84.9354 113.37 28.979 26.4302 143.919 112.057
internal_count=472432 466520 17775 15006 14073 5174 8899 7939 285 149 103 7654 1767 5887 4462 4381 3378 3117 261 182 1940 2769 228 1739 1604 2477 550 492 2541 2200
is_linear=0
shrinkage=0.03


Tree=203
num_leaves=31
num_cat=0
split_feature=7 7 16 2 6 5 5 8 0 18 19 18 5 5 6 3 8 9 0 5 6 8 8 5 8 8 6 6 6 0
split_gain=8.24445 12.4047 12.1096 18.9839 14.1325 11.5433 11.5627 15.8502 21.1547 16.0569 12.1744 29.4946 18.1877 47.0694 21.6752 28.5249 15.5716 20.2152 22.3068 16.9553 52.5759 15.3702 20.3253 139.841 13.9128 45.0231 23.504 59.4799 40.6056 26.8537
threshold=-1.0385214214712299 -0.85325389439115884 1.5000000000000002 1.0000000180025095e-35 36.173965711446563 353.90564182194623 333.93928571428575 41.500000000000007 213.01400000000004 9308.5000000000018 1.5000000000000002 4844.5000000000009 291.33348056365406 293.58145646766178 160.54223381001967 0.37940952255126048 10.500000000000002 1.5000000000000002 149.96000000000001 40.528457893990939 15.084848173204785 29.500000000000004 30.500000000000004 61.796000000000006 164.50000000000003 142.00000000000003 257.46160249020141 160.77600226570254 356.7496448533455 99.960000000000022
decision_type=2 2 2 2 2 2 2 2 2 2 2 2 2 2 2 2 2 2 2 2 2 2 2 2 2 2 2 2 2 2
left_child=2 -2 -1 4 -4 6 10 9 -9 -8 11 -3 16 -14 15 -15 17 -13 -19 20 -18 -21 23 -23 25 -12 27 -27 -28 -29
right_child=1 5 3 -5 -6 -7 7 8 -10 -11 24 12 13 14 -16 -17 19 18 -20 21 -22 22 -24 -25 -26 26 28 29 -30 -31
leaf_value=0.0039295526354985195 -0.0054168856650960084 0.0015263712240927839 0.088069840331391827 -0.025250043107965109 0.010507107533726199 -0.0094364227473969359 -0.0228067055560226 -0.013032733720430744 0.046521476603303982 0.067089825514855844 0.0009494591941262699 -0.0038271019590759153 0.1580030107889149 -0.01892387377184673 -0.031525496376385367 0.091347048373628364 -0.030660209743859759 0.018318618655892446 0.19979180371697822 -0.024190947418796845 0.14605934504589954 0.34864262045441186 -0.011664407239741452 -0.030453709890934291 -0.00016711522346986218 0.0083743726228925654 -0.01917241686690838 0.061659026537338749 0.024577100683679569 0.019124964204347238
leaf_weight=226.82833347190171 386.19127310276963 518.00914060557261 5.3968848045915347 3.4498477634042493 3.4759621908888221 114.8589665228501 12.095580431632696 7.4711509710177806 19.07087354362011 2.0984428049996486 2124.7517249560915 127.54859170503914 1.9809620846062923 4.1629707310348767 8.1746731149032694 4.2838549558073282 4.2205978212878099 1.8438889700919383 0.91070467047393311 114.18874732707627 2.3637254368513823 1.1042824275791634 138.73001587204635 4.2315460979007185 10342.22341599036 120.29717652266845 42.489093878306448 35.404617985710502 34.675469455309212 21.454111859202385
leaf_count=8711 9444 23746 84 55 49 4119 344 195 171 36 68228 8638 22 65 347 50 269 136 44 9252 75 25 11920 355 318582 3849 1453 735 896 537
internal_value=-2.07923e-05 -0.000113856 0.00550301 0.0344662 0.0576844 3.44558e-05 0.000113894 0.0160732 0.0297579 -0.00951641 6.62772e-05 -0.00324386 -0.0092162 0.0197729 0.00329858 0.0370006 -0.0105809 -0.00209061 0.078316 -0.0147583 0.0327809 -0.0159703 -0.00945449 0.0480026 0.000308723 0.00237727 0.0143061 0.0203252 0.000487321 0.0456099
internal_weight=14434 14194.8 239.151 12.3227 8.87285 13808.6 13693.8 40.736 26.542 14.194 13653 931.754 413.745 18.6025 16.6215 8.44683 395.142 130.303 2.75459 264.839 6.58432 258.255 144.066 5.33583 12721.3 2379.07 254.32 177.156 77.1646 56.8587
internal_count=472432 463533 8899 188 133 454089 449970 746 366 380 449224 54944 31198 484 462 115 30714 8818 180 21896 344 21552 12300 380 394280 75698 7470 5121 2349 1272
is_linear=0
shrinkage=0.03


Tree=204
num_leaves=31
num_cat=0
split_feature=0 6 14 22 0 3 10 21 12 15 13 17 6 0 0 0 0 0 0 0 21 21 0 15 3 10 16 21 0 0
split_gain=8.1106 11.7199 12.2286 12.9135 11.1779 14.6253 19.4598 21.0207 13.8437 16.9557 12.2497 10.6338 9.07707 25.0259 30.9727 23.2611 34.4015 55.6192 32.9626 24.5617 43.6323 29.5187 25.7567 25.7509 25.1289 26.9759 27.8622 24.4551 24.2897 22.2557
threshold=8.3700000000000028 32.327576817491313 3.5000000000000004 456.50000000000006 9.3165000000000013 0.98296291314453421 77.500000000000014 331.50000000000006 144.50000000000003 39.500000000000007 27515.057617187504 0.013193211983889343 58.372396273751555 36.95600000000001 35.002500000000005 49.000500000000009 48.955000000000005 47.936500000000009 58.955000000000005 57.008500000000005 2703.5000000000005 4060.5000000000005 50.014000000000003 47.500000000000007 0.37940952255126048 150.50000000000003 1.5000000000000002 3637.5000000000005 54.007500000000007 97.005500000000012
decision_type=2 2 2 2 2 2 2 2 2 2 2 2 2 2 2 2 2 2 2 2 2 2 2 2 2 2 2 2 2 2
left_child=1 -1 3 -3 5 6 7 -2 -8 -10 -11 -5 -6 14 -14 16 17 -15 19 20 22 24 -17 -23 25 26 -22 -28 -27 -20
right_child=4 2 -4 11 12 -7 8 -9 9 10 -12 -13 13 15 -16 18 -18 -19 29 -21 21 23 -24 -25 -26 28 27 -29 -30 -31
leaf_value=-0.025048581324766211 0.01258083842355558 -0.016761228367817661 -0.010767674604113648 0.060726483821963384 0.0010362517779209431 0.063438141138571283 -0.025005782957556854 0.071711478262166631 -0.027805993773003541 0.079444664912844826 0.0067936800591076067 0.0073014031968031499 -0.003272357951175954 0.0060549102233939233 -0.02093984773569613 -0.018800804129707693 0.014379873502184099 -0.019704409685297984 0.0037428513706727977 -0.016171522401824963 0.029832373996553526 -0.0035030755773246586 0.032405007310842733 0.13075104622305914 -0.00023795952398315996 -0.020974201992846372 0.044747110229352113 0.14323577221608455 0.078115726395062854 -0.0006751064171218944
leaf_weight=24.997415608726442 29.090657686814666 21.063155755400658 98.39270850084722 3.5083495224826029 4996.0066814483143 4.6202231803908935 19.006998335942626 6.6472063288092604 5.2201934293843797 3.9544475395232421 4.4271929003298283 75.74404608970508 917.33856912446208 335.6705715614371 98.935737528372556 155.38669438567013 242.44955717213452 97.308875468559563 1260.9762949948199 183.52314289961942 29.017136510461569 229.1872276281938 9.3741948842070979 1.2930722124874581 42.038914009928703 12.381917019374667 4.9494032450020295 4.1898194160312414 2.7145074172876766 5512.2970923692919
leaf_count=636 303 219 1687 83 80042 72 273 97 80 50 67 996 54108 19285 7886 9595 11394 8191 61919 19510 472 11945 504 54 1430 804 74 47 130 180479
internal_value=-2.0747e-05 -0.00568858 -0.0032531 0.00411744 6.84932e-05 0.0117802 0.00828811 0.0235791 -0.00847012 0.0146366 0.0410703 0.00966643 8.03599e-06 -0.000554056 -0.00499231 1.23451e-06 0.00533207 0.000265697 -0.000482241 -0.00680903 -0.00330624 0.00305676 -0.0158874 -0.00274986 0.0171011 0.030789 0.0442195 0.0898986 -0.00315672 0.000147382
internal_weight=14431.7 223.706 198.708 100.316 14208 72.9669 68.3467 35.7379 32.6088 13.6018 8.38164 79.2524 14135 9139.03 1016.27 8122.76 675.429 432.979 7447.33 674.056 490.533 325.772 164.761 230.48 95.2917 53.2528 38.1564 9.13922 15.0964 6773.27
internal_count=472432 3621 2985 1298 468811 942 870 400 470 197 117 1079 467869 387827 61994 325833 38870 27476 286963 44565 25055 14956 10099 11999 2957 1527 593 121 934 242398
is_linear=0
shrinkage=0.03


Tree=205
num_leaves=31
num_cat=0
split_feature=5 18 21 7 2 6 8 22 18 8 11 9 3 6 6 21 20 11 4 2 0 6 8 18 21 22 2 6 7 8
split_gain=8.10548 16.0855 34.7498 29.3682 17.2952 15.1809 10.6634 14.1723 16.7289 21.4995 30.0696 14.9891 13.3196 10.3438 29.8913 20.5801 17.6835 13.8955 28.0401 16.4291 25.546 15.2292 38.0947 27.2349 25.949 31.9481 21.6221 20.3049 21.5333 28.719
threshold=32.515324423541337 4297.5000000000009 4609.5000000000009 -0.55650657654956126 -0.78656609248549292 22.252332706985388 71.500000000000014 8510.5000000000018 9184.5000000000018 11.500000000000002 38.500000000000007 5.5000000000000009 0.37940952255126048 35.030968572923697 35.479306995295751 8988.5000000000018 35.082370758056648 42.500000000000007 1.0000000180025095e-35 -0.37940952255126065 20.958000000000002 32.368564995121005 498.00000000000006 4.5000000000000009 121.50000000000001 1389.0000000000002 -0.78656609248549292 32.670251370927943 -1.0385214214712299 66.500000000000014
decision_type=2 2 2 2 2 2 2 2 2 2 2 2 2 2 2 2 2 2 2 2 2 2 2 2 2 2 2 2 2 2
left_child=1 5 3 -3 -5 -1 7 -4 9 10 -9 -11 -12 15 -15 17 -17 21 -19 -20 -21 -2 27 -24 25 -25 -26 -23 29 -29
right_child=13 2 6 4 -6 -7 -8 8 -10 11 12 -13 -14 14 -16 16 -18 18 19 20 -22 22 23 24 26 -27 -28 28 -30 -31
leaf_value=0.0040367360951149012 0.0009996683930503143 -0.031399141952299668 -0.018170654857253138 0.1505162687290669 0.051021240117041185 -0.019503392862986805 -0.01152991416735295 -0.0015250731714927326 -0.0077691909425802522 -0.030815915066659968 0.12496412048569606 0.074451119241179115 0.28799541902716264 -0.016420620282639253 -4.9417317416043161e-05 0.025646735534480113 -0.011743218001944987 -0.00055997696087080047 0.10706336842401705 0.10917678634066798 0.018408083157426564 -0.014332751418885493 -0.026016001624894893 0.034512516121600535 0.056791619519349142 0.12403835150853686 0.0097375449345999034 -0.016192182017316478 0.0063390141098255892 0.13233498870488952
leaf_weight=34.508570314384997 663.3923818571493 2.2587541285902262 7.3251857971772578 2.7900272002443671 3.6029791086912137 86.356401398777962 40.610052376054227 1.0339401150122269 5.1520056128501892 2.3467100630514324 0.96401276905089595 2.5297599844634533 0.84753906354308128 101.15548108238727 13009.658332801191 12.564295501913874 121.19955630833283 28.026290440000594 3.2148820729926255 3.3657394116744426 16.329852386843413 45.805776809807867 6.9470130503177634 8.8259529247879964 12.844064075499768 6.0443259961903086 27.839741878211502 2.0044945916160932 167.7163072056137 2.8199668880552053
leaf_count=1151 16986 66 533 54 71 1786 888 68 263 101 58 45 52 1583 439200 194 3901 994 91 49 523 639 80 85 138 45 318 100 2341 29
internal_value=-2.06655e-05 -0.00617071 0.00533385 0.0615886 0.0944427 -0.0127824 -0.00266992 0.0151429 0.0340981 0.0620315 0.127562 0.0237933 0.201239 6.15349e-05 -0.000175728 0.00281696 -0.00823122 0.00430197 0.0195647 0.0441832 0.0339194 0.00347862 0.00933418 0.0299855 0.0369885 0.0709021 0.0245927 0.0034228 0.00813651 0.0706241
internal_weight=14430.1 190.326 69.461 8.65176 6.39301 120.865 60.8092 20.1992 12.874 7.72196 2.84549 4.87647 1.81155 14239.8 13110.8 1128.94 133.764 995.177 50.9368 22.9105 19.6956 944.24 280.848 62.5011 55.5541 14.8703 40.6838 218.347 172.541 4.82446
internal_count=472432 5136 2199 191 125 2937 2008 1120 587 324 178 146 110 467296 440783 26513 4095 22418 1657 663 572 20761 3775 666 586 130 456 3109 2470 129
is_linear=0
shrinkage=0.03


Tree=206
num_leaves=31
num_cat=0
split_feature=13 0 15 6 12 0 0 0 2 18 5 5 10 3 18 8 10 18 10 12 5 6 0 7 13 6 5 3 0 8
split_gain=8.12178 9.99028 10.7661 21.926 9.21094 8.79571 28.7685 27.9191 23.3391 22.0033 21.9438 23.2461 20.766 36.5189 20.5069 18.8391 18.4552 15.5543 15.3808 15.0478 15.0674 32.5606 16.2784 17.676 22.3594 14.1993 19.2816 14.1888 13.6846 13.9081
threshold=54560.964843750007 15.950500000000002 42.500000000000007 395.77295757026781 565.50000000000011 26.404000000000003 26.822000000000006 19.807500000000005 -0.9159756150367534 57.500000000000007 39.188393324785331 39.771702697926493 971.50000000000011 -0.12940952255126037 23.500000000000004 12.500000000000002 2.5000000000000004 3454.5000000000005 1030.5000000000002 1.0000000180025095e-35 125.29120922715252 205.54493770658823 10.014000000000001 -0.59613529589201442 300.00250244140631 217.1762877487574 99.60721571648692 -0.9159756150367534 15.950500000000002 27.500000000000004
decision_type=2 2 2 2 2 2 2 2 2 2 2 2 2 2 2 2 2 2 2 2 2 2 2 2 2 2 2 2 2 2
left_child=5 -2 3 4 -3 7 9 8 10 -7 15 -12 -11 -14 16 17 -9 -1 28 -10 25 22 -22 24 -24 26 27 -21 29 -13
right_child=1 2 -4 -5 -6 6 -8 14 19 12 11 18 13 -15 -16 -17 -18 -19 -20 20 21 -23 23 -25 -26 -27 -28 -29 -30 -31
leaf_value=-0.030983861809143153 0.031381344981129496 -0.0080138527880593644 -0.016448435657860371 0.082485792175890374 0.082975028760675668 0.046457764814922003 0.00025955259272783684 -0.0013449804646659899 -0.0075476244846244978 -0.0060914283728141071 0.067408657119235951 0.062667156703166832 0.12085054779800369 -0.01090361519037379 -0.0081983819344550578 -0.019515779747057767 0.023003163053544804 0.090730030764300126 -0.025001603481131136 -0.025648886179950359 0.12240620088885829 0.0012616217915807349 0.10867718620543564 0.06450321717443952 -0.021233922920960883 0.052997792538764521 -0.022598501083467303 0.0013335855963732138 0.025875494086724241 0.0065191327347128621
leaf_weight=1.4513548277318467 5.3984522568061939 22.046306244097657 72.866861400427297 2.9877152834087601 1.0489547192119051 20.763502921909094 12070.626928722952 187.72631682083011 231.83969063125551 25.241518725175411 6.8886735551059237 4.0921419765800229 3.5432202965021133 4.0661195386201134 700.64077330008149 32.742731954902411 32.93261463008821 2.708311328664422 9.9501531561836583 18.005382441915572 2.2911708345636752 47.141513590700924 1.4733407152816695 9.5992203867062891 6.2523978194221854 4.5033306535333386 33.70209336746484 678.23046019021422 55.143449649680406 133.54490070603788
leaf_count=57 88 1123 4148 46 49 177 417309 2471 3891 522 68 135 42 110 25041 678 252 114 180 401 68 1345 23 88 315 99 1602 9252 605 2133
internal_value=-2.05209e-05 -0.00835979 -0.010528 0.00601179 -0.00388126 4.02248e-05 0.000356946 -0.00170455 0.00116257 0.0222838 0.00945656 0.013212 0.00700462 0.0504465 -0.00568659 -0.0118757 0.0022889 0.0482627 0.0113704 -0.000816682 0.00113102 0.0147768 0.0472565 0.0373182 0.00354084 -0.000109321 -0.000436964 0.000635791 0.0132477 0.00818849
internal_weight=14429.4 104.348 98.9498 26.083 23.0953 14325.1 12124.2 2200.86 1279.56 53.6144 246.522 209.619 32.8509 7.60934 921.3 36.9024 220.659 4.15967 202.731 1033.04 801.199 66.7576 19.6161 17.325 7.72574 734.441 729.938 696.236 192.78 137.637
internal_count=472432 5454 5366 1218 1172 466978 418160 48818 21054 851 3970 3121 674 152 27764 849 2723 171 3053 17084 13193 1839 494 426 338 11354 11255 9653 2873 2268
is_linear=0
shrinkage=0.03


Tree=207
num_leaves=31
num_cat=0
split_feature=6 6 5 5 6 11 0 6 10 16 21 21 17 8 0 0 6 21 22 3 21 2 3 2 19 3 6 21 21 6
split_gain=7.97741 25.6037 18.0205 18.7215 59.3387 34.5777 40.9207 51.811 41.2429 20.7335 16.7144 30.6551 24.0183 16.4707 16.2898 21.7602 18.6343 18.2992 18.2794 30.5359 17.2801 15.3061 14.9566 20.9054 25.1809 20.1747 15.5191 40.7054 15.0219 14.5014
threshold=419.83466928127365 433.60969280215306 218.67191445969021 229.71408256880738 384.5429111756327 12.500000000000002 49.000500000000009 354.38733713668074 841.50000000000011 1.0000000180025095e-35 8965.5000000000018 5208.5000000000009 0.040882240980863578 6.5000000000000009 87.967000000000013 380.48500000000007 458.29373749271912 2411.5000000000005 457462.50000000006 -0.60355339059327384 8234.5000000000018 -0.60355339059327362 -0.70710678118654757 0.37940952255126054 27.500000000000004 -0.60355339059327384 411.85412471456999 8216.5000000000018 7211.5000000000009 134.14452347908596
decision_type=2 2 2 2 2 2 2 2 2 2 2 2 2 2 2 2 2 2 2 2 2 2 2 2 2 2 2 2 2 2
left_child=2 -2 22 4 5 -4 7 8 -7 -6 11 -10 -13 -8 -3 18 17 -17 -16 -20 -19 -5 23 -1 28 -24 -27 -28 -25 -23
right_child=1 14 3 21 9 6 13 -9 10 -11 -12 12 -14 -15 15 16 -18 20 19 -21 -22 29 25 24 -26 26 27 -29 -30 -31
leaf_value=-0.0037047364894311039 -0.020087854396501886 -0.011768780097240278 0.029359533065849163 -0.0016536539580395619 0.042222752323733403 -0.022732797080315514 0.041087878057190323 -0.01129783411958289 0.13953749580841213 0.11220717670144238 0.1667168438416356 0.092830367692125063 -0.02189886835850972 -0.007212593228382848 0.0050595104762960084 0.075532526097469785 -0.017366565169531979 -0.024230341146383005 0.10818498350014323 0.00077549094350500144 0.017927502096752305 0.019921301431605164 0.014186130108595114 0.013633559690833262 0.033615310213082825 1.151240520556934e-05 -0.030668988315137001 0.19041433973188424 -0.017306133344557176 0.003588349676674383
leaf_weight=1570.0453453562222 73.12214470282197 100.73270045826212 47.554211648181081 623.2315209005028 14.085858017206194 3.5382742444053354 6.6270168498158446 13.250587478280066 4.293756418861447 5.2224258640781036 2.2692764634266487 3.3426253888756037 3.228333312086761 154.27414271980524 253.17300694994628 3.2902598530054084 78.550023638643324 14.225925217382608 4.1809324268251657 5.5368446670472604 22.734757209196687 53.337053760886192 91.400293203536421 31.328713566996157 30.059055441059172 10594.029462944716 1.6815851517021649 1.3522428846918044 25.716525461059064 591.30623609339818
leaf_count=67835 2247 5075 633 15057 317 154 228 403 64 61 63 61 128 4690 6821 56 2374 305 45 115 240 797 1693 820 409 347204 107 62 1030 13338
internal_value=-2.02412e-05 -0.00354529 0.000120938 0.00319696 0.0105687 0.00647153 0.000767736 0.0329825 0.068175 0.0611519 0.0926654 0.0771986 0.0364635 -0.00522325 -0.00103789 0.00179411 -0.00886141 0.00773647 0.00660936 0.0469869 0.00170122 0.00169871 -0.000259169 -0.00291108 0.0113945 0.000151986 3.09403e-05 0.0678726 -0.000314342 0.00493972
internal_weight=14426.7 555.547 13871.2 1525.56 257.687 238.378 190.824 29.9229 16.6723 19.3083 13.134 10.8647 6.57096 160.901 482.424 381.692 118.801 40.2509 262.891 9.71778 36.9607 1267.87 12345.6 1657.15 87.1043 10688.5 10597.1 3.03383 57.0452 644.643
internal_count=472432 17278 455154 35994 6802 6424 5791 873 470 378 316 253 189 4918 15031 9956 2975 601 6981 160 545 29192 419160 70094 2259 349066 347373 169 1850 14135
is_linear=0
shrinkage=0.03


Tree=208
num_leaves=31
num_cat=0
split_feature=18 11 10 10 6 19 16 13 3 7 18 19 9 6 16 21 1 9 7 13 20 2 14 2 7 14 18 1 1 5
split_gain=7.85937 17.4171 99.5688 25.2899 21.2835 18.8515 20.5174 18.0056 16.4422 19.7099 15.3784 18.0101 16.6914 22.275 15.0455 16.1442 14.7304 13.7913 13.5735 13.3937 15.3282 13.1985 23.0729 19.6482 18.4282 16.5643 19.9374 19.5069 36.8302 27.7124
threshold=2.5000000000000004 1.5000000000000002 4.5000000000000009 1.5000000000000002 305.38637327838245 126.50000000000001 1.5000000000000002 25.006999969482425 0.60355339059327384 1.7605337687479865 18.500000000000004 79.500000000000014 7.5000000000000009 314.63076465601802 1.0000000180025095e-35 95.500000000000014 5.4165224462553345 18.500000000000004 -0.4684585910271542 1.0000000180025095e-35 1.3950805664062502 -0.37940952255126065 22.500000000000004 -0.25881904510252113 -1.0385214214712299 5.5000000000000009 3255.5000000000005 3.0353133713145306 2.9604418264400523 47.04334619782734
decision_type=2 2 2 2 2 2 2 2 2 2 2 2 2 2 2 2 2 2 2 2 2 2 2 2 2 2 2 2 2 2
left_child=16 2 3 4 8 6 17 -7 19 -10 11 12 -6 -14 -3 18 -1 -5 -16 -2 -21 24 23 -23 -17 27 -27 28 -26 -30
right_child=1 14 -4 5 10 7 -8 -9 9 -11 -12 -13 13 -15 15 21 -18 -19 -20 20 -22 22 -24 -25 25 26 -28 -29 29 -31
leaf_value=-0.0061509688886327253 -0.0013365670023501508 -0.0012508501764872707 0.047606955418052647 0.025903909276295132 0.052234523684679214 0.0028817237037307383 -0.0098910058361920267 0.037835034146514776 -0.0075080965862623049 0.031509596279463897 -0.012941947523544715 0.073785794605077212 0.032299148288296234 -0.009718143540202227 0.0029762596254900202 0.031916856029749231 0.019260388322937382 0.0054124283729280725 -0.019194922368360449 0.045798869837038139 0.0068544965219640673 0.0086620276129956413 -0.017739906585668371 0.0017970280774284976 0.006040663099160383 -0.012144109709177051 -0.0010761029261419431 0.00015682534932388552 0.079816832690765546 -0.0059337517410232897
leaf_weight=319.45261766761541 344.56844450626522 6523.0041072892491 44.364110574126244 43.74943289346993 9.6832292657345516 20.590287126600742 53.540783470496535 37.277600113302469 375.0851914929226 12.025650281459091 14.412560973316429 5.4062558002769938 20.391380209475756 25.625818198546767 39.93733827304095 16.06636071857065 21.94073823839426 91.138458920642734 65.792358867824078 9.7103206738829595 143.73924039117992 461.36578488210216 48.858365507796407 2009.5230724511202 118.91845132922754 211.49701237864792 476.46726581966504 2844.1892804012168 11.37499024719 4.8330662101507178
leaf_count=4675 5083 262713 287 345 77 296 368 240 5209 115 245 34 160 295 463 339 108 543 819 49 1078 13712 1081 56287 2230 8992 9671 96721 87 110
internal_value=-2.01684e-05 8.88606e-05 0.00346735 0.00184489 -0.000353973 0.0104213 0.00582178 0.0253981 -0.0016583 -0.00629601 0.0149335 0.0215082 0.0164341 0.00890078 -0.000240596 0.000803956 -0.00451783 0.0120586 -0.0108202 0.0019466 0.0093189 0.00100209 0.00267518 0.00307886 -0.000142468 -0.00028292 -0.00447868 0.000685938 0.0118229 0.0542469
internal_weight=14424.5 14083.1 1251.31 1206.94 960.648 246.297 188.429 57.8679 885.129 387.111 75.5192 61.1067 55.7004 46.0172 12831.8 6308.82 341.393 134.888 105.73 498.018 153.45 6203.09 2519.75 2470.89 3683.35 3667.28 687.964 2979.32 135.127 16.2081
internal_count=472432 467649 14424 14137 12345 1792 1256 536 11534 5324 811 566 532 455 453225 190512 4783 888 1282 6210 1127 189230 71080 69999 118150 117811 18663 99148 2427 197
is_linear=0
shrinkage=0.03


Tree=209
num_leaves=31
num_cat=0
split_feature=13 1 1 1 5 22 22 22 8 5 11 1 3 13 2 20 22 1 5 1 17 22 21 5 14 13 5 21 5 7
split_gain=7.83694 9.46437 72.8607 31.1896 22.438 22.1537 20.7125 20.1712 25.2195 23.5907 40.689 16.937 16.8703 24.9889 27.9365 31.6819 60.8994 23.0236 16.167 16.0402 29.4563 19.06 29.6295 15.1202 35.8867 37.0349 14.4401 14.0774 13.0808 15.4375
threshold=43794.537109375007 5.4165224462553345 5.3422146204293686 5.332530368305199 117.34893873807779 259378.00000000003 416595.00000000006 68951.000000000015 376.50000000000006 115.99097222222224 41.500000000000007 6.9032198963399383 -0.12940952255126037 19836.389648437504 -1.0000000180025095e-35 45.713495254516609 47801.000000000007 6.1003862120699388 122.17307618166399 5.7079401404580592 0.0060050261672586211 74758.000000000015 8924.5000000000018 123.5672333386389 3.5000000000000004 28560.576171875004 247.20149662512983 9092.5000000000018 143.08184343434345 2.6553722357009355
decision_type=2 2 2 2 2 2 2 2 2 2 2 2 2 2 2 2 2 2 2 2 2 2 2 2 2 2 2 2 2 2
left_child=1 2 3 -1 7 26 -7 12 -9 19 27 18 -3 14 15 17 -17 -14 -6 20 -10 22 -21 24 -20 -26 -5 -11 -25 -30
right_child=-2 4 -4 5 11 6 -8 8 9 10 -12 -13 13 -15 -16 16 -18 -19 23 21 -22 -23 -24 28 25 -27 -28 -29 29 -31
leaf_value=6.4316411210491571e-07 -0.0042195267409964633 -0.0081891823843902988 -0.016898446273769924 0.0050568178431754929 -0.012628946610775625 0.14636599847794018 0.026320379014823054 0.060324968436770016 0.11720095144539207 -0.031040217693977294 0.1952150251791247 -0.0097697375704749144 0.022304485279315868 -0.0025298103879970988 0.0052586212148326133 0.0070628226530590555 0.27556614712023092 0.10267095579242783 0.010320081314082557 -0.0035541959819403572 0.017973192889003078 -0.0025963081743721407 0.139567168192368 -0.0051927560524207559 0.034434800103888059 0.21793932702393964 0.065419947116345481 0.081496470041489258 0.0019455994585199515 0.02426897561336807
leaf_weight=11261.459063994698 389.10426792735234 79.646163424476981 232.2919552475214 15.328720854595309 72.564462495967746 2.6933769918978205 2.4888789970427752 11.259450910612939 2.8318326119333497 2.1669523119926444 1.7206024378538129 133.30781037732959 22.2665781993419 77.36385381128639 36.830458899028599 1.5813151383772486 1.4641878167167304 3.7483063172549 41.663171184249222 3.1181891374289981 54.71894852258265 67.969554888084531 2.2349151615053415 238.08347458951175 2.6999158449470988 1.5627591293305156 4.6483010658994308 1.8583401665091512 1621.7959081577137 28.368144300766289
leaf_count=384427 17969 3051 8502 546 2459 59 42 170 95 71 48 5065 379 3580 1078 67 41 50 1246 92 1279 1863 27 7804 83 41 48 49 31549 652
internal_value=-1.97995e-05 9.66768e-05 -0.000267108 7.51843e-05 0.00176561 0.0334403 0.0887118 0.00857894 0.0171697 0.0136131 0.0731084 0.000585152 0.00287958 0.00903354 0.0226103 0.0446015 0.136151 0.0338839 0.00127303 0.011001 0.0228558 0.00169618 0.0561988 0.00179459 0.0188026 0.10171 0.0191023 0.0209141 0.00138092 0.00232936
internal_weight=14418.8 14029.7 11518.9 11286.6 2510.83 25.1593 5.18226 370.78 147.879 136.619 5.74589 2140.05 222.901 143.255 65.8908 29.0604 3.0455 26.0149 2006.74 130.873 57.5508 73.3227 5.3531 1934.17 45.9258 4.26267 19.977 4.02529 1888.25 1650.16
internal_count=472432 454463 393624 385122 60839 695 101 11940 3694 3524 168 48899 8246 5195 1615 537 108 429 43834 3356 1374 1982 119 41375 1370 124 594 120 40005 32201
is_linear=0
shrinkage=0.03


Tree=210
num_leaves=31
num_cat=0
split_feature=19 18 19 19 17 18 14 21 10 6 6 7 17 12 16 7 12 21 10 16 11 10 19 4 16 7 13 21 18 18
split_gain=7.80237 29.0773 25.2147 25.1556 31.3863 23.0028 21.9402 21.9054 43.2571 20.715 36.6805 18.1402 18.3172 35.0738 17.9921 17.6681 17.0433 29.903 35.6421 31.9579 25.5491 16.7358 27.8345 33.6744 23.2752 20.7269 20.3218 28.0551 17.3059 16.6241
threshold=93.500000000000014 9467.5000000000018 141.50000000000003 79.500000000000014 0.16002207249403003 9477.5000000000018 6.5000000000000009 154.50000000000003 23.500000000000004 38.091680187016983 32.670251370927943 -0.9840105937902498 0.029127937741577629 179.50000000000003 5.5000000000000009 0.48052160243011161 1.0000000180025095e-35 565.50000000000011 2.5000000000000004 4.5000000000000009 15.500000000000002 175.50000000000003 331.50000000000006 1.0000000180025095e-35 2.5000000000000004 -0.27802926939232619 1300.1929931640627 4505.5000000000009 5532.5000000000009 7134.5000000000009
decision_type=2 2 2 2 2 2 2 2 2 2 2 2 2 2 2 2 2 2 2 2 2 2 2 2 2 2 2 2 2 2
left_child=3 2 -2 6 14 -3 -1 -8 -9 10 -6 -10 13 -13 -5 -15 -4 18 19 -18 -19 22 23 -22 26 -26 27 -25 -23 -30
right_child=1 5 16 4 9 -7 7 8 11 -11 -12 12 -14 15 -16 -17 17 20 -20 -21 21 28 -24 24 25 -27 -28 -29 29 -31
leaf_value=0.00029001305683551079 -0.0081855902404489502 0.058468955474092817 -0.0071540176846017437 0.00040081257431630779 0.038344527448079563 0.0086276371502953374 -0.018301854046410711 0.061961483557593261 0.10903906433185119 0.042270006456329029 -0.014931879967741731 -0.0089855148268333084 -0.0079358659537004644 0.038488803416350817 0.025302996721966519 -0.017284086253430767 0.012710600279352212 -0.011428308264564582 0.034135000541872032 -0.022065082846800949 0.00051327235542420835 -0.019602353354074443 -0.01415751879843859 -0.0091218850812117194 0.10107475495612028 0.037244095468376592 0.077203556904809387 0.060096618947631415 0.013486998882589932 -0.0021163322845243501
leaf_weight=11742.447034056531 546.06800355296582 9.0033562667667848 255.99123433604836 231.45532363746315 23.12949100881815 112.06876865588129 103.88325762841851 9.0467298207804543 1.2660559117794026 34.351484604179859 23.39499793201685 49.795051762834191 328.67722118739039 31.432637826539576 29.433118602260947 6.1047626528888932 98.048202678561211 166.2285686172545 49.825854556635022 31.399591032415628 44.328040935099125 40.058289466425776 28.683078913018107 19.054956477135427 7.5504777003079679 11.631597977131603 4.7890961915254584 7.2847044654190531 77.744546154513955 293.26589589193463
leaf_count=426832 6556 73 5345 2418 262 1175 1588 83 18 174 292 2364 12316 923 213 152 909 2493 347 447 500 1002 564 218 94 104 45 75 1149 3701
internal_value=-1.98095e-05 -0.00186577 -0.00288792 0.000244041 0.00827211 0.012334 2.04782e-05 -0.0059489 -0.00293882 0.0246006 0.0115543 -0.00434589 -0.00469096 0.00752132 0.00321025 0.0294184 -0.000341102 0.00164101 0.0125742 0.00427521 -0.00115656 0.00203859 0.0117315 0.0195779 0.0363754 0.0623692 0.0203575 0.0100217 -0.000869305 0.00115332
internal_weight=14417.4 1803.02 1681.95 12614.4 341.764 121.072 12272.7 530.206 426.322 80.876 46.5245 417.276 416.01 87.3325 260.888 37.5374 1135.88 879.893 179.274 129.448 700.619 534.391 123.322 94.6389 50.3108 19.1821 31.1288 26.3397 411.069 371.01
internal_count=472432 24797 23549 447635 3359 1248 444276 17444 15856 728 554 15773 15755 3439 2631 1075 16993 11648 1703 1356 9945 7452 1600 1036 536 198 338 293 5852 4850
is_linear=0
shrinkage=0.03


Tree=211
num_leaves=31
num_cat=0
split_feature=1 6 9 1 20 20 10 18 4 17 9 1 9 17 18 2 16 9 11 1 11 20 8 17 6 17 18 6 17 18
split_gain=7.70265 11.0851 17.5662 10.4045 14.9682 35.1278 22.7313 17.8572 11.0644 10.3336 9.5683 29.5501 23.7507 20.4196 19.5583 18.8074 22.0287 18.6126 21.3615 19.4131 18.4362 31.3988 18.4616 17.8996 18.0748 25.3153 21.43 29.003 26.9365 28.9074
threshold=2.2375126349582053 32.327576817491313 2.5000000000000004 2.3337439339433823 46.299335479736335 46.94011306762696 77.500000000000014 33.500000000000007 1.0000000180025095e-35 0.013193211983889343 5.5000000000000009 3.9111225951759701 7.5000000000000009 0.0073127360083162793 4.5000000000000009 -1.0000000180025095e-35 1.0000000180025095e-35 11.500000000000002 37.500000000000007 3.9321000672001851 42.500000000000007 42.479465484619148 160.50000000000003 0.20838212221860888 140.75527513549289 0.029416977427899841 9087.5000000000018 132.46376131683209 0.071434255689382567 4011.5000000000005
decision_type=2 2 2 2 2 2 2 2 2 2 2 2 2 2 2 2 2 2 2 2 2 2 2 2 2 2 2 2 2 2
left_child=1 -1 -3 4 6 -6 7 8 -2 -4 11 -5 13 -12 -15 23 -17 18 19 -14 -19 -22 -23 24 25 -16 27 -27 -29 -30
right_child=3 2 9 10 5 -7 -8 -9 -10 -11 12 -13 17 14 15 16 -18 20 -20 -21 21 22 -24 -25 -26 26 -28 28 29 -31
leaf_value=-0.024734775948889821 0.02732037784770985 0.03929767696906699 0.043198850996257317 -0.0074137303857846702 0.10887699026986662 -0.0056732100621436606 -0.015637191093709753 0.057932516464098832 -0.00988739871779774 -0.0061103774254993373 -0.0054504082834323942 -3.8029033816339355e-05 -0.0073393046101962369 -0.022340691533509389 -0.0092013075447988178 0.0086900807871615072 0.02834069209888071 1.2384487391268763e-05 -0.0074623474914680262 0.0051213085676249572 0.014427501783121185 0.029759145310806458 0.00033384315868675732 -0.0068405452310169694 0.0032494455449972376 0.0075424374804894312 0.051937982930721521 0.03794816747999763 0.04900087524276845 0.27162254227364035
leaf_weight=24.182657410390675 14.92439922504127 8.375867657363413 3.9053909862413994 603.8421975960955 4.3886698745191079 5.3422168558463454 25.848724729381502 8.9349973890930396 13.884673753753304 185.93564916960895 143.28858278645203 2567.6100518216845 170.08155880635604 20.142080219462514 26.104242467321455 176.56537150312215 72.393929782323539 8044.7940962407738 605.36863445164636 332.5369253703393 219.58201206848025 19.811495451256633 611.50974137755111 102.65258542634547 307.77982594911009 59.94960623793304 19.782650834415108 12.678262445610015 1.1153096295893186 0.99173311004415143
leaf_count=636 150 130 81 44031 55 80 384 96 177 2774 13575 121193 6012 297 1500 6827 2005 187970 30641 10084 5362 194 18449 3244 12630 2758 657 340 51 49
internal_value=-1.96441e-05 -0.00555949 -0.00322009 6.71702e-05 0.0113388 0.0459894 0.00603657 0.0208797 0.00938791 -0.00509599 8.6321e-06 -0.00144236 0.000428993 0.0049792 0.00684689 0.00760059 0.0144042 -1.35474e-07 -0.00366676 0.00090475 0.000456555 0.00465592 0.00125724 0.00441104 0.00710712 0.0169504 0.0241731 0.0168236 0.0544558 0.153783
internal_weight=14414.3 222.4 198.217 14191.9 73.3237 9.73089 63.5928 37.7441 28.8091 189.841 14118.6 3171.45 10947.1 943.444 800.156 780.014 248.959 10003.7 1107.99 502.618 8895.7 850.903 631.321 531.054 428.402 120.622 94.5176 74.7349 14.7853 2.10704
internal_count=472432 3621 2985 468811 942 135 807 423 327 2855 467869 165224 302645 43933 30358 30061 8832 258712 46737 16096 211975 24005 18643 21229 17985 5355 3855 3198 440 100
is_linear=0
shrinkage=0.03


Tree=212
num_leaves=31
num_cat=0
split_feature=5 5 17 2 0 19 20 5 6 21 5 5 5 17 21 14 9 19 5 20 17 6 6 7 6 19 17 0 0 17
split_gain=7.59229 11.6405 12.0678 11.503 11.7433 8.84778 24.0594 14.6089 37.2889 22.519 25.9797 14.8675 13.5362 10.8861 35.0927 11.4934 19.4166 34.07 23.6915 40.2397 38.556 18.4166 33.9893 56.7659 17.9437 25.7374 17.8731 17.1676 22.5229 15.1873
threshold=353.90564182194623 333.93928571428575 0.32071428000926977 1.0000000180025095e-35 335.00500000000005 1.5000000000000002 42.995618820190437 247.20149662512983 178.78343279922356 8846.5000000000018 300.24375000000003 291.33348056365406 266.37641865793785 0.00077502214116975676 2765.5000000000005 3.5000000000000004 37.500000000000007 6.5000000000000009 205.30717032967036 38.009716033935554 0.11397409811615945 165.63193349465601 160.77600226570254 -0.050471900991248951 114.9366905510572 10.500000000000002 0.009208553936332466 40.967500000000008 47.952000000000005 0.018303121440112594
decision_type=2 2 2 2 2 2 2 2 2 2 2 2 2 2 2 2 2 2 2 2 2 2 2 2 2 2 2 2 2 2
left_child=1 5 3 4 -3 6 -1 -8 9 10 11 12 -9 14 -7 29 17 18 -17 -20 -21 22 24 -24 25 -19 27 -18 -29 -15
right_child=-2 2 -4 -5 -6 13 7 8 -10 -11 -12 -13 -14 15 -16 16 26 21 19 20 -22 -23 23 -25 -26 -27 -28 28 -30 -31
leaf_value=0.00084301140489898983 -0.0070621112001711559 -0.0036461418316245889 -0.01583463155081619 0.057643467642029107 0.034929484018900288 0.21909987563854469 -0.010161781292801762 0.094754188167275391 -0.025293795385767287 -0.012736337531060543 -0.0096398444496868692 0.12134741645659095 0.0062010213433561093 -0.0014999814543981932 -0.0214407312124094 0.0042682839707645177 -0.026379899028501259 0.093387629330792823 0.0068195093106156153 0.23087418272693105 0.053901763035544677 -0.012794123124055437 -0.011220179581291475 0.17704427854788199 -0.021439891637065181 -0.036364358983603295 -0.00068340399061782623 0.13436840786274062 0.020738932897527096 0.0014555652431640293
leaf_weight=682.14930396899581 136.46368748089299 14.895906268619003 8.9065124522894603 7.0116426423192015 13.575060857459901 0.55550839938223617 369.95973582589068 3.0761334449052828 15.59383363323286 6.032003193628042 3.9594326894730321 4.5621187286451459 3.1387914153747261 1989.5271418017801 31.435096928849816 26.831349287647754 6.7384273260831824 3.3975783819332781 6.2009365041740221 1.828350127674639 2.8119967542588711 306.58892745245248 3.0577692240476608 2.7268721945583811 15.367380911484359 2.312231520190835 3374.4330389159732 1.6364261889830221 38.645741344429553 7328.913331668824
leaf_count=32247 4743 310 284 83 148 6 29973 74 811 121 73 51 74 102048 3167 1282 303 97 290 49 82 14391 177 59 818 60 61723 84 1282 217522
internal_value=-1.95076e-05 4.7813e-05 0.0153867 0.0232236 0.0147469 -3.01422e-08 -0.00259931 -0.0083784 0.00976617 0.0360906 0.0560767 0.0802207 0.0500312 0.000215235 -0.0172638 0.000257884 -0.00113441 -0.00765199 0.0193908 0.0568178 0.123631 -0.0107072 0.0131116 0.0775274 -0.00456731 0.0408436 -0.000427451 0.017941 0.025355 0.000824543
internal_weight=14412.3 14275.9 44.3891 35.4826 28.471 14231.5 1088.47 406.322 36.3623 20.7685 14.7365 10.777 6.21492 13143 31.9906 13111 3792.58 371.123 37.6726 10.8413 4.64035 333.451 26.8618 5.78464 21.0772 5.70981 3421.45 47.0206 40.2822 9318.44
internal_count=472432 467689 825 541 458 466864 63424 31177 1204 393 272 199 148 403440 3173 400267 80697 17305 1703 421 131 15602 1211 236 975 157 63392 1669 1366 319570
is_linear=0
shrinkage=0.03


Tree=213
num_leaves=31
num_cat=0
split_feature=13 1 1 1 18 1 19 8 5 10 11 18 10 17 1 1 21 1 18 2 7 21 10 10 10 6 20 10 10 17
split_gain=7.57125 7.76105 27.3988 26.5539 20.5917 20.3724 22.6243 31.656 37.0114 14.9643 29.9076 14.6181 17.3888 14.7765 13.3128 13.2621 36.1247 31.1916 19.7296 38.2962 24.5265 16.6649 26.3118 18.3686 24.0725 19.117 40.2294 17.5177 16.0938 15.2681
threshold=106449.06640625001 3.310688987474856 3.0010926197861378 3.3258270643023118 14.500000000000002 2.9604418264400523 120.50000000000001 498.00000000000006 39.785202697926486 971.50000000000011 38.500000000000007 23.500000000000004 2.5000000000000004 0.20019646733999255 3.3305960584833594 3.433825888142402 8421.5000000000018 3.4642034787485021 8547.5000000000018 1.0000000180025095e-35 -0.53341938877051609 9617.5000000000018 915.50000000000011 961.50000000000011 986.50000000000011 40.380059495809846 44.242036819458015 973.50000000000011 1024.5000000000002 0.12000766769051553
decision_type=2 2 2 2 2 2 2 2 2 2 2 2 2 2 2 2 2 2 2 2 2 2 2 2 2 2 2 2 2 2
left_child=1 2 5 4 -3 -1 7 -7 -9 -6 -11 12 -4 -14 -5 16 28 -17 19 20 -18 23 -23 -20 25 -25 -27 -28 -16 -24
right_child=-2 3 11 14 9 6 -8 8 -10 10 -12 -13 13 -15 15 17 18 -19 21 -21 -22 22 29 24 -26 26 27 -29 -30 -31
leaf_value=0.00038813665472255484 -0.016076059996646307 0.050041474146757706 -0.002161197185755582 -0.022093621529466236 -0.00028595143965936409 -0.003354959374667241 -0.012220365729383639 0.11164668196335387 0.029681491498463042 0.12440319917920338 0.002847491069696798 -0.0074492819863877452 0.031567020874221786 -0.018255751444763463 0.0024219415241613627 -0.011326072730105125 0.1095548112799419 0.00028311539856993906 -0.0065622771290420791 0.11997494974462321 -0.032657480594867991 0.017523790780980392 0.046637648818997422 0.002682228671311735 0.0024645890162575367 0.21109245507276625 0.09144748111163449 -0.017702492196128447 -0.024065985239167566 0.13069550028246812
leaf_weight=1156.2938516703434 26.381870547076687 15.846545515581964 198.35623821988702 24.03240638691932 30.202272679656744 19.858990138396621 17.98015059903264 6.0445104055106631 27.587127832695842 2.8225762662477782 5.1372454594820738 740.61593267554417 26.197920167818666 6.7347173802554599 281.70379502791911 212.13925523916259 1.4941727635450659 11490.997422417859 34.385154269170016 5.0333127714693546 4.0494895884767157 20.198987671174113 4.6443126401863983 3.431472581811251 15.114190320484338 1.81308420561254 3.3453223961405456 2.1894388869404793 22.277170821558684 3.3458178406581283
leaf_count=19318 1862 124 2643 1110 575 321 286 60 271 46 114 25850 199 58 8353 9935 86 395923 1737 116 126 890 100 53 916 64 143 126 1002 25
internal_value=-1.94273e-05 1.00226e-05 -0.00163005 0.000306113 0.021295 0.0013489 0.0168926 0.0266785 0.0444128 0.00935822 0.0459515 -0.00539322 0.00119053 0.0213783 0.000212661 0.000256942 0.00560762 7.26791e-05 0.0213425 0.0600662 0.00567273 0.0167128 0.035753 0.00780874 0.0268927 0.0611444 0.0884465 0.04827 0.00048078 0.0818364
internal_weight=14410.3 14383.9 2199.67 12184.2 54.0086 1227.76 71.4708 53.4906 33.6316 38.1621 7.95982 971.905 231.289 32.9326 12130.2 12106.2 403.026 11703.1 99.0448 10.577 5.54366 88.4678 28.1891 60.2787 25.8935 10.7793 7.34785 5.53476 303.981 7.99013
internal_count=472432 470570 49006 421564 859 20256 938 652 331 735 160 28750 2900 257 420705 419595 13737 405858 4382 328 212 4054 1015 3039 1302 386 333 269 9355 125
is_linear=0
shrinkage=0.03


Tree=214
num_leaves=31
num_cat=0
split_feature=7 10 7 8 8 7 14 17 5 17 6 11 21 0 7 22 7 13 6 7 21 13 0 7 7 13 0 5 18 10
split_gain=7.5991 13.6867 11.4036 11.3317 12.5601 14.3392 11.0186 10.6896 15.7376 10.6978 15.6168 15.416 13.2497 13.0891 27.0341 31.7435 24.7266 24.3881 19.8929 36.5501 19.6069 17.2937 16.1117 29.2424 14.5671 14.4584 14.3189 30.6853 23.7499 25.2389
threshold=-1.0385214214712299 1436.5000000000002 -0.85325389439115884 38.500000000000007 43.500000000000007 -0.9093744376973758 6.5000000000000009 0.0051786652766168126 37.769805555555564 0.0078086180146783599 212.22418771571071 42.500000000000007 9724.5000000000018 34.004500000000007 -0.45185528573453809 8098.5000000000009 -0.45460040356127512 35295.671875000007 74.658594131789769 0.32186666857884311 8582.5000000000018 21838.797851562504 257.31000000000006 0.5222053720956058 0.70710678118654857 4907.9641113281259 55.95900000000001 120.23370991471218 8916.5000000000018 1028.5000000000002
decision_type=2 2 2 2 2 2 2 2 2 2 2 2 2 2 2 2 2 2 2 2 2 2 2 2 2 2 2 2 2 2
left_child=1 6 3 -2 5 -5 -1 8 -4 10 11 13 -13 -9 15 -15 17 -17 19 -16 -20 25 23 26 -25 -22 27 28 29 -23
right_child=2 -3 7 4 -6 -7 -8 9 -10 -11 -12 12 -14 14 18 16 -18 -19 20 -21 21 22 -24 24 -26 -27 -28 -29 -30 -31
leaf_value=0.00393326913379307 -0.016930329253163984 0.092532038438485675 0.026784499353784262 0.0017242076888104936 -0.0036586587847391291 0.10923356643486599 0.05997563173123082 -0.0088883244243567541 -0.0063163424761338658 3.6010351601013504e-05 -0.025976979598738102 -0.0095227696991439306 0.075844601585435698 0.21086577126675035 0.22612255875804876 -0.0066292370263840699 0.12124769955248328 0.17759527649518439 -0.0085833693582840175 -0.03060951622620221 0.033513610366815397 0.18426736122174672 -0.0062354881094527498 0.11794143042686031 0.018161008531328151 -0.0018813080196914368 0.015562737373619788 0.16267635142159076 0.010506717659531128 0.011884606068672442
leaf_weight=235.28071413887665 62.239946231944486 1.6069725579582144 13.429824398830531 2.6949661928229034 315.97259423928335 1.9063656209036697 3.2003831826150408 28.938258073758334 345.37494382192381 13101.132919871248 13.557200044859199 56.302616909146309 1.6852919347584236 1.1117182178422798 1.0522684375755482 6.2837448907084754 2.5621307007968417 0.72093320125713933 43.648408499546349 0.94934696657583106 12.322651665657757 1.6742605818435543 14.320599894039331 4.6198339387774459 1.8417961243540046 66.117396815679967 54.159364311955869 1.8603635821491469 10.188827911857514 1.4066184568218885
leaf_count=8826 3788 32 564 122 5454 80 41 1989 27328 409892 1207 2831 63 54 89 483 93 57 2414 65 373 85 409 128 92 2917 2283 79 527 67
internal_value=-1.92592e-05 0.00527333 -0.000108946 -0.00521635 -0.00294207 0.0462661 0.00468535 3.28858e-05 -0.0050774 0.000169452 0.00554328 0.00691394 -0.00704175 0.0101028 0.0125471 0.059133 0.0415008 0.0123315 0.0102242 0.104357 0.00933609 0.0139776 0.0229463 0.028463 0.0895004 0.00367911 0.0227709 0.0485733 0.0325764 0.105564
internal_weight=14408.2 240.088 14168.1 382.814 320.574 4.60133 238.481 13785.3 358.805 13426.5 325.324 311.766 57.9879 253.779 224.84 10.6785 9.56681 7.00468 214.162 2.00162 212.16 168.512 90.0717 75.7511 6.46163 78.44 69.2894 15.1301 13.2697 3.08088
internal_count=472432 8899 463533 9444 5656 202 8867 454089 27892 426197 16305 15098 2894 12204 10215 687 633 540 9528 154 9374 6960 3670 3261 220 3290 3041 758 679 152
is_linear=0
shrinkage=0.03


Tree=215
num_leaves=31
num_cat=0
split_feature=6 6 5 5 6 11 1 6 10 17 1 7 6 21 18 7 1 8 8 7 19 10 13 1 1 13 8 2 18 20
split_gain=7.45588 24.5867 16.3987 17.4691 52.5344 31.7033 37.5207 45.104 34.4209 18.6538 15.3023 21.8636 20.2833 16.8267 20.2725 15.8777 17.23 15.2857 14.8548 30.9569 20.8352 16.4086 14.312 16.3677 14.0324 13.9834 20.2 13.9808 14.3619 21.3329
threshold=419.83466928127365 433.60969280215306 218.67191445969021 229.71408256880738 384.5429111756327 12.500000000000002 3.9120330053281478 354.38733713668074 841.50000000000011 0.20019646733999255 4.4882654962007873 0.10448630366404504 458.29373749271912 2266.5000000000005 8208.5000000000018 -0.30841267287031809 4.5850235979700589 6.5000000000000009 190.50000000000003 -0.29417196175525689 6.5000000000000009 935.50000000000011 25659.663085937504 3.6364275816172209 3.7120342992820663 12405.727050781252 162.50000000000003 -0.60355339059327362 1678.5000000000002 2.1881090402603154
decision_type=2 2 2 2 2 2 2 2 2 2 2 2 2 2 2 2 2 2 2 2 2 2 2 2 2 2 2 2 2 2
left_child=2 -2 -1 4 5 -4 7 8 -7 25 -3 15 13 -13 -15 -12 -17 -8 -18 -20 21 -21 23 -10 -24 -6 -27 28 29 -5
right_child=1 10 3 27 9 6 17 -9 22 -11 11 12 -14 14 -16 16 18 -19 19 20 -22 -23 24 -25 -26 26 -28 -29 -30 -31
leaf_value=-0.00024631864706399503 -0.019813061271881403 -0.011482423469729632 0.027906054410636479 0.021024904059410061 0.00633768618265655 -0.022496900226430947 0.038774305642569021 -0.011054302139104947 0.065336088599041581 0.12627528918912831 -0.0058667281470146781 0.071562251391057152 -0.017857428709264149 -0.023519697096734665 0.019305382485791139 0.069467913937094783 -0.0038300331063183487 -0.0070593449785663212 0.117356290353671 0.01698047635752261 0.010086952007061773 0.10712963349710314 0.092992458405140074 0.16497536687027345 0.014106963864691681 0.087687331577599115 -0.0021468065077522381 0.004683550883329079 0.00017288343669023815 -0.020003274717898176
leaf_weight=12326.41485804203 71.786602498963475 99.306350087281317 48.398864809423685 13.656370520591734 5.7207338623702588 3.4514748225919964 6.8408876000903538 13.101684875320641 2.7795854592695823 2.9533348260447374 67.058130965102464 3.4031982636079183 78.450900020077825 16.584330284968019 24.862727885134518 4.4455044949427238 52.470194529276341 153.35140153253451 2.6072660628706208 3.6116407271474591 124.62674510106444 3.6572649329900742 4.502691966481505 3.1827761521562934 3.6947516771033406 8.4437016267329437 3.0724579840898505 647.42870358517393 538.99551734514534 69.212247995194048
leaf_count=419160 2247 5075 633 146 100 154 228 403 91 70 2464 55 2355 354 261 119 1534 4690 59 97 2576 82 91 65 69 126 82 14135 12251 2660
internal_value=-1.91673e-05 -0.00343552 0.000117157 0.00304781 0.0101403 0.00621953 0.000721498 0.0310959 0.062453 0.0566115 -0.000991687 0.00173712 -0.00865738 0.00743511 0.00216966 0.0066956 0.0110965 -0.00510205 0.00970861 0.0149901 0.0129666 0.062338 0.0831597 0.118525 0.0574372 0.0446754 0.06372 0.00159782 -0.00161476 -0.013242
internal_weight=14408.1 552.871 13855.2 1528.79 259.494 239.304 190.905 30.713 17.6113 20.1902 481.084 381.778 123.301 44.8503 41.4471 258.477 191.419 160.192 186.973 134.503 131.896 7.26891 14.1598 5.96236 8.19744 17.2369 11.5162 1269.29 621.864 82.8686
internal_count=472432 17278 455154 35994 6802 6424 5791 873 470 378 15031 9956 3025 670 615 6931 4467 4918 4348 2814 2755 179 316 156 160 308 208 29192 15057 2806
is_linear=0
shrinkage=0.03


Tree=216
num_leaves=31
num_cat=0
split_feature=5 21 10 19 19 14 10 12 13 6 5 5 5 5 17 21 10 13 11 6 22 22 6 8 8 3 5 6 19 5
split_gain=7.39124 14.4609 19.6436 13.2501 12.0617 10.7208 10.1993 12.2031 16.9269 9.73282 33.4045 14.9593 21.4926 46.814 25.8191 18.0117 23.5549 22.7455 18.7212 15.9973 14.4601 33.498 49.5313 35.8201 43.3776 31.6476 29.7563 26.7854 21.2895 20.638
threshold=32.515324423541337 4003.5000000000005 94.500000000000014 3.5000000000000004 15.500000000000002 10.500000000000002 992.50000000000011 186.50000000000003 10681.480957031252 45.748518406342633 49.9330424528302 71.17058333333334 102.58994080996887 103.91350000000001 0.050039123743772514 8102.5000000000009 150.50000000000003 3995.724975585938 37.500000000000007 186.6198685303122 14059.000000000002 17753.000000000004 127.13926306166469 40.500000000000007 42.500000000000007 -0.12940952255126037 140.27371024043455 47.746429166681615 44.500000000000007 151.90022267206481
decision_type=2 2 2 2 2 2 2 2 2 2 2 2 2 2 2 2 2 2 2 2 2 2 2 2 2 2 2 2 2 2
left_child=1 3 4 -1 -3 6 -4 8 -8 -2 -11 -12 19 14 15 16 -14 -18 -19 -13 28 22 23 25 -25 26 -22 -23 -15 -28
right_child=9 2 5 -5 -6 -7 7 -9 -10 10 11 12 13 20 -16 -17 17 18 -20 -21 21 27 -24 24 -26 -27 29 -29 -30 -31
leaf_value=0.0020678774554392281 0.0012355262051164384 0.083421018763946156 -0.0092058276483056173 -0.020697675648719882 0.011096354443522501 0.064551716921934829 -0.019325673691373224 -0.004629882460159199 0.08309406591896977 -0.01447849520737038 0.0050097689240424645 -0.0050947554850243699 -0.029114893066587089 -0.0036351291493749707 -0.0077266698684113535 0.011241456258055954 0.10177515716511207 0.061716749848366836 0.016847332278327954 0.038256908875805358 -0.0076980711945974639 0.10835214458766482 0.0022654975967644768 0.11075946421796788 0.033958857872203783 -0.010507155531183619 0.16598810741708867 -0.00013456029821482147 0.012173661331488549 0.054315842502564965
leaf_weight=34.031885196454823 4379.9281958197244 4.1437510233372432 57.445299399551004 71.041511956602335 4.1574096884578466 2.1524607054889193 2.1684788772836319 8.9132975661195797 4.3972175819799304 150.73735769372433 463.96403274405748 957.11773197585717 3.8381262589246026 1504.8533673796337 21.593431232031435 28.754008185584098 6.1448757722973815 16.518270728643984 16.963767665904015 7.7226569149643174 5.09995279740542 2.0489428583532563 204.97723044920713 7.937750155106186 39.833369525615126 26.53768676891923 2.106972383800894 6285.8434252077714 80.783102913759649 5.0816750451922417
leaf_count=1178 65273 77 1842 1473 73 29 53 287 124 1620 7919 73219 57 64765 1262 1073 58 218 495 126 249 19 8799 75 1000 889 59 239173 836 112
internal_value=-1.90772e-05 -0.00592138 0.00340773 -0.0133242 0.0471992 -0.00143425 -0.00338191 0.0182317 0.0492675 5.91522e-05 -0.000464551 -0.000246499 -0.000510895 -1.59264e-05 0.0210557 0.0296616 0.0418474 0.0487205 0.0389835 -0.00474777 -0.000258028 0.000361745 0.0103024 0.0293257 0.0467202 0.00792382 0.0477262 -9.92093e-05 -0.00282972 0.0870467
internal_weight=14406.8 188.451 83.3779 105.073 8.30116 75.0768 72.9243 15.479 6.5657 14218.4 9838.46 9687.72 9223.76 8258.92 93.8125 72.219 43.465 39.6269 33.482 964.84 8165.1 6579.47 291.575 86.5974 47.7711 38.8263 12.2886 6287.89 1585.64 7.18865
internal_count=472432 5136 2485 2651 150 2335 2306 464 177 467296 402023 400403 392484 319139 3163 1901 828 771 713 73345 315976 250375 11183 2384 1075 1309 420 239192 65601 171
is_linear=0
shrinkage=0.03


Tree=217
num_leaves=31
num_cat=0
split_feature=13 14 21 11 11 5 5 6 22 6 22 6 22 5 6 8 8 8 5 12 7 7 6 22 10 5 18 21 6 7
split_gain=7.38319 7.50255 18.6102 15.1305 29.9528 23.2001 31.8547 41.4136 46.0631 39.5382 33.2154 35.6687 35.8072 41.1528 45.6688 133.118 59.8207 72.2476 34.0935 45.2074 33.0798 53.6471 33.0566 31.0484 27.7873 26.7196 36.3444 44.6836 45.6188 32.5423
threshold=54560.964843750007 4.5000000000000009 52.500000000000007 26.500000000000004 31.500000000000004 143.45892908382868 131.63977291666669 293.67560342542032 45765.500000000007 202.97718580747508 68951.000000000015 56.185516830688655 4881.5000000000009 69.605000000000004 32.368564995121005 7.5000000000000009 10.500000000000002 35.500000000000007 128.17677765237022 62.500000000000007 -0.13846368986498434 -0.14353654964007631 41.868701221492657 80000.500000000015 969.50000000000011 102.58994080996887 9146.5000000000018 9248.5000000000018 123.83321061201919 -0.25951411838906507
decision_type=2 2 2 2 2 2 2 2 2 2 2 2 2 2 2 2 2 2 2 2 2 2 2 2 2 2 2 2 2 2
left_child=1 3 -3 -1 -5 6 7 10 -9 -8 11 12 13 22 15 -15 -17 -18 23 -20 21 -21 -6 25 -25 -12 -27 29 -29 -28
right_child=-2 2 -4 4 5 -7 9 8 -10 -11 18 -13 -14 14 -16 16 17 -19 19 20 -22 -23 -24 24 -26 26 27 28 -30 -31
leaf_value=0.0019763241157708827 -0.0080358533426336132 -0.014009758178058246 -0.00088556370246309986 -0.012448962512324966 -0.0068150519738380839 0.0022365939458616662 -0.0012554920058108028 -0.017222892992676694 0.16430279363007003 -0.015881200913968396 -0.0025476286380132708 -0.0053482852407094389 0.0002104174253544535 -0.01587365913387264 0.015984504182702503 0.30188101686646424 -0.030633046212973455 0.19730226052657443 0.084293101352985983 0.026086882079340703 -0.010121662820148659 0.22304367965689226 0.049621328982555585 -0.0016526027089597431 0.0066138060834444248 0.01028882799848938 0.0091934713719561897 0.11008379351986616 0.010869522035412719 0.14212934025933577
leaf_weight=3636.8759740036912 102.65110140619799 100.92144577484578 2666.2306277346797 180.314020923106 43.475869360379875 2586.8707670373842 405.38210531324148 2.2340477220714083 2.8799918498843908 282.12169842747971 56.32641523052007 1616.1280228563119 596.84716794686392 6.1054468695074338 17.399384016171098 2.2456120084971189 1.9160517230629919 3.6086340937763453 9.3075307877734286 32.187262265942991 28.865158669650555 1.2947131292894472 11.896794999949632 1408.2995619997382 494.48081618314609 69.621879094280303 2.2475930289365351 5.0975425299257067 22.946938761509955 6.3105757273733598
leaf_count=57116 5454 1421 57296 7963 1905 87263 19654 161 55 16219 2198 120639 23965 360 1124 63 107 54 261 1573 1160 31 294 45357 15767 3614 108 94 1038 118
internal_value=-1.8917e-05 3.863e-05 -0.00136422 0.000375212 -0.000362217 -7.97676e-05 -0.001248 -0.00031787 0.085004 -0.00725725 -0.000416219 -0.00291851 0.00282671 0.0208482 0.0483582 0.088953 0.17132 0.118251 0.00227651 0.0226202 0.0134133 0.033703 0.00531028 0.00157071 0.000495612 0.0141555 0.0230125 0.0472141 0.0289033 0.107217
internal_weight=14403.1 14300.4 2767.15 11533.3 7896.41 7716.1 5129.23 4441.72 5.11404 687.504 4436.61 2299.62 683.495 86.6478 31.2751 13.8757 7.7703 5.52469 2136.99 71.6547 62.3471 33.482 55.3727 2065.33 1902.78 162.551 106.225 36.6027 28.0445 8.55817
internal_count=472432 466978 58717 408261 351145 343182 255919 220046 216 35873 219830 148511 27872 3907 1708 584 224 161 71319 3025 2764 1604 2199 68294 61124 7170 4972 1358 1132 226
is_linear=0
shrinkage=0.03


Tree=218
num_leaves=31
num_cat=0
split_feature=19 18 19 19 17 14 21 10 18 6 6 16 17 12 1 7 2 10 1 6 11 11 6 17 10 21 7 19 17 8
split_gain=7.28078 26.9052 24.1145 23.3602 28.8604 20.0812 20.6847 39.7069 19.9192 19.8193 33.0474 16.9305 16.4003 32.2191 17.2667 15.9784 15.7787 15.5081 15.1708 15.3799 15.1355 32.0486 25.8285 16.8499 27.7776 21.1106 17.8717 19.8005 26.4194 20.2752
threshold=93.500000000000014 9467.5000000000018 126.50000000000001 79.500000000000014 0.16002207249403003 6.5000000000000009 154.50000000000003 23.500000000000004 9477.5000000000018 38.091680187016983 32.670251370927943 5.5000000000000009 0.029127937741577629 179.50000000000003 1.7585461327554646 0.39996338849516716 -0.5 114.50000000000001 4.9484761596714781 193.28160263649175 26.500000000000004 31.500000000000004 41.784537058020881 0.18883550167083743 211.50000000000003 1153.5000000000002 -0.70710678118654691 12.500000000000002 0.32071428000926977 221.00000000000003
decision_type=2 2 2 2 2 2 2 2 2 2 2 2 2 2 2 2 2 2 2 2 2 2 2 2 2 2 2 2 2 2
left_child=3 2 -2 5 11 20 -7 -8 -3 10 16 -5 13 -9 -14 18 -6 -11 -15 -20 23 22 -22 -1 -25 26 -26 28 29 -28
right_child=1 8 -4 4 9 6 7 12 -10 17 -12 -13 14 15 -16 -17 -18 -19 19 -21 21 -23 -24 24 25 -27 27 -29 -30 -31
leaf_value=0.0034631700204699584 -0.0089282652271232762 0.053773691592092679 -0.00068393349546316069 0.0003672995238420242 0.057860238858063955 -0.017850478907538551 0.058726279990318528 -0.0087154739989363187 0.008292607819342027 0.053502194150017515 -0.014672253560693278 0.024484315203988988 0.099914873358227366 0.02334731377755046 -0.0077017739081080162 -0.011680170853726362 0.0088708736557601958 0.0089275244594615947 0.1134366921827277 0.036475521092984464 0.0044756974127883997 -0.00012896634886913735 -0.018649776001876502 -0.0018866553409587637 -0.025087686473013505 0.0011367979640702864 0.15794799099985687 -0.0031308975099994187 0.028830650870645208 0.063867760223784473
leaf_weight=2272.4178291265853 429.29509487748146 9.3884036280214769 1246.2955022472888 231.50215269811451 13.043886864557864 101.92653546947986 9.2351457737386209 49.22276215068996 112.73977790400386 24.678768292069435 23.142323691397905 29.540881846100092 1.3473652359098185 21.429281133227054 325.58440545201302 7.3969477750360957 10.829896127805112 9.819776773452757 4.0229525342583639 5.5762611292302608 61.150896630249918 7957.3154267335776 150.30965314409696 1222.4789410717785 4.0996196097694328 35.771424770355225 2.969961681403225 6.9524774402379981 14.64815062843263 6.7409394639544189
leaf_count=38402 5282 73 18267 2418 138 1588 83 2364 1175 116 292 213 18 756 12316 181 124 58 45 93 1322 357539 8249 18793 133 1620 78 90 465 141
internal_value=-1.92823e-05 -0.00180534 -0.00279617 0.000235481 0.00796244 1.95919e-05 -0.00571646 -0.00279826 0.0117889 0.0235452 0.0108738 0.0030965 -0.00416877 0.00735516 -0.00725826 0.0279415 0.0356371 0.0408143 0.037387 0.0687293 0.000276577 -0.000435289 -0.0119623 0.00190724 -0.000825877 0.0173918 0.0338121 0.0415239 0.0542691 0.0926411
internal_weight=14400.9 1797.72 1675.59 12603.2 342.558 12260.6 525.742 423.815 122.128 81.5147 47.0161 261.043 414.58 87.6482 326.932 38.4254 23.8738 34.4985 31.0285 9.59921 11734.9 8168.78 211.461 3566.08 1293.66 71.1826 35.4111 31.3115 24.3591 9.7109
internal_count=472432 24797 23549 447635 3359 444276 17444 15856 1248 728 554 2631 15773 3439 12334 1075 262 174 894 138 426832 367110 9571 59722 21320 2527 907 774 684 219
is_linear=0
shrinkage=0.03


Tree=219
num_leaves=31
num_cat=0
split_feature=1 6 14 18 1 20 20 10 2 21 18 17 6 13 3 10 19 2 12 22 7 22 11 17 6 1 19 21 1 2
split_gain=7.23762 10.6205 11.008 12.1789 9.80723 13.394 26.1012 22.7634 16.2749 15.5435 10.4236 8.50932 10.7176 8.48092 18.2264 12.7689 11.6812 8.15849 11.1875 10.6603 21.3402 17.6706 42.0547 18.7251 20.5515 17.2151 16.6162 14.0868 13.8567 19.2123
threshold=2.2375126349582053 32.327576817491313 3.5000000000000004 7.5000000000000009 2.3337439339433823 45.883115768432624 46.791881561279304 77.500000000000014 -0.60355339059327362 154.50000000000003 18.500000000000004 0.099986076354980483 45.748518406342633 1050.0159912109377 0.78656609248549303 917.50000000000011 6.5000000000000009 0.91597561503675362 1.0000000180025095e-35 317922.50000000006 2.4498421783677995 219449.50000000003 39.500000000000007 0.037743763998150832 273.33134179389964 5.3660414313031231 29.500000000000004 9756.5000000000018 3.0010926197861378 0.98296291314453421
decision_type=2 2 2 2 2 2 2 2 2 2 2 2 2 2 2 2 2 2 2 2 2 2 2 2 2 2 2 2 2 2
left_child=1 -1 3 -3 5 7 -7 8 9 -2 -10 13 -13 16 15 -15 -5 -6 -19 21 27 28 -23 24 25 26 -24 -21 29 -20
right_child=4 2 -4 11 17 6 -8 -9 10 -11 -12 12 -14 14 -16 -17 -18 18 19 20 -22 22 23 -25 -26 -27 -28 -29 -30 -31
leaf_value=-0.024456658102715623 0.02192637855920752 -0.026453022651323221 -0.01036074567192709 0.041104790086679638 -0.00017632571854785144 0.099790251763923893 0.0051215234466286275 -0.016983269387252576 -0.016955423619574441 0.084337576803936498 0.024316326511815162 0.009090948592332582 -0.018425593021903799 -0.032260128126443958 0.11267373772641635 0.053912920985215169 -0.026560198383464524 -0.0050342495354263233 0.0073781249449605367 -0.0071864421309087347 0.043747766575686173 0.0023899131247580455 0.10035443565432237 0.019360651850004951 0.13776853050206003 0.14480500821833822 -0.020340852982295949 0.027627514089805238 0.0032584906341874657 0.049802719981909299
leaf_weight=23.531098266597837 10.569986531510951 10.701775770634411 96.810069306753576 4.3524566683918255 13239.60034856759 4.2472111694514734 6.8462426690384746 24.459265516139567 11.173782434314491 5.4396854788064948 10.860713025555013 55.258467619307339 16.556592889130116 2.6009077522903663 2.6381507022306323 3.8213086766190827 4.8601161055266857 136.86207364313304 30.404334654100239 149.29440337046981 8.6044122334569675 27.396037237718701 1.600495102815328 5.475806711241602 4.3213911987841129 1.3614530172199009 2.8628868851810694 11.248517513275145 469.77260284963995 14.044752432033418
leaf_count=636 84 122 1687 38 451623 55 96 368 148 81 110 578 258 76 59 89 78 1481 313 1712 64 434 68 41 48 33 123 129 11666 134
internal_value=-1.90829e-05 -0.00540467 -0.00313587 0.00380372 6.49241e-05 0.0109877 0.0413661 0.00559601 0.0201126 0.0431321 0.00338725 0.007398 0.00274715 0.0256764 0.0462854 0.019014 0.00540795 7.92251e-06 0.00283373 0.00431617 -0.00228028 0.00631849 0.0247889 0.0640695 0.0881983 0.0514226 0.0229385 -0.00474719 0.00477332 0.0207832
internal_weight=14397.6 221.131 197.6 100.79 14176.4 73.5969 11.0935 62.5034 38.0442 16.0097 22.0345 90.088 71.8151 18.2729 9.06037 6.42222 9.21257 14102.8 863.249 726.387 169.147 557.24 43.0181 15.622 10.1462 5.82484 4.46338 160.543 514.222 44.4491
internal_count=472432 3621 2985 1298 468811 942 151 791 423 165 258 1176 836 340 224 165 116 467869 16246 14765 1905 12860 747 313 272 224 191 1841 12113 447
is_linear=0
shrinkage=0.03


Tree=220
num_leaves=31
num_cat=0
split_feature=6 6 1 1 18 17 6 17 8 21 17 21 17 8 9 22 22 22 20 22 1 17 17 1 1 6 22 3 21 18
split_gain=7.14575 23.6691 14.9296 49.1308 23.1282 22.258 19.2159 15.2163 25.4957 30.2277 36.9116 36.8083 43.4019 16.426 30.5012 50.2115 16.6189 16.0489 36.4913 15.3445 14.5872 14.7076 16.3987 14.5283 19.3868 16.8225 15.8937 25.1677 14.2621 15.3968
threshold=419.83466928127365 433.60969280215306 6.0912985697325359 6.1224379819470309 8344.5000000000018 0.016113890334963802 411.85412471456999 0.18883550167083743 280.50000000000006 6427.5000000000009 0.026154252700507644 5691.5000000000009 0.024311616085469726 248.50000000000003 6.5000000000000009 37626.500000000007 32735.500000000004 32031.000000000004 42.654668807983406 30054.000000000004 7.4493408272188786 0.056920632719993598 0.11113308742642404 4.4882654962007873 5.9440715306988032 458.29373749271912 457462.50000000006 -0.60355339059327384 2411.5000000000005 8208.5000000000018
decision_type=2 2 2 2 2 2 2 2 2 2 2 2 2 2 2 2 2 2 2 2 2 2 2 2 2 2 2 2 2 2
left_child=2 -2 -1 -4 6 -6 7 8 13 10 11 17 -13 16 15 -15 19 18 -10 -5 21 -7 -23 -3 26 28 -25 -28 -26 -30
right_child=1 23 3 4 5 20 -8 -9 9 -11 -12 12 -14 14 -16 -17 -18 -19 -20 -21 -22 22 -24 24 25 -27 27 -29 29 -31
leaf_value=-0.00014258095910093865 -0.019577627099369933 -0.011271596196245872 0.019895973075444006 0.0091600899311178336 -0.0075509765494823546 0.0171367586516398 0.03088042172487758 -0.017669486636348358 0.0056592425653815767 -0.017641103926379128 -0.0053525261556472007 0.028353405708253912 0.16452594158822728 0.0024409472239505562 0.014592283798591899 0.22412662751973375 -0.020506580863846671 -0.010856385477035425 0.17030209719637904 0.06792950956588921 -0.022850998346452215 -0.016269819196542405 0.015554276687445776 0.0046729287232470549 0.06336417778317166 -0.016854653369940843 0.095092234254135086 0.0003065631816866748 -0.023810296280058554 0.01628353646063857
leaf_weight=12962.100592663279 70.681340865790844 98.289132271427661 144.36032748222351 52.958247148431838 74.060518443584442 175.38923126179725 13.856340561062096 70.932967943139374 4.6348011344671312 125.4487043870613 95.862564099021256 5.0263028154149634 3.6263991082087159 1.801859539933502 10.029220226220785 1.877868673764169 16.582655367441475 11.602290567941962 1.6403634157031772 4.3249888680875292 10.808415816165505 28.962103179655969 29.330971191637218 255.40511185443029 3.6809836942702523 76.080392660573125 4.5768791548907757 5.6131512243300659 13.686016334220765 23.288830143399537
leaf_count=434489 2247 5075 2576 1321 2446 2742 141 2029 128 3607 2629 173 64 76 191 52 524 185 67 105 355 594 660 6821 56 2374 45 115 305 240
internal_value=-1.88135e-05 -0.00336825 0.000114557 0.00388875 0.000760782 0.00685731 -0.0038609 -0.00504556 -0.00237589 -0.0072925 0.0033145 0.0346314 0.0854241 0.0115384 0.0416974 0.115573 0.00594108 0.0100477 0.0486978 0.0135973 0.0112218 0.0127978 -0.000257083 -0.000984454 0.00166015 -0.00852957 0.0061388 0.0428798 0.00704939 0.00144305
internal_weight=14396.5 551.302 13845.2 883.117 738.757 318.551 420.206 406.349 335.416 247.841 122.393 26.5302 8.6527 87.5748 13.7089 3.67973 73.8659 17.8775 6.27516 57.2832 244.491 233.682 58.2931 480.62 382.331 116.736 265.595 10.19 40.6558 36.9748
internal_count=472432 17278 455154 20665 18089 6797 11292 11151 9122 6853 3246 617 237 2269 319 128 1950 380 195 1426 4351 3996 1254 15031 9956 2975 6981 160 601 545
is_linear=0
shrinkage=0.03


Tree=221
num_leaves=31
num_cat=0
split_feature=3 2 9 19 3 15 8 15 12 18 21 6 9 15 12 19 18 13 22 14 22 17 18 5 6 17 17 0 8 8
split_gain=7.1769 27.3332 29.086 25.8539 25.6795 16.9174 22.066 13.3777 33.0229 17.3071 14.9823 15.261 14.8236 20.6301 19.35 26.3752 15.2521 14.8989 12.6569 13.8098 11.734 15.2684 15.2879 13.0281 11.4328 16.4184 44.9595 38.8155 13.679 37.4703
threshold=-0.70710678118654757 1.0000000180025095e-35 20.500000000000004 5.5000000000000009 -0.60355339059327384 2.5000000000000004 25.500000000000004 25.500000000000004 5.5000000000000009 8457.5000000000018 9480.5000000000018 785.3357441263521 36.500000000000007 36.500000000000007 52.500000000000007 27.500000000000004 9080.5000000000018 2518.7480468750005 469732.50000000006 1.0000000180025095e-35 31438.000000000004 0.020556487143039707 6959.5000000000009 252.49307733619767 398.73478829115862 0.023084135726094249 0.024311616085469726 280.00500000000005 164.50000000000003 144.50000000000003
decision_type=2 2 2 2 2 2 2 2 2 2 2 2 2 2 2 2 2 2 2 2 2 2 2 2 2 2 2 2 2 2
left_child=1 18 5 -4 -2 6 -3 8 -5 -9 12 -12 13 -11 15 16 -15 -17 19 -1 -7 -22 -23 -24 28 -26 27 -27 29 -6
right_child=4 2 3 7 24 20 -8 9 -10 10 11 -13 -14 14 -16 17 -18 -19 -20 -21 21 22 23 -25 25 26 -28 -29 -30 -31
leaf_value=-0.00891649108904362 0.015042074278413947 0.089168317647153411 0.10265112327118663 0.016367455570407918 0.0011497268515089057 -0.0096762455279657319 0.0030121890166185101 -0.0061041928430481144 0.089394031276761113 -0.031306122471700025 -0.0064683008498996625 0.066974849181315355 0.016648408811573343 -0.031025247998597183 -0.0020615413127502862 0.23863713668701614 0.10043801265859421 0.11241901144863733 -0.012074619548963175 -0.0012933654065616276 -0.009950351761553242 0.031700307081805421 -0.002830437320771166 0.036855740939114472 -0.018123241913255803 0.011832094261007026 -0.0033194778871065271 0.15282794997906188 -0.0002678366315668048 0.01423617274922773
leaf_weight=263.20729177561589 104.74436595197767 4.1657217964529973 2.9032034296542397 65.361211352981627 2711.0761305931956 126.34065658412874 7.4784321431070566 54.781286771409214 6.0925848614424458 1.8370400564745093 24.561511713080112 2.8409038148820391 20.595155320130289 1.4561651619151219 2.0334857227280736 1.331898966804147 1.7473585559055207 2.2869007270783186 143.5410048943013 1141.1536035446916 50.272938211448491 23.151813842821866 50.888550467323512 8.7203874699771387 66.221657495480031 4.0934736086055628 471.84915874060243 3.0790215935558081 8814.6017093400005 212.3415680131875
leaf_count=14405 1844 76 114 822 101699 5529 92 1624 84 67 689 22 483 57 81 39 53 84 3078 45906 2806 764 2104 129 1692 104 15196 52 266516 6221
internal_value=-1.87869e-05 -0.00168313 0.00474756 0.0138205 0.000250822 -0.00154041 0.0338347 0.0124259 0.0225941 0.00602292 0.0173423 0.00114581 0.0315274 0.0601853 0.0791642 0.103375 0.0406812 0.158874 -0.00358939 -0.0027221 -0.00312852 0.00308979 0.011011 0.00297538 0.00012469 -0.00412192 -0.00218633 0.072359 0.00032195 0.00210026
internal_weight=14394.8 2006.75 458.847 187.829 12388 271.019 11.6442 184.926 71.4538 113.472 58.6904 27.4024 31.288 10.6928 8.85581 6.82232 3.20352 3.6188 1547.9 1404.36 259.374 133.034 82.7608 59.6089 12283.3 545.243 479.022 7.1725 11738 2923.42
internal_count=472432 79108 15719 4219 393324 11500 168 4105 906 3199 1575 711 864 381 314 233 110 123 63389 60311 11332 5803 2997 2233 391480 17044 15352 156 374436 107920
is_linear=0
shrinkage=0.03


Tree=222
num_leaves=31
num_cat=0
split_feature=18 18 8 19 17 10 17 17 8 14 14 19 11 3 1 16 19 3 18 11 3 5 7 17 20 1 5 10 1 12
split_gain=7.12724 16.6175 32.0506 24.4909 33.2494 30.6057 22.3308 18.7029 17.54 15.6364 15.5202 16.4039 15.2271 14.4984 13.4783 13.2546 18.2545 15.8275 13.7026 22.3369 17.5541 18.6413 43.4656 39.5341 18.3606 16.7587 25.755 22.6583 25.2236 15.696
threshold=2.5000000000000004 14.500000000000002 153.50000000000003 30.500000000000004 0.097576983273029341 2.5000000000000004 0.09318223595619203 0.22246482223272326 151.50000000000003 2.5000000000000004 10.500000000000002 78.500000000000014 1.5000000000000002 0.25881904510252057 5.4165224462553345 1.5000000000000002 323.50000000000006 0.1294095225512602 3385.5000000000005 42.500000000000007 0.91597561503675351 252.49307733619767 -0.42797154241373708 0.03178303316235543 22.645161628723148 4.3569331353420546 130.10881791819295 188.50000000000003 5.2923746970237469 184.50000000000003
decision_type=2 2 2 2 2 2 2 2 2 2 2 2 2 2 2 2 2 2 2 2 2 2 2 2 2 2 2 2 2 2
left_child=14 2 8 9 6 7 10 -6 -2 13 11 -5 -7 -4 -1 -3 18 -18 19 20 24 25 23 -23 -17 -22 27 28 -27 -24
right_child=1 15 3 4 5 12 -8 -9 -10 -11 -12 -13 -14 -15 -16 16 17 -19 -20 -21 21 22 29 -25 -26 26 -28 -29 -30 -31
leaf_value=-0.0059009134360270511 0.013829448078688539 -0.00075799836273776795 0.012850373658211955 0.021893758118259801 -0.003990755549965282 0.035711607564927535 0.095011510744214878 0.027864625644154796 0.066039150334130978 -0.019499899101717039 0.004662035541493594 0.070740273670525183 -0.0049866048787578611 -0.010648611792371325 0.018347131529384473 5.0279824385922873e-05 0.0073910510468357775 -0.01399603760336679 0.0029515927162246133 0.029732251465545805 -0.0055192184996157093 0.23712795672130615 -0.0083556895823308809 0.035045791925441862 -0.0095606317032829301 0.026429188063455605 -0.0002067288409519118 0.0061433170695235724 0.10267813048102901 0.091825185621697683
leaf_weight=316.46178024541587 168.81766427587718 9585.4877591531258 40.264099974185228 42.103297437541187 324.02303812466562 30.745769377797842 3.466598652303218 17.482647715136409 5.9969411231577388 70.343737286515534 44.646571615710855 7.2536057177931061 11.320188440382479 57.198111521080136 22.069988526403904 423.18892473075539 42.008598484098911 120.39678958617151 2564.7735475008376 20.386795147322118 80.694693453609943 1.6708889193832868 8.2540593617595714 1.8206569910980759 309.90151876723394 8.7196394950151461 42.536123439669609 12.20222633006051 7.0710517093539229 1.6969174798578013
leaf_count=4675 1787 348601 403 389 3547 188 61 166 32 807 972 75 83 567 108 7927 851 2569 80208 581 2229 55 271 110 13444 111 1125 403 50 37
internal_value=-1.8664e-05 8.49453e-05 0.00421937 0.00114765 0.00459007 0.000614181 0.0202363 -0.00235999 0.0156205 -0.00872059 0.0174788 0.0290724 0.0247595 -0.000940588 -0.0043201 -0.000172436 0.00136732 -0.00846395 0.00182574 -0.00131926 -0.00202439 0.00682693 0.0406823 0.131753 -0.00401257 0.00381747 0.0144999 0.0368471 0.0605734 0.00872793
internal_weight=14393 14054.5 823.662 648.848 481.042 383.572 97.4701 341.506 174.815 167.806 94.0035 49.3569 42.066 97.4622 338.532 13230.8 3645.32 162.405 3482.92 918.143 897.757 164.666 13.4425 3.49155 733.09 151.224 70.529 27.9929 15.7907 9.95098
internal_count=472432 467649 9077 7258 5481 3984 1497 3713 1819 1777 1436 464 271 970 4783 458572 109971 3420 106551 26343 25762 4391 473 165 21371 3918 1689 564 161 308
is_linear=0
shrinkage=0.03


Tree=223
num_leaves=31
num_cat=0
split_feature=13 0 0 0 19 5 10 18 21 0 2 11 22 10 8 5 18 0 17 0 2 5 11 0 17 19 21 10 19 19
split_gain=7.13824 8.17986 69.883 27.9164 23.8406 20.919 18.1965 23.4507 33.1145 20.2507 19.8855 18.0548 17.3157 20.4441 20.428 18.8949 32.1145 17.2782 17.2648 22.0633 17.1434 17.069 16.27 16.184 22.1852 18.7797 14.7934 33.0261 24.1343 56.5643
threshold=43794.537109375007 224.09500000000003 207.97500000000002 205.96100000000004 27.500000000000004 117.34893873807779 69.500000000000014 2182.5000000000005 2341.5000000000005 495.07500000000005 -0.78656609248549292 18.500000000000004 68951.000000000015 802.50000000000011 151.50000000000003 115.99097222222224 8208.5000000000018 323.08450000000005 0.018303121440112594 994.47500000000014 -0.98296291314453399 138.2116666666667 39.500000000000007 300.25000000000006 0.0060050261672586211 8.5000000000000018 8350.5000000000018 769.50000000000011 46.500000000000007 44.500000000000007
decision_type=2 2 2 2 2 2 2 2 2 2 2 2 2 2 2 2 2 2 2 2 2 2 2 2 2 2 2 2 2 2
left_child=1 2 3 -1 -5 12 7 9 -9 10 -7 -8 13 20 -14 23 -17 -10 -13 26 -3 -6 -18 24 -16 -25 28 -28 29 -20
right_child=-2 5 -4 4 21 6 11 8 17 -11 -12 18 14 -15 15 16 22 -19 19 -21 -22 -23 -24 25 -26 -27 27 -29 -30 -31
leaf_value=1.5273772036687551e-05 -0.0040425694185847235 0.069573259899358364 -0.016665223208826036 0.011068364294032896 0.12080865073222753 -0.010291146205207814 -0.011107131123572353 0.046594435626157248 -0.0007751180713335352 -0.022655010772648893 0.013529736536447057 -0.0063913818637953397 0.10334957640602582 -0.0026952234252353899 0.1008047803718496 -0.031364800469955129 0.055189490646682916 0.025557918895067106 0.00078688588882549571 -0.012090110468992958 0.012828792664011966 0.03500196334624503 0.17452684159444951 0.048850182800137178 0.019531163377376873 -0.0015476877999990549 0.049153246740978304 0.0053188701332087928 -0.012742385112141178 0.052230512280994061
leaf_weight=11236.950265152147 386.08341903937981 5.246854241937398 228.66941017471254 17.300124259665612 3.7035211883485299 49.247590018436313 136.16344182193279 27.275810956954956 59.682627104222775 28.939558763056993 87.718585308641195 292.78693356178701 2.3741893786936989 161.60074524208903 3.17958765849471 2.0339553952217093 2.0735066272318363 35.923397108912468 697.01974245812744 98.487908777780831 55.241507911123335 4.7785167135298252 2.0395683739334345 7.3485529739409676 61.29274277202785 70.444065231829882 15.986479303799568 478.13480026461184 112.44396133068949 19.782251450233161
leaf_count=384427 17969 58 8502 552 67 461 1381 124 315 306 698 9009 30 7342 95 63 52 163 20292 4050 846 76 53 112 1350 1939 230 9302 2228 340
internal_value=-1.84526e-05 9.24913e-05 -0.000246535 8.68164e-05 0.0312681 0.00164311 0.000500348 0.00750426 0.0174376 0.000146886 0.00496469 -0.000592497 0.00820042 0.0028735 0.0160463 0.0146497 0.0661459 0.00911936 0.000242493 0.00160853 0.0177509 0.0724678 0.114366 0.0124246 0.0235393 0.00321306 0.00262802 0.00673706 0.00017957 0.00220662
internal_weight=14390 14003.9 11491.4 11262.7 25.7822 2512.47 2139.59 288.788 122.882 165.906 136.966 1850.81 372.875 222.089 150.786 148.412 6.14703 95.606 1714.64 1421.86 60.4884 8.48204 4.11308 142.265 64.4723 77.7926 1323.37 494.121 829.246 716.802
internal_count=472432 454463 393624 385122 695 60839 48899 2067 602 1465 1159 46832 11940 8246 3694 3664 168 478 45451 36442 904 143 105 3496 1445 2051 32392 9532 22860 20632
is_linear=0
shrinkage=0.03


Tree=224
num_leaves=31
num_cat=0
split_feature=0 0 0 18 0 2 19 8 6 3 20 18 10 17 8 6 19 17 6 0 0 0 18 20 0 18 18 20 10 10
split_gain=6.95344 26.2683 24.4443 18.995 18.731 21.9886 20.7727 33.1099 29.1409 16.7982 33.4183 13.5655 15.8617 13.7579 12.8391 16.078 13.2685 13.1745 19.7459 16.7881 12.7106 12.3676 30.2766 35.1148 29.324 16.5411 16.9824 26.9211 23.7293 14.7192
threshold=26.404000000000003 19.107500000000005 26.822000000000006 57.500000000000007 18.306500000000003 -0.98296291314453399 120.50000000000001 498.00000000000006 36.173965711446563 -0.12940952255126037 45.682622909545906 23.500000000000004 2.5000000000000004 0.20019646733999255 7.5000000000000009 32.327576817491313 364.50000000000006 0.26705427467823034 139.11506431009667 10.879000000000001 26.955000000000002 29.995000000000001 7939.5000000000009 35.725837707519538 30.951000000000004 8419.5000000000018 8547.5000000000018 46.174100875854499 929.50000000000011 1024.5000000000002
decision_type=2 2 2 2 2 2 2 2 2 2 2 2 2 2 2 2 2 2 2 2 2 2 2 2 2 2 2 2 2 2
left_child=1 4 3 -2 14 -6 7 -7 -9 10 -5 12 -3 -14 -1 -16 17 -17 -19 -20 -4 22 29 -24 -23 -25 27 28 -27 -22
right_child=2 11 20 9 5 6 -8 8 -10 -11 -12 -13 13 -15 15 16 -18 18 19 -21 21 24 23 25 -26 26 -28 -29 -30 -31
leaf_value=0.023507040993520575 0.042536025351994453 -0.0021171875706192987 -0.021847003928871657 0.00085062829559810684 0.067963119071869846 -0.011741835951913748 -0.018661299589193544 0.089768659394322256 0.022617503155210241 -0.0070800204011623657 0.12209742353977963 -0.007264645237975046 0.030361756354644755 -0.017971707059754673 -0.011851673387854353 0.0027075765352763447 -0.015084444429827877 -0.015455441910949656 0.10322913209654444 -0.0072324722271015175 0.001839662165051148 -0.011081761405923147 0.058726259888268136 -0.01171159849735498 0.00023865968033153783 0.039291494737196099 0.013441360553297407 -0.0099165873212949916 0.18268862393928426 -0.023848681495299454
leaf_weight=21.267365320585668 21.165668183937669 197.5356596428901 23.550401567015797 6.2724636867642385 6.6941782496869555 18.073308962862939 16.138483043760061 7.7390526998788145 23.408719271421432 23.995572317391634 3.0362464524805546 735.41937076067552 25.914922686293721 6.6630633231252423 94.730604689568281 926.9093491290696 43.888207683339715 63.35307827917859 2.4207925498485556 2.5349953398108482 255.96398411458358 209.69463800825179 16.227321659214795 22.155717192217708 11502.201625394868 2.0856803879141799 81.526877193478867 2.7798719867132604 2.0687656956724823 21.783399756532162
leaf_count=876 177 2643 1111 123 68 297 267 72 235 524 40 25901 199 58 2080 13999 1213 970 66 135 7205 9953 323 1106 397626 70 3907 136 50 1002
internal_value=-1.83748e-05 -0.00157372 0.000261291 0.0203134 0.00133889 0.0161789 0.0108751 0.0205594 0.039302 0.00619032 0.040398 -0.00527554 0.00108145 0.0204763 0.00041319 -1.9981e-05 0.00105866 0.00177056 -0.0109442 0.0467256 0.000171321 0.000214118 0.00537092 0.0175148 3.59742e-05 0.0114691 0.0172749 0.0623454 0.110698 -0.000175044
internal_weight=14387.2 2192.69 12194.5 54.47 1227.16 72.0537 65.3596 49.2211 31.1478 33.3043 9.30871 965.533 230.114 32.578 1155.1 1133.84 1039.11 995.218 68.3089 4.95579 12140 12116.5 404.592 126.844 11711.9 110.617 88.4612 6.93432 4.15445 277.747
internal_count=472432 49079 423353 864 20278 939 871 604 307 687 163 28801 2900 257 19339 18463 16383 15170 1171 201 422489 421378 13799 5592 407579 5269 4163 256 120 8207
is_linear=0
shrinkage=0.03


Tree=225
num_leaves=31
num_cat=0
split_feature=7 7 8 14 5 16 7 1 7 20 6 1 1 22 1 7 6 11 3 3 11 1 1 21 1 17 17 21 12 6
split_gain=6.97593 10.7179 15.5622 14.8479 11.8039 11.4414 11.2108 11.9233 21.6586 39.1624 27.7143 21.8948 20.9117 17.0329 16.5824 20.9078 18.2962 15.1629 13.5357 12.6376 27.2741 12.2346 18.5241 27.2839 24.7366 17.2154 17.1627 16.3325 32.5981 17.9178
threshold=-1.0385214214712299 -0.83023381652849815 38.500000000000007 9.5000000000000018 36.05364770347331 1.0000000180025095e-35 -0.81015082709754405 3.310688987474856 -0.77338289885900002 49.140357971191413 311.98243690061923 3.3258270643023118 3.0010926197861378 3264.5000000000005 2.9604418264400523 -0.60857269623370858 32.670251370927943 10.500000000000002 0.1294095225512602 -0.12940952255126037 37.500000000000007 3.3542105165921368 3.433825888142402 9617.5000000000018 3.4642034787485021 0.010827365331351759 0.15387246757745746 8327.5000000000018 60.500000000000007 122.88870659280381
decision_type=2 2 2 2 2 2 2 2 2 2 2 2 2 2 2 2 2 2 2 2 2 2 2 2 2 2 2 2 2 2
left_child=-1 2 -2 4 -4 -6 -3 12 9 10 17 13 14 -10 -8 16 -16 -9 -18 20 -15 -13 23 25 -24 -23 -25 -27 -29 -30
right_child=1 6 3 -5 5 -7 7 8 11 -11 -12 21 -14 19 15 -17 18 -19 -20 -21 -22 22 24 26 -26 27 -28 28 29 -31
leaf_value=0.0050406891321505198 -0.017340791239413837 0.011194086001105111 -0.029947995588297534 -0.017556659080709937 -0.003577040526735689 0.0078427383164069078 -9.4775213710988318e-05 0.091417081839333475 0.041211431098174094 0.19790613796750289 0.1557660910363248 -0.013197766431559449 -0.0054499555177254478 -0.026091351757085664 0.0704218521584066 -0.0095249001036374192 0.040046352409728841 0.0033801162403760861 0.0046815961147532231 -0.005072672857695134 0.077804183582742964 -0.019520365788558321 -0.010581653404816607 0.026046189558718576 0.00021180632155390493 0.0034189155973578388 0.092804850457767318 0.077130294577107364 -0.006977691243628955 0.031165588023234443
leaf_weight=241.2072571371682 72.719121724599972 80.721887153107673 11.424626460298894 49.546893229708076 193.87562270089984 133.21439999854192 655.81231142394245 1.9473686655983424 20.085503031034023 1.1789477337151755 1.279530451633035 61.328611433506012 910.13722485653125 3.8171610683202726 7.1863926853984585 21.134781184606254 16.000985914841294 18.372547037899494 24.895676485728472 24.390101099852473 5.6252580359578133 24.478215412702411 194.39237159304321 21.729706604499373 11284.512370562181 247.16779577219859 4.1235828907228997 8.1150409514084441 22.595331834629178 21.756059064529836
leaf_count=8899 4430 1776 266 1161 3871 1565 12032 59 156 84 60 1785 26042 61 65 429 124 1327 240 501 84 2125 8889 823 386727 6836 57 146 544 1268
internal_value=-1.81992e-05 -0.000104474 -0.00460472 -0.0022181 2.69414e-05 0.00107391 4.70754e-05 -1.90769e-05 0.000309251 0.0295347 0.0203446 0.000253516 -0.00242193 0.0193275 0.00137918 0.0153444 0.0262756 0.0118172 0.0185182 0.00633564 0.0358037 0.000167021 0.000236313 0.00703549 2.90218e-05 0.00466972 0.0366942 0.0066459 0.0218481 0.0117331
internal_weight=14384.8 14143.6 460.781 388.062 338.515 327.09 13682.8 13602.1 11966.9 22.7784 21.5994 11944.1 1635.17 53.918 725.03 69.2178 48.0831 20.3199 40.8967 33.8325 9.44242 11890.2 11828.9 349.966 11478.9 324.112 25.8533 299.634 52.4664 44.3514
internal_count=472432 463533 11293 6863 5702 5436 452240 450464 411532 1530 1446 410002 38932 802 12890 858 429 1386 364 646 145 409200 407415 11799 395616 10919 880 8794 1958 1812
is_linear=0
shrinkage=0.03


Tree=226
num_leaves=31
num_cat=0
split_feature=13 16 0 3 2 10 10 10 13 0 17 6 9 11 20 14 2 6 14 0 7 17 2 0 7 21 11 21 21 9
split_gain=7.02413 7.22889 14.6522 7.20585 52.828 17.8589 16.8883 17.5501 23.2589 15.502 14.3672 17.14 13.9747 13.7233 20.4614 14.198 14.0221 15.1756 13.4418 15.0617 22.7535 18.9315 30.2345 16.217 21.3651 18.1529 49.1221 14.3951 24.5089 17.1972
threshold=106449.06640625001 7.5000000000000009 210.95500000000001 -0.5 0.37940952255126054 1072.5000000000002 1012.5000000000001 994.50000000000011 1703.8560180664065 14.992500000000001 0.027034192346036438 7.5953464069489929 34.500000000000007 1.5000000000000002 6.3056790828704843 1.0000000180025095e-35 1.0000000180025095e-35 347.02440863574594 4.5000000000000009 20.004500000000004 -1.0385214214712299 0.0094447080045938509 -0.5 36.95600000000001 -0.40288712797340459 1818.5000000000002 8.5000000000000018 8130.5000000000009 7998.5000000000009 36.500000000000007
decision_type=2 2 2 2 2 2 2 2 2 2 2 2 2 2 2 2 2 2 2 2 2 2 2 2 2 2 2 2 2 2
left_child=3 -2 -3 4 5 9 7 10 -9 -1 11 -6 -12 14 -11 -15 18 -18 19 20 -17 22 -22 -21 25 -25 -27 28 29 -28
right_child=1 2 -4 -5 6 -7 -8 8 -10 13 12 -13 -14 15 -16 16 17 -19 -20 23 21 -23 -24 24 -26 26 27 -29 -30 -31
leaf_value=-0.014211408105528371 -0.022596734130789137 -0.011099274249633265 0.12165312540006991 0.00035194208442479165 0.091924817723199034 0.0096813021936919246 -0.010185052884922321 0.0079172184303097116 0.1262233333980283 0.0031495138424762559 0.012858328133038919 -0.00034622766738463747 0.034214133178983135 -0.0081963223128242498 0.051950739143099604 0.11585805932018411 0.00096159420566316539 0.019480156764455185 -0.0091900425125763172 -0.011334911611886472 -0.0043272196339181907 0.0060374088797518237 0.22583022358762381 -0.024145782811014874 -0.0027769287117353244 0.11026746970702106 0.0056564290697107738 -0.0027828449477379862 0.083122243396126796 0.038332490606453933
leaf_weight=104.73293009400368 21.632412777980793 3.1053789290599516 0.98581790784373868 11405.826299876207 1.8711185455322255 105.58923758310266 24.420483585912734 2.999416096135973 2.9830534961074591 191.25157022755593 75.294056694954634 57.197868283838034 43.515482885763049 403.54303524433635 8.0582507234066707 1.9702576277777542 206.70983396098018 49.331323320511729 266.26860829209909 160.16218549991027 1.1410497883334758 35.104316424112767 0.93428115034475823 13.843174680136142 1041.1264307734091 4.4214830528944722 67.712642807513475 58.635809048544616 4.6831425544805816 18.444218256510794
leaf_count=2043 1483 312 67 358789 32 4996 737 85 68 2600 1485 1551 336 22404 70 33 8566 882 8241 8218 95 906 52 972 40299 106 3261 3065 194 484
internal_value=-1.80287e-05 -0.0156806 0.0208888 1.00326e-05 -0.00131105 -0.0024168 0.0132549 0.0163682 0.0669085 -0.00290103 0.0146684 0.00257663 0.0206802 -0.00243344 0.00512259 -0.00307867 -0.0020089 0.00452956 -0.0030087 -0.00183988 0.0165073 0.0112425 0.099286 -0.00236455 -0.00117608 0.00876005 0.01172 0.00880493 0.0162847 0.0126516
internal_weight=14383.5 25.7236 4.0912 14357.8 2951.95 2743.66 208.281 183.861 5.98247 2638.07 177.879 59.069 118.81 2533.34 199.31 2334.03 1930.49 256.041 1674.45 1408.18 39.1499 37.1796 2.07533 1369.03 1208.87 167.74 153.897 149.476 90.84 86.1569
internal_count=472432 1862 379 470570 111781 107487 4294 3557 153 102491 3404 1583 1821 100448 2670 97778 75374 9448 65926 57685 1086 1053 147 56599 48381 8082 7110 7004 3939 3745
is_linear=0
shrinkage=0.03


Tree=227
num_leaves=31
num_cat=0
split_feature=18 11 10 10 6 19 16 12 18 11 21 10 0 10 13 10 20 16 20 10 18 17 17 5 2 0 2 11 0 21
split_gain=6.82221 15.2602 92.4897 22.4791 18.9701 16.6338 18.9217 18.2293 14.2662 21.1884 48.6352 29.1051 41.8879 36.2721 46.645 30.0532 48.9489 18.5815 19.3341 20.9264 36.38 44.6831 29.9658 20.8539 19.3362 18.4938 18.403 17.7729 33.8696 41.5089
threshold=2.5000000000000004 1.5000000000000002 4.5000000000000009 1.5000000000000002 305.38637327838245 126.50000000000001 1.5000000000000002 1.5000000000000002 1678.5000000000002 22.500000000000004 731.50000000000011 162.50000000000003 77.953500000000005 175.50000000000003 1703.8560180664065 23.500000000000004 10.732646465301515 1.5000000000000002 39.555328369140632 802.50000000000011 9605.5000000000018 0.30048544704914099 0.0041183335706591615 146.09953799387324 -0.70710678118654735 422.98500000000007 -0.5 18.500000000000004 149.96000000000001 501.50000000000006
decision_type=2 2 2 2 2 2 2 2 2 2 2 2 2 2 2 2 2 2 2 2 2 2 2 2 2 2 2 2 2 2
left_child=-1 2 3 4 -2 6 -5 -7 9 10 11 15 -13 14 -14 16 -3 18 25 20 23 22 24 -20 -22 -10 -12 -17 -29 -30
right_child=1 8 -4 5 -6 7 -8 -9 17 -11 26 12 13 -15 -16 27 -18 -19 19 -21 21 -23 -24 -25 -26 -27 -28 28 29 -31
leaf_value=-0.0042330357489856847 -0.001610292004718989 -0.00065089021683601388 0.046376111145402001 0.011407622976178491 0.014101552456836568 0.0035537434656308241 -0.0097740588630721801 0.037714920198262052 0.00068060050318420422 0.0024738691486703313 -0.024925304413665878 -0.0065975928578831874 0.029498620044889168 0.034798941443399602 0.25153247101425935 -0.018859118336971157 0.04847111896004315 0.0020721094022757651 -0.0047792970158822695 -0.0023062241812480881 0.020313913175260448 0.13334591596070253 0.016212237815466376 0.011461271238719878 0.24233874410406947 0.011182205156677057 -0.0080302202861348929 -0.016969125967829186 0.082238809985676287 -0.014749451170836165
leaf_weight=337.46817277558148 881.09267672896385 415.00530537124723 43.210815751925111 134.87724610418081 75.051364570856094 23.721496056765318 52.820421393960714 34.513591453433037 3045.4935938334092 397.51749731367454 132.31105783069506 10.611047815997155 1.4810758028179392 5.8263277276419103 2.0034181466326118 129.31536960229278 19.097316208295524 3146.2002396625467 213.54623489524238 4798.0665441132151 0.58978610392659903 3.2372642373666158 65.382488089147955 106.72026088694111 0.87942682672291883 158.79293697234243 103.34641509223729 27.303236064966768 8.7050727596506494 7.303338633850216
leaf_count=4783 11534 5054 287 888 811 314 368 222 75159 19032 5403 469 59 215 58 5253 205 95587 10703 220803 49 111 2767 3813 79 2610 3649 1691 227 229
internal_value=-1.7905e-05 8.33817e-05 0.00325371 0.0017036 -0.00037701 0.00979266 0.00544684 0.0237997 -0.000225084 -0.00325631 -0.00589788 -0.00152877 0.0341513 0.0805906 0.157158 -0.00270032 0.00151012 0.000105867 -0.000631224 -0.00176279 0.00491686 0.0244942 0.0192231 0.000632439 0.153211 0.00120102 -0.017516 -0.0132883 0.00334466 0.0379909
internal_weight=14381.5 14044 1245.29 1202.08 956.144 245.933 187.698 58.2351 12798.7 1259.83 862.309 626.652 19.9219 9.31082 3.48449 606.73 434.103 11538.9 8392.71 5188.42 390.355 70.089 66.8517 320.266 1.46921 3204.29 235.657 172.627 43.3116 16.0084
internal_count=472432 467649 14424 14137 12345 1792 1256 536 453225 41544 22512 13460 801 332 117 12659 5259 411681 316094 238325 17522 3006 2895 14516 128 77769 9052 7400 2147 456
is_linear=0
shrinkage=0.03


Tree=228
num_leaves=31
num_cat=0
split_feature=13 3 2 9 3 10 18 13 17 7 18 0 17 10 6 10 10 6 0 6 21 10 10 20 13 20 8 8 9 6
split_gain=6.7165 6.84182 23.839 26.1703 22.0032 18.4553 16.6491 23.8916 27.5546 23.1103 19.5409 19.5026 16.9519 16.3027 17.0842 15.0449 14.6118 14.3772 13.281 12.6525 16.2439 13.8972 18.8633 18.4448 12.2418 15.7781 10.8662 34.2699 22.7218 20.7656
threshold=106449.06640625001 -0.70710678118654757 1.0000000180025095e-35 20.500000000000004 -0.60355339059327384 1078.5000000000002 4390.5000000000009 175.04900360107425 0.097576983273029341 -0.38662924773801849 8457.5000000000018 74.324500000000015 0.023353106342256073 41.500000000000007 70.730961471065356 816.50000000000011 31.500000000000004 33.95272669108568 511.97500000000008 395.77295757026781 9407.5000000000018 984.50000000000011 969.50000000000011 26.000225067138675 14391.181152343752 41.982110977172859 164.50000000000003 142.00000000000003 13.500000000000002 255.72708040858581
decision_type=2 2 2 2 2 2 2 2 2 2 2 2 2 2 2 2 2 2 2 2 2 2 2 2 2 2 2 2 2 2
left_child=1 2 5 13 -3 -1 7 -5 11 -10 -8 12 -9 14 17 -12 -16 -4 24 20 21 22 23 -17 25 -7 27 28 -6 -29
right_child=-2 4 3 6 26 18 10 8 9 -11 15 -13 -14 -15 16 19 -18 -19 -20 -21 -22 -23 -24 -25 -26 -27 -28 29 -30 -31
leaf_value=-0.0040043216077092934 -0.015444548381829079 0.013853460312916222 0.011474852086430372 0.010274217676260678 -6.3699452621537013e-05 0.018755560527511223 -0.010031296115740386 0.13881508845087984 0.01730608986188973 0.1168266378474847 -0.03404596646129758 0.0067158436052926849 0.036219739785047438 -0.0042254901923880692 -0.012007139200801232 0.088135017237961424 0.041853054747459491 0.08824730780441753 0.057291291433398533 0.061864751112028431 -0.0020336838017079601 -0.0069125384394773523 0.12729998447195762 0.015785006086383769 -0.0036258822417874321 0.11089161585677329 -0.00036260745512712591 0.018600712456449085 0.0092764004688047283 -0.00069053105719507342
leaf_weight=1489.5245573681314 25.355745764449239 106.44650640757754 3.9544158531352895 52.759173341095448 2580.4055061980616 14.210325955878945 45.054573558270931 2.0750568914227214 3.0733222514390945 6.6310326009988767 4.9353402880951753 15.924960439093409 4.8077589049935341 240.91874237707816 14.724450892768802 4.2609218237921693 6.5497594019398084 4.9352341173216701 5.8353161765262476 5.9707707464694968 23.969664638862014 6.0783782647922626 2.224258297123014 12.401470551267264 26.232780925696716 1.895955457817762 9171.0952984793112 163.63776651746593 257.83589897491038 72.454370120540261
leaf_count=61085 1862 1844 82 701 105187 704 1251 59 49 103 130 340 141 11032 258 76 69 59 104 61 682 157 64 405 1402 94 275418 4778 2123 2112
internal_value=-1.7912e-05 9.34456e-06 -0.00161896 0.00436285 0.000272858 -0.00341326 0.0128947 0.0227399 0.0429687 0.085309 0.00489129 0.0249535 0.0671506 -0.00162229 0.0191695 0.0161266 0.00457497 0.0540963 0.0148619 0.0206365 0.0156061 0.0325425 0.0452405 0.0342864 0.00901416 0.0296014 0.000154805 0.00169831 0.000784788 0.0126804
internal_weight=14376.2 14350.8 1998.95 461.249 12351.9 1537.7 190.167 85.2713 32.5121 9.70435 104.895 22.8078 6.88282 271.083 30.1639 59.8408 21.2742 8.88965 48.1744 54.9055 48.9347 24.965 18.8867 16.6624 42.3391 16.1063 12245.4 3074.33 2838.24 236.092
internal_count=472432 470570 79108 15719 391462 63389 4219 1393 692 152 2826 540 200 11500 468 1575 327 141 2304 1445 1384 702 545 481 2200 798 389618 114200 107310 6890
is_linear=0
shrinkage=0.03


Tree=229
num_leaves=31
num_cat=0
split_feature=5 8 10 11 8 5 8 10 20 20 19 13 19 10 18 19 20 5 5 3 8 12 0 0 5 9 5 8 5 8
split_gain=6.73367 13.3495 11.535 18.6205 15.0759 10.9389 12.8135 14.3324 10.5244 17.29 8.92183 8.67658 8.68377 8.52262 8.45962 7.87572 22.6472 13.8461 16.9495 13.6291 11.8505 19.8462 18.6662 21.3276 30.0046 16.183 38.6441 35.461 28.6132 26.8808
threshold=353.90564182194623 6.5000000000000009 958.50000000000011 40.500000000000007 4.5000000000000009 333.93928571428575 26.500000000000004 819.50000000000011 49.140357971191413 49.519714355468757 2.5000000000000004 25659.663085937504 1.5000000000000002 912.50000000000011 8123.5000000000009 1.5000000000000002 42.995618820190437 247.20149662512983 252.49307733619767 0.37940952255126048 172.50000000000003 111.50000000000001 197.81500000000003 170.99500000000003 136.08512750626571 3.5000000000000004 120.55234225571726 42.500000000000007 133.55539883913767 40.500000000000007
decision_type=2 2 2 2 2 2 2 2 2 2 2 2 2 2 2 2 2 2 2 2 2 2 2 2 2 2 2 2 2 2
left_child=5 2 3 -2 14 15 -7 -8 10 -10 -3 13 -13 -9 -5 16 20 -18 -19 -20 21 -1 23 25 -25 27 -27 29 -28 -23
right_child=1 8 -4 4 -6 6 7 11 9 -11 -12 12 -14 -15 -16 -17 17 18 19 -21 -22 22 -24 24 -26 26 28 -29 -30 -31
leaf_value=-0.00035935616861695749 0.0027763320249469324 -0.027638544285864087 -0.022444234438718288 0.068204026140917529 0.10807890947069934 -0.010408732415212795 -0.006238611044708328 0.080389724816374061 0.11939335323205888 -0.010030259023914422 -0.0076637943031349093 0.046123152513934 -0.0099934907810350741 0.03056137681533903 -0.011007301744172651 0.00020182124764517973 -0.0098771142612205723 0.097615833737635993 -0.016515997957430344 0.02144050450023529 -0.008696302329501953 0.021126183297347289 -0.0091406653745286261 0.18132317969737943 -0.0083504534954363593 0.0042911590827902687 0.23748748600483491 -0.019210047934618574 0.071332900995643544 0.15050752370121936
leaf_weight=458.27628772286698 29.574001606553793 34.715870896819979 10.066070444416253 2.1072562029585233 2.9644146114587784 12.781427011825143 9.2292661597020942 6.0610238369554299 1.3850914211943735 2.8211472542025149 47.882638213224709 4.8383870720863325 5.0954865803942084 6.3009106507524848 2.8608100591227412 13113.642531475052 364.70693732029758 1.864930705167352 15.184603515546767 19.381275394000113 99.476210784865543 51.959533613175154 26.366053512319922 1.6984408209100359 1.345049620606005 9.1699986755847913 1.1186881368048478 23.939638126175851 5.6133211525157094 1.4865954588167358
leaf_count=17766 740 1467 382 71 67 342 198 68 42 113 1791 37 106 74 70 403440 29973 86 507 611 6477 3847 1280 96 70 388 79 1922 241 81
internal_value=-1.77408e-05 -0.00670187 0.00607086 0.0137238 0.0545383 4.53367e-05 0.0149286 0.0252012 -0.0137018 0.0325882 -0.0160591 0.0382156 0.0173387 0.0549921 0.022591 -1.11717e-06 -0.00246163 -0.00811554 0.00951948 0.00476642 0.000871453 0.00250967 0.0132255 0.0193472 0.0974982 0.0167976 0.0443616 0.0111334 0.0989436 0.0247249
internal_weight=14373.9 134.377 47.5726 37.5065 7.93248 14239.5 44.3065 31.5251 86.8047 4.20624 82.5985 22.2958 9.93387 12.3619 4.96807 14195.2 1081.59 401.138 36.4308 34.5659 680.45 580.974 122.697 96.3313 3.04349 93.2878 15.902 77.3858 6.73201 53.4461
internal_count=472432 4743 1330 948 208 467689 825 483 3413 155 3258 285 143 142 141 466864 63424 31177 1204 1118 32247 25770 8004 6724 166 6558 708 5850 320 3928
is_linear=0
shrinkage=0.03


Tree=230
num_leaves=31
num_cat=0
split_feature=14 7 18 19 7 6 5 5 5 5 17 14 6 6 5 22 5 18 22 7 5 20 18 17 17 22 7 20 18 19
split_gain=6.7164 19.6955 8.98716 23.7479 20.5466 8.12579 31.3518 13.6167 18.945 43.7323 23.4586 16.5232 15.8015 14.911 14.4853 36.4899 180.935 101.2 49.8718 51.9745 42.5724 41.4024 31.1549 131.607 160.027 71.1405 27.3134 26.8732 24.3215 20.1873
threshold=24.500000000000004 4.4326192389206618 10.500000000000002 224.50000000000003 -1.0000000180025095e-35 45.748518406342633 49.9330424528302 71.17058333333334 102.58994080996887 103.91350000000001 0.050039123743772514 1.5000000000000002 146.5934760236874 186.6198685303122 94.715614035087739 39108.500000000007 92.912905863988058 7176.5000000000009 63135.500000000007 2.4498421783677995 73.866875000000007 49.140357971191413 7966.5000000000009 0.020556487143039707 0.01852169539779425 47801.000000000007 -0.31175986305309639 18.202527999877933 8956.5000000000018 11.500000000000002
decision_type=2 2 2 2 2 2 2 2 2 2 2 2 2 2 2 2 2 2 2 2 2 2 2 2 2 2 2 2 2 2
left_child=5 2 3 -2 -5 -1 -7 -8 13 10 11 12 -10 14 15 29 20 -18 19 21 26 -19 23 24 25 -22 -17 -25 -28 -9
right_child=1 -3 -4 4 -6 6 7 8 9 -11 -12 -13 -14 -15 -16 16 17 18 -20 -21 22 -23 -24 27 -26 -27 28 -29 -30 -31
leaf_value=0.0011004610068370935 -0.018336108001676572 0.085597029060850843 -0.01384953147483879 0.0096450743939964136 0.10626321310322828 -0.014123754975717617 0.0047752637440218832 -0.0056769476044077191 -0.0034711461007581991 -0.00025955872481846741 -0.0074452358418963076 0.050382152658730771 0.031280109078679577 0.036603541430119332 -0.0086677140106803854 -0.030583118668384694 0.37059662435097895 -0.0098498542175559072 0.14644061738038597 0.24564671762510817 0.25751933190874587 0.20798941829191214 -0.02128025257660137 0.15487436361853574 0.54547463166984 -0.030693271507891424 0.035670135344342789 -0.023344744311515928 0.18453013895077611 0.13885112718300444
leaf_weight=4455.0273045762442 12.173892484977843 2.0020528882741919 82.072213046252728 5.0654978286474943 3.2530387695878726 148.51003789622337 464.85047651873901 389.99620669428259 18.11597878485918 8150.3154697529972 21.320422792807221 21.54751255735755 33.649584763683379 7.8821148024871936 457.50303822825663 1.5384039133787153 1.1930915378034139 7.2642650450579787 6.6618551556020966 0.97336151264607984 1.2483428888954251 0.88039290206506837 54.779178756754845 0.79876591078937309 0.83281325874850143 2.0148475458845496 1.7824129792861634 16.308750841766596 2.2158476323820651 0.87173834443092246
leaf_count=67798 302 19 2071 153 66 1620 7919 29805 805 315976 1262 254 842 126 37172 96 34 611 100 25 86 68 3832 13 42 121 63 1079 58 14
internal_value=-1.7604e-05 -0.00759303 -0.00941209 0.00835985 0.0474285 3.79142e-05 -0.000444471 -0.000234269 -0.000487395 -2.41277e-05 0.0202524 0.0283072 0.0191185 -0.00448806 -0.00483012 -0.00124236 0.0150772 0.104188 0.0840456 0.0384583 -0.00347649 0.0136974 -0.00932872 0.021548 0.174294 0.0795633 0.0768369 -0.0150235 0.118169 -0.00535461
internal_weight=14372.6 104.567 102.565 20.4924 8.31854 14268.1 9813.05 9664.54 9199.69 8244.95 94.6335 73.3131 51.7656 954.745 946.863 489.36 98.4923 16.973 15.7799 9.11802 81.5194 8.14466 75.9827 21.2035 4.096 3.26319 5.53666 17.1075 3.99826 390.868
internal_count=472432 2611 2592 521 219 469821 402023 400403 392484 319139 3163 1901 1647 73345 73219 36047 6228 838 804 704 5390 679 5173 1341 249 207 217 1092 121 29819
is_linear=0
shrinkage=0.03


Tree=231
num_leaves=31
num_cat=0
split_feature=5 18 21 8 19 8 22 18 8 15 9 21 21 22 18 16 5 8 5 18 0 3 5 16 22 18 15 14 3 9
split_gain=6.73649 15.0544 29.4369 17.9736 14.1812 9.92614 12.7828 14.3834 15.0092 20.3196 13.221 8.39969 25.7788 27.7023 24.1711 19.2645 27.7778 24.938 78.2773 23.7134 19.4517 18.7257 34.3068 25.0609 21.129 20.7851 27.3935 20.7151 25.4439 26.6931
threshold=32.515324423541337 4297.5000000000009 4609.5000000000009 132.50000000000003 3.5000000000000004 71.500000000000014 8510.5000000000018 9184.5000000000018 11.500000000000002 38.500000000000007 5.5000000000000009 4003.5000000000005 3428.5000000000005 124834.50000000001 5583.5000000000009 1.5000000000000002 40.528457893990939 41.500000000000007 39.785202697926486 7748.5000000000009 26.955000000000002 0.25881904510252057 44.439118825100145 4.5000000000000009 38617.500000000007 3595.5000000000005 22.500000000000004 4.5000000000000009 0.78656609248549303 43.000000000000007
decision_type=2 2 2 2 2 2 2 2 2 2 2 2 2 2 2 2 2 2 2 2 2 2 2 2 2 2 2 2 2 2
left_child=1 4 3 -3 -1 6 -4 8 9 -8 -10 12 13 -2 -13 16 17 18 -16 -20 -18 22 -14 25 -25 26 -24 -23 -29 -30
right_child=11 2 5 -5 -6 -7 7 -9 10 -11 -12 14 21 -15 15 -17 20 -19 19 -21 -22 27 23 24 -26 -27 -28 28 29 -31
leaf_value=0.0030217776722538492 0.00066059607995916944 0.0022832182880990386 -0.017751771460331304 0.088247302811736067 -0.019354312177514169 -0.011018038780717075 -0.0021157883792178181 -0.0074621254026494034 -0.030773834501531792 0.15779788813617954 0.068331604196849027 -0.0037333382217409248 -0.010737249135180836 -0.0096770037869944748 0.011243316090967724 0.0028164262960731512 -0.0075610835687354777 0.006089007658827264 0.21418206401005335 0.077904634043718876 -0.00062062893262551341 -0.00151095546406165 0.03182458378075026 0.12565702203284362 0.035083292006025162 0.0073563833069703087 -0.0087905539416473794 -0.0040137065344044492 0.1091730666091182 0.02057506788355903
leaf_weight=37.414646439254284 4143.8903134181164 3.5545623097568733 7.0898671066388514 5.6979367230087519 79.986333488486707 39.607279879041016 1.0533711407333597 5.0844025444239369 2.2120195766910911 2.2271316684782505 2.6783132404088974 1690.5859427878167 56.211347696371377 247.22119088098407 18.460032355040315 1931.2556501401123 394.09342928603292 223.02748577296734 2.4196885656565419 2.1886182921007276 4671.4121650534216 374.38363499287516 79.574461180716753 2.9088558056391767 11.412376101128755 201.90178247308359 18.401857859455049 46.61317049479112 3.2120953230187288 64.852131524123251
leaf_count=1272 100566 105 533 86 1665 888 68 263 101 110 45 47537 760 4373 886 65482 14104 2741 44 71 214853 7433 867 37 201 4588 838 802 141 972
internal_value=-1.81953e-05 -0.00568108 0.00541724 0.0552222 -0.0122233 -0.00226919 0.0147628 0.032154 0.0568056 0.10645 0.0235037 5.63059e-05 0.00100857 7.85854e-05 -0.000503384 0.000250533 -0.000682405 0.00916036 0.0388545 0.14946 -0.00116059 0.00575995 0.0108482 0.0147099 0.0534802 0.0128583 0.0241963 0.00190619 0.013062 0.0247562
internal_weight=14370.6 186.606 69.2049 9.2525 117.401 59.9524 20.3451 13.2552 8.17084 3.2805 4.89033 14184 5250.58 4391.11 8933.44 7242.86 5311.6 246.096 23.0683 4.60831 5065.51 859.472 370.411 314.199 14.3212 299.878 97.9763 489.061 114.677 68.0642
internal_count=472432 5136 2199 191 2937 2008 1120 587 324 178 146 467296 121578 104939 345718 298181 232699 3742 1001 115 228957 16639 7291 6531 238 6293 1705 9348 1915 1113
is_linear=0
shrinkage=0.03


Tree=232
num_leaves=31
num_cat=0
split_feature=19 18 19 19 17 5 6 21 16 0 13 12 0 10 2 0 20 17 0 10 5 12 12 22 16 11 0 0 18 21
split_gain=6.57962 25.0427 22.7973 21.8862 26.5702 19.2343 29.5345 18.2349 15.7093 15.1136 14.7825 15.2489 16.3974 14.6676 13.5892 13.4303 20.5032 13.3376 12.1909 12.0593 11.9036 17.3272 16.0033 27.5534 30.6712 18.8827 20.2892 20.9212 15.2698 19.7285
threshold=93.500000000000014 9467.5000000000018 126.50000000000001 79.500000000000014 0.16002207249403003 43.661781250000011 32.670251370927943 9633.5000000000018 5.5000000000000009 75.003000000000014 20131.008789062504 141.50000000000003 111.94300000000003 114.50000000000001 -0.5 25.001500000000004 45.646087646484382 0.17193329334259036 40.967500000000008 854.50000000000011 48.186564067272009 22.500000000000004 1.0000000180025095e-35 6962.5000000000009 4.5000000000000009 15.500000000000002 70.009000000000015 77.953500000000005 3255.5000000000005 3637.5000000000005
decision_type=2 2 2 2 2 2 2 2 2 2 2 2 2 2 2 2 2 2 2 2 2 2 2 2 2 2 2 2 2 2
left_child=3 2 -2 -1 8 6 14 -3 -5 -8 15 -12 -13 -7 -6 -9 18 20 -17 -20 22 -22 -4 24 -24 26 -25 -28 -27 -30
right_child=1 7 17 4 5 13 9 10 -10 -11 11 12 -14 -15 -16 16 -18 -19 19 -21 21 -23 23 25 -26 28 27 -29 29 -31
leaf_value=1.4645333635454956e-05 -0.0086807147536791598 0.047591311485930349 -0.0074319169525396351 0.00038429432103315766 0.053077133552063754 0.052096912079941153 -0.025580089725444947 -0.0050586148369075211 0.023589648984479246 0.038690026453680748 0.048275471120944116 -0.015514653806976733 0.034168827853367695 0.0087374444006644222 0.0081773046511658416 0.037192380956846953 0.062481315687309864 -0.016670442970695549 0.018824080118923857 -0.031445712610369166 0.020903822315783874 -0.015318527274834858 0.020975502191084343 -0.013931670831696767 -0.014030661187314965 -0.020493468154869066 0.045890964816713418 -0.0026904196384835316 0.032494686095520066 0.0017708766378843779
leaf_weight=12238.609889478656 425.06082393415272 11.341724740341304 250.97984352149069 230.88789471890777 13.60997091047466 24.561697721481323 18.831356814131144 16.045125134289265 29.624425821006298 3.9908685460686675 4.6584576033055773 42.382960950955749 6.960352534428238 9.8323713243007642 10.945548657327889 12.632876211777331 10.950206534937022 44.966311102733016 10.72757167927921 7.16238616593182 50.397722855210304 15.553595013916491 106.92784238606691 158.01660223118961 28.538012132048607 26.315413594245911 10.609232973307369 32.16614206880331 19.550068859010935 496.83382570743561
leaf_count=444276 5282 85 5306 2418 138 116 250 198 213 42 49 483 83 58 124 102 88 732 84 76 348 110 851 2451 385 652 100 357 221 6754
internal_value=-1.81573e-05 -0.00172061 -0.00268459 0.000223901 0.00770599 0.0226249 0.0102281 0.0113502 0.00302312 -0.0143413 0.0076644 -0.00360804 -0.00850632 0.0397016 0.0330632 0.0182477 0.0272645 -0.000630583 0.0146303 -0.00130183 -2.74721e-05 0.0123613 -0.000750573 0.00115724 0.0136009 -0.00111003 -0.00897002 0.00935883 0.00179807 0.00293407
internal_weight=14369.7 1788.78 1665.92 12580.9 342.284 81.7718 47.3777 122.862 260.512 22.8222 111.52 54.0018 49.3433 34.3941 24.5555 57.5182 41.473 1240.85 30.5228 17.89 1195.89 65.9513 1129.94 878.957 135.466 743.491 200.792 42.7754 542.699 516.384
internal_count=472432 24797 23549 447635 3359 728 554 1248 2631 292 1163 615 566 174 262 548 350 18267 262 160 17535 458 17077 11771 1236 10535 2908 457 7627 6975
is_linear=0
shrinkage=0.03


Tree=233
num_leaves=31
num_cat=0
split_feature=13 3 2 10 10 13 1 5 5 1 1 9 11 5 18 1 20 13 10 3 13 20 10 20 12 11 22 10 12 10
split_gain=6.58957 8.03742 47.244 15.3964 15.1721 18.5995 14.8332 13.3517 14.0982 13.5343 16.6007 12.4336 17.2797 12.6771 12.2649 15.3138 14.8323 21.3151 13.0987 12.0274 17.2226 20.8099 15.4645 18.5487 12.7808 14.908 19.9502 21.5588 30.8239 32.7193
threshold=43794.537109375007 -0.5 0.37940952255126054 1012.5000000000001 994.50000000000011 1703.8560180664065 2.7721197523757932 260.33945970149256 353.90564182194623 3.0790156988536466 3.1770741472371609 30.500000000000004 12.500000000000002 204.32478934016436 6390.5000000000009 3.0447366775324571 12.580979347229006 503.94200134277349 965.50000000000011 -0.3794095225512602 3388.192016601563 7.99759864807129 1020.5000000000001 28.982889175415043 1.0000000180025095e-35 11.500000000000002 124834.50000000001 2.5000000000000004 2.5000000000000004 23.500000000000004
decision_type=2 2 2 2 2 2 2 2 2 2 2 2 2 2 2 2 2 2 2 2 2 2 2 2 2 2 2 2 2 2
left_child=1 2 6 4 11 -6 -1 9 -9 14 -11 12 -4 -14 15 16 -8 -18 -16 20 21 -3 23 -22 -21 26 27 -26 -29 -30
right_child=-2 19 3 -5 5 -7 7 8 -10 10 -12 -13 13 -15 18 -17 17 -19 -20 24 22 -23 -24 -25 25 -27 -28 28 29 -31
leaf_value=-0.013489732274169712 -0.003895961137330851 0.02576051506613284 0.028748569738538773 -0.010087896229532543 0.007319108934325769 0.11011080326030946 -0.0049723543863589665 0.0072732531885639721 -0.014303453962355018 -0.025307722196933797 -0.0028184717543932882 0.023382350466646912 -0.0048932160290159404 0.025740346004035599 -0.021264331482570436 0.068765314121977589 0.064723174951189219 0.01107850212311684 0.036458685224638 -0.0029327167811212017 0.037237298241323297 -0.0012289438557862135 -0.015150330061932062 0.15999750187268524 0.00011181603568652252 0.00020816282105417909 -0.0070705967586416002 0.0003482496823827611 0.024233159809605997 0.007064962152687761
leaf_weight=104.16090167406946 383.80280752549879 37.128043609671295 25.723655931651592 24.321305791381747 3.0408637914806596 3.3073932654224336 28.908360772766173 221.13929828535765 31.08536361111328 29.941051289439201 2208.1506273436826 71.631491519510746 67.871070450171828 14.811432299204169 18.809364410117272 4.4280772991478434 8.7169253379106504 28.335066727362573 4.3578616809099904 972.71716188080609 2.7367139048874369 83.615078682545573 1.882666833233088 1.8610552600584922 510.99129554443061 8617.8701643764507 141.8171222647652 276.57132160291076 154.72961449250579 281.97640773793682
leaf_count=2062 17969 306 206 737 85 68 507 4967 1168 820 93997 846 2145 207 636 81 110 883 161 15148 65 1670 83 57 3797 312107 1888 3958 1557 4141
internal_value=-1.78908e-05 8.85565e-05 -0.0013179 0.0123615 0.0152909 0.0608728 -0.00239019 -0.00194275 0.00461404 -0.00265202 -0.00311933 0.0136837 0.00727507 0.000594365 0.00852718 0.0147589 0.0111333 0.0236991 -0.0104064 0.000456383 0.00962737 0.00707021 0.0572722 0.0869274 0.000349894 0.000669713 0.00358137 0.00481528 0.00818483 0.0131478
internal_weight=14366.4 13982.6 2898.74 210.707 186.386 6.34826 2688.03 2583.87 252.225 2331.65 2238.09 180.038 108.406 82.6825 93.5557 70.3884 65.9604 37.052 23.1672 11083.9 127.224 120.743 6.48044 4.59777 10956.7 9983.96 1366.09 1224.27 713.277 436.706
internal_count=472432 454463 109686 4294 3557 153 105392 103330 6135 97195 94817 3404 2558 2352 2378 1581 1500 993 797 344777 2181 1976 205 122 342596 327448 15341 13453 9656 5698
is_linear=0
shrinkage=0.03


Tree=234
num_leaves=31
num_cat=0
split_feature=6 6 5 22 22 17 21 2 2 5 1 22 12 21 8 21 21 1 19 5 5 2 21 11 19 11 21 21 1 1
split_gain=6.69962 22.4945 13.9396 17.213 47.5905 82.2047 42.0641 29.9813 20.2171 17.7926 22.9986 34.0077 36.2584 28.9187 62.2121 27.7322 23.1326 22.3835 25.085 19.0018 16.988 24.148 18.8589 17.9853 16.3894 16.5264 19.7772 16.0807 22.717 16.2872
threshold=419.83466928127365 433.60969280215306 218.67191445969021 298485.50000000006 219449.50000000003 0.028553660027682785 9617.5000000000018 0.91597561503675362 -0.98296291314453399 232.58722602739729 3.9120330053281478 27643.000000000004 88.500000000000014 9190.5000000000018 498.00000000000006 2893.5000000000005 52.500000000000007 5.5242049376245435 8.5000000000000018 224.62763768115943 243.64987753222837 0.60355339059327384 3832.5000000000005 40.500000000000007 9.5000000000000018 31.500000000000004 2635.5000000000005 9584.5000000000018 5.8080674092685385 6.3192563189565183
decision_type=2 2 2 2 2 2 2 2 2 2 2 2 2 2 2 2 2 2 2 2 2 2 2 2 2 2 2 2 2 2
left_child=2 -2 -1 4 9 7 8 -6 -7 10 11 12 16 19 -15 17 -4 24 -19 -13 21 -11 -23 -22 -12 -26 -27 -5 -29 -30
right_child=1 -3 3 27 5 6 -8 -9 -10 20 15 13 -14 14 -16 -17 -18 18 -20 -21 23 22 -24 -25 25 26 -28 28 29 -31
leaf_value=-0.00022515568009823757 -0.019262606762068101 -0.00096113807251069694 0.11381078478090992 -0.0085066254482005534 0.0051494537459018308 0.14746266136726766 0.20449733518727936 0.10796441768411252 0.051572475754595649 -0.014095076632067962 0.020086333555340972 0.041282467385051314 0.095443421020511884 -0.031428506464118898 0.1717126897125216 -0.0020261580956190024 -0.022125007130926452 0.0061331662286772271 0.048775288897929057 -0.017527324869799389 -0.00040324727655084231 0.051372201089755508 -0.012022293795648144 0.010592964057932206 -0.013800429933846428 -0.030623367590177468 0.16018083520384499 -0.011008944951768336 0.063495609236810899 0.0092702751763199167
leaf_weight=12281.858966356376 69.169062771834433 479.11958033964038 1.4290268309414411 186.39388253539801 54.613492871634662 2.3361267065629372 2.275455040857195 2.67773713171482 12.939096247777343 119.35184384742752 34.730227290652692 6.4965041726827648 10.680864621885119 2.6558650685474268 2.7739687319844961 185.22095866221935 5.3250886201858521 20.921370420604944 30.540106236934662 20.700181888882071 562.7062556152232 9.7543222578242439 7.4481836669147006 175.65533425146714 33.737136248964816 0.88006269512697954 1.1000241860747335 18.719666049815714 9.4789804331958312 10.515677895396946
leaf_count=419160 2247 15031 26 3496 1096 42 37 22 289 3624 1112 137 214 83 42 5138 280 326 283 584 13259 154 187 3755 1060 60 56 417 109 106
internal_value=-1.76588e-05 -0.00326995 0.000111428 0.00280968 0.00412939 0.027357 0.084163 0.00995493 0.0662375 0.00271847 0.00836069 0.0272159 0.0610405 0.00914068 0.0723513 0.00528733 0.00663611 0.016399 0.0314394 -0.00347936 0.000414993 -0.00930557 0.0239242 0.00221274 0.00541209 -0.00885664 0.0753766 -0.00485238 0.0127414 0.0349772
internal_weight=14362.2 548.289 13813.9 1532.06 1306.95 74.8419 17.5507 57.2912 15.2752 1232.11 357.191 50.0615 17.435 32.6265 5.42983 307.13 6.75412 121.909 51.4615 27.1967 874.916 136.554 17.2025 738.362 70.4475 35.7172 1.98009 225.108 38.7143 19.9947
internal_count=472432 17278 455154 35994 31866 1486 368 1118 331 30380 9401 1366 520 846 125 8035 306 2897 609 721 20979 3965 341 17014 2288 1176 116 4128 632 215
is_linear=0
shrinkage=0.03


Tree=235
num_leaves=31
num_cat=0
split_feature=7 10 7 8 8 9 0 9 17 17 21 22 3 7 0 3 0 17 6 15 6 0 7 21 8 21 21 16 19 12
split_gain=6.50998 12.0112 9.83503 10.4074 11.2892 18.2669 9.77148 14.036 11.1794 9.20368 14.8891 15.1331 23.3362 19.4629 9.8444 17.7832 11.3327 9.09295 17.1563 14.7649 15.7389 25.1582 64.0715 18.3058 29.6415 35.9823 20.1692 30.722 13.6259 12.504
threshold=-1.0385214214712299 1436.5000000000002 -0.85325389439115884 38.500000000000007 43.500000000000007 1.5000000000000002 6.2015000000000002 1.5000000000000002 0.076930459588766112 0.0046307018492370853 8846.5000000000018 96484.000000000015 0.37940952255126048 -0.122154455171453 15.950500000000002 0.1294095225512602 14.992500000000001 0.0078086180146783599 212.22418771571071 42.500000000000007 74.658594131789769 52.964500000000008 0.091911978695416827 8582.5000000000018 302.50000000000006 8102.5000000000009 8764.5000000000018 1.5000000000000002 4.5000000000000009 218.50000000000003
decision_type=2 2 2 2 2 2 2 2 2 2 2 2 2 2 2 2 2 2 2 2 2 2 2 2 2 2 2 2 2 2
left_child=1 -1 3 -2 5 -5 7 -6 -8 10 14 -12 -13 -14 15 16 -4 18 19 20 21 -11 -23 24 25 -22 27 28 -25 -28
right_child=2 -3 9 4 6 -7 8 -9 -10 17 11 12 13 -15 -16 -17 -18 -19 -20 -21 23 22 -24 26 -26 -27 29 -29 -30 -31
leaf_value=0.0042983624931630729 -0.016350140178054591 0.084169079348407491 0.028984670394473378 0.1444728642874995 0.043018981311692704 0.0091867835897957526 -0.022111091444362678 -0.017281491292387725 0.0011841675679910438 -0.030369811229185539 -0.019906822367175066 -0.030805885195897179 0.0023329845689935482 0.18417471151215387 -0.0023346953146131766 -0.0053043766525452812 0.16503110563434409 2.5795534377642532e-05 -0.026396589508451848 -0.0068794211130477735 0.20800185319982339 0.32327640329878266 -0.0062551148959299535 0.25356332322631359 -0.010903973316979614 -0.030453049925721738 0.0092658659047120118 0.02128863533833383 0.095853560205024904 0.042777285092385021
leaf_weight=240.22966424329206 59.900299322791398 1.706587130203842 1.0032727080397301 1.1972351986914862 3.6850451370701185 3.5970112183131278 20.183959855698049 60.695868276059628 227.7320843716152 1.3223446188494556 71.368471638299525 2.2270768396556369 0.91678695660084519 1.2547735683619974 254.48661836446263 3.4098258148878813 1.2225885754451153 13061.154348840239 15.01814827788621 61.413333507720381 1.2475170600228005 0.93288135621696744 1.2327293991111217 0.84399835253134314 54.685770689276978 1.0479646753519771 190.65962523315102 4.5947042582556605 1.1857436276040969 10.576743354089556
leaf_count=8867 3788 32 54 78 25 124 1175 1009 3245 135 7377 134 78 53 18253 190 74 409892 1388 3260 43 79 88 65 3377 88 8726 184 77 474
internal_value=-1.76922e-05 0.00486176 -0.000101305 -0.00488173 -0.00271528 0.0429709 -0.00341663 -0.01383 -0.000712404 2.98404e-05 -0.00487506 -0.0165783 0.0374273 0.107405 -0.0014662 0.0377519 0.10371 0.000152734 0.00496176 0.00638997 0.00942697 0.0727384 0.135697 0.00859316 -0.0064709 0.0991392 0.0127227 0.0642287 0.161432 0.0110272
internal_weight=14360.7 241.936 14118.8 376.992 317.091 4.79425 312.297 64.3809 247.916 13741.8 335.889 75.7671 4.39864 2.17156 260.122 5.63569 2.22586 13405.9 344.762 329.743 268.33 3.48796 2.16561 264.842 56.9813 2.29548 207.861 6.62445 2.02974 201.236
internal_count=472432 8899 463533 9444 5656 202 5454 1034 4420 454089 26213 7642 265 131 18571 318 128 427876 17984 16596 13336 302 167 13034 3508 131 9526 326 142 9200
is_linear=0
shrinkage=0.03


Tree=236
num_leaves=31
num_cat=0
split_feature=13 1 11 6 17 1 1 1 1 17 1 1 6 18 5 21 18 22 11 1 6 1 1 18 21 5 22 21 13 22
split_gain=6.42162 8.93817 10.0576 19.7922 8.94264 8.92321 6.66366 40.3429 32.7036 18.9237 18.3013 49.1645 31.6295 25.2066 26.2988 19.9097 22.8603 28.7782 19.5217 18.2036 16.818 28.9383 16.7743 19.2235 17.1771 16.5842 25.6893 17.8762 33.4747 26.2808
threshold=54560.964843750007 2.8302973314814044 42.500000000000007 395.77295757026781 0.25058139860630041 6.3192563189565183 3.8908402253256194 3.8905235012634125 3.9309723194508082 0.32071428000926977 4.0767744374322312 4.0605895407973458 218.08213639348148 9681.5000000000018 132.21875000000003 2703.5000000000005 3785.5000000000005 219449.50000000003 41.500000000000007 3.9321000672001851 209.05820766989311 4.0064691746852477 4.0933690765461037 8097.5000000000009 192.50000000000003 122.42834224728198 54364.000000000007 2491.5000000000005 14942.388183593752 2858.5000000000005
decision_type=2 2 2 2 2 2 2 2 2 2 2 2 2 2 2 2 2 2 2 2 2 2 2 2 2 2 2 2 2 2
left_child=6 -2 3 4 5 -3 7 9 -8 -1 11 12 13 20 18 19 17 -17 -15 -14 25 -22 23 24 -12 26 27 -10 -29 -30
right_child=1 2 -4 -5 -6 -7 8 -9 10 -11 22 -13 15 14 -16 16 -18 -19 -20 -21 21 -23 -24 -25 -26 -27 -28 28 29 -31
leaf_value=-8.4374174031796426e-06 0.029668356074192648 -0.013148054279059631 -0.015671148296418656 0.077301910816735875 0.066388353057548408 0.073212744100435379 0.009293443153997577 -0.021340828616972448 0.0023164300512866494 -0.0079707863144413537 0.049954276325913621 -0.018115456586478139 -0.024146597238926235 0.001814142978342214 0.15035213051940227 0.0073316391435769984 -0.011772953653372886 0.090858925162851448 0.087999658755559901 0.041114012194368339 -0.013540267281630788 0.061172134938803482 0.00048718694564230038 0.066047767708303673 -0.0056854479837982058 -0.010711944301823484 -0.0059942477641958727 0.032368590659330669 0.135163433197896 -0.0035266795596626713
leaf_weight=4166.6417226423509 5.4852111157961181 20.062632322311412 69.312444014009088 3.1051305020228019 1.5387179064564396 1.1378580657765258 364.60817933408543 85.37585082789883 135.25923582026735 287.15015106415376 6.9332412593066755 176.69879316585138 84.021708411630243 7.932547540869562 1.8213306246325363 37.580074526369572 80.70029157306999 4.1192780388519159 3.3702772841788828 4.0313476552255443 8.007574141025545 11.180491316132246 8419.7688927464187 7.0421874136663964 17.850716203916818 84.599527951329947 148.42152432724833 66.227509330492467 1.2611823193728913 49.218683779239655
leaf_count=115557 88 1057 4148 46 83 32 15067 7463 3858 10234 53 18472 5465 376 81 1103 3274 74 106 146 388 269 270860 121 377 4469 3654 1959 85 3467
internal_value=-1.76397e-05 -0.00756903 -0.00971553 0.00625694 -0.00344453 -0.00851296 3.5656e-05 -0.000913374 0.000478816 -0.000521795 0.000135307 -0.00392065 -0.00047414 0.00351502 0.0445602 -0.0102796 -0.00245331 0.0155829 0.0275129 -0.0211588 0.00244658 0.0299931 0.000569357 0.022308 0.00987961 0.00135673 0.00390676 0.00973898 0.0183414 -6.16641e-05
internal_weight=14360.5 100.642 95.1568 25.8443 22.7392 21.2005 14259.8 4539.17 9720.65 4453.79 9356.05 904.451 727.753 517.3 13.1242 210.453 122.4 41.6994 11.3028 88.0531 504.176 19.1881 8451.6 31.8261 24.784 484.988 400.388 251.967 116.707 50.4799
internal_count=472432 5454 5366 1218 1172 1089 466978 133254 333724 125791 318657 47246 28774 18712 563 10062 4451 1177 482 5611 18149 657 271411 551 430 17492 13023 9369 5511 3552
is_linear=0
shrinkage=0.03


Tree=237
num_leaves=31
num_cat=0
split_feature=18 18 8 19 6 10 19 1 14 8 6 14 12 16 22 3 11 10 9 9 1 9 14 6 3 3 16 22 5 9
split_gain=6.37117 14.3915 29.5757 23.0223 24.7889 23.0923 23.5494 18.5427 22.555 15.4939 16.3656 14.9282 14.4036 13.9568 15.1952 13.6351 13.2018 12.7975 12.5406 12.4334 12.0566 14.4252 15.9813 13.5956 11.3572 11.781 11.3085 19.1223 12.9145 18.7046
threshold=2.5000000000000004 14.500000000000002 153.50000000000003 30.500000000000004 297.5221818375345 2.5000000000000004 323.50000000000006 3.0790156988536466 9.5000000000000018 151.50000000000003 363.6710614047326 2.5000000000000004 1.5000000000000002 1.5000000000000002 164.50000000000003 0.25881904510252057 1.5000000000000002 1.5000000000000002 41.500000000000007 24.500000000000004 5.4165224462553345 15.500000000000002 12.500000000000002 32.327576817491313 0.37940952255126048 0.1294095225512602 1.0000000180025095e-35 343.50000000000006 140.27371024043455 2.5000000000000004
decision_type=2 2 2 2 2 2 2 2 2 2 2 2 2 2 2 2 2 2 2 2 2 2 2 2 2 2 2 2 2 2
left_child=17 2 9 11 5 6 18 8 -8 10 13 15 -10 14 -2 -4 -7 20 -5 -17 21 -1 23 -23 25 -9 -3 28 -28 -30
right_child=1 26 3 4 -6 16 7 24 12 -11 -12 -13 -14 -15 -16 19 -18 -19 -20 -21 -22 22 -24 -25 -26 -27 27 -29 29 -31
leaf_value=-0.017686126670457016 0.011236932908584489 -0.0010229278872242746 0.012267548459783791 0.042537829235997325 0.026465838901770376 0.03260937780857915 0.12158078876007292 0.01063084495267113 0.011409639613478567 0.061887171514358581 0.049728552520886149 -0.019270052532532223 0.096779948768782903 -0.015413914254465512 0.051251283871257623 0.010178213922516988 -0.0035045005231049749 0.021831261475486051 -0.0032577742077597891 -0.02004981918907681 0.016232709722914081 -0.028040163185444663 -0.023284594106392598 0.0026744570926898509 -0.011971988276088901 0.081028644173537306 -0.023602748230233107 0.00089433226483621596 0.084247009467904838 -0.0062197465405089726
leaf_weight=82.20059512834996 133.90936100296676 6711.9809015826322 40.399015165865421 5.465966507792472 41.484125064685941 32.559879971668124 3.0827138982713214 8.163763942196967 8.4151387978345138 6.0818050801753989 10.340053703635929 69.416870228014886 2.2554042674601069 16.419743282720447 9.1230634115636331 17.873024243861437 12.64944260008633 16.295792018994689 348.81958736479282 38.901941632851958 21.573887676000595 14.029250485822557 29.871784240938723 171.8345214407891 13.4258198980242 2.8992701787501565 47.066463163122535 6426.3136181160808 2.4354195324704042 13.233993371948598
leaf_count=1554 1532 265491 403 58 344 204 38 153 271 32 82 807 28 122 51 262 100 143 3918 305 105 282 698 2001 312 55 671 192082 31 297
internal_value=-1.7597e-05 8.01951e-05 0.0039324 0.000962217 0.00430186 0.00220139 -0.000137052 0.0222286 0.0501038 0.014839 0.0131537 -0.00864472 0.0294541 0.010782 0.0137892 -0.00105444 0.0225048 -0.00410124 -0.00255123 -0.0105339 -0.00542386 -0.00699204 -0.00291733 0.000356076 0.00657352 0.0290799 -0.000159582 0.000733424 -0.0157491 0.00784105
internal_weight=14358.5 14022.7 821.686 645.812 479.221 437.737 392.528 38.2421 13.7533 175.874 169.792 166.591 10.6705 159.452 143.032 97.174 45.2093 335.806 354.286 56.775 319.51 297.936 215.736 185.864 24.4889 11.063 13201 6489.05 62.7359 15.6694
internal_count=472432 467649 9077 7258 5481 5137 4833 857 337 1819 1787 1777 299 1705 1583 970 304 4783 3976 567 4640 4535 2981 2283 520 208 458572 193081 999 328
is_linear=0
shrinkage=0.03


Tree=238
num_leaves=31
num_cat=0
split_feature=6 6 0 21 0 22 17 18 21 18 18 12 0 0 18 17 6 5 18 17 8 21 18 5 8 9 22 0 15 12
split_gain=6.3367 21.5728 13.4045 18.1757 17.3618 20.3054 16.723 18.7454 42.507 29.851 13.7182 24.3829 13.1377 44.5577 21.0924 20.0989 17.7555 17.3455 17.6494 14.4891 28.4664 18.5874 30.3571 31.5667 16.5676 32.144 16.7849 13.7234 15.1789 13.5828
threshold=419.83466928127365 433.60969280215306 87.967000000000013 2341.5000000000005 470.06500000000005 276321.00000000006 0.051035730168223388 7939.5000000000009 7814.5000000000009 9324.5000000000018 9573.5000000000018 164.50000000000003 440.99500000000006 454.97500000000008 8344.5000000000018 0.016113890334963802 411.85412471456999 117.34893873807779 3193.5000000000005 0.20019646733999255 280.50000000000006 6469.5000000000009 6039.5000000000009 243.64987753222837 248.50000000000003 6.5000000000000009 32735.500000000004 2117.0100000000007 40.500000000000007 163.50000000000003
decision_type=2 2 2 2 2 2 2 2 2 2 2 2 2 2 2 2 2 2 2 2 2 2 2 2 2 2 2 2 2 2
left_child=12 -2 -3 -4 5 -5 7 8 -7 -9 11 -11 -1 29 16 27 17 18 -15 20 24 22 -22 -24 26 -26 -19 -16 -29 -14
right_child=1 2 3 4 -6 6 -8 9 -10 10 -12 -13 13 14 15 -17 -18 19 -20 -21 21 -23 23 -25 25 -27 -28 28 -30 -31
leaf_value=-0.00013392818552502263 -0.01899555668295631 -0.010925563215549218 0.015728984573412447 -0.0025184580691522255 -0.013509661021947091 0.017525628328772389 0.080521990593898363 -0.023120015893428315 0.13991962836968633 0.088164320073909175 -0.0022239315489590876 0.0015621966239696113 0.026162998973374558 0.048945045197011809 -0.010773305154729209 0.01053894503485121 0.029339028523817746 0.012699999193566977 0.0028644834512720346 -0.020458791464944066 -0.0081145013509228668 -0.019215378246394868 0.005759361336657708 0.09398333284685291 0.12224634657547805 0.013715286134488741 -0.022083318742910273 0.089567600655330731 -0.017708671162949812 0.0075124885077419183
leaf_weight=12924.627262659837 68.008846806827933 96.555978277698159 67.355944759678096 174.35643227072433 80.015759118832648 13.855887284502389 3.5840026289224616 20.21986576821655 3.1308109965175381 6.5011732708662766 7.7225633710622779 5.3206235766410828 88.359594982117414 9.5100041776895505 68.6185347950086 246.61894740909338 14.06151041202247 54.652099198661745 35.055052555166185 61.061814663931727 93.032919275574386 105.10725726559758 10.461637293919923 5.6059643458575001 3.3156826533377162 9.472981524653731 16.183069082908332 2.6591907897964111 2.1442755088210106 58.353238181211054
leaf_count=434489 2247 5075 1846 4813 2297 235 37 390 46 74 126 92 1193 222 2313 4351 141 1303 1304 1760 2409 2978 303 87 93 175 517 71 62 1383
internal_value=-1.72929e-05 -0.00318523 -0.000938683 0.00158523 -0.00144192 0.00267245 0.0176732 0.0137041 0.040084 0.00243499 0.0288732 0.0491874 0.000108111 0.00364577 0.000642294 0.00643686 -0.00379941 -0.00495436 0.0126979 -0.00714631 -0.00441696 -0.0102119 -0.001538 0.0365406 0.0104272 0.0418538 0.00475337 -0.00734171 0.0416793 0.018745
internal_weight=14355.5 546.628 478.619 382.063 314.707 234.691 60.3349 56.7509 16.9867 39.7642 19.5444 11.8218 13808.9 884.274 737.561 320.041 417.52 403.458 44.5651 358.893 297.832 214.208 109.101 16.0676 83.6238 12.7887 70.8352 73.422 4.80347 146.713
internal_count=472432 17278 15031 9956 8110 5813 1000 963 281 682 292 166 455154 20665 18089 6797 11292 11151 1526 9625 7865 5777 2799 390 2088 268 1820 2446 133 2576
is_linear=0
shrinkage=0.03


Tree=239
num_leaves=31
num_cat=0
split_feature=6 0 0 0 0 0 0 0 21 21 0 0 0 0 11 11 3 10 0 16 0 0 22 22 6 6 6 3 6 18
split_gain=6.31535 17.6883 31.8466 21.0181 29.4145 50.5684 28.7347 22.7377 39.0933 25.1615 22.7715 22.071 47.896 40.0654 34.0801 21.5336 21.3482 21.9042 21.4356 21.0134 20.2494 26.1056 26.955 45.2694 19.6216 43.7842 42.0401 34.5769 27.4869 27.4402
threshold=58.372396273751555 36.95600000000001 35.002500000000005 49.000500000000009 48.955000000000005 47.936500000000009 58.955000000000005 57.008500000000005 2703.5000000000005 4060.5000000000005 50.014000000000003 97.005500000000012 108.95500000000001 88.50500000000001 28.500000000000004 47.500000000000007 0.37940952255126048 150.50000000000003 54.007500000000007 1.5000000000000002 107.01000000000001 106.97500000000001 71988.000000000015 87049.000000000015 262.00203595030752 298.70067025194868 297.5221818375345 -0.3794095225512602 286.19406183984853 8979.5000000000018
decision_type=2 2 2 2 2 2 2 2 2 2 2 2 2 2 2 2 2 2 2 2 2 2 2 2 2 2 2 2 2 2
left_child=-1 2 -2 4 5 -3 7 8 10 16 -5 13 20 -8 -15 -11 17 19 -19 -10 21 -13 -23 -24 -22 26 27 28 29 -26
right_child=1 3 -4 6 -6 -7 11 -9 9 15 -12 12 -14 14 -16 -17 -18 18 -20 -21 24 22 23 -25 25 -27 -28 -29 -30 -31
leaf_value=0.0008128103057806332 -0.0025085747008539087 0.0056959030503448303 -0.020656635701044711 -0.018242442436304469 0.013259693350705946 -0.019246766952833533 0.0013584081661360723 -0.015652959170986015 0.026810495764304144 -0.0033431558174990615 0.028909450984609383 -0.0050945228322853506 0.00042306266962691878 0.091579403190658881 0.013979479330104171 0.11241736984285593 -0.00047380105362796712 -0.020768257880749246 0.069745890161373184 0.076718221426828687 -0.018047418219031382 -0.012769456448324489 0.2224492493098954 0.038656745439880222 0.20396193202573049 -0.014246089454038852 0.14046920534247251 -0.0059633908042798266 -0.030511217285519972 0.0035065676622934058
leaf_weight=5238.7210173094645 920.37146414490417 337.52335460251197 96.113077808171511 148.63422094890848 247.91868678247556 93.395904335891828 1062.1651646520477 177.11220828257501 30.349659811705351 227.06611647782847 9.827459807507692 476.5536777630914 4704.8819029517472 5.2308026645332566 194.11286536836997 1.4555040327832092 42.308526322245598 12.086613264866171 2.9245233698748043 10.126156656071542 226.74446768709458 6.6674556969665018 1.4147864673286665 8.1777670728042704 2.0462621552869744 52.499897166155279 3.0672182934358707 12.151288292370735 1.1290720608085392 0.87844648491591204
leaf_count=84024 54689 19285 7886 9595 11394 8191 53809 19510 472 11945 504 20997 136663 91 8019 54 1430 804 130 121 18429 471 47 296 128 2540 54 719 81 54
internal_value=-1.72372e-05 -0.000494299 -0.00422455 -2.60926e-05 0.00502661 0.000289918 -0.000488377 -0.00645379 -0.00309291 0.00284376 -0.0153182 9.59113e-05 -0.000725471 0.00367456 0.0160157 -0.00260585 0.015578 0.0278175 -0.00313397 0.0392963 -0.00755412 -0.00381911 0.0335611 0.0657639 -0.0137201 -4.93345e-05 0.0386242 0.0193475 0.0952174 0.143754
internal_weight=14353.7 9114.93 1016.48 8098.45 678.838 430.919 7419.61 661.891 484.779 326.317 158.462 6757.72 5496.21 1261.51 199.344 228.522 97.7955 55.487 15.0111 40.4758 791.33 492.814 16.26 9.59255 298.517 71.7722 19.2723 16.2051 4.05378 2.92471
internal_count=472432 388408 62575 325833 38870 27476 286963 44565 25055 14956 10099 242398 180479 61919 8110 11999 2957 1527 934 593 43816 21811 814 343 22005 3576 1036 982 263 182
is_linear=0
shrinkage=0.03


Tree=240
num_leaves=31
num_cat=0
split_feature=14 9 6 6 13 11 11 11 17 20 2 22 5 5 5 21 6 22 0 14 11 22 5 5 0 17 0 0 10 17
split_gain=6.33976 17.2137 28.0722 34.1542 48.7526 16.1552 27.6487 20.04 23.0481 23.9146 21.2003 46.5004 19.5129 26.8953 35.4085 44.2842 26.5254 32.1889 33.0294 42.5366 31.7557 28.259 28.9758 46.0512 32.2521 35.8785 34.586 55.3749 34.2339 30.168
threshold=3.5000000000000004 37.500000000000007 165.63193349465601 160.77600226570254 28560.576171875004 26.500000000000004 31.500000000000004 22.500000000000004 0.14290695637464526 26.925265312194828 -0.9159756150367534 77457.500000000015 143.45892908382868 154.18444444444449 153.36504868270336 7484.5000000000009 56.185516830688655 4881.5000000000009 46.903000000000013 1.0000000180025095e-35 38.500000000000007 61074.500000000007 118.29433513621795 117.68043966215437 29.001000000000001 0.015181225724518301 107.95500000000001 170.99500000000003 1076.5000000000002 0.009662640746682884
decision_type=2 2 2 2 2 2 2 2 2 2 2 2 2 2 2 2 2 2 2 2 2 2 2 2 2 2 2 2 2 2
left_child=5 2 3 -2 -5 7 -7 8 9 -1 11 -11 16 14 -14 -16 17 18 -8 -20 -21 -18 23 -23 -25 -26 28 -28 -27 -24
right_child=1 -3 -4 4 -6 6 12 -9 -10 10 -12 -13 13 -15 15 -17 21 -19 19 20 -22 22 29 24 25 26 27 -29 -30 -31
leaf_value=0.0038444829162415941 0.0037417021181701368 -0.00041048677217950447 -0.010019226317449136 0.012742454891841323 0.17635674012858474 -0.013023269566154511 -0.0066258457273641299 0.013083664199457513 -0.00089178526637184871 0.010545182931077516 0.016848238609599497 0.17759977889492287 0.0067843395477312687 0.00089004788331187388 0.063126796916337061 -0.0089259927412578093 -0.005546138374872645 0.0011432560083807692 0.010514196286353099 0.021424801704834375 0.089035726793432746 0.0019395757487530179 0.0079574760236942026 0.087083467475461515 -0.0079624475457397061 0.0019773382915730417 0.12981322190196345 0.0034521230084098809 0.16785068583818838 -0.005937742524827188
leaf_weight=1468.3256396120414 29.05960052786395 3400.9724036273547 328.75760030513629 4.0895474757999173 2.7354088141582906 153.32134199864231 28.663399508688599 143.61224546423182 1591.1599693079479 3.4513241420500007 15.056755906902252 2.6518908776342869 254.15304178977385 2087.1122588305734 23.064677976537496 11.507039706688373 1596.6566900527105 1211.3385013882071 34.117434764280915 10.546547375619413 15.354667105711995 857.84325535735115 168.50565396668389 7.5645153131335965 22.319897792767733 15.576576964464044 7.777179650962351 5.2136809136718512 1.2065518563613284 849.86686589475721
leaf_count=23058 1282 63392 15769 189 76 7110 1309 5758 21919 94 265 35 13852 67732 480 605 121869 29641 1989 284 377 43381 7523 257 1001 755 182 174 42 42032
internal_value=-1.74502e-05 -0.00107465 -0.00726917 0.0179256 0.0783183 0.000358613 -0.000416988 0.00212948 0.00161883 0.00430082 0.0359665 0.0831316 -0.000148854 0.00207724 0.0106591 0.0391444 -0.00124327 0.00242053 0.0198673 0.0325197 0.0615057 -0.0025916 -0.000154781 0.00371201 0.0291983 0.0207928 0.042349 0.0791001 0.0139021 -0.00363856
internal_weight=14351.6 3765.61 364.642 35.8846 6.82496 10586 7361.71 3224.26 3080.65 1489.49 21.16 6.10322 7208.39 2375.84 288.725 34.5717 4832.55 1300.02 88.682 60.0186 25.9012 3532.53 1935.87 917.502 59.6584 52.0939 29.774 12.9909 16.7831 1018.37
internal_count=472432 80708 17316 1547 265 391724 340595 51129 45371 23452 394 129 333485 82669 14937 1085 250816 33600 3959 2650 661 217216 95347 45792 2411 2154 1153 356 797 49555
is_linear=0
shrinkage=0.03


Tree=241
num_leaves=31
num_cat=0
split_feature=19 18 19 19 17 14 22 10 5 6 13 19 17 5 1 5 22 22 13 16 12 11 10 12 11 10 19 2 20 19
split_gain=6.29918 23.3624 21.6474 20.2671 25.1184 18.2941 21.0859 38.7913 18.1743 27.2431 16.8621 16.6383 18.3587 29.9639 37.2407 44.3216 41.2987 16.7986 16.6954 14.5764 14.465 24.152 39.9207 25.0712 14.7115 15.1414 24.6613 26.0258 45.7675 17.7225
threshold=93.500000000000014 9467.5000000000018 141.50000000000003 79.500000000000014 0.16002207249403003 6.5000000000000009 6021.5000000000009 23.500000000000004 43.661781250000011 32.670251370927943 40050.742187500007 31.500000000000004 0.031409282237291343 160.33497863387981 3.8905235012634125 205.30717032967036 100057.00000000001 6226.5000000000009 23636.798828125004 11.500000000000002 1.0000000180025095e-35 1.5000000000000002 1.5000000000000002 2.5000000000000004 15.500000000000002 175.50000000000003 331.50000000000006 -0.70710678118654735 23.031163215637211 241.50000000000003
decision_type=2 2 2 2 2 2 2 2 2 2 2 2 2 2 2 2 2 2 2 2 2 2 2 2 2 2 2 2 2 2
left_child=3 2 -2 5 19 -1 -7 -8 9 -6 -3 12 13 18 -15 16 -16 -14 -9 -5 -4 22 23 -22 -23 26 27 -26 -29 -30
right_child=1 10 20 4 8 6 7 11 -10 -11 -12 -13 17 14 15 -17 -18 -19 -20 -21 21 24 -24 -25 25 -27 -28 28 29 -31
leaf_value=0.00026223471750187169 -0.0075934996053231381 0.0085801373054359004 -0.0066139863549119285 0.0015333141561380483 0.031440337006877053 -0.017141836309025452 0.059700232800732306 -0.012522592246004256 0.038542386500466139 -0.01404937538303867 0.063867329483130633 -0.0097146521380007886 0.11868049373465273 0.19275679101354409 -0.020931592492533083 -0.031194812242641558 0.10957149741699927 -0.0051138239565030295 0.022315793538474092 0.040706124529216584 0.0089319403822535996 -0.0074337574810157585 0.034535611606107658 -0.03116273086879999 -0.0029668185086718273 -0.00075751018548732047 -0.013623196050173599 0.010565503472680716 0.046820360684321785 0.10515187755725315
leaf_weight=11702.216707515297 534.56453928537667 118.38587199617177 250.77893143240362 251.77556241117418 25.020468251779675 110.13545605866238 8.8693746328353864 27.434251178521663 34.338610902428627 22.507450683042407 5.1821791138499966 204.70795230939984 0.99422721145674486 1.476268751546743 3.0687274797819573 5.8062934209592632 7.5563199794851243 127.60544248996302 22.561178884468973 8.8496337570250017 70.234254518523812 204.5519852489233 49.849544055759907 17.541654534637928 33.471347337588668 408.61636126413941 27.917360346764326 40.186671290546656 16.011219464242462 6.6283244639635077
leaf_count=426832 6556 1206 5345 2589 262 2080 67 1364 174 292 42 6821 34 83 203 225 125 5726 716 42 772 2900 327 197 392 5852 564 435 143 66
internal_value=-1.76323e-05 -0.00168583 -0.00262241 0.000219212 0.00741686 1.75223e-05 -0.00548727 -0.00235719 0.0219128 0.0098981 0.0108988 -0.00372907 0.00250645 0.0151257 0.048424 0.0354565 0.0718796 -0.00415675 0.00319875 0.00286344 -0.000261955 0.00155855 0.0130954 0.000919185 -0.000594703 0.00203079 0.0112031 0.0184005 0.0297841 0.0638985
internal_weight=14348.8 1783.92 1660.35 12564.9 342.492 12222.4 520.215 410.08 81.8665 47.5279 123.568 401.211 196.503 67.903 17.9076 16.4313 10.625 128.6 49.9954 260.625 1125.79 875.009 137.625 87.7759 737.383 532.831 124.215 96.2976 62.8262 22.6395
internal_count=472432 24797 23549 447635 3359 444276 17444 15364 728 554 1248 15297 8476 2716 636 553 328 5760 2080 2631 16993 11648 1296 969 10352 7452 1600 1036 644 209
is_linear=0
shrinkage=0.03


Tree=242
num_leaves=31
num_cat=0
split_feature=5 5 17 7 10 7 21 5 15 5 14 17 5 5 18 0 7 22 22 4 3 5 0 7 12 19 22 15 0 0
split_gain=6.29606 9.99738 10.6003 9.90749 12.7962 15.7651 14.0373 7.83575 27.0511 8.69586 17.2745 31.9056 21.0202 31.3211 28.792 22.1983 18.3941 19.8976 26.3916 32.6331 18.0429 17.5876 17.4147 16.9888 19.3335 16.8988 17.935 15.832 15.7368 17.3011
threshold=353.90564182194623 333.93928571428575 0.32071428000926977 -0.24230515299423203 867.50000000000011 -0.4082482904638628 3489.5000000000005 315.04861216391322 4.5000000000000009 215.96299999999999 4.5000000000000009 0.095247998833656325 229.71408256880738 228.35071838634605 2327.5000000000005 63.32200000000001 -0.55650657654956126 19443.500000000004 35045.000000000007 1.0000000180025095e-35 -0.3794095225512602 247.20149662512983 768.91500000000008 -0.25558580921125934 92.500000000000014 7.5000000000000009 119629.00000000001 38.500000000000007 554.1600000000002 416.97000000000008
decision_type=2 2 2 2 2 2 2 2 2 2 2 2 2 2 2 2 2 2 2 2 2 2 2 2 2 2 2 2 2 2
left_child=1 7 3 4 5 6 -3 9 -9 -1 12 16 13 -11 23 25 17 -12 19 -19 -13 -22 -17 24 -15 -16 -27 -23 29 -14
right_child=-2 2 -4 -5 -6 -7 -8 8 -10 10 11 20 28 14 15 22 -18 18 -20 -21 21 27 -24 -25 -26 26 -28 -29 -30 -31
leaf_value=-0.00026987554216022599 -0.0065099898320641622 0.015092326734398337 -0.015445686855327934 0.034397046504520849 -0.028446081969622734 -0.034157667754844835 0.11535427945760829 0.051436152720669231 -0.018173864253833317 0.0060064658524528781 -0.032850244714125544 0.069805617418694552 0.0012467564447116994 -0.031586909479687675 0.098139754219203859 -0.0044775407004082621 -0.0071936317942416766 0.029263368873658636 0.024842027536802595 0.28086308082683492 -0.0069362098378171443 0.022124485736236182 0.072236954649941371 0.089664236996057467 0.10517517441441118 -0.031477553401689423 0.085458544648850568 0.12792149601604963 -0.0069994950264521917 0.012009751301738331
leaf_weight=11992.588940666057 133.18094358732924 2.8942065816372633 8.6796291414648277 21.426651370711625 6.6038834215141833 2.4312865613028389 2.2213491825386882 5.5823690304532638 50.266896062064916 311.50663372687995 4.2826632391661432 7.0415919898077872 1011.4889452583157 2.6319935498759142 4.6297479500062746 24.425462280400101 373.9348917324096 0.99903723038732895 12.047914541792123 0.86625298764556646 12.399871402420105 3.9451649552211157 2.9891197634860864 9.8001976385712606 1.438875140622258 2.7922888100147247 2.044966577552259 1.8794702701270578 173.79455057438463 155.01506250817329
leaf_count=412853 4743 73 284 217 163 44 44 54 1548 7982 248 241 25157 118 82 576 11062 67 438 51 501 161 56 82 19 92 54 46 3207 2169
internal_value=-1.75277e-05 4.33105e-05 0.0142796 0.0215315 0.00205083 0.0287372 0.0586295 -1.15856e-06 -0.0112161 4.32235e-05 0.00181443 -0.00365495 0.00315529 0.00956708 0.0314212 0.017564 -0.00576034 0.0236945 0.0410997 0.146108 0.0290209 0.0132624 0.00388694 0.0682662 0.0167525 0.0571699 0.0179576 0.0562626 0.00142229 0.00267704
internal_weight=14345.8 14212.6 44.257 35.5774 14.1507 7.54684 5.11556 14168.4 55.8493 14112.5 2119.95 417.397 1702.56 362.259 50.7527 36.8816 392.131 18.1959 13.9132 1.86529 25.2661 18.2245 27.4146 13.8711 4.07087 9.467 4.83726 5.82464 1340.3 1166.5
internal_count=472432 467689 825 541 324 161 117 466864 1602 465262 52409 12815 39594 9061 1079 860 11866 804 556 118 949 708 632 219 137 228 146 207 30533 27326
is_linear=0
shrinkage=0.03


Tree=243
num_leaves=31
num_cat=0
split_feature=13 3 2 22 8 5 22 19 18 13 10 10 13 19 17 17 18 11 22 5 3 19 21 13 6 12 11 10 12 16
split_gain=6.1482 7.61185 44.3276 14.5548 17.429 15.2769 28.6691 17.453 35.7632 14.5083 14.2588 13.0305 14.9538 14.1668 19.4342 15.0796 17.6076 13.5443 14.8463 11.3471 11.2564 18.9216 17.3685 13.7107 15.3967 11.5105 13.5911 24.8154 39.2755 20.5887
threshold=43794.537109375007 -0.5 0.37940952255126054 469732.50000000006 66.500000000000014 260.33945970149256 439508.00000000006 53.500000000000007 2747.5000000000005 42494.093750000007 1012.5000000000001 994.50000000000011 1703.8560180664065 12.500000000000002 0.027034192346036438 0.0089945960789918917 9261.5000000000018 12.500000000000002 2293.0000000000005 149.54143939393944 -0.3794095225512602 274.50000000000006 52.500000000000007 3995.724975585938 190.17523696596461 1.0000000180025095e-35 7.5000000000000009 2.5000000000000004 2.5000000000000004 1.0000000180025095e-35
decision_type=2 2 2 2 2 2 2 2 2 2 2 2 2 2 2 2 2 2 2 2 2 2 2 2 2 2 2 2 2 2
left_child=1 2 3 4 9 -6 7 -7 -9 -1 11 13 -13 17 15 16 -15 18 -4 -19 21 22 -3 -24 -25 -22 27 29 -29 -27
right_child=-2 20 10 -5 5 6 -8 8 -10 -11 -12 12 -14 14 -16 -17 -18 19 -20 -21 25 -23 23 24 -26 26 -28 28 -30 -31
leaf_value=-0.0069960660725122848 -0.0037742636281195125 0.041751390059873376 -0.01181324606272253 -0.0092177001092091874 -0.0011708060370324723 0.0028146605161322542 0.061786644189615769 0.092101820861928349 -0.020056565388303339 0.084827720483824601 -0.0098093203497301006 0.0070215176214905219 0.097094016598445368 0.10024598349655664 0.032909124025903499 -0.0043364003805432495 -0.0025594791272026741 -0.010157188901085006 0.041028349968765129 0.016209581291848175 -0.0027846613858620367 0.057047173635663737 0.00054818722918475418 -0.0051589588716062116 0.10256608634758038 0.010385010292856068 0.00030346872187899391 0.00018635021249634013 0.020376985512320596 -0.0034688872025665199
leaf_weight=484.19406662764959 381.61320276744664 11.394607383757828 6.877823822200301 250.27133380062878 1774.2627534593921 150.37195883737877 8.5510850567370635 5.8453316241502744 4.5506161749362946 1.5536030521616329 24.05462742689997 3.0593231301754704 3.6238158601336181 2.9394716899842015 54.431390162557364 29.701667800545692 3.0604579849168658 46.621953882742673 15.728527653962372 21.447436671704054 967.29579323809594 7.0570654533803454 104.37068787682801 2.2344842399470499 2.5645856466144323 129.34899376519024 9119.9284531732555 170.6582163060084 176.2684926437214 380.67763017117977
leaf_count=22943 17969 72 74 5329 73310 3497 96 47 73 97 737 85 68 58 467 597 72 1633 109 394 15148 47 1905 107 50 697 319661 2169 1819 3102
internal_value=-1.73724e-05 8.5305e-05 -0.00128542 -0.00232916 -0.0016195 -0.000349166 0.00826065 0.00541365 0.0430068 -0.00670238 0.0119353 0.0147251 0.0558618 0.0132046 0.0216272 0.00442666 0.0478067 0.0048323 0.0249517 -0.0018495 0.00044324 0.00930136 0.00650663 0.00282795 0.0524085 0.000339944 0.000642886 0.00425506 0.0104449 4.46308e-05
internal_weight=14344.6 13962.9 2891.15 2679.6 2429.33 1943.58 169.319 160.768 10.3959 485.748 211.546 187.492 6.68314 180.809 90.133 35.7016 5.99993 90.6757 22.6064 68.0694 11071.8 127.621 120.564 109.17 4.79907 10944.2 9976.88 856.953 346.927 510.027
internal_count=472432 454463 109686 105392 100063 77023 3713 3617 120 23040 4294 3557 153 3404 1194 727 130 2210 183 2027 344777 2181 2134 2062 157 342596 327448 7787 3988 3799
is_linear=0
shrinkage=0.03


Tree=244
num_leaves=31
num_cat=0
split_feature=0 0 20 20 10 2 21 7 22 17 3 22 17 22 19 20 3 12 20 17 21 10 2 8 22 0 9 0 22 3
split_gain=6.17759 9.36668 12.5268 26.747 19.6582 14.732 13.4274 9.03924 8.87385 12.4562 17.0414 9.54932 13.2479 8.73087 10.2011 7.81102 15.2256 15.9365 19.6076 14.0971 11.7388 7.18941 7.0614 10.5751 15.9022 14.7166 13.6511 10.9963 9.7409 22.8013
threshold=8.3700000000000028 9.3165000000000013 46.299335479736335 46.971979141235359 77.500000000000014 -0.60355339059327362 154.50000000000003 -0.47168225268882702 456.50000000000006 0.013193211983889343 0.60355339059327384 1920.5000000000002 0.21437478065490725 1560.5000000000002 173.50000000000003 38.659557342529304 0.1294095225512602 172.50000000000003 46.331277847290046 0.17193329334259036 4883.5000000000009 900.50000000000011 0.91597561503675362 236.50000000000003 1044.5000000000002 16.699500000000004 6.5000000000000009 10.879000000000001 53608.000000000007 0.25881904510252057
decision_type=2 2 2 2 2 2 2 2 2 2 2 2 2 2 2 2 2 2 2 2 2 2 2 2 2 2 2 2 2 2
left_child=7 2 4 -4 5 6 -2 8 -1 10 -10 12 13 14 -11 -13 -17 18 19 -18 -19 -22 -3 28 25 -25 -26 -28 -24 -30
right_child=1 22 3 -5 -6 -7 -8 -9 9 11 -12 15 -14 -15 -16 16 17 20 -20 -21 21 -23 23 24 26 -27 27 -29 29 -31
leaf_value=-0.019438195350108163 0.020884088985935727 -0.00016763898712663345 0.087902186302894786 -0.0091527470628152557 -0.014911959100267005 0.0032482983529285568 0.078066211099965407 0.045280447408185799 -0.007974012600129322 -0.018535791454446136 0.10852193326172754 -0.013121266456170339 0.065376314633899729 0.044256550169491156 0.034951106166166597 -0.024998331497880173 -0.0032153100951510696 0.030180126937569867 0.093038463408223054 0.053730046052123885 0.013507641989594033 -0.027420143753747041 0.0056558547998363934 0.016828758507407782 -0.018014421979823097 -0.016973270795789284 -0.027327056994200471 0.0042149484085567315 0.045705545655275744 -0.005265213879460065
leaf_weight=35.683830932714045 10.499322790652515 13187.627907832619 5.3487029783427698 4.89366206061095 24.986794542055577 21.813057398423553 5.7035073284059754 3.1663508927449575 2.4402804691344491 13.060784047469506 2.1049565933644772 85.546626585535705 3.6840804796665898 3.9067760631442061 4.2545745158568016 15.569901909679173 11.805818301625555 6.1230664514005211 3.5374656235799185 5.8518305001780382 5.1575961261987713 15.386412422172723 197.88975183805451 13.854327177628873 27.703693142160773 70.994034382048994 10.145572332665322 509.26261974917725 18.10472056735307 14.011920671910046
leaf_count=511 84 451623 59 76 384 258 81 52 73 152 55 1483 46 58 89 314 202 98 51 93 95 249 4275 117 1520 780 107 9086 181 180
internal_value=-1.71403e-05 6.00929e-05 0.0107604 0.0415307 0.00575806 0.0193439 0.0410126 -0.00503716 -0.00578126 -0.00305004 0.0459767 -0.00433157 0.0128627 0.00374659 -0.00539347 -0.00720611 0.000771263 0.00915429 0.0285717 0.0156567 -0.00627874 -0.0171452 4.30878e-06 0.00263502 0.000630342 -0.011454 0.00250443 0.00359884 0.00814302 0.0234679
internal_weight=14340.1 14122.8 73.245 10.2424 63.0027 38.0159 16.2028 217.28 214.114 178.43 4.54524 173.885 24.9062 21.2221 17.3154 148.979 63.4321 47.8622 21.1951 17.6576 26.6671 20.544 14049.6 861.967 631.96 84.8484 547.112 519.408 230.006 32.1166
internal_count=472432 468811 942 135 807 423 165 3621 3569 3058 128 2930 345 299 241 2585 1102 788 346 295 442 344 467869 16246 11610 897 10713 9193 4636 361
is_linear=0
shrinkage=0.03


Tree=245
num_leaves=31
num_cat=0
split_feature=7 22 6 17 21 8 19 7 8 14 6 6 17 19 7 20 12 0 7 20 6 0 0 12 21 3 6 0 12 20
split_gain=6.13872 9.54841 12.8016 22.7226 14.5813 12.7967 11.0272 9.21999 14.3903 13.7992 11.0216 13.7989 15.0835 24.0098 10.7206 10.8929 18.0322 10.8489 20.1739 29.5158 20.6877 20.2516 19.6023 15.5242 22.3339 24.3695 18.5219 16.677 15.7662 17.6191
threshold=-1.0385214214712299 23542.000000000004 39.255364657680246 0.20838212221860888 8728.5000000000018 31.500000000000004 173.50000000000003 -0.83023381652849815 38.500000000000007 9.5000000000000018 32.327576817491313 32.670251370927943 0.1858543008565903 58.500000000000007 -0.81015082709754405 47.719774246215827 206.50000000000003 26.404000000000003 -0.77338289885900002 49.140357971191413 311.98243690061923 26.822000000000006 19.107500000000005 1.5000000000000002 4163.5000000000009 0.1294095225512602 40.380059495809846 14.992500000000001 100.50000000000001 23.440893173217777
decision_type=2 2 2 2 2 2 2 2 2 2 2 2 2 2 2 2 2 2 2 2 2 2 2 2 2 2 2 2 2 2
left_child=1 6 3 4 -3 -4 -1 8 -2 10 -10 12 -12 -14 15 -9 -17 22 19 20 -19 -20 23 26 25 27 -16 -25 29 -29
right_child=7 2 5 -5 -6 -7 -8 14 9 -11 11 -13 13 -15 17 16 -18 18 21 -21 -22 -23 -24 24 -26 -27 -28 28 -30 -31
leaf_value=0.0016879222508525687 -0.016806867090885004 0.07981301153136032 0.073416538195791844 -0.012841380364422218 0.014401230158875325 -0.013962092630695734 0.073999337176124072 0.007915194553934253 -0.019245939761758393 -0.017067825965402208 -0.0056896828836065262 0.00019169541759413188 -0.0021938125348491318 0.095727613732489697 -0.014407324047683088 0.10513984865944458 -0.0021261454150681971 0.01172316723517147 0.018602367449804844 0.16186826181368472 0.12701783553505089 0.00015180877870648918 -0.0052771517561536812 0.0081252918355804952 -0.0013488915607383538 0.0033694288944232493 0.003710201072883734 0.026369248367186179 -0.019348120246720106 0.065156500336424727
leaf_weight=207.58645225339569 70.062674498418346 8.7653272794559616 1.7299354281276453 6.1035142233595243 4.7179650403559199 11.781856529414652 1.9155103415250767 75.283873240463436 24.503269283100963 48.007096794433892 6.5846060737967482 295.75395047478378 3.9424421694129688 5.2607782483100891 105.28537381440401 2.8014229154214254 2.8407642445527017 20.34909756761045 53.783195438794792 1.3975384817458678 1.5042075663804997 11861.509141877992 900.68271428602748 36.473756091203541 293.31399678159505 138.30603272048756 98.105357376858592 30.300833865068853 4.4337257845327249 16.162292744033039
leaf_count=8228 4430 90 119 125 58 258 21 1601 542 1161 125 4909 70 56 2119 70 105 1386 802 84 60 409200 26042 589 6333 2153 981 348 140 227
internal_value=-1.68783e-05 0.00471473 0.0196885 0.0351846 0.0569246 -0.00277487 0.00234908 -9.83084e-05 -0.00430357 -0.0020226 0.000126753 0.00165045 0.0289773 0.0537804 4.16709e-05 0.0109283 0.0511329 -2.32931e-05 0.000289567 0.0282069 0.0196591 0.000235091 -0.00232455 0.00135682 0.00410995 0.0112049 -0.00566835 0.0236082 0.0347036 0.0398615
internal_weight=14339.2 242.601 33.0986 19.5868 13.4833 13.5118 209.502 14096.6 454.115 384.052 336.045 311.542 15.7878 9.20322 13642.5 80.9261 5.64219 13561.6 11938.5 23.2508 21.8533 11915.3 1623.06 722.381 518.991 225.677 203.391 87.3706 50.8969 46.4631
internal_count=472432 8899 650 273 148 377 8249 463533 11293 6863 5702 5160 251 126 452240 1776 175 450464 411532 1530 1446 410002 38932 12890 9790 3457 3100 1304 715 575
is_linear=0
shrinkage=0.03


Tree=246
num_leaves=31
num_cat=0
split_feature=6 6 0 7 7 22 3 6 18 18 18 10 7 8 0 3 17 0 0 18 17 17 5 18 17 18 17 5 8 8
split_gain=6.14518 20.7262 12.6249 18.8468 25.2036 17.0946 15.5624 14.0246 18.197 19.7655 13.1296 24.4845 47.4642 16.3077 17.6246 22.1548 13.4881 12.0951 40.963 19.836 18.6535 16.9963 18.5148 24.9931 21.2602 29.2484 26.8596 22.6725 20.4351 48.9709
threshold=419.83466928127365 433.60969280215306 87.967000000000013 0.078627072868795445 0.070018939029142344 457462.50000000006 -0.60355339059327384 458.29373749271912 2095.5000000000005 8208.5000000000018 2685.5000000000005 1004.5000000000001 -0.11802534326926349 35.500000000000007 107.01000000000001 0.60355339059327384 0.10811696574091913 440.99500000000006 454.97500000000008 8344.5000000000018 0.016113890334963802 0.18883550167083743 291.33348056365406 6390.5000000000009 0.026154252700507644 5643.5000000000009 0.024311616085469726 123.63039411190631 260.00000000000006 248.50000000000003
decision_type=2 2 2 2 2 2 2 2 2 2 2 2 2 2 2 2 2 2 2 2 2 2 2 2 2 2 2 2 2 2
left_child=17 -2 -3 4 5 10 -7 8 -5 -10 11 13 -13 14 15 -4 -12 -1 -19 21 -21 22 23 24 25 27 -27 -20 29 -25
right_child=1 2 3 7 -6 6 -8 -9 9 -11 16 12 -14 -15 -16 -17 -18 18 19 20 -22 -23 -24 28 -26 26 -28 -29 -30 -31
leaf_value=-0.00012593337036961779 -0.018766847816708229 -0.010707899325175125 0.020974478908527439 0.072291637304833165 0.074606816755251187 0.080579715691362325 0.0053024835772937364 -0.015412658155499054 -0.02436949428977318 0.016360475453243511 0.003523093349265388 -0.015409946072437062 0.19884592395785769 0.0042361935374591589 0.022036749600410951 0.20214344156127609 -0.016424116792147919 0.017865086317776769 0.04700010991971644 -0.0071524618171859263 0.01011244191516069 -0.017283804194103684 0.020224199151417661 -0.0042231082306868365 -0.00040956119858643849 0.024507738477124313 0.12379116621241383 -0.016200534366406796 -0.017337937164189972 0.11131844274930042
leaf_weight=12907.81076184148 67.005795834586024 95.501050392631441 1.1530813779681905 3.3668200857937327 4.7626353353261939 5.0293326713144779 4.860291011631487 81.391330927610397 17.950593343004584 26.632863199338317 125.77494762698188 1.9112974968738856 1.8134992476552714 59.623466486111283 6.6096549513749778 1.2839270774275062 40.279826502781361 148.63672311976552 8.1986506776884251 72.832496198359877 248.44046305399388 69.348067678511143 33.385487168096006 26.501891562715176 127.60841882787645 5.3689696229994279 4.5144553110003471 13.554158375598488 123.27940929122269 3.7712440341711035
leaf_count=434489 2247 5075 62 50 79 42 102 2481 383 277 3081 76 36 1471 162 52 1602 2576 238 2446 4351 2053 488 924 3273 183 66 282 3693 92
internal_value=-1.6709e-05 -0.00314132 -0.000950688 0.00148581 0.00624659 0.00493558 0.0435845 -0.00783031 0.00504006 -3.85923e-05 0.00333263 0.0139942 0.0889052 0.00993088 0.0474626 0.116423 -0.00131549 0.00010674 0.00349861 0.000600435 0.00619849 -0.00372778 -0.0010122 -0.00327881 0.00504834 0.0270634 0.0698575 0.00761984 -0.0119146 0.0101704
internal_weight=14338.2 544.95 477.945 382.444 253.102 248.339 9.88962 129.342 47.9503 44.5835 238.45 72.3949 3.7248 68.6701 9.04666 2.43701 166.055 13793.3 885.44 736.804 321.273 415.531 346.183 312.797 159.245 31.6362 9.88342 21.7528 153.553 30.2731
internal_count=472432 17278 15031 9956 6765 6686 144 3191 710 660 6542 1859 112 1747 276 114 4683 455154 20665 18089 6797 11292 9239 8751 4042 769 249 520 4709 1016
is_linear=0
shrinkage=0.03


Tree=247
num_leaves=31
num_cat=0
split_feature=14 0 18 19 18 3 6 5 12 14 11 6 14 12 5 18 21 22 5 19 8 8 8 8 18 6 6 9 18 0
split_gain=6.01838 17.683 8.78153 21.4659 17.7776 27.281 7.66128 29.4207 12.7336 11.9328 16.1734 13.8712 20.0469 14.5618 16.4823 34.3351 21.3104 12.8108 15.2464 13.626 12.5212 24.368 33.0142 50.8035 59.9611 28.369 47.8095 53.2243 68.0828 34.9173
threshold=24.500000000000004 201.06750000000002 10.500000000000002 224.50000000000003 2.5000000000000004 0.37940952255126048 45.748518406342633 49.9330424528302 248.50000000000003 6.5000000000000009 35.500000000000007 298.70067025194868 14.500000000000002 138.50000000000003 185.25316041979013 4924.5000000000009 4407.5000000000009 78461.000000000015 122.16164984937559 13.500000000000002 68.500000000000014 164.50000000000003 182.50000000000003 185.50000000000003 1801.5000000000002 88.342802120972394 91.654153122780272 2.5000000000000004 6567.5000000000009 42.50350000000001
decision_type=2 2 2 2 2 2 2 2 2 2 2 2 2 2 2 2 2 2 2 2 2 2 2 2 2 2 2 2 2 2
left_child=6 2 3 -2 -5 -6 -1 -8 9 20 -11 13 -13 -12 17 16 -16 18 -15 -20 -9 25 -23 24 -24 -22 27 28 -27 -30
right_child=1 -3 -4 4 5 -7 7 8 -10 10 11 12 -14 14 15 -17 -18 -19 19 -21 21 22 23 -25 -26 26 -28 -29 29 -31
leaf_value=0.0010685436220919805 -0.017856964793050864 0.078461133147948905 -0.013504176185685104 -0.031434522506429231 0.12345975620669429 -0.00019495615265266406 -0.013785926897471105 -0.0023678061334933206 -0.0058454631437684507 -0.011399634720341272 -0.011008127376868317 -0.0095675046233450467 0.064030137536658718 -0.021175228185244338 0.0084367463190628111 -0.014522833322932456 0.092977763638324579 -0.0024972449731486411 -0.0044146289398309529 0.083316913829276085 -0.0058704647635935111 -0.015136389194185088 0.22622881410420664 0.00025031548636691108 0.034355741222863945 0.28414196274328768 0.0070746752991806281 -0.0065636065356284752 0.18411586854793693 -0.030561259363647494
leaf_weight=4444.2260252353735 11.723297642543914 2.1218362227082244 80.430973598733544 2.0978081207722408 3.6445586010813713 2.8704635202884674 146.29505025967956 1434.9682132811286 350.33261841302738 190.06209145113826 22.204075470101088 89.726364609785378 3.4593310803174964 3.0844670371152443 3.7806125320494202 6.8494792766869059 9.2470661560073477 32.641895384993404 2.2490016231313348 5.4650239450857043 164.99993273383006 126.15089225769043 1.7448432501405466 6463.3446657448076 9.1668234830722195 1.902371714822946 715.20026499894448 3.7068756381049752 1.1142321038059892 1.7573438724502919
leaf_count=67798 302 19 2071 62 75 82 1620 65991 19084 9741 938 2518 97 134 111 163 148 1144 97 168 6917 5162 55 258198 465 96 28724 254 67 131
internal_value=-1.67022e-05 -0.00724628 -0.009051 0.00856164 0.0445211 0.0689785 3.55572e-05 -0.000433399 -0.00023083 -1.91621e-05 -0.00530753 0.00117166 -0.00683534 0.00989621 0.0172269 0.0398545 0.0684441 0.00687313 0.0351981 0.057739 0.000199369 0.00069126 6.33405e-05 0.000359507 0.0650374 0.00535494 0.00791435 0.0787252 0.14495 0.052738
internal_weight=14336.6 102.889 100.767 20.3361 8.61283 6.51502 14233.7 9789.45 9643.16 9292.83 368.769 178.707 93.1857 85.5216 63.3175 19.8772 13.0277 43.4404 10.7985 7.71403 8924.06 7489.09 6600.41 6474.26 10.9117 888.681 723.681 8.48082 4.77395 2.87158
internal_count=472432 2611 2592 521 219 157 469821 402023 400403 381319 15259 5518 2615 2903 1965 422 259 1543 399 265 366060 300069 263880 258718 520 36189 29272 548 294 198
is_linear=0
shrinkage=0.03


Tree=248
num_leaves=31
num_cat=0
split_feature=5 18 13 14 14 6 5 5 8 5 22 6 22 9 22 1 9 7 6 22 6 7 8 6 18 5 5 5 8 15
split_gain=6.05084 14.2507 13.8907 11.994 8.82031 8.03774 18.4399 41.9388 17.8616 16.0978 22.4332 35.1761 51.1956 31.6431 29.6437 24.0828 23.316 35.4253 22.2901 20.9327 28.0095 18.7162 18.1574 15.0031 30.4484 25.5883 99.9467 14.7862 18.8311 27.7276
threshold=32.515324423541337 4011.5000000000005 350.00250244140631 1.0000000180025095e-35 10.500000000000002 58.372396273751555 102.58994080996887 103.91350000000001 380.50000000000006 53.33584426229509 19721.000000000004 40.380059495809846 21650.500000000004 3.5000000000000004 7508.5000000000009 4.3948008827826142 2.5000000000000004 0.16089420584722003 45.748518406342633 7320.5000000000009 24.648464758418083 -0.9093744376973758 235.00000000000003 54.495980883061954 10.500000000000002 122.43615616098316 133.55539883913767 176.8221666858945 3.5000000000000004 41.500000000000007
decision_type=2 2 2 2 2 2 2 2 2 2 2 2 2 2 2 2 2 2 2 2 2 2 2 2 2 2 2 2 2 2
left_child=1 3 -3 -1 -4 9 -7 8 -8 18 14 12 -12 -14 19 -13 -17 -18 -2 23 -21 -15 -22 -11 -25 -26 -27 -16 -29 -30
right_child=5 2 4 -5 -6 6 7 -9 -10 10 11 15 13 21 27 16 17 -19 -20 20 22 -23 -24 24 25 26 -28 28 29 -31
leaf_value=0.0032480347359267045 0.00071078176917760752 0.050609849806714305 -0.0011020116715372453 -0.019282814643802 0.058911512848281986 -0.0044929221428504293 -0.0017892962544819061 -0.00025769499327266631 0.027632506515552911 0.0036407990633034598 0.12856973133412719 -0.00023246167060912546 -0.027338553923107512 0.075975341270942534 -0.009302572138786349 -0.026992659469692454 0.11717449675337477 0.021630087480745647 -0.009034360750175276 0.13576692657133435 -0.0090922762346000805 0.02536920558162372 0.096072016607602284 0.071948156659988688 -0.0094587140353888967 0.2770859036665142 -0.010805661034790776 -0.0063151677910842086 0.010017106225577048 0.10568403751851316
leaf_weight=29.884907233528793 3828.9421800565906 5.3756693955510846 73.360598395112902 73.715886059217155 2.2723563313484183 925.34169099968858 25.317569693084806 8081.0019720816053 69.6841502469033 417.78816572437063 4.6002376340329638 156.45463208481669 8.9048055121675116 8.0656427517533285 223.54269268247299 7.9910582094453266 3.7234928738325825 56.317187239415944 223.57573233358562 2.5141312084160727 5.3647747859358788 35.646157719194889 2.0392899662256241 8.9293926525861007 18.954625167883936 1.4600909114815284 4.2281762333586812 18.443267152644697 8.2676801802590472 4.0684098168276241
leaf_count=968 46985 78 2336 1726 28 71311 1501 313959 1637 11309 79 2345 493 66 11861 414 74 695 2164 112 285 292 10 73 823 69 146 376 145 72
internal_value=-1.68396e-05 -0.00541303 0.00401297 -0.0127835 0.000701066 5.35566e-05 -0.000479014 -2.47293e-05 0.0197917 0.00101341 0.00442782 0.011599 0.0325972 0.0242064 0.0016048 0.00624704 0.0211481 0.0275554 0.000173146 0.00613861 0.0492505 0.034707 0.019873 0.00519127 0.024486 0.00728794 0.0630917 -0.00661842 0.0128759 0.0415678
internal_weight=14335.8 184.609 81.0086 103.601 75.633 14151.2 9101.35 8176 95.0017 5049.82 997.304 281.703 57.2168 52.6166 715.601 224.486 68.0317 60.0407 4052.52 461.279 9.9182 43.7118 7.40406 451.36 33.5723 24.6429 5.68827 254.322 30.7794 12.3361
internal_count=472432 5136 2442 2694 2364 467296 388408 317097 3138 78888 29739 4458 930 851 25281 3528 1183 769 49149 12827 407 358 295 12420 1111 1038 215 12454 593 217
is_linear=0
shrinkage=0.03


Tree=249
num_leaves=31
num_cat=0
split_feature=0 6 14 22 10 11 3 22 7 11 12 12 0 3 10 18 11 12 20 4 18 11 12 22 8 6 2 0 20 10
split_gain=5.88668 9.85925 9.56949 9.95296 11.1837 10.226 16.703 15.0301 12.3889 11.3383 15.0294 33.5094 8.77376 11.9325 14.775 14.4022 11.9348 14.7533 13.0553 7.995 7.74319 7.43531 15.306 9.40995 13.067 7.60148 17.1605 12.7734 11.1116 7.00957
threshold=8.3700000000000028 32.327576817491313 17.500000000000004 456.50000000000006 964.50000000000011 37.500000000000007 0.1294095225512602 225108.00000000003 -1.0385214214712299 41.500000000000007 172.50000000000003 155.50000000000003 9.3165000000000013 0.98296291314453421 77.500000000000014 33.500000000000007 39.500000000000007 144.50000000000003 46.554136276245124 1.0000000180025095e-35 4437.5000000000009 14.500000000000002 10.500000000000002 8376.5000000000018 171.50000000000003 38.60731767805536 -0.78656609248549292 7.4425000000000017 2.5121400356292729 854.50000000000011
decision_type=2 2 2 2 2 2 2 2 2 2 2 2 2 2 2 2 2 2 2 2 2 2 2 2 2 2 2 2 2 2
left_child=1 -1 3 -3 5 7 -7 21 -8 10 11 -10 13 14 15 19 -16 -18 -19 -2 -9 22 23 24 -5 26 -26 -27 -28 -22
right_child=12 2 -4 4 -6 6 8 20 9 -11 -12 -13 -14 -15 16 -17 17 18 -20 -21 29 -23 -24 -25 25 27 28 -29 -30 -31
leaf_value=-0.023891556720027886 0.023622139617660902 -0.016804609375465913 -0.02869817249252888 0.061208971458787426 -0.019385172251299015 -0.01530776524739052 0.080747737315173457 -0.03319192838652002 0.013413804142893861 -0.011012267379388903 0.00021956993351845462 0.12797290056010582 4.2333495251455395e-06 0.055071483527801057 -0.023986230330689133 0.052296502804588127 -0.028578200512775084 0.075411417869271261 0.0025336678923270476 -0.0089600113848577467 0.021656234506349615 -0.010189602573848652 0.069097688135351235 -0.019623255264250725 0.066391288886638283 -0.023324534200321254 0.028577470358127337 0.029751714482235472 -0.026751346750711599 -0.027786245088755761
leaf_weight=22.150158665142953 15.241955786943436 30.131056293845177 12.013610980473457 4.7087145727127782 19.114535587839782 9.4127202220261079 3.8833299065008751 15.233831092715265 5.6429648585617596 6.4017436038702717 6.2602069256827226 3.876728693023324 14043.705257107038 5.0130526255816212 17.957401611376557 9.3195230420678836 4.9231474837288252 4.1054483493790013 4.7974774083122611 12.205872299149632 5.9683772027492505 16.898888431489468 3.9970585647970429 9.0400139894336444 5.4540961422026113 12.197894616983833 7.0932721979916149 6.1324747726321212 6.0556743592023849 4.5465756580233574
leaf_count=636 150 368 419 33 311 162 42 218 86 83 91 52 467869 72 280 92 73 53 64 158 86 294 42 166 91 110 140 39 97 55
internal_value=-1.68774e-05 -0.00492951 -0.00276521 -0.00105388 0.00207007 0.00515811 0.0189462 0.000132049 0.0313162 0.0226623 0.0363237 0.060066 5.83624e-05 0.0103919 0.00712448 0.0200738 -0.00785541 0.0130954 0.0361401 0.00913307 -0.019524 0.00720293 0.0125782 0.00812076 0.0141437 0.0081432 0.0216532 -0.00556773 0.00309609 0.000277729
internal_weight=14333.5 216.214 194.064 182.05 151.919 132.805 35.4777 97.3269 26.065 22.1816 15.7799 9.51969 14117.3 73.5639 68.5508 36.7674 31.7835 13.8261 8.90293 27.4478 25.7488 71.5781 54.6792 50.6821 41.6421 36.9334 18.603 18.3304 13.1489 10.515
internal_count=472432 3621 2985 2566 2198 1887 516 1371 354 312 229 138 468811 942 870 400 470 190 117 308 359 1012 718 676 510 477 328 149 237 141
is_linear=0
shrinkage=0.03


end of trees

feature_importances:
TransactionAmt=873
card1_amt_mean=784
card1_amt_std=721
graph_device_shared_deg=560
card1_txn_count=442
card_device_switch_rate=396
dev_unique_cards_24h=388
graph_2hop_neighborhood_size=312
graph_ring_size=311
card1_amt_zscore=305
graph_card_shared_deg=302
dev_unique_emails_24h=273
card1_unique_devices=248
TransactionAmt_log=231
card_unique_devices_24h=220
dev_amount_sum_1h=211
dev_txn_velocity_1h=193
hour_sin=192
card_txn_velocity_1h=179
hour_cos=175
graph_burst_score=115
card_unique_emails_24h=53
is_night=16

parameters:
[boosting: gbdt]
[objective: binary]
[metric: average_precision]
[tree_learner: serial]
[device_type: cpu]
[data_sample_strategy: bagging]
[data: ]
[valid: ]
[num_iterations: 250]
[learning_rate: 0.03]
[num_leaves: 31]
[num_threads: 10]
[seed: 42]
[deterministic: 0]
[force_col_wise: 0]
[force_row_wise: 0]
[histogram_pool_size: -1]
[max_depth: -1]
[min_data_in_leaf: 50]
[min_sum_hessian_in_leaf: 0.001]
[bagging_fraction: 0.8]
[pos_bagging_fraction: 1]
[neg_bagging_fraction: 1]
[bagging_freq: 0]
[bagging_seed: 400]
[bagging_by_query: 0]
[feature_fraction: 0.8]
[feature_fraction_bynode: 1]
[feature_fraction_seed: 30056]
[extra_trees: 0]
[extra_seed: 12879]
[early_stopping_round: 0]
[early_stopping_min_delta: 0]
[first_metric_only: 0]
[max_delta_step: 0]
[lambda_l1: 0]
[lambda_l2: 0]
[linear_lambda: 0]
[min_gain_to_split: 0]
[drop_rate: 0.1]
[max_drop: 50]
[skip_drop: 0.5]
[xgboost_dart_mode: 0]
[uniform_drop: 0]
[drop_seed: 17869]
[top_rate: 0.2]
[other_rate: 0.1]
[min_data_per_group: 100]
[max_cat_threshold: 32]
[cat_l2: 10]
[cat_smooth: 10]
[max_cat_to_onehot: 4]
[top_k: 20]
[monotone_constraints: ]
[monotone_constraints_method: basic]
[monotone_penalty: 0]
[feature_contri: ]
[forcedsplits_filename: ]
[refit_decay_rate: 0.9]
[cegb_tradeoff: 1]
[cegb_penalty_split: 0]
[cegb_penalty_feature_lazy: ]
[cegb_penalty_feature_coupled: ]
[path_smooth: 0]
[interaction_constraints: ]
[verbosity: -1]
[saved_feature_importance_type: 0]
[use_quantized_grad: 0]
[num_grad_quant_bins: 4]
[quant_train_renew_leaf: 0]
[stochastic_rounding: 1]
[linear_tree: 0]
[max_bin: 255]
[max_bin_by_feature: ]
[min_data_in_bin: 3]
[bin_construct_sample_cnt: 200000]
[data_random_seed: 175]
[is_enable_sparse: 1]
[enable_bundle: 1]
[use_missing: 1]
[zero_as_missing: 0]
[feature_pre_filter: 1]
[pre_partition: 0]
[two_round: 0]
[header: 0]
[label_column: ]
[weight_column: ]
[group_column: ]
[ignore_column: ]
[categorical_feature: ]
[forcedbins_filename: ]
[precise_float_parser: 0]
[parser_config_file: ]
[objective_seed: 16083]
[num_class: 1]
[is_unbalance: 0]
[scale_pos_weight: 1]
[sigmoid: 1]
[boost_from_average: 1]
[reg_sqrt: 0]
[alpha: 0.9]
[fair_c: 1]
[poisson_max_delta_step: 0.7]
[tweedie_variance_power: 1.5]
[lambdarank_truncation_level: 30]
[lambdarank_norm: 1]
[label_gain: ]
[lambdarank_position_bias_regularization: 0]
[eval_at: ]
[multi_error_top_k: 1]
[auc_mu_weights: ]
[num_machines: 1]
[local_listen_port: 12400]
[time_out: 120]
[machine_list_filename: ]
[machines: ]
[gpu_platform_id: -1]
[gpu_device_id: -1]
[gpu_use_dp: 0]
[num_gpu: 1]

end of parameters

pandas_categorical:[]
